d6t_temp_c;ds18b20_temp_c;motor_ud_v;motor_uq_v;motor_speed_mech_rpm;motor_id_a;motor_iq_a
30.5;27.18;0.482;1.561;2007.592;-0.663;6.345
30.5;27.18;0.499;1.550;2010.551;-0.885;6.441
30.4;27.18;0.476;1.509;2018.605;-0.306;6.987
30.4;27.18;0.465;1.488;2000.194;-0.036;7.250
30.4;27.18;0.472;1.510;1995.802;-0.276;7.004
30.4;27.18;0.498;1.554;2007.326;-0.879;6.480
30.4;27.18;0.497;1.551;2005.040;-0.828;6.481
30.4;27.18;0.471;1.502;2017.980;-0.177;7.093
30.4;27.18;0.439;1.491;2011.695;0.330;7.140
30.4;27.18;0.425;1.501;2002.557;0.555;6.827
30.4;27.18;0.443;1.495;1990.798;0.210;7.107
30.4;27.18;0.466;1.496;2002.330;-0.140;7.178
30.5;27.18;0.487;1.536;1999.881;-0.575;6.713
30.5;27.18;0.497;1.543;2013.169;-0.799;6.544
30.5;27.18;0.474;1.518;2013.806;-0.285;6.899
30.5;27.18;0.478;1.509;1994.743;-0.350;7.029
30.5;27.18;0.497;1.546;1998.589;-0.902;6.546
30.5;27.18;0.439;1.567;1991.281;-0.062;6.171
30.5;27.18;0.410;1.559;1979.768;0.659;6.282
30.5;27.18;0.417;1.562;1998.776;0.492;6.210
30.4;27.18;0.437;1.576;2010.495;0.049;6.050
30.4;27.18;0.469;1.566;2001.401;-0.454;6.270
30.5;27.18;0.482;1.557;1992.603;-0.656;6.335
30.5;27.18;0.438;1.569;1992.694;-0.002;6.172
30.5;27.18;0.418;1.568;1999.045;0.476;6.215
30.5;27.18;0.479;1.563;2014.099;-0.803;6.346
30.5;27.18;0.475;1.522;2014.235;-0.300;6.871
30.4;27.18;0.448;1.488;2007.337;0.251;7.226
30.4;27.18;0.447;1.491;1999.542;0.188;7.227
30.4;27.18;0.471;1.507;2003.570;-0.226;7.053
30.4;27.18;0.479;1.514;1998.976;-0.338;7.001
30.4;27.18;0.473;1.510;2015.763;-0.268;7.029
30.5;27.18;0.455;1.496;2017.997;0.098;7.187
30.5;27.18;0.420;1.511;1995.314;0.601;6.661
30.5;27.18;0.439;1.486;1984.732;0.286;7.260
30.5;27.18;0.484;1.521;1995.195;-0.535;6.847
30.5;27.18;0.490;1.549;1999.390;-0.775;6.522
30.5;27.18;0.492;1.554;2005.357;-0.834;6.456
30.5;27.18;0.478;1.527;2013.328;-0.347;6.818
30.5;27.18;0.469;1.505;2012.336;-0.147;7.122
30.5;27.18;0.468;1.508;2005.282;-0.172;7.095
30.5;27.18;0.480;1.527;2007.938;-0.500;6.811
30.5;27.18;0.492;1.553;1984.537;-0.803;6.493
30.5;27.18;0.470;1.562;2000.352;-0.467;6.301
30.5;27.18;0.504;1.553;2019.474;-0.948;6.479
30.5;27.18;0.478;1.523;2004.024;-0.337;6.909
30.5;27.18;0.487;1.537;1991.746;-0.617;6.716
30.5;27.18;0.492;1.549;2005.752;-0.865;6.529
30.5;27.18;0.475;1.558;1997.498;-0.529;6.436
30.5;27.18;0.463;1.564;1995.673;-0.369;6.315
30.5;27.18;0.501;1.556;2013.495;-1.010;6.448
30.5;27.18;0.495;1.542;2020.018;-0.683;6.674
30.5;27.18;0.470;1.510;2011.190;-0.157;7.062
30.5;27.18;0.457;1.496;2003.949;0.021;7.182
30.5;27.18;0.473;1.508;1994.434;-0.217;7.125
30.5;27.18;0.458;1.510;2023.302;0.007;7.064
30.5;27.18;0.433;1.499;2014.675;0.430;7.031
30.5;27.18;0.407;1.531;1986.663;0.761;6.324
30.5;27.18;0.415;1.547;1992.507;0.592;6.079
30.5;27.18;0.414;1.515;1998.012;0.647;6.658
30.4;27.18;0.438;1.490;1990.077;0.393;7.198
30.4;27.18;0.459;1.496;1992.728;0.002;7.251
30.5;27.18;0.457;1.498;2011.744;0.050;7.216
30.5;27.18;0.443;1.486;2012.104;0.284;7.295
30.5;27.18;0.448;1.493;1999.411;0.188;7.204
30.5;27.18;0.469;1.514;1990.587;-0.235;7.033
30.5;27.18;0.487;1.560;1990.263;-0.701;6.415
30.5;27.18;0.471;1.565;2004.572;-0.494;6.357
30.5;27.18;0.504;1.552;2018.818;-1.015;6.537
30.5;27.18;0.486;1.528;2003.493;-0.498;6.889
30.4;27.18;0.471;1.519;2009.167;-0.185;6.984
30.4;27.18;0.481;1.528;2013.083;-0.441;6.872
30.5;27.18;0.486;1.529;1995.657;-0.507;6.863
30.5;27.18;0.498;1.551;1992.792;-0.914;6.552
30.5;27.18;0.495;1.546;2019.564;-0.712;6.627
30.6;27.18;0.466;1.506;2019.868;-0.078;7.154
30.6;27.18;0.444;1.496;1999.265;0.280;7.199
30.6;27.18;0.464;1.496;1993.934;-0.033;7.243
30.6;27.18;0.465;1.503;2008.679;-0.028;7.216
30.6;27.18;0.457;1.498;2015.413;0.052;7.253
30.5;27.18;0.451;1.493;2003.357;0.149;7.256
30.5;27.18;0.428;1.494;1998.046;0.530;7.066
30.5;27.18;0.413;1.535;2002.613;0.706;6.387
30.5;27.18;0.414;1.535;2000.101;0.678;6.383
30.5;27.18;0.416;1.511;1986.118;0.652;6.773
30.5;27.18;0.437;1.494;1996.692;0.320;7.168
30.5;27.18;0.423;1.517;2003.399;0.607;6.661
30.6;27.18;0.414;1.542;1999.611;0.626;6.216
30.6;27.18;0.419;1.557;1992.384;0.458;5.985
30.6;27.18;0.409;1.543;1983.251;0.654;6.178
30.7;27.18;0.436;1.490;1985.958;0.407;7.193
30.7;27.18;0.463;1.503;2003.977;-0.079;7.188
30.6;27.18;0.474;1.515;2004.694;-0.262;7.052
30.6;27.18;0.466;1.505;2010.832;-0.088;7.217
30.6;27.18;0.464;1.505;2004.092;-0.013;7.158
30.6;27.18;0.471;1.512;2008.419;-0.201;7.115
30.6;27.18;0.496;1.544;1979.494;-0.840;6.698
30.6;27.18;0.464;1.561;1994.571;-0.396;6.428
30.6;27.18;0.485;1.568;2017.137;-0.830;6.378
30.6;27.18;0.481;1.525;2019.165;-0.367;6.977
30.6;27.18;0.466;1.507;2004.250;-0.085;7.187
30.6;27.18;0.434;1.498;2009.105;0.417;7.102
30.7;27.18;0.433;1.494;2000.798;0.466;7.174
30.7;27.18;0.449;1.492;2000.322;0.164;7.269
30.7;27.18;0.460;1.497;2001.453;0.009;7.306
30.6;27.18;0.415;1.529;2007.751;0.688;6.502
30.6;27.18;0.430;1.560;2004.360;0.254;6.003
30.7;27.18;0.426;1.556;1995.614;0.286;6.050
30.7;27.18;0.413;1.544;1981.102;0.562;6.194
30.7;27.18;0.419;1.553;1995.718;0.483;6.100
30.7;27.18;0.410;1.537;1990.365;0.747;6.382
30.7;27.18;0.411;1.537;1989.375;0.715;6.329
30.7;27.18;0.418;1.556;1992.022;0.501;6.052
30.7;27.18;0.418;1.553;1994.313;0.474;6.129
30.7;27.18;0.414;1.530;1985.303;0.668;6.449
30.6;27.18;0.444;1.494;2002.090;0.213;7.242
30.6;27.18;0.457;1.497;2005.291;0.051;7.283
30.7;27.18;0.432;1.500;2008.152;0.482;7.163
30.7;27.18;0.421;1.523;2004.705;0.671;6.425
30.7;27.18;0.413;1.531;1988.949;0.687;6.458
30.7;27.18;0.429;1.491;1977.980;0.530;7.124
30.7;27.18;0.455;1.505;2002.855;0.099;7.189
30.7;27.18;0.473;1.519;2009.678;-0.240;7.054
30.7;27.18;0.478;1.517;2005.767;-0.320;7.128
30.7;27.18;0.466;1.500;2013.461;-0.023;7.252
30.6;27.18;0.446;1.499;2005.707;0.220;7.210
30.6;27.18;0.458;1.493;2001.750;0.098;7.374
30.7;27.18;0.497;1.546;1997.295;-0.775;6.699
30.7;27.18;0.497;1.547;2012.465;-0.787;6.681
30.7;27.18;0.477;1.518;2025.980;-0.259;7.122
30.7;27.18;0.429;1.506;2008.690;0.531;6.975
30.7;27.18;0.419;1.557;2002.543;0.457;6.050
30.7;27.18;0.464;1.547;1990.095;-0.343;6.185
30.7;27.18;0.448;1.558;1999.947;-0.094;6.114
30.7;27.18;0.424;1.558;1996.868;0.369;6.038
30.7;27.18;0.434;1.550;1999.224;0.137;6.157
30.7;27.18;0.490;1.539;2014.018;-0.668;6.387
30.7;27.18;0.482;1.539;2004.404;-0.534;6.366
30.7;27.18;0.476;1.545;1991.909;-0.548;6.260
30.7;27.18;0.445;1.553;1987.785;-0.051;6.167
30.6;27.18;0.414;1.548;1986.990;0.574;6.166
30.6;27.18;0.415;1.522;1989.674;0.700;6.636
30.6;27.18;0.428;1.520;1993.702;0.508;6.719
30.6;27.18;0.414;1.541;1997.104;0.612;6.342
30.6;27.18;0.411;1.545;1991.844;0.664;6.231
30.7;27.18;0.424;1.507;1988.037;0.564;7.015
30.7;27.18;0.465;1.502;2010.662;-0.113;7.303
30.7;27.18;0.453;1.494;2000.419;0.133;7.405
30.7;27.18;0.435;1.509;2005.255;0.425;6.946
30.7;27.18;0.412;1.540;2000.324;0.720;6.398
30.7;27.12;0.410;1.532;1990.951;0.762;6.513
30.7;27.12;0.430;1.503;1987.839;0.453;7.062
30.7;27.12;0.441;1.495;2005.127;0.325;7.297
30.7;27.12;0.451;1.490;2004.512;0.192;7.387
30.7;27.12;0.435;1.512;2005.316;0.440;6.934
30.7;27.12;0.450;1.563;2006.761;-0.099;6.070
30.7;27.12;0.467;1.547;1995.281;-0.445;6.233
30.6;27.12;0.426;1.553;1986.428;0.308;6.156
30.6;27.12;0.413;1.539;1994.818;0.662;6.389
30.6;27.12;0.415;1.551;1985.853;0.612;6.201
30.6;27.18;0.482;1.554;2016.594;-0.601;6.216
30.6;27.18;0.478;1.540;2014.031;-0.465;6.433
30.5;27.18;0.458;1.508;2005.000;-0.086;6.784
30.5;27.18;0.461;1.510;1995.971;-0.122;6.800
30.5;27.18;0.489;1.536;1986.219;-0.690;6.451
30.5;27.18;0.458;1.554;1995.336;-0.249;6.150
30.5;27.18;0.488;1.547;2009.705;-0.728;6.308
30.7;27.18;0.466;1.523;2011.367;-0.232;6.661
30.7;27.18;0.481;1.533;1990.581;-0.579;6.427
30.7;27.18;0.440;1.554;1988.819;0.072;6.182
30.7;27.18;0.413;1.530;1981.835;0.663;6.511
30.7;27.18;0.417;1.515;1990.998;0.644;6.648
30.8;27.18;0.422;1.531;2001.025;0.618;6.614
30.8;27.18;0.423;1.512;2007.383;0.578;6.977
30.8;27.18;0.411;1.530;1988.854;0.750;6.501
30.7;27.18;0.414;1.536;1989.120;0.695;6.458
30.7;27.18;0.446;1.491;1998.126;0.232;7.359
30.8;27.18;0.453;1.501;2011.192;0.183;7.372
30.8;27.18;0.415;1.541;2001.470;0.701;6.423
30.8;27.18;0.454;1.560;2006.580;-0.211;6.138
30.7;27.18;0.468;1.550;1999.061;-0.452;6.232
30.7;27.18;0.472;1.555;2003.085;-0.452;6.264
30.7;27.18;0.470;1.553;1989.054;-0.459;6.209
30.7;27.18;0.453;1.552;1996.105;-0.194;6.237
30.7;27.18;0.476;1.553;2008.405;-0.499;6.236
30.6;27.18;0.474;1.539;2013.939;-0.382;6.461
30.6;27.18;0.453;1.505;2000.454;-0.023;6.862
30.6;27.18;0.461;1.509;1999.005;-0.090;6.854
30.6;27.18;0.479;1.557;1991.879;-0.593;6.212
30.6;27.18;0.463;1.557;1997.466;-0.374;6.180
30.6;27.18;0.490;1.538;2002.815;-0.669;6.453
30.6;27.18;0.464;1.515;2012.695;-0.148;6.814
30.7;27.18;0.452;1.503;2006.774;-0.003;6.892
30.7;27.18;0.461;1.511;1992.664;-0.074;6.849
30.7;27.18;0.474;1.525;1994.222;-0.367;6.664
30.7;27.18;0.460;1.550;1986.882;-0.328;6.279
30.7;27.18;0.446;1.556;2001.049;-0.012;6.200
30.9;27.18;0.477;1.555;2000.384;-0.551;6.251
30.9;27.18;0.478;1.532;1991.224;-0.470;6.504
30.9;27.18;0.465;1.555;1992.206;-0.350;6.245
30.8;27.18;0.409;1.554;1989.390;0.687;6.255
30.8;27.18;0.412;1.536;1982.151;0.706;6.487
30.8;27.18;0.414;1.543;1993.809;0.679;6.370
30.8;27.18;0.412;1.561;1998.043;0.611;6.154
30.8;27.18;0.417;1.556;1996.569;0.508;6.165
30.9;27.18;0.459;1.562;1996.623;-0.209;6.182
30.9;27.18;0.455;1.555;1990.201;-0.205;6.230
30.9;27.18;0.420;1.552;1990.980;0.436;6.256
30.9;27.18;0.459;1.557;2011.189;-0.239;6.222
30.9;27.18;0.476;1.541;2009.444;-0.367;6.456
30.9;27.18;0.453;1.500;2011.790;0.004;6.922
30.9;27.18;0.447;1.494;2005.441;0.150;7.060
30.8;27.18;0.457;1.497;2000.382;-0.045;7.050
30.8;27.18;0.461;1.517;1995.952;-0.159;6.736
30.8;27.18;0.461;1.508;2008.955;-0.096;6.877
30.9;27.18;0.464;1.513;2006.106;-0.131;6.900
30.9;27.18;0.440;1.498;2006.892;0.218;6.983
30.9;27.18;0.451;1.494;1990.331;0.079;7.086
30.9;27.18;0.466;1.508;1989.043;-0.230;6.941
30.9;27.18;0.460;1.546;1989.021;-0.306;6.342
30.8;27.18;0.433;1.559;1999.522;0.193;6.223
30.8;27.18;0.489;1.553;2006.461;-0.669;6.353
30.8;27.18;0.477;1.536;2006.037;-0.460;6.500
30.8;27.18;0.472;1.533;2004.494;-0.260;6.596
30.8;27.18;0.484;1.549;1993.294;-0.655;6.396
30.8;27.18;0.467;1.550;1984.050;-0.451;6.279
30.8;27.18;0.460;1.557;1995.700;-0.197;6.213
30.8;27.18;0.471;1.558;2002.567;-0.426;6.272
30.8;27.18;0.478;1.540;2010.118;-0.520;6.473
30.8;27.18;0.482;1.539;1985.770;-0.556;6.505
30.8;27.12;0.485;1.550;1993.019;-0.696;6.341
30.8;27.12;0.456;1.555;1993.896;-0.208;6.222
30.7;27.12;0.470;1.552;1999.002;-0.458;6.369
30.7;27.12;0.494;1.549;2002.479;-0.757;6.409
30.7;27.12;0.470;1.539;2015.593;-0.299;6.497
30.8;27.12;0.465;1.517;2012.918;-0.111;6.813
30.8;27.12;0.458;1.503;2000.421;-0.046;7.018
30.9;27.12;0.469;1.527;1992.314;-0.297;6.648
30.9;27.12;0.468;1.523;2015.441;-0.161;6.729
30.9;27.12;0.451;1.498;2013.674;0.125;7.112
30.9;27.18;0.420;1.510;1998.049;0.491;6.620
30.9;27.18;0.404;1.533;1988.554;0.732;6.208
30.9;27.18;0.414;1.516;1990.111;0.646;6.503
30.9;27.18;0.437;1.496;1990.343;0.266;6.986
30.9;27.18;0.456;1.502;1996.687;-0.016;7.026
30.9;27.18;0.464;1.509;2002.035;-0.124;6.993
30.9;27.18;0.458;1.513;2015.328;-0.121;6.862
30.9;27.18;0.453;1.494;2002.367;0.100;7.116
30.9;27.18;0.469;1.515;1989.934;-0.247;6.917
30.9;27.18;0.478;1.545;1978.264;-0.595;6.385
31.0;27.18;0.429;1.565;1994.075;0.321;6.143
31.0;27.18;0.434;1.566;2001.113;0.102;6.210
31.0;27.18;0.482;1.547;1993.647;-0.643;6.371
31.0;27.18;0.482;1.544;2012.677;-0.500;6.502
31.0;27.18;0.471;1.527;2007.720;-0.272;6.745
30.9;27.18;0.474;1.538;1993.307;-0.363;6.533
30.9;27.18;0.487;1.540;1997.964;-0.676;6.535
30.9;27.18;0.493;1.548;2003.416;-0.737;6.447
30.9;27.18;0.464;1.520;2014.718;-0.196;6.814
30.9;27.18;0.444;1.495;2003.942;0.252;7.057
30.9;27.18;0.454;1.494;1990.705;0.048;7.173
30.9;27.18;0.446;1.500;2003.484;0.185;7.013
30.9;27.18;0.453;1.502;2008.586;0.046;7.086
30.9;27.18;0.465;1.511;2002.653;-0.161;6.962
30.9;27.18;0.451;1.498;1995.800;0.171;7.077
30.9;27.18;0.429;1.507;2003.080;0.457;6.861
30.9;27.18;0.413;1.529;2002.356;0.650;6.379
30.9;27.18;0.413;1.521;1991.299;0.635;6.461
30.9;27.18;0.442;1.489;1993.246;0.182;7.183
30.9;27.18;0.431;1.497;2003.768;0.432;7.024
30.9;27.18;0.423;1.513;2007.025;0.482;6.641
30.9;27.18;0.410;1.528;1994.031;0.702;6.418
31.0;27.18;0.410;1.525;1984.584;0.678;6.421
31.0;27.18;0.426;1.502;1993.628;0.446;6.872
31.0;27.18;0.463;1.510;2002.353;-0.145;6.964
30.9;27.18;0.480;1.534;1994.179;-0.437;6.660
30.9;27.18;0.472;1.536;2000.849;-0.358;6.595
31.0;27.18;0.473;1.532;2015.245;-0.253;6.683
31.0;27.18;0.463;1.507;2010.099;-0.101;7.050
31.0;27.18;0.476;1.531;1985.049;-0.408;6.660
31.0;27.18;0.469;1.550;1988.655;-0.468;6.462
31.0;27.18;0.471;1.555;1999.042;-0.432;6.330
31.0;27.18;0.485;1.555;2012.156;-0.601;6.340
31.0;27.18;0.471;1.531;2010.628;-0.221;6.713
31.0;27.18;0.438;1.496;2006.026;0.376;7.059
30.9;27.18;0.429;1.506;2003.191;0.419;6.822
30.9;27.18;0.442;1.499;1996.164;0.230;7.064
30.8;27.18;0.457;1.503;1999.392;0.003;7.113
30.8;27.18;0.426;1.505;2011.105;0.463;6.897
30.8;27.18;0.412;1.554;2009.221;0.620;5.957
30.8;27.12;0.412;1.555;1994.944;0.495;5.950
30.8;27.12;0.407;1.555;1987.639;0.622;5.913
30.9;27.12;0.409;1.547;1986.048;0.635;6.083
30.9;27.12;0.415;1.520;1989.434;0.673;6.551
30.9;27.12;0.418;1.513;2003.996;0.557;6.721
30.9;27.12;0.421;1.509;1988.433;0.563;6.780
30.9;27.12;0.410;1.546;1998.398;0.685;6.113
30.9;27.12;0.406;1.543;1996.485;0.675;6.117
30.9;27.12;0.430;1.498;1991.019;0.414;7.017
30.9;27.12;0.456;1.508;1993.011;0.013;7.054
30.9;27.18;0.447;1.506;2011.170;0.151;7.044
30.9;27.18;0.440;1.503;2009.021;0.305;7.009
30.9;27.18;0.423;1.507;1997.347;0.495;6.837
30.9;27.18;0.434;1.495;1983.294;0.349;7.050
30.9;27.18;0.453;1.504;1998.831;0.072;7.085
30.9;27.18;0.472;1.526;1999.662;-0.237;6.823
30.9;27.18;0.477;1.544;2000.966;-0.458;6.555
30.9;27.18;0.465;1.518;2011.151;-0.111;6.911
30.9;27.18;0.436;1.499;2009.508;0.372;7.027
30.9;27.18;0.423;1.505;1999.648;0.517;6.819
30.9;27.12;0.462;1.512;1993.544;-0.161;7.028
30.9;27.12;0.472;1.532;1999.291;-0.257;6.779
30.9;27.12;0.462;1.518;2017.457;-0.079;6.927
30.9;27.12;0.425;1.518;2010.061;0.531;6.664
30.9;27.12;0.411;1.561;2005.822;0.570;5.944
30.9;27.12;0.460;1.555;1992.708;-0.362;6.036
30.9;27.12;0.459;1.558;1997.097;-0.383;6.028
30.9;27.12;0.417;1.556;1990.848;0.416;5.993
30.9;27.12;0.409;1.563;1998.728;0.547;5.885
30.9;27.12;0.463;1.552;2001.522;-0.389;6.085
30.9;27.12;0.494;1.543;2008.984;-0.843;6.226
30.9;27.12;0.477;1.547;1996.506;-0.627;6.159
30.9;27.12;0.409;1.554;1983.163;0.571;6.054
30.9;27.12;0.405;1.535;1986.078;0.741;6.311
30.9;27.12;0.412;1.525;2000.576;0.659;6.520
30.9;27.12;0.423;1.513;1996.939;0.577;6.779
30.9;27.12;0.414;1.524;1990.140;0.643;6.570
30.9;27.12;0.415;1.528;1997.458;0.613;6.446
30.9;27.12;0.428;1.504;1989.613;0.501;6.953
30.9;27.12;0.466;1.507;1995.796;-0.139;7.083
30.9;27.18;0.464;1.531;2004.999;-0.188;6.771
30.9;27.18;0.446;1.503;2016.360;0.202;7.069
30.9;27.18;0.415;1.528;2001.034;0.674;6.518
30.9;27.18;0.408;1.534;1996.212;0.699;6.376
30.9;27.18;0.433;1.504;1987.543;0.388;7.018
31.0;27.18;0.441;1.496;2002.512;0.240;7.154
31.0;27.18;0.443;1.503;2001.868;0.237;7.019
31.0;27.18;0.437;1.506;2008.341;0.460;6.923
31.0;27.18;0.417;1.561;2003.088;0.502;5.986
31.0;27.18;0.447;1.560;2004.322;-0.158;5.958
31.0;27.12;0.419;1.556;1988.352;0.419;6.035
31.0;27.12;0.421;1.510;1991.882;0.573;6.803
30.9;27.12;0.417;1.522;1993.603;0.612;6.606
30.9;27.12;0.414;1.562;2004.494;0.594;5.963
30.9;27.12;0.472;1.554;2012.473;-0.549;6.151
31.0;27.12;0.499;1.535;2012.556;-0.926;6.381
31.0;27.12;0.502;1.537;1984.680;-0.917;6.395
31.0;27.12;0.470;1.546;1996.552;-0.508;6.225
31.0;27.12;0.436;1.562;1999.037;0.014;5.941
31.0;27.12;0.436;1.563;1999.915;0.081;5.951
31.0;27.12;0.481;1.552;2007.980;-0.661;6.165
31.0;27.12;0.492;1.545;2002.966;-0.896;6.221
31.0;27.12;0.412;1.556;1981.525;0.514;6.034
31.0;27.12;0.421;1.514;1986.493;0.566;6.751
31.0;27.12;0.431;1.504;1994.651;0.411;6.995
31.0;27.12;0.446;1.503;2004.226;0.229;7.092
31.0;27.12;0.442;1.507;2001.368;0.266;7.113
31.0;27.12;0.425;1.508;2000.054;0.483;6.909
31.0;27.12;0.417;1.518;1986.594;0.638;6.682
31.0;27.12;0.436;1.496;1988.748;0.368;7.127
31.0;27.12;0.450;1.511;2011.392;0.109;7.046
31.0;27.12;0.429;1.507;2001.677;0.436;6.970
31.0;27.12;0.410;1.565;2002.687;0.601;5.941
31.0;27.12;0.456;1.559;2015.426;-0.340;6.004
31.0;27.12;0.475;1.557;2003.164;-0.628;6.120
31.0;27.12;0.442;1.556;1988.729;-0.042;6.074
31.0;27.12;0.433;1.564;1996.461;0.115;5.963
31.0;27.12;0.427;1.565;2000.376;0.276;5.962
31.0;27.12;0.455;1.558;2010.664;-0.295;6.154
31.0;27.12;0.490;1.529;2008.370;-0.727;6.502
31.0;27.18;0.496;1.532;1989.930;-0.758;6.462
31.0;27.18;0.468;1.550;1989.053;-0.455;6.208
31.0;27.18;0.427;1.565;1999.293;0.197;5.958
31.0;27.18;0.436;1.558;1993.816;0.049;6.058
31.0;27.18;0.491;1.546;2013.249;-0.809;6.268
31.1;27.18;0.498;1.539;2011.115;-0.946;6.368
31.1;27.18;0.503;1.546;2004.218;-0.943;6.302
31.1;27.18;0.492;1.545;1993.273;-0.848;6.274
31.1;27.18;0.455;1.557;1993.224;-0.299;6.114
31.1;27.18;0.415;1.564;1994.179;0.495;5.989
31.0;27.12;0.420;1.561;1999.341;0.381;6.017
31.0;27.12;0.469;1.552;2001.123;-0.561;6.179
31.1;27.12;0.425;1.561;1983.908;0.304;6.046
31.1;27.12;0.409;1.537;1988.732;0.733;6.422
31.1;27.12;0.412;1.527;1994.807;0.695;6.602
31.0;27.12;0.419;1.515;1987.556;0.560;6.806
31.0;27.12;0.411;1.535;1999.164;0.722;6.478
31.0;27.12;0.409;1.551;2006.975;0.686;6.163
31.0;27.12;0.418;1.564;1991.745;0.473;6.015
31.0;27.12;0.438;1.559;1992.674;0.006;6.107
31.1;27.12;0.424;1.564;1999.124;0.244;5.983
31.1;27.12;0.439;1.561;2006.722;0.033;6.073
31.1;27.12;0.485;1.554;2004.094;-0.692;6.206
31.1;27.12;0.486;1.526;2014.315;-0.559;6.568
31.1;27.12;0.476;1.512;2012.129;-0.314;6.786
31.1;27.12;0.476;1.521;2011.724;-0.419;6.672
31.1;27.12;0.485;1.526;1999.818;-0.615;6.588
31.1;27.12;0.499;1.530;1994.392;-0.821;6.540
31.1;27.12;0.495;1.543;2013.571;-0.821;6.399
31.1;27.12;0.482;1.529;2018.979;-0.465;6.576
31.0;27.12;0.470;1.508;2005.679;-0.239;6.881
31.0;27.12;0.474;1.509;2003.563;-0.341;6.824
31.1;27.12;0.460;1.551;1997.661;-0.424;6.225
31.1;27.12;0.422;1.563;1994.059;0.359;6.017
31.1;27.12;0.452;1.562;1997.694;-0.170;6.105
31.0;27.12;0.493;1.547;2008.725;-0.892;6.300
31.0;27.12;0.494;1.547;2004.179;-0.862;6.348
31.0;27.12;0.464;1.554;2000.217;-0.449;6.221
31.0;27.12;0.461;1.559;1992.328;-0.421;6.118
31.0;27.12;0.424;1.559;1988.425;0.299;6.082
31.0;27.12;0.419;1.567;1997.442;0.443;6.004
31.0;27.12;0.483;1.557;2014.039;-0.717;6.187
31.0;27.12;0.500;1.542;1993.550;-0.916;6.427
31.0;27.12;0.478;1.551;1996.360;-0.652;6.251
31.0;27.12;0.466;1.558;2004.923;-0.469;6.137
31.0;27.12;0.445;1.564;1995.644;-0.060;6.073
31.0;27.12;0.447;1.557;1992.941;-0.119;6.166
31.0;27.12;0.491;1.548;2014.710;-0.937;6.349
31.0;27.12;0.498;1.540;2011.805;-0.820;6.488
31.0;27.12;0.483;1.527;2016.569;-0.523;6.635
31.0;27.12;0.479;1.515;1996.474;-0.401;6.733
31.0;27.12;0.500;1.542;2000.606;-0.860;6.415
31.0;27.12;0.493;1.539;2015.819;-0.719;6.487
31.0;27.12;0.471;1.506;2019.950;-0.263;6.900
31.0;27.12;0.437;1.484;1996.892;0.361;7.082
31.0;27.12;0.437;1.485;1999.740;0.377;6.977
31.0;27.12;0.469;1.491;1999.221;-0.118;7.056
31.0;27.12;0.483;1.516;2001.636;-0.476;6.787
31.0;27.12;0.489;1.534;1992.115;-0.704;6.593
31.0;27.12;0.493;1.538;2017.860;-0.773;6.481
31.0;27.12;0.491;1.532;2011.290;-0.497;6.646
31.0;27.12;0.476;1.522;2005.987;-0.378;6.717
31.0;27.12;0.498;1.540;1983.572;-0.964;6.447
31.0;27.12;0.418;1.561;1989.238;0.454;6.123
31.0;27.12;0.411;1.557;1998.423;0.639;6.157
31.0;27.12;0.435;1.569;2007.306;0.045;6.031
31.0;27.12;0.487;1.556;2001.100;-0.737;6.235
31.0;27.12;0.488;1.539;2016.952;-0.652;6.494
31.0;27.12;0.495;1.533;2012.757;-0.754;6.541
31.0;27.12;0.496;1.546;1991.702;-0.873;6.405
31.0;27.12;0.478;1.551;2002.596;-0.641;6.361
31.0;27.12;0.494;1.545;2024.066;-0.789;6.446
31.0;27.12;0.472;1.506;2013.378;-0.189;6.939
31.0;27.12;0.464;1.499;2006.299;-0.141;7.000
31.0;27.12;0.471;1.502;1997.170;-0.245;6.993
31.0;27.12;0.482;1.530;2008.234;-0.451;6.674
31.0;27.12;0.491;1.533;2005.834;-0.685;6.569
31.0;27.12;0.478;1.522;2012.894;-0.410;6.717
31.0;27.12;0.462;1.491;2009.384;-0.019;7.154
31.0;27.12;0.446;1.493;2016.098;0.183;7.022
31.1;27.12;0.446;1.486;2005.522;0.182;7.084
31.1;27.12;0.459;1.488;1997.679;-0.015;7.216
31.1;27.12;0.474;1.508;2007.450;-0.269;6.937
31.1;27.12;0.469;1.499;2018.181;-0.158;7.024
31.1;27.12;0.438;1.485;2004.133;0.366;7.100
31.1;27.12;0.441;1.485;1993.371;0.282;7.014
31.1;27.12;0.457;1.491;1993.576;0.010;7.118
31.0;27.12;0.478;1.525;2000.633;-0.395;6.751
31.0;27.12;0.497;1.548;1997.106;-0.887;6.364
31.0;27.12;0.482;1.555;2000.092;-0.745;6.282
31.0;27.12;0.501;1.550;2015.129;-0.896;6.389
31.0;27.12;0.485;1.532;2013.783;-0.527;6.641
31.0;27.12;0.499;1.538;2004.416;-0.897;6.523
31.0;27.12;0.449;1.556;1982.537;-0.224;6.279
31.0;27.12;0.441;1.563;1999.071;-0.009;6.178
31.1;27.12;0.474;1.561;2015.372;-0.541;6.216
31.1;27.12;0.496;1.542;2008.395;-0.692;6.492
31.0;27.12;0.462;1.495;2013.621;-0.036;7.096
31.0;27.12;0.447;1.484;2001.479;0.195;7.116
31.0;27.12;0.456;1.486;1998.652;0.037;7.217
31.0;27.12;0.473;1.505;2003.539;-0.266;7.002
31.0;27.12;0.466;1.492;2009.251;-0.113;7.118
31.1;27.12;0.431;1.493;2008.960;0.449;6.932
31.1;27.12;0.409;1.532;2001.947;0.707;6.217
31.1;27.12;0.425;1.502;1988.566;0.553;6.733
31.0;27.12;0.436;1.484;1991.312;0.375;7.092
31.0;27.12;0.452;1.485;2005.657;0.160;7.132
31.0;27.12;0.457;1.493;2008.764;0.023;7.121
31.0;27.12;0.450;1.486;1995.453;0.141;7.220
31.0;27.12;0.427;1.498;2007.925;0.493;6.846
31.1;27.12;0.422;1.506;1998.837;0.591;6.651
31.1;27.12;0.441;1.480;1985.718;0.311;7.199
31.0;27.12;0.484;1.523;1998.120;-0.497;6.758
31.0;27.12;0.479;1.519;2013.897;-0.375;6.811
31.0;27.12;0.464;1.496;2011.112;-0.048;7.123
31.0;27.12;0.451;1.492;2012.648;0.093;7.129
31.0;27.12;0.463;1.491;1997.319;-0.025;7.151
31.1;27.12;0.472;1.511;1998.766;-0.243;6.938
31.1;27.12;0.494;1.537;2005.322;-0.712;6.574
31.1;27.12;0.486;1.557;2004.901;-0.801;6.356
31.1;27.12;0.500;1.542;2004.523;-0.882;6.526
31.1;27.12;0.458;1.507;2023.051;-0.003;7.002
31.1;27.12;0.452;1.488;1998.739;0.151;7.135
31.1;27.12;0.471;1.510;1995.080;-0.179;6.975
31.1;27.12;0.491;1.533;2005.280;-0.626;6.640
31.1;27.12;0.477;1.528;2019.048;-0.381;6.763
31.1;27.12;0.463;1.491;2015.686;0.018;7.187
31.1;27.12;0.424;1.510;2012.014;0.536;6.659
31.1;27.12;0.415;1.541;1989.393;0.573;6.032
31.1;27.12;0.409;1.545;1992.897;0.669;6.012
31.1;27.12;0.417;1.513;1994.562;0.612;6.575
31.1;27.12;0.432;1.497;2002.905;0.431;6.888
31.1;27.12;0.410;1.529;1996.508;0.720;6.234
31.1;27.12;0.445;1.555;2010.972;-0.119;5.973
31.1;27.12;0.443;1.547;1982.941;0.016;5.976
31.1;27.12;0.410;1.531;1985.843;0.673;6.239
31.1;27.12;0.425;1.497;1991.324;0.493;6.888
31.0;27.12;0.445;1.484;2002.936;0.236;7.256
31.0;27.12;0.457;1.489;2009.115;0.069;7.218
31.0;27.12;0.460;1.498;2005.432;-0.046;7.127
31.0;27.12;0.450;1.487;1998.696;0.171;7.193
31.0;27.12;0.457;1.495;1997.394;0.076;7.156
31.1;27.12;0.481;1.521;2002.012;-0.451;6.855
31.1;27.12;0.498;1.545;2013.487;-0.853;6.538
31.1;27.12;0.476;1.514;2014.453;-0.291;6.936
31.1;27.12;0.450;1.500;2013.736;0.143;7.069
31.1;27.12;0.440;1.494;2008.749;0.293;7.005
31.1;27.12;0.438;1.484;1989.452;0.386;7.231
31.1;27.12;0.444;1.485;2003.608;0.252;7.227
31.1;27.12;0.464;1.492;2008.212;-0.076;7.184
31.1;27.12;0.463;1.496;2009.499;-0.005;7.156
31.1;27.12;0.427;1.514;2010.081;0.488;6.652
31.1;27.12;0.413;1.540;1993.719;0.630;6.096
31.1;27.12;0.410;1.537;1986.227;0.693;6.149
31.1;27.12;0.441;1.485;1990.680;0.277;7.129
31.1;27.12;0.449;1.490;2000.857;0.169;7.166
31.1;27.12;0.418;1.514;2002.468;0.684;6.580
31.2;27.12;0.418;1.555;2006.020;0.481;5.913
31.2;27.12;0.443;1.555;2001.607;0.005;5.923
31.2;27.12;0.445;1.542;1985.720;-0.139;6.116
31.2;27.12;0.456;1.543;1997.058;-0.216;6.054
31.2;27.12;0.417;1.549;1985.801;0.518;5.994
31.0;27.12;0.408;1.529;1999.300;0.757;6.302
31.0;27.12;0.426;1.556;2001.461;0.323;5.914
31.0;27.12;0.452;1.546;1988.738;-0.148;6.084
31.1;27.12;0.409;1.534;1975.474;0.682;6.210
31.1;27.12;0.450;1.487;2001.426;0.164;7.200
31.1;27.12;0.464;1.495;1995.374;-0.082;7.211
31.1;27.12;0.466;1.500;2005.572;-0.058;7.154
31.1;27.12;0.459;1.502;2010.526;0.008;7.126
31.1;27.12;0.464;1.498;2011.205;-0.070;7.121
31.1;27.12;0.454;1.485;1994.645;0.130;7.314
31.0;27.12;0.452;1.489;2004.843;0.124;7.203
31.0;27.12;0.466;1.505;2005.889;-0.057;7.055
31.0;27.12;0.454;1.489;2009.670;0.120;7.311
31.1;27.12;0.415;1.529;2006.653;0.676;6.370
31.1;27.12;0.419;1.553;1998.826;0.449;5.944
31.1;27.12;0.433;1.550;1998.515;0.173;5.995
31.1;27.12;0.420;1.551;1994.696;0.392;6.010
31.1;27.12;0.415;1.551;1985.404;0.523;5.982
31.1;27.12;0.413;1.546;1992.247;0.594;6.062
31.1;27.12;0.416;1.553;2001.267;0.514;5.980
31.1;27.12;0.453;1.551;1999.371;-0.169;6.003
31.1;27.12;0.471;1.544;1992.019;-0.502;6.101
31.1;27.12;0.467;1.541;1997.911;-0.431;6.151
31.2;27.12;0.408;1.536;1989.016;0.743;6.250
31.2;27.12;0.413;1.507;1992.075;0.677;6.760
31.1;27.12;0.433;1.555;2009.958;0.185;5.976
31.1;27.12;0.461;1.551;1998.864;-0.313;6.031
31.1;27.12;0.457;1.545;1995.986;-0.253;6.106
31.1;27.12;0.443;1.550;1995.375;-0.065;6.058
31.1;27.12;0.418;1.548;1977.515;0.434;6.078
31.2;27.12;0.421;1.514;1987.300;0.600;6.689
31.2;27.12;0.427;1.512;2004.760;0.535;6.732
31.2;27.12;0.421;1.546;1996.268;0.435;6.083
31.2;27.12;0.409;1.541;1977.629;0.711;6.172
31.2;27.12;0.428;1.505;1993.162;0.519;6.844
31.1;27.12;0.454;1.491;2003.716;0.105;7.250
31.1;27.12;0.460;1.494;1993.369;0.012;7.279
31.1;27.12;0.454;1.495;2009.185;0.171;7.192
31.2;27.12;0.440;1.501;2011.585;0.307;6.971
31.2;27.12;0.412;1.544;1995.817;0.681;6.158
31.2;27.12;0.415;1.551;1991.253;0.532;6.049
31.2;27.12;0.411;1.545;1985.980;0.644;6.144
31.2;27.12;0.412;1.540;1994.170;0.657;6.195
31.3;27.12;0.420;1.552;2000.574;0.510;6.004
31.3;27.12;0.464;1.550;1995.795;-0.349;6.108
31.2;27.12;0.471;1.538;2008.608;-0.369;6.254
31.2;27.12;0.472;1.519;2008.482;-0.371;6.509
31.2;27.12;0.482;1.537;1984.290;-0.624;6.286
31.1;27.12;0.460;1.537;1987.681;-0.361;6.264
31.1;27.12;0.462;1.548;2000.457;-0.285;6.119
31.2;27.12;0.462;1.552;2004.235;-0.325;6.080
31.2;27.12;0.475;1.543;2001.945;-0.475;6.204
31.2;27.12;0.481;1.529;1991.210;-0.589;6.414
31.1;27.12;0.441;1.546;1974.512;0.013;6.120
31.1;27.12;0.413;1.524;1990.246;0.680;6.455
31.1;27.12;0.419;1.526;1999.507;0.610;6.479
31.1;27.12;0.417;1.550;1990.581;0.550;6.050
31.1;27.12;0.416;1.550;1993.212;0.582;6.052
31.2;27.12;0.435;1.552;2001.863;0.155;6.078
31.2;27.12;0.419;1.548;1984.624;0.484;6.115
31.2;27.12;0.412;1.519;1982.478;0.711;6.573
31.2;27.12;0.420;1.517;1998.836;0.599;6.732
31.2;27.12;0.412;1.542;1998.967;0.720;6.256
31.2;27.12;0.428;1.550;1994.340;0.232;6.069
31.2;27.12;0.436;1.553;1996.295;-0.078;6.076
31.2;27.12;0.424;1.555;1990.977;0.369;6.008
31.2;27.12;0.416;1.548;1990.970;0.507;6.095
31.2;27.12;0.411;1.548;1993.247;0.651;6.143
31.2;27.12;0.431;1.559;1994.403;0.246;5.970
31.2;27.12;0.441;1.551;2003.278;0.008;6.089
31.3;27.12;0.483;1.544;2007.710;-0.668;6.256
31.3;27.12;0.485;1.543;1991.705;-0.697;6.262
31.3;27.12;0.457;1.543;1988.348;-0.285;6.205
31.3;27.12;0.474;1.550;2009.282;-0.493;6.143
31.3;27.12;0.478;1.546;2009.596;-0.548;6.262
31.2;27.12;0.460;1.513;2002.805;-0.105;6.610
31.2;27.12;0.459;1.494;2003.566;-0.085;6.902
31.2;27.12;0.471;1.524;1994.933;-0.275;6.503
31.3;27.12;0.479;1.543;1994.023;-0.619;6.247
31.3;27.12;0.468;1.547;1983.301;-0.452;6.172
31.3;27.12;0.438;1.555;1995.448;0.102;6.066
31.3;27.12;0.457;1.547;2004.120;-0.268;6.141
31.3;27.12;0.488;1.543;2007.942;-0.721;6.283
31.3;27.12;0.443;1.546;1971.243;0.055;6.137
31.3;27.12;0.420;1.506;1980.246;0.669;6.710
31.3;27.12;0.436;1.497;2001.384;0.404;7.127
31.3;27.12;0.429;1.505;2004.824;0.471;6.934
31.3;27.12;0.412;1.548;1990.882;0.637;6.134
31.3;27.12;0.460;1.555;2015.706;-0.295;6.119
31.3;27.12;0.468;1.542;1989.404;-0.395;6.274
31.3;27.12;0.428;1.549;1987.879;0.207;6.175
31.3;27.12;0.421;1.556;1993.148;0.418;6.057
31.3;27.12;0.456;1.560;2005.451;-0.224;6.031
31.3;27.12;0.480;1.543;2011.737;-0.560;6.231
31.3;27.12;0.468;1.520;2010.744;-0.246;6.585
31.2;27.12;0.472;1.529;1988.489;-0.331;6.502
31.2;27.12;0.479;1.538;1999.280;-0.594;6.337
31.2;27.12;0.474;1.538;2002.446;-0.556;6.339
31.2;27.12;0.481;1.546;1994.673;-0.639;6.261
31.2;27.12;0.480;1.544;1995.271;-0.543;6.240
31.3;27.12;0.467;1.526;2018.880;-0.228;6.478
31.3;27.12;0.467;1.513;2003.695;-0.160;6.699
31.3;27.12;0.469;1.527;1993.960;-0.355;6.512
31.3;27.12;0.486;1.539;1998.661;-0.717;6.318
31.3;27.12;0.485;1.542;2012.588;-0.602;6.317
31.3;27.12;0.468;1.526;2008.185;-0.260;6.486
31.3;27.12;0.459;1.509;2001.972;-0.109;6.755
31.3;27.12;0.468;1.512;1992.341;-0.223;6.732
31.3;27.12;0.483;1.548;1995.768;-0.694;6.220
31.3;27.12;0.435;1.551;1985.978;0.109;6.128
31.3;27.12;0.409;1.540;1982.769;0.713;6.332
31.3;27.12;0.424;1.553;1996.232;0.385;6.096
31.3;27.12;0.470;1.554;2014.297;-0.466;6.169
31.3;27.12;0.474;1.549;1993.200;-0.472;6.195
31.3;27.12;0.413;1.541;1969.601;0.577;6.287
31.3;27.12;0.419;1.527;1999.994;0.593;6.529
31.3;27.12;0.414;1.546;2003.272;0.677;6.275
31.3;27.12;0.454;1.555;2007.253;-0.177;6.110
31.2;27.12;0.478;1.538;2012.901;-0.486;6.383
31.2;27.12;0.462;1.500;2009.468;-0.080;6.897
31.2;27.12;0.463;1.514;1999.519;-0.189;6.728
31.2;27.12;0.480;1.532;2006.826;-0.519;6.430
31.2;27.12;0.484;1.541;1993.256;-0.577;6.347
31.3;27.12;0.463;1.514;2022.418;-0.161;6.684
31.3;27.12;0.434;1.496;2012.529;0.334;6.855
31.3;27.12;0.434;1.482;1989.992;0.360;7.023
31.3;27.12;0.454;1.499;1989.509;-0.047;6.929
31.3;27.12;0.469;1.519;2006.594;-0.267;6.621
31.3;27.12;0.471;1.536;2005.514;-0.277;6.450
31.3;27.12;0.467;1.527;2007.966;-0.272;6.526
31.2;27.12;0.457;1.507;2002.135;-0.032;6.825
31.2;27.12;0.467;1.500;2003.699;-0.124;6.896
31.2;27.12;0.466;1.526;1996.435;-0.272;6.568
31.3;27.12;0.480;1.543;1992.175;-0.623;6.276
31.3;27.12;0.449;1.560;1989.103;-0.066;6.087
31.3;27.12;0.470;1.550;2004.887;-0.444;6.245
31.3;27.12;0.478;1.540;2012.683;-0.500;6.395
31.3;27.12;0.483;1.540;1992.983;-0.516;6.441
31.2;27.12;0.484;1.543;1988.724;-0.673;6.317
31.2;27.12;0.457;1.554;2006.280;-0.260;6.135
31.2;27.12;0.436;1.561;1996.526;0.136;6.086
31.2;27.12;0.439;1.553;1994.182;0.056;6.176
31.2;27.12;0.488;1.543;2016.264;-0.630;6.369
31.3;27.12;0.473;1.525;2005.304;-0.314;6.596
31.3;27.12;0.469;1.540;2002.209;-0.375;6.388
31.3;27.12;0.480;1.545;1992.987;-0.589;6.301
31.3;27.12;0.487;1.550;1997.637;-0.672;6.274
31.3;27.12;0.477;1.540;2021.396;-0.482;6.397
31.3;27.12;0.451;1.506;2015.594;0.073;6.837
31.3;27.12;0.436;1.488;1996.133;0.361;6.989
31.3;27.12;0.422;1.503;1993.211;0.482;6.662
31.3;27.12;0.440;1.496;2006.722;0.258;6.907
31.3;27.12;0.448;1.489;2001.702;0.135;7.080
31.3;27.12;0.443;1.496;2003.709;0.146;6.923
31.3;27.12;0.416;1.516;2008.024;0.633;6.432
31.3;27.12;0.406;1.525;1994.464;0.706;6.250
31.3;27.12;0.434;1.494;1995.962;0.301;6.924
31.3;27.12;0.458;1.504;1999.773;0.032;6.993
31.3;27.12;0.470;1.522;1996.276;-0.249;6.670
31.3;27.12;0.472;1.537;2004.582;-0.425;6.413
31.3;27.12;0.480;1.537;2000.383;-0.518;6.488
31.3;27.12;0.477;1.532;1998.163;-0.389;6.522
31.3;27.12;0.466;1.533;1996.860;-0.250;6.499
31.3;27.12;0.476;1.543;1998.101;-0.591;6.378
31.3;27.12;0.452;1.557;1991.527;-0.123;6.183
31.3;27.12;0.475;1.545;1997.562;-0.550;6.300
31.3;27.12;0.473;1.535;2017.088;-0.298;6.472
31.3;27.12;0.470;1.518;2006.745;-0.236;6.753
31.3;27.12;0.455;1.511;2008.834;-0.066;6.839
31.3;27.12;0.467;1.514;2003.217;-0.246;6.797
31.2;27.12;0.470;1.525;2001.472;-0.276;6.631
31.2;27.12;0.472;1.528;2003.944;-0.323;6.552
31.2;27.12;0.465;1.519;2009.929;-0.145;6.725
31.4;27.12;0.434;1.490;2003.090;0.366;6.961
31.4;27.12;0.427;1.499;1996.063;0.435;6.808
31.3;27.12;0.447;1.489;1999.964;0.129;7.055
31.3;27.12;0.469;1.515;2001.489;-0.258;6.760
31.3;27.12;0.456;1.506;2004.383;-0.027;6.866
31.3;27.12;0.432;1.502;2012.143;0.413;6.799
31.3;27.12;0.419;1.509;1996.027;0.609;6.572
31.4;27.12;0.404;1.544;2002.834;0.666;5.996
31.4;27.12;0.406;1.541;1990.284;0.663;5.994
31.4;27.12;0.414;1.514;1988.026;0.671;6.461
31.3;27.12;0.439;1.495;1996.286;0.243;6.901
31.3;27.12;0.435;1.497;2004.526;0.343;6.960
31.4;27.12;0.415;1.508;1998.682;0.647;6.606
31.4;27.12;0.425;1.495;1994.798;0.417;6.900
31.4;27.12;0.463;1.504;1999.831;-0.112;6.904
31.4;27.12;0.476;1.530;1990.427;-0.374;6.579
31.4;27.12;0.478;1.540;1997.422;-0.542;6.430
31.3;27.12;0.490;1.545;2011.359;-0.705;6.425
31.3;27.12;0.491;1.547;2004.746;-0.696;6.389
31.3;27.12;0.461;1.530;2001.423;-0.180;6.566
31.3;27.12;0.460;1.512;2005.105;-0.060;6.818
31.3;27.12;0.472;1.525;1995.716;-0.225;6.674
31.3;27.12;0.471;1.536;2013.870;-0.328;6.475
31.3;27.12;0.459;1.502;2009.898;-0.059;6.962
31.3;27.12;0.423;1.502;2003.003;0.516;6.790
31.3;27.12;0.403;1.542;1998.776;0.716;6.023
31.3;27.12;0.409;1.526;1997.721;0.709;6.272
31.3;27.12;0.416;1.509;1985.792;0.627;6.617
31.3;27.12;0.419;1.512;1999.496;0.503;6.606
31.3;27.12;0.441;1.495;2005.748;0.248;6.953
31.3;27.12;0.422;1.503;2000.231;0.528;6.731
31.3;27.12;0.419;1.559;1995.053;0.378;5.768
31.3;27.12;0.421;1.551;1991.124;0.334;5.903
31.3;27.12;0.420;1.503;1981.550;0.568;6.765
31.3;27.12;0.440;1.499;2001.093;0.219;6.954
31.3;27.12;0.434;1.496;1998.615;0.363;6.918
31.3;27.12;0.413;1.514;1996.276;0.646;6.503
31.3;27.12;0.407;1.534;2003.167;0.722;6.200
31.3;27.12;0.408;1.541;1992.010;0.668;6.089
31.3;27.12;0.415;1.506;1976.890;0.683;6.664
31.3;27.12;0.448;1.500;1993.961;0.096;6.983
31.3;27.12;0.468;1.526;2008.855;-0.211;6.674
31.3;27.12;0.457;1.495;2002.463;0.026;7.110
31.3;27.12;0.433;1.500;1994.867;0.321;6.873
31.3;27.12;0.446;1.496;2001.288;0.216;7.056
31.3;27.12;0.469;1.513;1996.967;-0.161;6.904
31.3;27.12;0.465;1.517;1997.350;-0.197;6.790
31.4;27.12;0.467;1.518;2004.622;-0.161;6.793
31.4;27.12;0.464;1.505;2010.543;-0.103;6.990
31.4;27.12;0.445;1.501;2011.294;0.174;6.984
31.3;27.12;0.420;1.510;2002.060;0.586;6.679
31.3;27.12;0.411;1.526;1986.706;0.684;6.359
31.3;27.12;0.421;1.500;1998.800;0.497;6.868
31.3;27.12;0.431;1.503;2007.120;0.438;6.859
31.3;27.12;0.409;1.548;1997.976;0.638;5.975
31.4;27.12;0.464;1.554;2010.905;-0.455;5.938
31.4;27.12;0.468;1.549;2001.765;-0.477;6.007
31.4;27.12;0.429;1.548;1989.657;0.052;6.035
31.4;27.12;0.422;1.557;1994.090;0.221;5.856
31.4;27.12;0.410;1.551;1986.458;0.610;5.942
31.4;27.12;0.403;1.539;1998.513;0.743;6.114
31.4;27.12;0.423;1.565;2003.875;0.309;5.731
31.3;27.12;0.433;1.553;1987.143;0.098;5.953
31.3;27.12;0.402;1.544;1974.358;0.706;6.037
31.3;27.12;0.441;1.497;1999.514;0.199;7.045
31.3;27.12;0.469;1.512;2000.277;-0.160;6.904
31.3;27.12;0.446;1.497;2002.032;0.201;7.109
31.3;27.12;0.429;1.504;2006.207;0.449;6.834
31.3;27.12;0.418;1.518;2005.606;0.609;6.573
31.3;27.12;0.421;1.499;1987.618;0.546;6.854
31.3;27.12;0.443;1.493;1992.721;0.177;7.078
31.3;27.12;0.459;1.506;2005.980;-0.050;6.993
31.4;27.12;0.451;1.506;2014.211;0.111;7.017
31.4;27.12;0.412;1.528;2011.202;0.647;6.393
31.4;27.12;0.406;1.540;1986.146;0.710;6.111
31.4;27.12;0.418;1.512;1988.893;0.605;6.643
31.4;27.12;0.427;1.503;1998.630;0.425;6.841
31.4;27.12;0.445;1.495;1998.834;0.172;7.102
31.4;27.12;0.417;1.514;1998.580;0.621;6.662
31.4;27.12;0.410;1.559;2007.769;0.606;5.838
31.4;27.12;0.432;1.558;2002.795;0.154;5.903
31.4;27.12;0.444;1.547;1998.845;-0.117;6.075
31.4;27.12;0.420;1.559;1987.861;0.282;5.832
31.4;27.12;0.411;1.546;1993.558;0.666;6.080
31.4;27.12;0.423;1.558;2003.976;0.264;5.941
31.4;27.12;0.497;1.538;2014.771;-0.978;6.232
31.4;27.12;0.490;1.523;2002.796;-0.694;6.454
31.4;27.12;0.491;1.535;1991.193;-0.837;6.241
31.4;27.12;0.421;1.559;1987.750;0.269;5.896
31.4;27.12;0.408;1.535;1985.845;0.683;6.228
31.4;27.12;0.412;1.522;1991.563;0.672;6.495
31.4;27.12;0.405;1.542;2006.145;0.727;6.160
31.4;27.12;0.412;1.556;1994.709;0.544;5.940
31.4;27.12;0.413;1.517;1974.258;0.652;6.536
31.4;27.12;0.445;1.499;1990.841;0.103;7.076
31.4;27.12;0.467;1.531;2001.380;-0.174;6.727
31.4;27.12;0.476;1.542;2008.406;-0.331;6.576
31.5;27.12;0.442;1.498;2006.901;0.232;7.021
31.5;27.12;0.410;1.538;2005.641;0.684;6.260
31.5;27.12;0.413;1.553;1992.710;0.557;5.984
31.5;27.12;0.403;1.533;1991.564;0.740;6.337
31.5;27.12;0.420;1.511;1990.411;0.589;6.716
31.5;27.12;0.410;1.538;1996.956;0.702;6.247
31.5;27.12;0.430;1.566;2011.575;0.173;5.760
31.5;27.12;0.497;1.542;2004.589;-0.868;6.229
31.5;27.12;0.473;1.544;1983.730;-0.540;6.152
31.5;27.12;0.453;1.560;2005.931;-0.269;5.947
31.5;27.12;0.436;1.556;1992.204;0.094;5.989
31.5;27.12;0.419;1.554;1992.873;0.398;5.998
31.5;27.12;0.472;1.551;2004.273;-0.561;6.061
31.5;27.12;0.490;1.545;2012.334;-0.786;6.165
31.5;27.12;0.495;1.531;2011.167;-0.812;6.351
31.5;27.12;0.498;1.534;2004.628;-0.952;6.327
31.5;27.12;0.439;1.550;1982.997;-0.022;6.037
31.5;27.12;0.444;1.556;2001.450;-0.061;6.001
31.4;27.12;0.461;1.556;2012.635;-0.428;5.982
31.4;27.12;0.483;1.547;2002.242;-0.717;6.153
31.4;27.12;0.478;1.545;1990.300;-0.761;6.167
31.4;27.12;0.443;1.556;1995.176;-0.146;6.013
31.4;27.12;0.412;1.523;1989.280;0.667;6.480
31.5;27.12;0.436;1.496;1990.998;0.327;7.112
31.5;27.12;0.435;1.501;2001.559;0.336;6.973
31.5;27.12;0.411;1.535;2011.052;0.713;6.361
31.5;27.12;0.404;1.545;1987.960;0.739;6.138
31.5;27.12;0.418;1.518;1988.387;0.591;6.645
31.4;27.12;0.439;1.491;1999.078;0.293;7.163
31.4;27.12;0.436;1.499;2004.161;0.361;7.034
31.5;27.12;0.407;1.551;2012.770;0.733;6.064
31.5;27.12;0.434;1.564;2001.109;0.102;5.936
31.5;27.12;0.479;1.545;2005.021;-0.652;6.156
31.4;27.12;0.496;1.541;2013.102;-0.980;6.317
31.4;27.12;0.489;1.544;2000.512;-0.832;6.228
31.4;27.12;0.458;1.550;1992.981;-0.337;6.109
31.4;27.12;0.499;1.540;2014.574;-0.932;6.260
31.4;27.12;0.478;1.523;2020.206;-0.390;6.555
31.5;27.12;0.469;1.496;2003.859;-0.231;6.844
31.5;27.12;0.498;1.526;1999.138;-0.912;6.478
31.5;27.12;0.497;1.536;1997.138;-0.845;6.332
31.5;27.12;0.489;1.548;2000.590;-0.796;6.173
31.5;27.12;0.486;1.546;2011.206;-0.831;6.222
31.5;27.12;0.480;1.550;1991.626;-0.681;6.167
31.5;27.12;0.489;1.543;1999.972;-0.788;6.252
31.5;27.12;0.486;1.548;2004.959;-0.831;6.162
31.5;27.12;0.429;1.557;1986.014;0.230;5.971
31.5;27.12;0.408;1.550;1985.078;0.668;6.128
31.5;27.06;0.409;1.565;2005.869;0.539;5.848
31.5;27.06;0.425;1.563;2000.015;0.341;5.938
31.5;27.06;0.429;1.554;1996.773;0.171;6.063
31.5;27.06;0.430;1.559;1989.927;0.127;5.967
31.5;27.06;0.416;1.551;1991.184;0.518;6.037
31.4;27.06;0.417;1.533;1992.270;0.696;6.323
31.4;27.06;0.406;1.530;2001.151;0.729;6.456
31.5;27.06;0.414;1.557;1996.344;0.544;6.021
31.5;27.06;0.451;1.553;2007.327;-0.209;6.100
31.5;27.06;0.485;1.552;2008.241;-0.797;6.100
31.5;27.12;0.428;1.557;1982.854;0.231;6.022
31.5;27.12;0.412;1.561;1990.677;0.522;5.959
31.5;27.12;0.455;1.563;2020.318;-0.297;5.971
31.5;27.12;0.495;1.538;2017.305;-0.714;6.367
31.5;27.12;0.478;1.517;2008.939;-0.403;6.611
31.5;27.12;0.468;1.497;2010.497;-0.198;6.866
31.5;27.12;0.466;1.492;2010.865;-0.130;6.967
31.5;27.12;0.464;1.500;2003.773;-0.174;6.881
31.5;27.12;0.489;1.525;2007.228;-0.613;6.509
31.5;27.12;0.470;1.494;2011.639;-0.155;6.966
31.5;27.12;0.447;1.483;2008.832;0.145;6.980
31.5;27.12;0.466;1.496;2003.326;-0.144;6.930
31.5;27.12;0.489;1.533;1996.876;-0.675;6.437
31.5;27.12;0.489;1.541;1991.763;-0.801;6.330
31.5;27.12;0.461;1.558;2008.921;-0.426;6.060
31.5;27.12;0.448;1.557;1996.711;-0.083;6.092
31.5;27.12;0.433;1.558;1990.386;0.096;6.037
31.5;27.12;0.447;1.562;1999.798;-0.134;5.976
31.5;27.12;0.438;1.564;1993.947;0.040;5.966
31.5;27.12;0.407;1.550;1982.799;0.682;6.161
31.5;27.06;0.403;1.545;1997.863;0.719;6.193
31.5;27.06;0.422;1.561;1997.764;0.442;5.959
31.5;27.06;0.466;1.556;2010.175;-0.444;6.115
31.5;27.06;0.500;1.540;2016.349;-0.929;6.387
31.5;27.06;0.488;1.540;1996.524;-0.837;6.351
31.6;27.06;0.470;1.548;1997.001;-0.486;6.227
31.6;27.06;0.480;1.551;2007.924;-0.683;6.143
31.5;27.06;0.478;1.554;2005.987;-0.647;6.168
31.5;27.06;0.486;1.533;2009.248;-0.562;6.473
31.5;27.06;0.468;1.497;2012.788;-0.144;6.930
31.5;27.12;0.465;1.491;2006.005;-0.155;7.029
31.5;27.12;0.492;1.532;1999.566;-0.731;6.452
31.5;27.12;0.499;1.533;2010.377;-0.936;6.455
31.5;27.12;0.479;1.511;2022.026;-0.354;6.784
31.5;27.12;0.460;1.492;2009.239;-0.020;6.973
31.6;27.12;0.442;1.478;2011.090;0.253;7.114
31.6;27.12;0.431;1.482;1988.541;0.397;6.910
31.6;27.12;0.451;1.482;2000.343;0.108;7.070
31.6;27.12;0.478;1.506;2005.522;-0.364;6.803
31.6;27.12;0.490;1.530;2002.421;-0.608;6.558
31.6;27.12;0.475;1.514;2008.305;-0.333;6.728
31.6;27.12;0.476;1.511;2009.316;-0.310;6.750
31.5;27.12;0.495;1.532;1997.725;-0.829;6.481
31.5;27.12;0.466;1.549;1990.348;-0.444;6.222
31.5;27.12;0.434;1.560;1990.058;0.030;6.014
31.5;27.12;0.416;1.556;1996.085;0.579;6.094
31.5;27.12;0.407;1.557;1996.397;0.648;6.084
31.4;27.12;0.447;1.565;2010.222;-0.193;5.995
31.4;27.12;0.479;1.550;2002.327;-0.689;6.251
31.4;27.12;0.470;1.546;1987.596;-0.534;6.270
31.5;27.06;0.446;1.568;2003.406;-0.121;5.995
31.5;27.06;0.482;1.558;1998.713;-0.669;6.154
31.5;27.06;0.476;1.522;2018.782;-0.377;6.648
31.5;27.06;0.456;1.487;2020.063;0.058;7.058
31.5;27.06;0.442;1.480;2006.373;0.290;7.069
31.5;27.06;0.454;1.485;1995.489;0.057;7.065
31.5;27.06;0.459;1.493;2005.985;0.015;6.994
31.5;27.06;0.472;1.507;2003.647;-0.228;6.880
31.5;27.06;0.468;1.502;2014.778;-0.180;6.908
31.5;27.06;0.438;1.488;2007.888;0.361;6.883
31.6;27.06;0.411;1.514;1988.904;0.716;6.336
31.6;27.06;0.444;1.481;1982.337;0.261;7.073
31.5;27.06;0.476;1.519;2011.004;-0.375;6.695
31.5;27.06;0.480;1.518;1997.638;-0.409;6.706
31.5;27.06;0.459;1.491;2013.727;-0.016;7.033
31.5;27.06;0.459;1.492;2010.624;0.007;6.998
31.5;27.06;0.447;1.484;2002.549;0.210;7.020
31.5;27.06;0.457;1.484;1991.269;0.008;7.127
31.5;27.06;0.488;1.528;2003.850;-0.528;6.629
31.5;27.06;0.488;1.550;2001.296;-0.752;6.317
31.5;27.06;0.491;1.551;2009.266;-0.834;6.257
31.5;27.06;0.486;1.523;2009.509;-0.491;6.629
31.5;27.06;0.486;1.526;2005.238;-0.520;6.604
31.5;27.06;0.492;1.550;1997.372;-0.841;6.264
31.5;27.06;0.480;1.555;1999.943;-0.707;6.237
31.5;27.06;0.474;1.553;1994.005;-0.556;6.221
31.5;27.06;0.494;1.551;2015.862;-0.882;6.262
31.6;27.06;0.497;1.536;2019.804;-0.764;6.464
31.6;27.06;0.470;1.502;2011.210;-0.176;6.967
31.6;27.06;0.450;1.487;2001.394;0.117;7.043
31.5;27.06;0.463;1.501;2011.194;-0.144;6.936
31.5;27.06;0.474;1.510;2013.697;-0.307;6.849
31.5;27.06;0.446;1.497;2005.796;0.206;6.972
31.5;27.06;0.415;1.519;2001.284;0.683;6.292
31.5;27.06;0.418;1.540;1997.937;0.479;5.931
31.5;27.06;0.407;1.535;1989.676;0.713;6.038
31.5;27.06;0.423;1.490;1987.997;0.526;6.858
31.5;27.06;0.444;1.481;1990.773;0.248;7.055
31.5;27.06;0.453;1.490;2012.043;0.227;7.035
31.5;27.06;0.434;1.494;2007.567;0.435;6.850
31.5;27.06;0.409;1.525;1988.634;0.694;6.229
31.5;27.06;0.429;1.485;1982.721;0.460;6.935
31.5;27.06;0.480;1.518;2003.402;-0.454;6.747
31.5;27.06;0.497;1.547;1997.995;-0.866;6.352
31.5;27.06;0.494;1.547;2003.244;-0.847;6.369
31.5;27.06;0.478;1.522;2014.782;-0.353;6.694
31.5;27.06;0.476;1.509;2014.764;-0.267;6.906
31.5;27.06;0.472;1.505;1998.555;-0.218;6.881
31.5;27.06;0.480;1.524;2002.317;-0.497;6.694
31.5;27.06;0.501;1.550;1993.146;-0.903;6.296
31.5;27.06;0.497;1.552;2011.452;-0.858;6.299
31.5;27.06;0.477;1.516;2017.989;-0.300;6.779
31.6;27.06;0.434;1.482;1996.849;0.401;7.087
31.6;27.06;0.437;1.487;1994.143;0.353;7.018
31.6;27.06;0.467;1.506;2011.017;-0.195;6.929
31.5;27.06;0.472;1.499;2003.098;-0.215;7.029
31.5;27.06;0.460;1.495;2001.064;-0.023;7.064
31.5;27.06;0.443;1.487;2008.098;0.274;7.078
31.5;27.06;0.426;1.496;2001.998;0.546;6.795
31.5;27.06;0.414;1.537;2001.587;0.623;6.004
31.6;27.06;0.414;1.515;1981.528;0.595;6.391
31.6;27.06;0.437;1.482;1995.540;0.383;7.034
31.6;27.06;0.422;1.512;2008.509;0.549;6.568
31.6;27.06;0.412;1.541;1995.805;0.596;5.955
31.6;27.06;0.437;1.537;1990.880;0.059;6.014
31.5;27.06;0.444;1.545;1996.941;-0.073;5.950
31.5;27.06;0.405;1.536;1982.295;0.763;6.102
31.5;27.06;0.433;1.486;1989.764;0.430;6.991
31.5;27.06;0.452;1.487;1996.872;0.096;7.130
31.5;27.06;0.458;1.487;2012.595;0.053;7.127
31.5;27.06;0.441;1.482;2004.873;0.284;7.141
31.5;27.06;0.447;1.489;1998.392;0.221;7.070
31.5;27.06;0.472;1.498;1989.164;-0.227;7.052
31.5;27.06;0.495;1.540;2004.026;-0.802;6.495
31.5;27.06;0.486;1.552;2002.605;-0.728;6.373
31.5;27.06;0.487;1.529;2018.750;-0.542;6.658
31.5;27.06;0.459;1.487;2009.109;0.002;7.216
31.5;27.06;0.443;1.491;2012.349;0.275;7.019
31.5;27.06;0.450;1.487;2002.921;0.158;7.164
31.5;27.06;0.453;1.482;2001.779;0.120;7.228
31.6;27.06;0.449;1.486;2001.482;0.176;7.162
31.6;27.06;0.434;1.499;2011.819;0.436;6.803
31.6;27.06;0.414;1.547;1998.727;0.560;5.925
31.6;27.06;0.421;1.544;1983.658;0.363;5.968
31.6;27.06;0.408;1.525;1987.352;0.745;6.299
31.6;27.06;0.414;1.520;1991.086;0.693;6.385
31.6;27.06;0.422;1.505;2000.199;0.566;6.702
31.6;27.06;0.419;1.523;1995.449;0.592;6.303
31.6;27.06;0.411;1.543;1996.092;0.614;6.003
31.6;27.06;0.421;1.548;1996.601;0.434;5.896
31.6;27.06;0.415;1.548;1993.336;0.522;5.911
31.6;27.06;0.409;1.514;1980.643;0.653;6.336
31.7;27.06;0.409;1.532;1998.922;0.728;6.222
31.7;27.06;0.414;1.534;1999.560;0.649;6.131
31.7;27.06;0.410;1.538;1992.953;0.640;6.079
31.6;27.06;0.411;1.545;1992.910;0.582;5.987
31.6;27.06;0.411;1.529;1982.605;0.678;6.232
31.7;27.06;0.437;1.483;1996.111;0.350;7.142
31.7;27.06;0.459;1.496;1999.587;-0.040;7.095
31.7;27.06;0.474;1.506;2007.484;-0.241;6.960
31.6;27.06;0.462;1.494;2012.529;0.004;7.155
31.6;27.06;0.444;1.491;2007.479;0.243;7.074
31.7;27.06;0.455;1.492;2000.219;0.064;7.154
31.7;27.06;0.473;1.498;1987.585;-0.263;7.090
31.7;27.06;0.471;1.513;2011.875;-0.272;6.887
31.7;27.06;0.464;1.501;2024.093;-0.051;7.027
31.7;27.06;0.421;1.513;1996.168;0.640;6.607
31.7;27.06;0.412;1.545;2002.660;0.616;5.976
31.7;27.06;0.434;1.551;1997.477;0.161;5.926
31.7;27.06;0.422;1.544;1990.285;0.362;5.976
31.7;27.06;0.416;1.553;1991.639;0.479;5.877
31.7;27.06;0.417;1.546;1991.223;0.507;5.937
31.8;27.06;0.461;1.550;2008.280;-0.314;5.955
31.8;27.06;0.479;1.534;2003.169;-0.635;6.241
31.8;27.06;0.459;1.541;1986.197;-0.306;6.117
31.8;27.06;0.428;1.536;1987.350;0.244;6.095
31.8;27.06;0.420;1.554;1995.932;0.435;5.835
31.8;27.06;0.413;1.531;1993.806;0.676;6.224
31.8;27.06;0.409;1.536;1986.699;0.675;6.184
31.8;27.06;0.411;1.548;1995.750;0.599;5.949
31.7;27.06;0.418;1.550;1990.597;0.512;5.924
31.7;27.06;0.412;1.527;1984.823;0.686;6.280
31.7;27.06;0.438;1.488;1990.903;0.342;7.083
31.7;27.06;0.443;1.484;2005.311;0.286;7.175
31.7;27.06;0.439;1.493;2006.112;0.388;7.026
31.6;27.06;0.421;1.512;2001.668;0.582;6.593
31.6;27.06;0.415;1.521;1990.645;0.637;6.440
31.7;27.06;0.425;1.504;1994.139;0.510;6.724
31.7;27.06;0.440;1.494;2000.398;0.320;7.076
31.7;27.06;0.455;1.487;2007.949;0.066;7.223
31.7;27.06;0.442;1.481;1996.923;0.320;7.286
31.7;27.06;0.409;1.542;2010.944;0.684;6.076
31.8;27.06;0.422;1.555;1990.248;0.419;5.866
31.8;27.06;0.411;1.537;1991.139;0.646;6.154
31.8;27.06;0.421;1.512;1990.420;0.577;6.622
31.8;27.06;0.412;1.519;2006.538;0.733;6.458
31.8;27.06;0.414;1.547;2005.399;0.534;5.997
31.8;27.06;0.453;1.545;2005.811;-0.214;6.070
31.8;27.06;0.487;1.539;2002.977;-0.669;6.181
31.8;27.06;0.473;1.527;2004.128;-0.451;6.288
31.8;27.06;0.485;1.536;1995.124;-0.724;6.248
31.8;27.06;0.442;1.547;1990.599;-0.028;6.031
31.7;27.06;0.446;1.547;1991.862;-0.087;6.026
31.7;27.06;0.481;1.535;2022.036;-0.556;6.247
31.7;27.06;0.480;1.533;1994.783;-0.539;6.255
31.7;27.06;0.460;1.541;1989.963;-0.339;6.127
31.7;27.06;0.435;1.546;1986.897;0.114;6.058
31.6;27.06;0.407;1.533;1991.575;0.709;6.254
31.6;27.06;0.426;1.497;1994.324;0.572;6.944
31.6;27.06;0.431;1.492;2000.234;0.407;7.065
31.7;27.12;0.418;1.507;1997.248;0.643;6.686
31.7;27.12;0.412;1.536;1996.096;0.677;6.212
31.6;27.12;0.421;1.504;1988.712;0.556;6.836
31.6;27.12;0.451;1.489;2002.196;0.148;7.170
31.6;27.12;0.426;1.498;1992.801;0.575;6.878
31.7;27.12;0.412;1.547;2006.522;0.683;6.041
31.7;27.12;0.431;1.554;2001.005;0.223;5.951
31.7;27.12;0.422;1.542;1985.565;0.358;6.090
31.7;27.12;0.419;1.549;1989.970;0.440;6.015
31.7;27.12;0.413;1.550;1991.920;0.561;5.979
31.7;27.06;0.414;1.524;1994.409;0.702;6.377
31.7;27.06;0.414;1.559;2004.362;0.519;5.885
31.8;27.06;0.484;1.545;2006.224;-0.649;6.111
31.8;27.06;0.478;1.537;1999.434;-0.608;6.200
31.8;27.06;0.439;1.544;1983.247;0.051;6.075
31.8;27.06;0.415;1.545;1987.010;0.519;6.078
31.8;27.06;0.439;1.547;1998.338;0.098;5.996
31.7;27.06;0.482;1.542;2010.206;-0.620;6.173
31.7;27.06;0.478;1.536;2009.190;-0.512;6.285
31.7;27.06;0.460;1.508;2002.887;-0.177;6.583
31.6;27.06;0.471;1.524;1998.487;-0.339;6.393
31.6;27.06;0.468;1.544;1986.822;-0.579;6.178
31.5;27.06;0.429;1.548;1991.644;0.295;6.077
31.5;27.06;0.465;1.548;2005.326;-0.408;6.130
31.5;27.06;0.490;1.541;2002.308;-0.731;6.201
31.7;27.06;0.467;1.541;1991.185;-0.459;6.150
31.7;27.06;0.416;1.550;1981.350;0.530;6.002
31.8;27.06;0.419;1.514;1984.003;0.609;6.599
31.8;27.06;0.424;1.515;1995.669;0.596;6.612
31.8;27.06;0.413;1.526;2001.002;0.712;6.469
31.7;27.06;0.411;1.537;1997.411;0.728;6.270
31.7;27.06;0.422;1.543;1988.569;0.379;6.125
31.7;27.06;0.444;1.552;1997.745;-0.024;6.021
31.7;27.06;0.410;1.542;1986.190;0.688;6.145
31.7;27.06;0.415;1.536;1993.299;0.673;6.159
31.8;27.06;0.463;1.550;2008.398;-0.361;6.102
31.8;27.06;0.478;1.537;2014.253;-0.473;6.270
31.7;27.06;0.466;1.517;2006.626;-0.248;6.494
31.7;27.06;0.482;1.531;1997.623;-0.568;6.342
31.7;27.06;0.488;1.536;1994.261;-0.698;6.320
31.7;27.06;0.474;1.539;1996.200;-0.529;6.218
31.7;27.06;0.475;1.547;2012.230;-0.590;6.136
31.8;27.06;0.484;1.531;2005.777;-0.532;6.350
31.8;27.06;0.462;1.505;1999.226;-0.178;6.720
31.8;27.06;0.474;1.527;2001.531;-0.378;6.396
31.9;27.06;0.445;1.552;1986.046;-0.025;6.071
31.9;27.06;0.425;1.542;1984.516;0.379;6.161
31.9;27.06;0.476;1.541;2011.090;-0.575;6.208
31.9;27.06;0.481;1.539;2004.953;-0.556;6.260
31.9;27.06;0.467;1.524;2009.929;-0.267;6.449
31.8;27.06;0.477;1.526;1992.322;-0.496;6.437
31.8;27.06;0.471;1.546;1990.537;-0.496;6.158
31.8;27.06;0.433;1.546;1992.145;0.180;6.140
31.8;27.06;0.432;1.560;2003.930;0.201;5.960
31.8;27.06;0.473;1.544;1992.720;-0.608;6.165
31.8;27.06;0.482;1.534;1996.672;-0.627;6.293
31.8;27.06;0.464;1.550;1993.226;-0.356;6.138
31.8;27.06;0.428;1.556;1988.546;0.259;6.010
31.8;27.06;0.422;1.542;1982.673;0.437;6.196
31.8;27.06;0.438;1.557;2002.988;0.088;6.005
31.8;27.06;0.466;1.552;2000.771;-0.377;6.066
31.8;27.06;0.481;1.535;2007.579;-0.561;6.360
31.7;27.06;0.475;1.521;1998.338;-0.380;6.547
31.7;27.06;0.481;1.535;1990.437;-0.586;6.359
31.7;27.06;0.472;1.541;1999.854;-0.495;6.231
31.8;27.06;0.486;1.544;2013.567;-0.641;6.259
31.8;27.06;0.456;1.495;2004.314;-0.035;6.897
31.8;27.06;0.444;1.490;2007.744;0.169;6.864
31.8;27.06;0.440;1.489;1997.381;0.238;6.885
31.8;27.06;0.461;1.502;1997.982;-0.156;6.836
31.9;27.06;0.472;1.519;1993.202;-0.343;6.503
31.9;27.06;0.485;1.535;2006.202;-0.609;6.372
31.8;27.06;0.477;1.533;2005.090;-0.442;6.367
31.8;27.06;0.455;1.507;2006.611;-0.035;6.683
31.8;27.06;0.464;1.512;1990.402;-0.216;6.656
31.8;27.06;0.480;1.540;1983.253;-0.617;6.295
31.8;27.06;0.439;1.542;1990.366;0.082;6.175
31.8;27.06;0.424;1.561;1995.161;0.354;5.982
31.8;27.06;0.482;1.550;2002.640;-0.602;6.155
31.8;27.06;0.482;1.541;2008.345;-0.581;6.250
31.8;27.06;0.483;1.533;2008.384;-0.565;6.415
31.8;27.06;0.482;1.541;1990.988;-0.583;6.319
31.7;27.06;0.473;1.539;1985.204;-0.525;6.288
31.7;27.06;0.473;1.549;2005.714;-0.507;6.177
31.7;27.06;0.488;1.547;2012.517;-0.693;6.183
31.7;27.06;0.463;1.517;2008.135;-0.206;6.644
31.7;27.06;0.465;1.512;1993.745;-0.216;6.677
31.8;27.06;0.474;1.533;2000.434;-0.415;6.415
31.8;27.06;0.484;1.535;1998.837;-0.613;6.342
31.8;27.06;0.483;1.540;1998.452;-0.645;6.382
31.8;27.06;0.471;1.527;2009.321;-0.312;6.498
31.8;27.06;0.472;1.527;2013.695;-0.338;6.498
31.8;27.06;0.463;1.503;2010.746;-0.126;6.809
31.8;27.06;0.458;1.500;1997.122;-0.088;6.899
31.8;27.06;0.464;1.514;1995.195;-0.190;6.641
31.8;27.06;0.465;1.524;2012.352;-0.172;6.552
31.8;27.06;0.456;1.498;2010.303;-0.016;6.896
31.9;27.06;0.440;1.493;1999.742;0.229;6.863
31.9;27.06;0.435;1.491;1995.373;0.340;6.825
31.9;27.06;0.446;1.483;1993.252;0.144;7.049
31.9;27.06;0.464;1.514;1997.404;-0.182;6.644
31.9;27.06;0.480;1.530;1990.142;-0.498;6.517
31.8;27.06;0.487;1.539;2004.751;-0.599;6.324
31.8;27.06;0.472;1.535;2010.070;-0.344;6.372
31.8;27.06;0.468;1.519;2005.345;-0.228;6.619
31.8;27.06;0.484;1.538;1986.291;-0.648;6.374
31.8;27.06;0.465;1.547;1990.213;-0.368;6.158
31.9;27.06;0.452;1.557;2002.068;-0.141;6.119
31.9;27.06;0.478;1.551;2008.063;-0.575;6.183
31.9;27.06;0.471;1.526;2000.502;-0.362;6.502
31.8;27.06;0.463;1.512;2013.707;-0.099;6.725
31.8;27.06;0.459;1.502;1997.175;-0.054;6.867
31.8;27.06;0.460;1.501;2006.041;-0.101;6.801
31.8;27.06;0.460;1.512;1994.758;-0.148;6.774
31.8;27.06;0.464;1.511;2010.209;-0.157;6.755
31.7;27.06;0.449;1.496;2009.796;0.090;6.890
31.7;27.06;0.430;1.494;1998.789;0.418;6.777
31.7;27.06;0.438;1.485;1989.237;0.257;7.050
31.7;27.06;0.451;1.501;2003.597;0.036;6.832
31.7;27.06;0.463;1.512;2001.807;-0.122;6.765
31.8;27.06;0.466;1.516;2001.316;-0.225;6.707
31.8;27.06;0.457;1.503;2000.716;-0.068;6.837
31.8;27.06;0.460;1.504;2012.800;-0.076;6.870
31.8;27.06;0.444;1.493;2002.501;0.215;7.014
31.8;27.06;0.450;1.492;2003.132;0.040;6.953
31.8;27.06;0.463;1.510;2000.885;-0.142;6.784
31.8;27.06;0.464;1.507;2007.529;-0.164;6.782
31.9;27.06;0.462;1.511;2007.108;-0.133;6.714
31.9;27.06;0.454;1.498;2002.661;0.034;6.900
31.9;27.06;0.451;1.488;1996.362;0.089;7.049
31.9;27.06;0.463;1.511;2004.454;-0.195;6.717
31.9;27.06;0.468;1.527;2003.961;-0.296;6.580
31.9;27.06;0.484;1.543;1992.220;-0.659;6.319
31.9;27.06;0.482;1.539;2003.329;-0.521;6.357
31.9;27.06;0.466;1.520;2018.759;-0.178;6.669
31.8;27.06;0.459;1.495;2004.658;-0.058;6.987
31.8;27.06;0.466;1.519;1988.013;-0.251;6.610
31.6;27.06;0.484;1.535;2000.858;-0.586;6.470
31.6;27.06;0.486;1.545;2008.298;-0.584;6.312
31.6;27.06;0.462;1.515;2014.178;-0.101;6.715
31.7;27.06;0.448;1.488;2000.758;0.158;7.027
31.7;27.06;0.412;1.518;2004.553;0.671;6.390
31.8;27.06;0.414;1.511;1997.936;0.586;6.456
31.8;27.06;0.434;1.493;1997.984;0.339;6.864
31.8;27.06;0.448;1.487;1991.107;0.125;7.078
31.8;27.06;0.437;1.498;2008.396;0.315;6.830
31.8;27.06;0.414;1.521;2007.651;0.622;6.359
31.8;27.06;0.401;1.530;1990.631;0.775;6.158
31.8;27.06;0.423;1.495;1988.068;0.486;6.731
31.8;27.06;0.443;1.491;2002.338;0.210;6.945
31.9;27.06;0.455;1.494;2002.556;0.004;7.018
31.9;27.06;0.459;1.510;1997.901;-0.069;6.809
32.0;27.06;0.452;1.496;2006.480;0.046;6.992
32.0;27.06;0.446;1.492;2007.733;0.147;6.988
32.0;27.06;0.442;1.493;2003.977;0.160;6.955
32.0;27.06;0.463;1.522;1995.849;-0.131;6.687
32.0;27.06;0.477;1.532;1999.331;-0.406;6.521
31.9;27.06;0.466;1.524;2013.842;-0.193;6.608
31.9;27.06;0.452;1.497;2010.835;0.104;6.962
31.9;27.06;0.426;1.494;2001.847;0.461;6.845
31.8;27.06;0.430;1.488;1991.092;0.362;6.901
31.8;27.06;0.455;1.496;2004.538;0.039;6.964
32.0;27.06;0.458;1.503;2001.851;-0.057;6.960
32.0;27.06;0.463;1.516;2001.173;-0.146;6.724
32.0;27.06;0.449;1.498;2015.741;0.082;6.962
31.9;27.06;0.429;1.500;2002.661;0.436;6.805
31.9;27.06;0.436;1.494;1998.005;0.298;6.894
31.7;27.06;0.465;1.511;1988.951;-0.189;6.811
31.7;27.06;0.471;1.514;2002.910;-0.242;6.782
31.7;27.06;0.465;1.513;2015.583;-0.146;6.768
31.8;27.06;0.436;1.494;2003.134;0.347;6.919
31.8;27.06;0.411;1.530;1997.678;0.672;6.198
31.8;27.06;0.419;1.553;2000.360;0.327;5.788
31.8;27.06;0.411;1.520;1985.254;0.648;6.423
31.8;27.06;0.426;1.497;1996.870;0.453;6.824
31.7;27.06;0.436;1.496;1996.678;0.318;6.896
31.7;27.06;0.408;1.528;2002.805;0.744;6.256
31.7;27.06;0.413;1.551;1996.935;0.505;5.820
31.7;27.06;0.405;1.530;1992.798;0.684;6.171
31.7;27.06;0.442;1.494;1988.571;0.252;6.974
31.8;27.06;0.446;1.494;1996.052;0.149;7.047
31.8;27.06;0.465;1.515;2007.410;-0.185;6.752
31.8;27.06;0.457;1.508;2010.943;-0.064;6.869
31.8;27.06;0.433;1.492;1994.335;0.396;6.987
31.8;27.06;0.422;1.511;2003.018;0.503;6.606
31.9;27.06;0.437;1.492;1993.782;0.305;7.025
31.9;27.06;0.458;1.506;2001.726;-0.066;6.937
31.9;27.06;0.454;1.499;2001.587;0.059;6.922
31.9;27.06;0.421;1.509;2011.329;0.550;6.653
31.9;27.06;0.403;1.548;1996.645;0.741;5.912
31.9;27.06;0.417;1.557;2004.484;0.394;5.741
31.9;27.06;0.404;1.524;1981.126;0.739;6.282
31.9;27.06;0.422;1.497;1995.409;0.513;6.819
31.9;27.06;0.448;1.497;1997.114;0.155;6.952
31.9;27.06;0.439;1.494;2004.389;0.263;7.003
31.9;27.06;0.410;1.547;2001.818;0.653;5.922
31.9;27.06;0.419;1.561;2000.779;0.345;5.716
32.0;27.06;0.414;1.511;1986.229;0.643;6.564
32.0;27.06;0.448;1.493;2001.231;0.104;7.079
32.0;27.06;0.451;1.495;1997.322;0.082;7.015
32.0;27.06;0.432;1.501;2010.948;0.485;6.645
32.0;27.06;0.410;1.541;1995.848;0.664;6.035
32.0;27.06;0.421;1.558;2001.685;0.298;5.754
32.0;27.06;0.419;1.546;1982.206;0.384;5.944
32.0;27.06;0.407;1.524;1993.499;0.746;6.330
31.9;27.06;0.429;1.502;2003.006;0.402;6.780
31.9;27.06;0.428;1.501;2002.107;0.414;6.839
31.9;27.06;0.414;1.552;2009.814;0.548;5.863
31.9;27.06;0.425;1.556;1998.636;0.187;5.816
31.9;27.06;0.415;1.510;1989.593;0.622;6.572
31.8;27.06;0.434;1.488;1989.327;0.373;7.027
31.8;27.06;0.443;1.493;1997.762;0.196;7.016
31.9;27.06;0.447;1.497;2013.863;0.156;7.006
31.9;27.06;0.440;1.496;2002.377;0.283;6.940
31.9;27.06;0.403;1.536;2000.665;0.733;6.159
32.0;27.06;0.411;1.545;1994.531;0.587;5.979
32.0;27.06;0.419;1.504;1989.538;0.550;6.710
32.0;27.06;0.435;1.501;2003.030;0.353;6.864
32.0;27.06;0.410;1.521;1995.026;0.659;6.456
32.0;27.06;0.424;1.557;2003.612;0.290;5.801
32.0;27.06;0.443;1.549;2002.349;-0.120;5.957
32.0;27.06;0.426;1.555;1987.438;0.243;5.864
31.9;27.06;0.404;1.547;1981.404;0.688;5.987
31.9;27.06;0.410;1.521;1994.872;0.657;6.397
31.9;27.06;0.427;1.507;2004.706;0.470;6.799
31.8;27.06;0.404;1.534;2001.126;0.762;6.221
31.8;27.06;0.433;1.555;1996.514;0.076;5.841
31.9;27.06;0.415;1.551;1984.082;0.482;5.931
31.9;27.06;0.415;1.507;1985.907;0.647;6.688
31.9;27.06;0.442;1.492;1998.853;0.218;7.076
31.9;27.06;0.429;1.499;2000.289;0.426;6.896
31.9;27.06;0.408;1.549;1999.600;0.660;5.965
31.8;27.06;0.418;1.564;2004.370;0.369;5.710
31.8;27.06;0.426;1.554;1989.331;0.275;5.869
31.8;27.06;0.412;1.553;1984.500;0.497;5.938
31.8;27.06;0.408;1.549;1991.132;0.657;5.952
31.8;27.06;0.405;1.534;1999.941;0.722;6.271
31.8;27.06;0.411;1.552;1996.862;0.577;5.891
31.8;27.06;0.460;1.553;2004.615;-0.392;5.927
31.8;27.06;0.428;1.551;1987.565;0.245;5.942
31.8;27.06;0.401;1.544;1993.377;0.776;6.102
31.8;27.06;0.405;1.536;1990.437;0.745;6.177
31.8;27.06;0.409;1.535;1989.593;0.667;6.196
31.8;27.06;0.406;1.549;1999.245;0.673;5.937
31.8;27.06;0.406;1.553;2003.777;0.641;5.902
31.8;27.06;0.418;1.555;1993.197;0.444;5.899
31.8;27.06;0.414;1.553;1989.806;0.433;5.969
31.8;27.06;0.408;1.554;1997.914;0.596;5.849
31.8;27.06;0.409;1.548;2000.340;0.646;6.022
31.8;27.06;0.425;1.558;1999.566;0.256;5.870
31.8;27.06;0.481;1.545;2008.120;-0.708;6.094
31.8;27.06;0.481;1.549;1999.987;-0.716;6.103
31.8;27.06;0.438;1.553;1995.496;-0.025;5.982
31.8;27.06;0.411;1.554;1982.797;0.516;5.839
31.8;27.06;0.412;1.552;1992.542;0.540;5.975
31.8;27.06;0.413;1.555;1998.800;0.529;5.900
31.8;27.06;0.435;1.560;2005.129;0.085;5.873
31.9;27.06;0.446;1.550;1985.436;-0.091;6.019
31.9;27.06;0.430;1.554;1989.869;0.173;5.920
31.9;27.06;0.407;1.522;1995.096;0.691;6.432
31.9;27.06;0.417;1.516;1994.424;0.596;6.659
31.9;27.06;0.408;1.554;1994.078;0.660;5.958
31.9;27.06;0.448;1.559;2006.353;-0.170;5.905
31.9;27.06;0.466;1.556;2006.636;-0.475;5.962
31.9;27.06;0.453;1.550;1997.224;-0.267;6.056
31.9;27.06;0.471;1.545;1998.316;-0.566;6.085
31.9;27.06;0.444;1.553;1987.677;-0.063;5.983
31.9;27.06;0.435;1.556;2005.947;0.046;5.947
31.9;27.06;0.490;1.546;2010.619;-0.831;6.134
31.9;27.06;0.499;1.534;1989.473;-0.903;6.308
31.9;27.06;0.464;1.548;2001.226;-0.473;6.065
31.9;27.06;0.424;1.558;1997.034;0.236;5.870
31.9;27.06;0.409;1.553;1982.507;0.641;5.999
31.9;27.06;0.421;1.553;1990.034;0.396;5.891
31.9;27.06;0.426;1.565;2004.495;0.227;5.814
31.9;27.06;0.439;1.555;1994.854;0.027;5.966
31.9;27.06;0.447;1.553;1995.855;-0.177;6.005
31.9;27.06;0.446;1.553;1990.263;-0.122;5.939
31.9;27.06;0.422;1.559;1992.280;0.387;5.918
31.9;27.06;0.420;1.556;2005.268;0.337;5.949
31.9;27.06;0.478;1.546;2004.582;-0.706;6.153
31.9;27.06;0.496;1.530;2002.863;-0.759;6.371
32.1;27.06;0.496;1.538;2000.721;-0.891;6.271
32.1;27.06;0.461;1.548;1993.833;-0.404;6.055
32.1;27.06;0.427;1.557;1984.774;0.282;5.955
32.0;27.06;0.421;1.557;1992.558;0.319;5.921
32.0;27.06;0.437;1.562;2008.644;0.046;5.924
32.0;27.06;0.487;1.543;2002.237;-0.795;6.200
32.0;27.06;0.467;1.549;1989.425;-0.500;6.097
32.0;27.06;0.452;1.552;1992.005;-0.242;6.000
32.0;27.06;0.409;1.554;1992.190;0.633;6.009
32.0;27.06;0.412;1.553;2001.820;0.562;5.973
31.9;27.06;0.468;1.550;2003.596;-0.499;6.058
31.9;27.06;0.494;1.544;2006.254;-0.918;6.214
31.9;27.06;0.488;1.538;2013.153;-0.686;6.309
31.8;27.06;0.499;1.531;2006.656;-0.931;6.370
31.8;27.06;0.477;1.549;1986.588;-0.657;6.142
31.9;27.06;0.444;1.551;1997.559;-0.082;6.040
31.9;27.06;0.481;1.553;2012.643;-0.668;6.050
31.9;27.06;0.499;1.533;2009.039;-0.874;6.346
32.0;27.06;0.492;1.531;1994.059;-0.778;6.394
32.0;27.06;0.488;1.542;2005.159;-0.787;6.244
32.0;27.06;0.454;1.557;1989.976;-0.236;6.048
32.0;27.06;0.415;1.556;1991.632;0.429;5.955
32.0;27.06;0.432;1.559;1996.170;0.117;5.895
31.9;27.06;0.469;1.556;2011.907;-0.488;6.054
31.9;27.06;0.484;1.548;2004.414;-0.736;6.163
31.9;27.06;0.496;1.537;2009.166;-0.934;6.294
31.9;27.06;0.457;1.555;1984.634;-0.320;6.061
31.9;27.06;0.454;1.554;2005.970;-0.267;6.063
32.0;27.06;0.491;1.548;2013.000;-0.840;6.142
32.0;27.06;0.495;1.536;2012.047;-0.763;6.332
32.0;27.06;0.481;1.521;2001.569;-0.544;6.549
32.0;27.06;0.484;1.523;2003.128;-0.577;6.492
32.0;27.06;0.495;1.541;1996.979;-0.885;6.295
32.1;27.06;0.445;1.551;1988.176;-0.140;6.078
32.1;27.06;0.458;1.557;2001.909;-0.332;6.010
32.1;27.06;0.497;1.548;2014.344;-0.862;6.183
32.1;27.06;0.488;1.530;2008.690;-0.677;6.425
32.1;27.06;0.496;1.539;2002.719;-0.937;6.268
32.0;27.06;0.441;1.552;1977.901;-0.029;6.091
32.0;27.06;0.425;1.554;2004.501;0.243;6.040
32.0;27.06;0.442;1.563;2015.471;-0.051;5.939
32.0;27.06;0.492;1.546;2003.539;-0.870;6.233
32.0;27.06;0.485;1.527;2017.530;-0.566;6.478
32.1;27.06;0.476;1.513;2010.391;-0.386;6.633
32.1;27.06;0.502;1.537;1992.374;-0.942;6.352
32.0;27.06;0.465;1.549;1993.824;-0.497;6.144
32.0;27.06;0.490;1.549;2007.864;-0.829;6.144
32.0;27.06;0.496;1.537;2014.560;-0.742;6.392
32.0;27.06;0.473;1.516;2011.485;-0.328;6.639
32.0;27.06;0.494;1.524;1997.747;-0.804;6.473
32.0;27.06;0.497;1.540;2000.746;-0.899;6.299
32.0;27.06;0.462;1.549;1996.519;-0.400;6.180
32.0;27.06;0.455;1.559;2001.688;-0.285;6.023
32.0;27.06;0.484;1.545;1991.372;-0.710;6.259
32.0;27.06;0.495;1.535;2016.960;-0.826;6.393
32.0;27.06;0.482;1.526;2018.066;-0.540;6.520
32.0;27.06;0.498;1.537;1992.932;-0.840;6.367
32.0;27.06;0.466;1.548;1991.614;-0.446;6.173
32.0;27.06;0.498;1.545;2012.926;-0.866;6.269
32.0;27.06;0.483;1.529;2017.853;-0.479;6.490
32.0;27.06;0.465;1.497;2013.597;-0.189;6.906
32.0;27.06;0.467;1.489;1996.842;-0.166;6.960
32.0;27.06;0.479;1.512;1997.495;-0.340;6.730
31.9;27.06;0.494;1.537;1998.776;-0.822;6.332
31.9;27.06;0.472;1.552;2001.956;-0.554;6.144
31.8;27.06;0.498;1.542;2007.205;-0.890;6.337
31.8;27.06;0.479;1.514;2020.432;-0.380;6.663
31.8;27.06;0.474;1.509;2008.458;-0.327;6.720
31.9;27.06;0.495;1.541;1986.135;-0.833;6.342
31.9;27.06;0.459;1.551;1988.157;-0.360;6.187
32.1;27.06;0.473;1.554;2013.052;-0.573;6.118
32.1;27.06;0.494;1.542;2017.108;-0.741;6.340
32.1;27.06;0.479;1.519;2011.005;-0.437;6.600
32.0;27.06;0.463;1.496;2009.180;-0.104;6.868
32.0;27.06;0.473;1.504;2004.693;-0.246;6.819
32.0;27.06;0.490;1.533;2004.303;-0.724;6.462
32.0;27.06;0.494;1.544;2009.422;-0.876;6.302
32.0;27.06;0.481;1.524;2017.727;-0.444;6.617
32.0;27.06;0.456;1.491;2023.716;0.053;6.971
32.0;27.06;0.454;1.482;2004.756;0.049;7.090
32.0;27.06;0.482;1.520;1990.764;-0.439;6.646
32.0;27.06;0.490;1.536;2000.280;-0.764;6.439
32.0;27.06;0.500;1.542;2011.651;-0.945;6.320
32.0;27.06;0.500;1.538;2010.619;-0.878;6.418
32.0;27.06;0.487;1.528;2008.252;-0.433;6.590
32.1;27.06;0.472;1.508;2014.484;-0.269;6.748
32.1;27.06;0.474;1.503;2004.422;-0.278;6.878
32.1;27.06;0.487;1.530;2003.693;-0.702;6.550
32.0;27.06;0.496;1.538;2008.703;-0.841;6.371
32.0;27.06;0.483;1.520;2016.016;-0.458;6.661
32.1;27.06;0.464;1.499;2018.219;-0.118;6.908
32.1;27.06;0.455;1.489;2004.146;0.078;6.969
32.1;27.06;0.468;1.492;1990.362;-0.180;7.028
32.1;27.06;0.481;1.522;2000.392;-0.517;6.671
32.1;27.06;0.499;1.540;2008.426;-0.847;6.353
32.0;27.06;0.500;1.541;2004.349;-0.861;6.369
32.0;27.06;0.478;1.524;2013.100;-0.418;6.584
32.0;27.06;0.466;1.499;2013.065;-0.146;6.899
32.0;27.06;0.473;1.501;2001.006;-0.253;6.938
32.0;27.06;0.485;1.543;1999.671;-0.797;6.365
32.1;27.06;0.486;1.545;2004.199;-0.802;6.261
32.1;27.06;0.500;1.545;2014.157;-0.873;6.368
32.1;27.06;0.472;1.516;2014.690;-0.271;6.695
32.1;27.06;0.466;1.496;2014.248;-0.183;6.991
32.1;27.06;0.457;1.479;1987.076;0.108;7.219
32.1;27.06;0.467;1.501;2008.426;-0.200;6.906
32.1;27.06;0.478;1.504;2003.070;-0.357;6.802
32.1;27.06;0.484;1.527;2012.035;-0.498;6.602
32.2;27.06;0.456;1.491;2007.650;0.052;7.004
32.2;27.06;0.436;1.488;2001.778;0.375;6.898
32.2;27.06;0.454;1.479;1994.733;0.086;7.186
32.2;27.06;0.473;1.514;2007.293;-0.340;6.753
32.2;27.06;0.481;1.516;2001.690;-0.418;6.690
32.1;27.06;0.480;1.522;2009.676;-0.359;6.641
32.1;27.06;0.476;1.514;2011.857;-0.332;6.758
32.1;27.06;0.471;1.499;2012.442;-0.266;6.958
32.1;27.06;0.464;1.483;1996.244;-0.058;7.123
32.1;27.06;0.476;1.508;2004.029;-0.339;6.815
32.1;27.06;0.480;1.518;2010.113;-0.393;6.659
32.1;27.06;0.473;1.513;2006.934;-0.269;6.823
32.1;27.06;0.458;1.490;2011.988;-0.004;7.035
32.1;27.06;0.451;1.486;2013.499;0.140;7.041
32.1;27.06;0.446;1.480;1999.069;0.242;7.081
32.2;27.06;0.462;1.495;2002.847;-0.083;6.970
32.2;27.06;0.475;1.507;2006.390;-0.308;6.834
32.1;27.06;0.482;1.524;2006.951;-0.406;6.681
32.1;27.06;0.480;1.530;2012.656;-0.497;6.549
32.1;27.06;0.462;1.494;2011.323;-0.091;6.994
32.1;27.06;0.459;1.487;1997.980;0.032;7.092
32.1;27.06;0.479;1.511;2000.930;-0.439;6.818
32.2;27.06;0.495;1.539;2015.894;-0.812;6.431
32.2;27.06;0.492;1.537;1999.423;-0.709;6.519
32.2;27.06;0.464;1.496;2017.821;-0.076;7.001
32.1;27.06;0.449;1.483;2007.160;0.138;7.126
32.1;27.06;0.444;1.480;2004.526;0.288;7.115
32.2;27.06;0.433;1.495;1996.060;0.364;6.846
32.2;27.06;0.447;1.483;2001.082;0.187;7.077
32.2;27.06;0.459;1.483;2006.287;0.004;7.188
32.2;27.06;0.444;1.489;2013.094;0.206;7.039
32.2;27.06;0.419;1.505;1997.865;0.614;6.571
32.1;27.06;0.419;1.505;1987.664;0.635;6.523
32.1;27.06;0.435;1.486;2002.792;0.345;7.070
32.1;27.06;0.458;1.492;2001.992;-0.018;7.056
32.1;27.06;0.469;1.500;1997.049;-0.187;6.999
32.1;27.06;0.469;1.500;2014.283;-0.190;6.969
32.0;27.06;0.470;1.502;2014.740;-0.195;6.930
32.0;27.06;0.451;1.485;2003.714;0.169;7.097
32.0;27.06;0.448;1.486;1998.444;0.199;7.045
32.0;27.06;0.463;1.492;2005.335;-0.094;7.055
32.0;27.06;0.472;1.507;2008.919;-0.220;6.907
32.0;27.06;0.461;1.496;2011.492;-0.050;7.002
32.0;27.06;0.441;1.485;2001.136;0.314;7.021
32.0;27.06;0.420;1.499;1997.425;0.668;6.712
32.1;27.06;0.428;1.489;2001.339;0.454;6.968
32.1;27.06;0.452;1.480;1999.593;0.088;7.161
32.2;27.06;0.464;1.490;1996.321;-0.070;7.123
32.2;27.06;0.483;1.519;2010.194;-0.459;6.755
32.2;27.06;0.467;1.498;2017.587;-0.071;6.993
32.2;27.06;0.432;1.490;1995.721;0.465;6.886
32.2;27.06;0.426;1.496;1995.414;0.474;6.794
32.2;27.06;0.457;1.486;1999.370;-0.038;7.118
32.2;27.06;0.476;1.508;2005.750;-0.305;6.943
32.2;27.06;0.463;1.500;2014.047;-0.109;7.001
32.1;27.06;0.435;1.488;2002.860;0.374;6.964
32.1;27.06;0.417;1.509;2002.195;0.670;6.520
32.1;27.06;0.411;1.535;1997.837;0.637;6.089
32.1;27.06;0.410;1.521;1987.623;0.641;6.246
32.1;27.06;0.429;1.485;1983.932;0.477;7.000
32.1;27.06;0.449;1.490;2008.849;0.178;7.019
32.1;27.06;0.429;1.496;2004.591;0.466;6.796
32.1;27.06;0.408;1.533;1991.299;0.657;6.093
32.1;27.06;0.410;1.538;1987.265;0.609;6.033
32.1;27.06;0.434;1.484;1996.092;0.385;7.025
32.1;27.06;0.450;1.479;1994.261;0.196;7.228
32.1;27.06;0.458;1.495;1997.798;-0.046;7.064
32.1;27.06;0.459;1.489;2010.094;-0.004;7.153
32.1;27.06;0.454;1.489;2007.182;0.116;7.157
32.1;27.06;0.442;1.494;2003.879;0.362;6.962
32.1;27.06;0.440;1.484;1992.288;0.282;7.059
32.1;27.06;0.452;1.482;1994.183;0.163;7.220
32.1;27.06;0.456;1.493;2011.288;0.040;7.128
32.1;27.06;0.441;1.489;2003.364;0.317;7.021
32.1;27.06;0.416;1.515;1993.977;0.640;6.431
32.1;27.06;0.409;1.547;2000.053;0.657;5.898
32.1;27.06;0.417;1.516;1989.730;0.617;6.401
32.0;27.06;0.428;1.490;1987.152;0.517;6.993
32.0;27.06;0.436;1.483;1993.595;0.341;7.142
32.0;27.06;0.449;1.487;2009.995;0.189;7.087
32.1;27.06;0.413;1.518;2006.201;0.708;6.383
32.1;27.06;0.411;1.538;1999.574;0.640;6.055
32.1;27.06;0.411;1.515;1977.566;0.675;6.383
32.1;27.06;0.440;1.487;1998.087;0.349;7.080
32.1;27.06;0.449;1.490;2013.445;0.138;7.131
32.1;27.06;0.438;1.486;2003.935;0.314;7.086
32.1;27.06;0.408;1.527;1998.659;0.761;6.234
32.2;27.06;0.424;1.555;2006.980;0.352;5.840
32.2;27.06;0.408;1.545;1985.830;0.671;5.952
32.2;27.06;0.409;1.527;1978.567;0.744;6.270
32.2;27.06;0.432;1.492;1995.525;0.406;6.975
32.2;27.06;0.422;1.500;2005.600;0.571;6.807
32.1;27.06;0.414;1.536;1996.937;0.635;6.128
32.1;27.06;0.416;1.554;1992.327;0.466;5.822
32.1;27.06;0.415;1.518;1985.054;0.634;6.341
32.2;27.06;0.430;1.495;1999.930;0.466;6.931
32.2;27.06;0.449;1.487;1999.176;0.156;7.194
32.1;27.06;0.452;1.490;2001.726;0.101;7.125
32.1;27.06;0.429;1.492;2009.180;0.493;6.946
32.1;27.06;0.413;1.521;2002.844;0.668;6.419
32.1;27.06;0.413;1.524;1996.571;0.691;6.346
32.1;27.06;0.423;1.498;1982.713;0.586;6.825
32.2;27.06;0.434;1.493;2002.434;0.373;7.002
32.2;27.06;0.428;1.504;2002.090;0.492;6.687
32.2;27.06;0.415;1.548;2000.988;0.552;5.949
32.2;27.06;0.462;1.547;1998.843;-0.379;6.022
32.2;27.06;0.456;1.542;1987.328;-0.266;6.020
32.2;27.06;0.412;1.541;1979.850;0.621;6.071
32.2;27.06;0.413;1.517;1993.579;0.635;6.490
32.2;27.06;0.415;1.512;1988.138;0.704;6.529
32.1;27.06;0.415;1.540;2003.109;0.600;6.073
32.1;27.06;0.434;1.554;2003.970;0.156;5.886
32.1;27.06;0.418;1.547;1985.415;0.489;5.941
32.1;27.06;0.412;1.501;1969.090;0.716;6.733
32.1;27.06;0.441;1.493;2002.698;0.263;7.078
32.2;27.06;0.443;1.487;2010.164;0.308;7.080
32.2;27.06;0.410;1.542;1999.351;0.696;6.061
32.2;27.06;0.436;1.552;2002.049;0.090;5.934
32.2;27.06;0.473;1.544;2001.032;-0.511;6.051
32.2;27.06;0.416;1.541;1984.842;0.498;6.050
32.1;27.06;0.406;1.543;1996.601;0.677;6.051
32.1;27.06;0.411;1.515;1982.107;0.744;6.497
32.1;27.06;0.413;1.553;2005.484;0.599;5.943
32.1;27.06;0.457;1.551;2003.287;-0.270;5.992
32.1;27.06;0.428;1.546;1985.253;0.200;6.003
32.2;27.06;0.415;1.535;1983.664;0.613;6.142
32.2;27.06;0.411;1.527;1998.088;0.697;6.334
32.2;27.06;0.427;1.504;1998.824;0.549;6.744
32.2;27.06;0.407;1.540;1991.456;0.742;6.099
32.2;27.06;0.433;1.553;2008.621;0.150;5.938
32.1;27.06;0.453;1.549;1999.308;-0.206;5.990
32.1;27.06;0.428;1.544;1988.950;0.247;6.055
32.2;27.06;0.407;1.542;1997.290;0.646;6.089
32.2;27.06;0.422;1.549;1993.153;0.478;5.939
32.2;27.06;0.437;1.549;2007.251;0.094;6.013
32.1;27.06;0.486;1.541;2010.252;-0.713;6.154
32.1;27.06;0.483;1.533;1991.135;-0.610;6.249
32.1;27.06;0.467;1.539;1983.948;-0.434;6.104
32.1;27.06;0.420;1.553;1993.013;0.387;5.952
32.1;27.06;0.411;1.543;1988.546;0.665;6.088
32.2;27.06;0.410;1.543;1987.665;0.650;6.083
32.2;27.06;0.453;1.552;2011.473;-0.193;5.999
32.2;27.06;0.462;1.547;1989.121;-0.340;6.060
32.2;27.06;0.418;1.546;1985.785;0.463;6.043
32.2;27.06;0.418;1.518;1991.092;0.622;6.596
32.2;27.06;0.419;1.519;1993.169;0.650;6.501
32.2;27.06;0.413;1.541;2002.726;0.659;6.134
32.2;27.06;0.440;1.552;2005.709;0.026;5.985
32.2;27.06;0.465;1.544;1992.437;-0.392;6.120
32.2;27.06;0.466;1.539;1991.778;-0.405;6.143
32.2;27.06;0.455;1.550;2000.705;-0.253;6.022
32.2;27.06;0.430;1.549;1991.205;0.229;5.991
32.1;27.06;0.434;1.545;1992.304;0.128;6.085
32.1;27.06;0.487;1.548;2020.681;-0.725;6.075
32.1;27.06;0.482;1.531;2000.686;-0.547;6.292
32.1;27.06;0.470;1.541;1989.308;-0.475;6.161
32.1;27.06;0.465;1.544;1994.306;-0.405;6.166
32.2;27.06;0.438;1.551;1988.916;0.110;6.013
32.2;27.06;0.426;1.546;1993.954;0.333;6.086
32.2;27.06;0.429;1.550;1987.905;0.259;5.983
32.1;27.06;0.474;1.549;1998.174;-0.481;6.054
32.1;27.06;0.480;1.538;2004.441;-0.594;6.185
32.1;27.06;0.474;1.541;1996.752;-0.572;6.232
32.1;27.06;0.441;1.551;1989.818;0.024;5.976
32.1;27.06;0.470;1.541;1995.963;-0.459;6.173
32.2;27.06;0.489;1.537;2010.519;-0.708;6.245
32.2;27.06;0.481;1.537;2002.427;-0.510;6.258
32.1;27.06;0.477;1.530;1992.635;-0.549;6.329
32.1;27.06;0.480;1.541;2000.864;-0.662;6.213
32.1;27.06;0.451;1.548;1992.049;-0.190;6.083
32.1;27.06;0.427;1.544;1989.979;0.285;6.118
32.1;27.06;0.453;1.551;2001.779;-0.181;6.011
32.1;27.06;0.489;1.540;2004.879;-0.703;6.205
32.1;27.06;0.473;1.546;1995.067;-0.513;6.093
32.1;27.06;0.446;1.544;1991.336;-0.101;6.131
32.1;27.06;0.410;1.542;1983.124;0.664;6.117
32.1;27.06;0.426;1.547;1997.722;0.328;6.096
32.2;27.06;0.488;1.544;2017.563;-0.710;6.163
32.2;27.06;0.482;1.542;2002.611;-0.610;6.245
32.2;27.06;0.471;1.526;1997.726;-0.358;6.360
32.1;27.06;0.470;1.523;2008.975;-0.305;6.456
32.1;27.06;0.483;1.530;1991.938;-0.613;6.350
32.1;27.06;0.469;1.543;2000.448;-0.435;6.175
32.1;27.06;0.489;1.536;2012.710;-0.703;6.289
32.1;27.06;0.460;1.507;2012.610;-0.091;6.721
32.2;27.06;0.466;1.507;1995.867;-0.235;6.639
32.2;27.06;0.485;1.532;1997.591;-0.622;6.377
32.2;27.06;0.480;1.536;1985.989;-0.616;6.254
32.2;27.06;0.475;1.544;1998.448;-0.534;6.158
32.2;27.06;0.479;1.545;2009.623;-0.599;6.184
32.2;27.06;0.478;1.548;1997.168;-0.583;6.157
32.2;27.06;0.483;1.533;1996.477;-0.656;6.283
32.2;27.06;0.486;1.537;2006.454;-0.615;6.304
32.2;27.06;0.486;1.541;1991.291;-0.683;6.187
32.2;27.06;0.463;1.548;1997.404;-0.358;6.126
32.2;27.06;0.483;1.533;2005.499;-0.614;6.377
32.2;27.06;0.467;1.528;2009.410;-0.245;6.462
32.2;27.06;0.461;1.514;2005.211;-0.159;6.573
32.2;27.06;0.467;1.526;1999.910;-0.303;6.494
32.2;27.06;0.482;1.532;1991.074;-0.532;6.357
32.2;27.00;0.478;1.539;2001.150;-0.530;6.276
32.2;27.00;0.462;1.551;2004.657;-0.360;6.102
32.2;27.00;0.484;1.536;2003.758;-0.593;6.345
32.2;27.00;0.463;1.512;2002.480;-0.150;6.609
32.2;27.00;0.469;1.516;2006.505;-0.247;6.622
32.2;27.00;0.478;1.545;1988.260;-0.555;6.220
32.2;27.00;0.451;1.548;1987.656;-0.114;6.157
32.2;27.00;0.490;1.536;2017.761;-0.735;6.313
32.2;27.00;0.468;1.517;2006.045;-0.237;6.616
32.2;27.00;0.454;1.490;2012.353;0.034;6.922
32.2;27.06;0.445;1.491;1993.025;0.151;6.932
32.2;27.06;0.446;1.489;1995.334;0.154;6.923
32.2;27.06;0.464;1.526;1995.468;-0.240;6.489
32.2;27.06;0.479;1.530;2014.783;-0.479;6.433
32.2;27.06;0.464;1.508;2000.254;-0.166;6.752
32.2;27.06;0.450;1.491;2001.264;0.210;6.889
32.2;27.06;0.464;1.503;2003.409;-0.162;6.807
32.2;27.06;0.470;1.529;1999.246;-0.348;6.446
32.2;27.06;0.479;1.535;1988.957;-0.539;6.389
32.2;27.06;0.483;1.539;2005.152;-0.609;6.324
32.2;27.06;0.485;1.542;2000.384;-0.633;6.266
32.2;27.06;0.475;1.533;2008.336;-0.411;6.368
32.2;27.06;0.475;1.516;1998.968;-0.337;6.640
32.2;27.06;0.468;1.519;2002.761;-0.251;6.599
32.2;27.06;0.480;1.534;1995.509;-0.571;6.393
32.2;27.06;0.487;1.537;2013.034;-0.688;6.377
32.2;27.06;0.466;1.514;2001.444;-0.185;6.669
32.2;27.06;0.447;1.495;2012.605;0.134;6.828
32.2;27.06;0.446;1.489;2003.531;0.159;6.995
32.2;27.06;0.463;1.499;1996.424;-0.143;6.870
32.1;27.06;0.464;1.519;1991.465;-0.198;6.561
32.1;27.06;0.480;1.530;2006.188;-0.486;6.450
32.1;27.06;0.471;1.531;2008.726;-0.304;6.442
32.1;27.06;0.452;1.502;2009.586;0.014;6.830
32.1;27.06;0.448;1.489;1996.763;0.111;6.992
32.2;27.06;0.456;1.495;1992.371;0.030;6.988
32.2;27.06;0.479;1.530;1998.251;-0.496;6.402
32.2;27.06;0.482;1.546;2004.804;-0.634;6.261
32.2;27.06;0.462;1.515;2008.653;-0.131;6.702
32.2;27.06;0.447;1.493;2011.629;0.131;6.890
32.3;27.06;0.432;1.499;2007.326;0.393;6.709
32.3;27.06;0.440;1.481;1992.154;0.210;7.051
32.2;27.06;0.450;1.493;1993.175;0.051;6.891
32.2;27.06;0.466;1.518;2007.453;-0.199;6.607
32.2;27.06;0.465;1.514;2005.823;-0.123;6.691
32.3;27.06;0.430;1.496;2008.445;0.380;6.746
32.3;27.06;0.433;1.489;1990.187;0.358;6.896
32.2;27.06;0.449;1.485;2000.511;0.088;7.048
32.2;27.06;0.466;1.511;1993.716;-0.196;6.699
32.2;27.06;0.479;1.536;1996.334;-0.508;6.431
32.2;27.06;0.473;1.527;2003.926;-0.335;6.543
32.2;27.06;0.463;1.525;2019.261;-0.168;6.554
32.2;27.06;0.458;1.500;2008.350;-0.019;6.900
32.2;27.06;0.455;1.489;1994.493;0.015;7.017
32.2;27.06;0.464;1.509;1994.426;-0.169;6.723
32.2;27.06;0.462;1.523;2014.829;-0.133;6.615
32.2;27.06;0.462;1.507;2008.934;-0.103;6.809
32.3;27.06;0.432;1.493;2004.784;0.330;6.867
32.3;27.06;0.413;1.518;1997.995;0.684;6.347
32.3;27.06;0.413;1.508;1987.898;0.617;6.433
32.3;27.06;0.444;1.493;1995.107;0.163;6.893
32.3;27.06;0.460;1.502;1995.203;-0.057;6.872
32.2;27.06;0.458;1.499;2006.281;-0.038;6.959
32.2;27.06;0.442;1.498;2011.911;0.226;6.857
32.2;27.06;0.421;1.506;1997.411;0.550;6.568
32.2;27.06;0.432;1.484;1983.404;0.350;6.996
32.2;27.06;0.461;1.513;1988.580;-0.134;6.727
32.2;27.06;0.476;1.535;2008.201;-0.352;6.454
32.2;27.06;0.474;1.524;2005.776;-0.317;6.591
32.2;27.06;0.446;1.492;1999.837;0.152;6.896
32.2;27.06;0.424;1.505;2006.718;0.539;6.641
32.2;27.06;0.413;1.517;1994.713;0.612;6.344
32.2;27.06;0.428;1.493;1993.601;0.406;6.839
32.2;27.06;0.450;1.494;1994.244;0.066;6.992
32.2;27.06;0.456;1.494;2003.755;0.013;7.018
32.2;27.06;0.426;1.498;2010.821;0.479;6.767
32.2;27.06;0.410;1.534;1995.334;0.660;6.067
32.3;27.06;0.411;1.505;1977.772;0.629;6.603
32.3;27.06;0.437;1.493;1995.993;0.307;6.919
32.3;27.06;0.459;1.505;2008.810;-0.117;6.901
32.4;27.06;0.456;1.501;2004.190;0.003;6.900
32.4;27.06;0.436;1.490;1997.975;0.284;6.923
32.3;27.06;0.435;1.502;2009.804;0.370;6.768
32.3;27.06;0.417;1.518;2000.176;0.597;6.379
32.3;27.06;0.420;1.507;1988.280;0.548;6.595
32.3;27.06;0.441;1.493;2000.111;0.180;7.006
32.3;27.06;0.434;1.492;2005.523;0.382;6.900
32.3;27.06;0.415;1.527;2010.240;0.579;6.203
32.3;27.06;0.407;1.548;1991.726;0.649;5.868
32.3;27.06;0.411;1.547;1986.759;0.521;5.890
32.2;27.06;0.409;1.537;1994.959;0.650;6.003
32.2;27.06;0.434;1.491;1995.526;0.330;6.927
32.2;27.06;0.454;1.489;1989.110;0.068;7.049
32.2;27.06;0.441;1.496;2008.966;0.214;6.923
32.2;27.06;0.425;1.511;2009.274;0.533;6.541
32.2;27.06;0.406;1.528;1990.248;0.700;6.186
32.2;27.06;0.431;1.489;1983.484;0.370;6.965
32.2;27.06;0.457;1.504;2004.105;-0.062;6.932
32.2;27.06;0.465;1.501;2006.566;-0.121;6.928
32.2;27.06;0.438;1.500;2013.772;0.296;6.863
32.2;27.06;0.421;1.510;1990.518;0.574;6.566
32.2;27.06;0.407;1.544;1999.648;0.637;5.941
32.2;27.06;0.404;1.534;1996.926;0.666;6.097
32.2;27.06;0.417;1.513;1991.549;0.593;6.536
32.2;27.06;0.435;1.486;1988.497;0.338;7.080
32.2;27.06;0.423;1.503;2009.661;0.502;6.718
32.2;27.06;0.410;1.547;2010.241;0.661;5.969
32.3;27.06;0.415;1.549;1988.493;0.432;5.873
32.3;27.06;0.407;1.527;1983.159;0.638;6.080
32.3;27.06;0.418;1.513;1996.451;0.585;6.531
32.3;27.00;0.425;1.505;1994.577;0.500;6.672
32.3;27.00;0.411;1.519;2003.966;0.621;6.448
32.3;27.00;0.410;1.522;1989.556;0.720;6.339
32.3;27.00;0.407;1.543;1997.296;0.697;6.013
32.3;27.00;0.404;1.553;2002.229;0.617;5.783
32.3;27.00;0.404;1.527;1991.296;0.751;6.301
32.3;27.00;0.422;1.506;1983.113;0.562;6.647
32.3;27.00;0.402;1.540;2008.127;0.771;6.093
32.3;27.00;0.417;1.556;1998.869;0.464;5.827
32.3;27.00;0.423;1.545;1988.983;0.290;5.994
32.3;27.06;0.413;1.555;1985.628;0.442;5.761
32.3;27.06;0.412;1.525;1994.492;0.646;6.319
32.2;27.06;0.415;1.510;1997.150;0.633;6.603
32.2;27.06;0.429;1.501;1996.984;0.402;6.816
32.2;27.06;0.422;1.518;2002.212;0.555;6.444
32.3;27.06;0.409;1.553;1998.165;0.602;5.869
32.3;27.06;0.403;1.547;1994.388;0.696;5.913
32.4;27.06;0.431;1.496;1986.374;0.377;6.924
32.4;27.06;0.441;1.492;1996.224;0.282;7.052
32.4;27.06;0.435;1.505;2016.527;0.318;6.844
32.4;27.06;0.410;1.543;2001.489;0.685;6.019
32.4;27.06;0.414;1.552;1995.640;0.470;5.905
32.4;27.06;0.455;1.553;2003.664;-0.313;5.863
32.4;27.06;0.429;1.558;1998.585;0.180;5.867
32.4;27.06;0.414;1.548;1988.225;0.484;5.939
32.4;27.06;0.403;1.559;1997.316;0.618;5.777
32.4;27.06;0.449;1.553;2006.992;-0.181;5.935
32.4;27.06;0.479;1.543;2002.445;-0.689;6.086
32.4;27.06;0.460;1.552;1998.856;-0.387;5.906
32.4;27.06;0.418;1.556;1984.277;0.414;5.880
32.3;27.06;0.407;1.544;1991.834;0.638;6.011
32.3;27.06;0.411;1.520;2000.128;0.639;6.456
32.3;27.06;0.416;1.526;1998.876;0.597;6.365
32.3;27.06;0.407;1.544;1991.187;0.639;6.001
32.3;27.06;0.420;1.563;2002.095;0.385;5.696
32.4;27.06;0.407;1.543;1987.117;0.720;6.068
32.4;27.06;0.422;1.506;1995.168;0.526;6.683
32.2;27.06;0.417;1.517;1996.437;0.585;6.494
32.2;27.06;0.415;1.555;2008.868;0.514;5.859
32.2;27.06;0.436;1.552;1998.093;0.089;5.965
32.2;27.06;0.452;1.557;2002.727;-0.281;5.860
32.2;27.06;0.426;1.554;1986.191;0.216;5.961
32.3;27.06;0.406;1.546;1992.513;0.637;5.995
32.3;27.06;0.406;1.538;1996.036;0.696;6.121
32.3;27.06;0.409;1.539;1995.900;0.708;6.115
32.3;27.06;0.439;1.555;1995.698;0.056;5.910
32.3;27.06;0.457;1.554;2007.807;-0.325;5.919
32.3;27.06;0.432;1.555;1996.155;0.126;5.884
32.3;27.06;0.407;1.537;1987.988;0.667;6.120
32.3;27.06;0.404;1.554;1994.228;0.679;5.871
32.4;27.06;0.430;1.559;2004.905;0.219;5.839
32.4;27.06;0.470;1.549;2007.014;-0.530;6.023
32.3;27.06;0.498;1.530;2015.883;-0.883;6.343
32.3;27.06;0.479;1.517;1998.233;-0.472;6.503
32.3;27.06;0.490;1.537;1997.667;-0.866;6.173
32.3;27.06;0.440;1.558;2002.535;-0.050;5.867
32.3;27.06;0.436;1.553;1992.190;0.033;5.949
32.2;27.06;0.478;1.549;2007.980;-0.659;6.040
32.2;27.06;0.498;1.531;2007.986;-0.924;6.303
32.2;27.06;0.459;1.549;1996.484;-0.365;6.015
32.3;27.06;0.421;1.546;1980.670;0.320;5.992
32.3;27.06;0.408;1.560;1993.042;0.612;5.793
32.3;27.06;0.413;1.530;1998.540;0.634;6.320
32.3;27.06;0.405;1.539;1993.822;0.744;6.202
32.3;27.06;0.421;1.562;2000.509;0.304;5.803
32.3;27.06;0.441;1.554;1987.868;-0.008;5.965
32.3;27.06;0.419;1.548;1988.866;0.386;5.995
32.4;27.06;0.403;1.552;1997.369;0.731;5.974
32.4;27.06;0.408;1.555;1993.624;0.598;5.913
32.4;27.06;0.448;1.551;2004.308;-0.131;6.023
32.4;27.06;0.487;1.543;2014.536;-0.820;6.128
32.4;27.06;0.488;1.546;2003.271;-0.782;6.122
32.4;27.06;0.474;1.543;1987.979;-0.571;6.103
32.4;27.06;0.452;1.556;1998.998;-0.247;5.928
32.4;27.06;0.422;1.560;1998.671;0.318;5.874
32.4;27.06;0.444;1.551;2002.707;-0.096;6.038
32.4;27.06;0.497;1.528;2016.792;-0.849;6.325
32.4;27.06;0.488;1.516;2002.075;-0.598;6.513
32.4;27.06;0.474;1.541;1986.716;-0.583;6.185
32.4;27.06;0.429;1.562;1997.289;0.118;5.844
32.4;27.06;0.437;1.556;1993.943;0.030;5.913
32.4;27.06;0.486;1.545;2009.269;-0.769;6.143
32.4;27.06;0.500;1.536;2012.171;-0.945;6.260
32.4;27.06;0.493;1.528;2007.269;-0.727;6.384
32.4;27.06;0.492;1.527;1993.518;-0.782;6.404
32.3;27.06;0.477;1.547;1998.818;-0.690;6.120
32.3;27.06;0.432;1.556;1997.695;0.178;5.938
32.3;27.06;0.446;1.547;1999.061;-0.154;6.113
32.3;27.06;0.503;1.532;2013.259;-1.002;6.302
32.3;27.06;0.492;1.541;1997.747;-0.813;6.217
32.3;27.06;0.443;1.551;1991.149;-0.073;6.038
32.3;27.06;0.423;1.560;1987.933;0.255;5.890
32.4;27.06;0.415;1.551;1989.974;0.485;6.001
32.4;27.06;0.420;1.557;2002.141;0.382;5.919
32.4;27.06;0.426;1.565;2007.546;0.214;5.800
32.4;27.06;0.464;1.556;1997.086;-0.382;6.000
32.4;27.06;0.483;1.541;2001.065;-0.755;6.205
32.5;27.06;0.446;1.556;1998.163;-0.168;5.996
32.5;27.06;0.447;1.556;2001.635;-0.094;5.966
32.5;27.06;0.487;1.550;2003.888;-0.767;6.081
32.5;27.06;0.476;1.511;2023.184;-0.341;6.595
32.5;27.06;0.473;1.497;2007.795;-0.263;6.842
32.4;27.06;0.476;1.518;2005.769;-0.443;6.528
32.4;27.06;0.498;1.527;2002.027;-0.864;6.390
32.4;27.06;0.495;1.534;2000.177;-0.890;6.307
32.4;27.06;0.489;1.547;2005.446;-0.801;6.164
32.4;27.06;0.500;1.533;2018.196;-0.889;6.366
32.3;27.06;0.485;1.517;1998.333;-0.517;6.578
32.3;27.06;0.490;1.523;1999.401;-0.730;6.490
32.3;27.06;0.438;1.558;1993.314;-0.059;5.939
32.4;27.00;0.409;1.555;1992.492;0.597;5.978
32.4;27.00;0.441;1.553;1997.561;-0.006;6.035
32.4;27.00;0.499;1.541;2014.286;-0.985;6.238
32.4;27.00;0.494;1.534;2008.107;-0.775;6.369
32.4;27.00;0.490;1.535;2000.080;-0.798;6.345
32.3;27.00;0.493;1.536;1995.812;-0.867;6.298
32.3;27.00;0.452;1.549;1990.105;-0.202;6.078
32.4;27.00;0.442;1.556;2001.335;-0.030;6.018
32.4;27.00;0.499;1.540;2018.258;-0.918;6.292
32.4;27.00;0.478;1.505;2005.043;-0.390;6.753
32.6;27.00;0.484;1.520;1997.430;-0.568;6.501
32.6;27.00;0.492;1.539;2003.525;-0.896;6.273
32.6;27.00;0.458;1.556;1992.631;-0.335;6.025
32.6;27.00;0.469;1.546;1995.060;-0.460;6.160
32.6;27.00;0.501;1.541;2016.122;-0.974;6.262
32.4;27.00;0.489;1.530;2005.745;-0.648;6.440
32.4;27.00;0.482;1.523;2003.950;-0.581;6.521
32.4;27.00;0.484;1.517;2001.496;-0.518;6.546
32.4;27.00;0.498;1.538;2005.523;-0.842;6.333
32.4;27.00;0.492;1.539;2010.808;-0.727;6.305
32.5;27.00;0.468;1.499;2013.606;-0.225;6.806
32.5;27.00;0.455;1.471;2000.845;0.091;7.161
32.3;27.00;0.456;1.490;2005.358;-0.015;6.909
32.3;27.00;0.480;1.516;2000.801;-0.441;6.567
32.3;27.00;0.493;1.540;1995.742;-0.817;6.310
32.4;27.00;0.491;1.541;1998.018;-0.811;6.268
32.4;27.00;0.496;1.540;2020.634;-0.875;6.295
32.5;27.00;0.494;1.532;2007.257;-0.696;6.384
32.5;27.00;0.491;1.528;1993.869;-0.727;6.448
32.5;27.00;0.484;1.544;1990.234;-0.752;6.211
32.4;27.00;0.431;1.563;1995.253;0.225;5.930
32.4;27.00;0.412;1.553;1996.821;0.538;6.029
32.3;27.00;0.487;1.548;2019.352;-0.824;6.179
32.3;27.00;0.493;1.534;2004.351;-0.717;6.395
32.3;27.00;0.479;1.524;2012.043;-0.468;6.526
32.3;27.00;0.493;1.526;2009.728;-0.707;6.496
32.3;27.00;0.494;1.532;1997.648;-0.779;6.436
32.4;27.00;0.494;1.544;2004.296;-0.867;6.237
32.4;27.00;0.488;1.533;2029.399;-0.660;6.414
32.4;27.00;0.465;1.494;2015.365;-0.090;6.906
32.3;27.06;0.460;1.490;1992.982;-0.118;6.939
32.3;27.06;0.478;1.515;2005.596;-0.316;6.778
32.4;27.06;0.486;1.529;2008.060;-0.579;6.523
32.4;27.06;0.488;1.528;2002.671;-0.694;6.427
32.4;27.06;0.480;1.514;2012.607;-0.464;6.625
32.4;27.06;0.479;1.503;2013.316;-0.344;6.807
32.4;27.06;0.465;1.500;2013.910;-0.186;6.876
32.4;27.06;0.468;1.498;2011.918;-0.217;6.868
32.4;27.06;0.479;1.513;1997.960;-0.436;6.737
32.4;27.06;0.478;1.523;2013.032;-0.440;6.553
32.4;27.00;0.475;1.511;2019.781;-0.313;6.691
32.4;27.00;0.469;1.494;2004.136;-0.148;6.936
32.3;27.00;0.459;1.487;1995.485;-0.026;7.004
32.3;27.00;0.469;1.507;2005.431;-0.263;6.752
32.3;27.00;0.486;1.531;1999.004;-0.589;6.560
32.3;27.00;0.499;1.538;1989.974;-0.912;6.341
32.3;27.00;0.501;1.538;2008.094;-0.986;6.341
32.3;27.00;0.490;1.535;2020.576;-0.595;6.407
32.3;27.00;0.476;1.515;2007.905;-0.353;6.667
32.3;27.00;0.498;1.525;1999.921;-0.850;6.491
32.3;27.00;0.480;1.548;1992.020;-0.692;6.236
32.3;27.00;0.479;1.548;2002.635;-0.667;6.204
32.4;27.00;0.500;1.547;2023.640;-0.941;6.267
32.4;27.00;0.473;1.508;2004.961;-0.278;6.822
32.4;27.00;0.455;1.489;2011.477;0.016;7.003
32.5;27.00;0.445;1.482;2007.102;0.259;7.003
32.5;27.00;0.445;1.475;1994.038;0.219;7.158
32.5;27.00;0.466;1.496;1994.172;-0.159;6.941
32.5;27.00;0.458;1.490;2008.728;0.019;6.962
32.5;27.00;0.444;1.483;2008.922;0.290;7.012
32.5;27.00;0.415;1.504;1999.163;0.609;6.560
32.5;27.00;0.445;1.477;1992.188;0.171;7.075
32.5;27.00;0.455;1.481;2004.224;0.059;7.125
32.5;27.00;0.468;1.502;2003.913;-0.205;6.847
32.5;27.00;0.485;1.526;2013.214;-0.478;6.562
32.5;27.00;0.478;1.508;1997.975;-0.339;6.822
32.5;27.00;0.469;1.497;2015.653;-0.195;6.937
32.5;27.00;0.463;1.493;2013.582;-0.097;6.961
32.5;27.00;0.473;1.502;2002.252;-0.272;6.910
32.5;27.00;0.488;1.526;1991.497;-0.628;6.525
32.6;27.00;0.480;1.515;2018.795;-0.374;6.717
32.6;27.00;0.469;1.495;2012.295;-0.185;6.998
32.6;27.00;0.461;1.499;2009.243;-0.091;6.908
32.6;27.00;0.459;1.490;2001.774;-0.047;7.024
32.6;27.00;0.464;1.487;2002.387;-0.072;7.092
32.5;27.00;0.477;1.515;2002.799;-0.343;6.670
32.5;27.00;0.489;1.529;2007.564;-0.644;6.553
32.4;27.00;0.482;1.518;2009.693;-0.477;6.669
32.4;27.00;0.462;1.498;2012.799;-0.056;6.939
32.4;27.00;0.454;1.480;2010.089;0.092;7.071
32.5;27.00;0.461;1.483;1998.256;-0.073;7.154
32.5;27.00;0.479;1.523;1999.901;-0.437;6.641
32.6;27.00;0.472;1.515;2018.930;-0.213;6.754
32.6;27.00;0.457;1.482;2014.338;0.067;7.126
32.6;27.00;0.428;1.497;2006.613;0.429;6.727
32.5;27.00;0.412;1.526;1991.840;0.670;6.086
32.5;27.00;0.411;1.532;1994.706;0.663;6.031
32.4;27.00;0.423;1.497;1992.948;0.525;6.654
32.4;27.00;0.452;1.484;2004.526;0.115;7.066
32.4;27.00;0.440;1.478;2003.188;0.301;7.056
32.6;27.00;0.421;1.517;2010.635;0.583;6.347
32.6;27.00;0.420;1.512;1989.325;0.556;6.360
32.6;27.00;0.433;1.479;1986.509;0.403;7.080
32.6;27.00;0.439;1.479;1998.520;0.334;7.046
32.6;27.00;0.462;1.497;2008.150;-0.113;6.992
32.6;27.00;0.476;1.511;2011.125;-0.345;6.787
32.6;27.00;0.469;1.513;1998.478;-0.244;6.796
32.6;27.00;0.471;1.494;2013.407;-0.178;6.991
32.6;27.00;0.454;1.482;2006.975;0.117;7.127
32.6;27.00;0.461;1.488;2003.680;-0.085;7.064
32.6;27.00;0.478;1.518;2004.023;-0.437;6.724
32.6;27.00;0.470;1.498;2015.305;-0.203;6.967
32.6;27.00;0.454;1.492;2011.070;0.088;6.975
32.6;27.00;0.439;1.486;2006.363;0.331;6.970
32.6;27.00;0.429;1.487;1991.239;0.461;6.960
32.6;27.00;0.440;1.485;2000.602;0.264;7.019
32.6;27.00;0.454;1.486;2006.838;0.058;7.088
32.6;27.00;0.470;1.496;2008.232;-0.178;6.997
32.6;27.00;0.444;1.489;2003.109;0.238;7.010
32.6;27.00;0.418;1.509;2002.384;0.630;6.442
32.6;27.00;0.412;1.512;1989.456;0.716;6.425
32.6;27.00;0.445;1.477;1994.430;0.218;7.144
32.6;27.00;0.456;1.485;2000.120;0.033;7.089
32.6;27.00;0.450;1.483;2014.796;0.163;7.105
32.6;27.00;0.426;1.504;2004.063;0.480;6.642
32.6;27.00;0.422;1.505;2002.601;0.606;6.533
32.6;27.00;0.412;1.524;1982.001;0.620;6.191
32.5;27.00;0.409;1.522;1994.170;0.700;6.118
32.5;27.00;0.434;1.485;1992.698;0.394;6.947
32.5;27.00;0.448;1.481;2002.211;0.206;7.104
32.5;27.00;0.427;1.503;1998.750;0.505;6.622
32.5;27.00;0.411;1.528;1999.677;0.706;6.170
32.6;27.00;0.413;1.508;1985.770;0.738;6.478
32.6;27.00;0.448;1.483;2000.165;0.121;7.082
32.6;27.00;0.457;1.483;1996.699;0.056;7.129
32.5;27.00;0.475;1.502;2011.539;-0.267;6.963
32.5;27.00;0.465;1.502;2014.879;-0.104;6.939
32.6;27.00;0.456;1.487;2012.646;0.049;7.093
32.6;27.00;0.436;1.485;1995.324;0.391;7.042
32.6;27.00;0.443;1.486;1999.710;0.279;7.002
32.6;27.00;0.455;1.491;1999.538;0.082;7.057
32.6;27.00;0.453;1.484;2003.313;0.110;7.157
32.6;27.00;0.422;1.514;2006.538;0.576;6.465
32.6;27.00;0.410;1.547;1999.566;0.638;5.870
32.6;27.00;0.419;1.541;1992.719;0.421;5.953
32.6;27.00;0.407;1.534;1990.096;0.694;6.077
32.6;27.00;0.427;1.500;1989.346;0.515;6.652
32.6;27.00;0.432;1.487;1998.395;0.416;6.827
32.6;27.00;0.429;1.499;2002.648;0.484;6.760
32.6;27.00;0.408;1.535;1996.767;0.678;6.033
32.6;27.00;0.422;1.541;1992.398;0.387;5.947
32.6;27.00;0.411;1.527;1983.790;0.688;6.173
32.5;27.00;0.452;1.484;2003.834;0.142;7.135
32.5;27.00;0.453;1.482;1999.481;0.098;7.191
32.5;27.00;0.424;1.505;2011.076;0.506;6.650
32.6;27.00;0.411;1.530;2001.980;0.667;6.129
32.6;27.00;0.419;1.541;1996.864;0.484;5.967
32.7;27.00;0.414;1.546;1984.047;0.507;5.898
32.7;27.00;0.417;1.507;1986.911;0.658;6.555
32.7;27.00;0.437;1.484;1994.137;0.352;7.083
32.7;27.00;0.443;1.490;2001.990;0.251;7.069
32.7;27.00;0.413;1.526;2000.854;0.656;6.210
32.6;27.00;0.414;1.536;1986.689;0.624;6.055
32.6;27.00;0.422;1.504;1992.417;0.560;6.607
32.6;27.00;0.446;1.482;1997.168;0.206;7.136
32.6;27.00;0.458;1.480;1995.063;0.021;7.251
32.6;27.00;0.452;1.490;2010.022;0.152;7.076
32.7;27.00;0.440;1.486;2009.618;0.294;7.026
32.7;27.00;0.413;1.514;1994.568;0.732;6.451
32.7;27.00;0.414;1.533;1986.282;0.643;6.106
32.6;27.00;0.418;1.508;1990.654;0.628;6.614
32.6;27.00;0.427;1.499;2003.050;0.496;6.765
32.6;27.00;0.415;1.528;1994.979;0.655;6.223
32.6;27.00;0.423;1.548;1993.422;0.369;5.866
32.6;27.00;0.449;1.546;1997.357;-0.091;5.939
32.5;27.00;0.448;1.543;1993.948;-0.148;6.008
32.5;27.00;0.414;1.540;1983.555;0.543;6.004
32.6;27.00;0.411;1.519;1984.757;0.669;6.327
32.6;27.00;0.425;1.509;2003.649;0.480;6.574
32.6;27.00;0.416;1.518;2002.861;0.660;6.432
32.6;27.00;0.423;1.546;1992.663;0.393;5.925
32.6;27.00;0.424;1.549;1985.059;0.295;5.886
32.5;27.00;0.423;1.493;1982.716;0.527;6.841
32.5;27.00;0.447;1.478;1999.466;0.234;7.259
32.5;27.00;0.445;1.486;2001.917;0.239;7.058
32.6;27.00;0.414;1.524;2001.095;0.661;6.289
32.6;27.00;0.414;1.539;1992.968;0.659;6.065
32.5;27.00;0.417;1.552;2001.449;0.463;5.831
32.5;27.00;0.414;1.537;1987.611;0.567;6.039
32.5;27.00;0.410;1.520;1989.463;0.685;6.372
32.6;27.00;0.420;1.511;1995.073;0.627;6.573
32.6;27.00;0.414;1.532;2005.965;0.676;6.200
32.6;27.00;0.425;1.542;1989.640;0.287;6.006
32.6;27.00;0.418;1.549;1992.895;0.368;5.918
32.6;27.00;0.414;1.525;1984.600;0.683;6.275
32.6;27.00;0.414;1.523;1993.242;0.652;6.341
32.6;27.00;0.414;1.523;1989.273;0.651;6.339
32.5;27.00;0.412;1.539;1995.024;0.672;6.094
32.5;27.00;0.412;1.537;2001.474;0.675;6.124
32.5;27.00;0.410;1.550;1998.533;0.541;5.907
32.6;27.00;0.413;1.544;1984.490;0.537;5.958
32.6;27.00;0.411;1.541;1990.944;0.630;6.015
32.6;27.00;0.416;1.554;2000.251;0.585;5.846
32.6;27.00;0.433;1.554;2000.547;0.146;5.924
32.6;27.00;0.464;1.534;1995.861;-0.402;6.133
32.6;27.00;0.481;1.537;2003.970;-0.661;6.122
32.6;27.00;0.449;1.546;1986.902;-0.102;5.982
32.6;27.00;0.415;1.546;1982.070;0.417;5.994
32.6;27.00;0.410;1.545;1985.551;0.656;5.997
32.6;27.00;0.410;1.538;1995.826;0.731;6.139
32.6;27.00;0.415;1.542;1996.659;0.569;6.040
32.6;27.00;0.434;1.555;1996.866;0.116;5.864
32.5;27.00;0.410;1.538;1980.349;0.609;6.070
32.5;27.00;0.423;1.500;1994.960;0.577;6.864
32.5;27.00;0.437;1.494;2004.170;0.382;6.972
32.5;27.00;0.416;1.513;2001.461;0.624;6.523
32.5;27.00;0.418;1.543;1993.358;0.511;5.987
32.6;27.00;0.437;1.553;2001.974;0.102;5.898
32.6;27.00;0.437;1.548;1992.484;0.124;5.944
32.6;27.00;0.429;1.542;1987.458;0.213;6.053
32.6;27.00;0.410;1.547;1988.270;0.560;5.952
32.6;27.00;0.413;1.557;2006.058;0.538;5.863
32.6;27.00;0.461;1.546;2004.929;-0.339;5.976
32.6;27.00;0.481;1.534;1997.127;-0.636;6.240
32.6;27.00;0.463;1.544;1982.796;-0.344;6.038
32.6;27.00;0.422;1.548;1996.510;0.374;5.989
32.6;27.00;0.421;1.551;1999.143;0.387;5.912
32.6;27.00;0.422;1.551;1986.351;0.336;5.932
32.6;27.00;0.432;1.547;1991.198;0.206;5.946
32.6;27.00;0.440;1.552;2004.222;0.041;5.949
32.6;27.00;0.454;1.549;1996.506;-0.222;5.990
32.6;27.00;0.430;1.545;1981.298;0.201;6.073
32.7;27.00;0.431;1.550;1997.809;0.217;5.964
32.7;27.00;0.434;1.550;1997.768;0.107;5.978
32.7;27.00;0.462;1.543;1996.309;-0.302;6.049
32.6;27.00;0.483;1.541;2000.697;-0.669;6.167
32.6;27.00;0.485;1.537;1996.807;-0.693;6.213
32.6;27.00;0.442;1.542;1989.111;-0.027;6.091
32.6;27.00;0.421;1.553;1995.660;0.380;5.909
32.6;27.00;0.411;1.540;1983.906;0.589;6.086
32.6;27.00;0.415;1.542;1993.879;0.597;6.038
32.6;27.00;0.457;1.553;2002.479;-0.228;5.962
32.6;27.00;0.461;1.545;1997.123;-0.366;6.058
32.6;27.00;0.426;1.540;1978.177;0.250;6.111
32.6;27.00;0.411;1.544;1993.533;0.623;6.025
32.6;27.00;0.412;1.535;2000.551;0.714;6.203
32.6;27.00;0.436;1.545;1999.238;0.115;6.014
32.6;27.00;0.474;1.543;1999.226;-0.555;6.150
32.6;27.00;0.479;1.528;2006.278;-0.458;6.311
32.6;27.00;0.481;1.534;1995.933;-0.606;6.194
32.6;27.00;0.471;1.537;1992.234;-0.493;6.201
32.6;27.00;0.445;1.553;1992.109;-0.074;5.927
32.6;27.00;0.475;1.542;2011.506;-0.527;6.088
32.6;27.00;0.477;1.533;2013.337;-0.492;6.300
32.6;27.00;0.476;1.526;2000.727;-0.467;6.366
32.7;27.00;0.482;1.531;1991.352;-0.639;6.238
32.7;27.00;0.479;1.538;2003.259;-0.615;6.207
32.7;27.00;0.440;1.553;1987.881;0.064;5.958
32.7;27.00;0.431;1.545;1993.426;0.211;6.051
32.7;27.00;0.476;1.541;2007.823;-0.572;6.160
32.6;27.00;0.481;1.540;2002.787;-0.626;6.165
32.6;27.00;0.475;1.541;1997.430;-0.552;6.135
32.5;27.00;0.463;1.542;1994.060;-0.386;6.136
32.5;27.00;0.455;1.550;1994.798;-0.193;6.011
32.5;27.00;0.452;1.550;2005.334;-0.178;6.003
32.5;27.00;0.481;1.540;2009.283;-0.620;6.215
32.5;27.00;0.479;1.532;1996.094;-0.526;6.284
32.5;27.00;0.477;1.533;1990.532;-0.559;6.272
32.5;27.00;0.471;1.542;1998.849;-0.485;6.155
32.5;27.00;0.437;1.552;1990.461;0.078;6.013
32.6;27.00;0.424;1.542;1985.325;0.371;6.104
32.6;27.00;0.464;1.549;2012.381;-0.384;6.061
32.6;27.00;0.482;1.537;2003.356;-0.566;6.219
32.6;27.00;0.478;1.541;1995.928;-0.586;6.178
32.6;27.00;0.450;1.547;1988.605;-0.125;6.064
32.6;27.00;0.447;1.549;1994.342;-0.043;6.050
32.6;27.00;0.451;1.549;2002.818;-0.156;6.029
32.6;27.00;0.481;1.539;2007.878;-0.614;6.234
32.6;27.00;0.473;1.524;2006.357;-0.350;6.409
32.6;27.00;0.460;1.501;1998.945;-0.093;6.711
32.7;27.00;0.467;1.520;2003.648;-0.217;6.457
32.7;27.00;0.483;1.534;1997.308;-0.590;6.331
32.8;27.00;0.478;1.529;1995.991;-0.534;6.335
32.8;27.00;0.468;1.524;2014.163;-0.220;6.446
32.8;27.00;0.457;1.499;2007.405;-0.091;6.747
32.8;27.00;0.467;1.520;1996.540;-0.296;6.443
32.8;27.00;0.481;1.529;2000.347;-0.557;6.410
32.7;27.00;0.484;1.541;1992.314;-0.662;6.231
32.7;27.00;0.441;1.546;1996.321;0.015;6.087
32.7;27.00;0.459;1.546;1992.589;-0.287;6.140
32.7;27.00;0.485;1.544;2000.584;-0.641;6.138
32.7;27.00;0.480;1.539;2001.716;-0.541;6.190
32.6;27.00;0.478;1.539;1999.682;-0.599;6.248
32.6;27.00;0.436;1.551;1981.128;-0.070;6.070
32.6;27.00;0.466;1.540;1996.980;-0.399;6.179
32.7;27.00;0.484;1.536;2016.054;-0.590;6.305
32.7;27.00;0.470;1.526;2010.639;-0.271;6.418
32.7;27.00;0.460;1.510;1999.493;-0.159;6.612
32.7;27.00;0.469;1.522;1999.807;-0.305;6.477
32.7;27.00;0.484;1.542;2000.052;-0.694;6.202
32.7;27.00;0.464;1.540;1992.628;-0.375;6.170
32.7;27.00;0.475;1.546;2002.455;-0.552;6.175
32.7;27.00;0.464;1.521;2015.068;-0.186;6.531
32.7;27.00;0.458;1.502;2005.991;-0.082;6.747
32.7;27.00;0.478;1.524;1994.632;-0.530;6.463
32.6;27.00;0.468;1.544;1992.207;-0.475;6.173
32.6;27.00;0.468;1.547;2001.172;-0.460;6.103
32.7;27.00;0.484;1.538;2016.105;-0.522;6.279
32.7;27.00;0.465;1.513;2009.616;-0.192;6.604
32.7;27.00;0.450;1.494;2004.617;0.036;6.798
32.7;27.00;0.453;1.495;2003.373;0.037;6.837
32.7;27.00;0.466;1.509;1999.441;-0.226;6.657
32.6;27.00;0.485;1.528;2000.773;-0.599;6.365
32.6;27.00;0.475;1.530;2006.141;-0.268;6.468
32.6;27.00;0.454;1.492;2017.688;-0.001;6.893
32.6;27.00;0.447;1.493;1995.637;0.064;6.892
32.6;27.00;0.466;1.521;2003.839;-0.257;6.515
32.6;27.00;0.489;1.533;1983.344;-0.705;6.334
32.6;27.00;0.480;1.545;2001.482;-0.613;6.150
32.6;27.00;0.485;1.547;2006.016;-0.629;6.172
32.7;27.00;0.482;1.545;2003.414;-0.632;6.216
32.7;27.00;0.476;1.534;2002.779;-0.461;6.331
32.7;27.00;0.468;1.519;2002.306;-0.239;6.549
32.7;27.00;0.491;1.539;1989.712;-0.748;6.261
32.7;27.00;0.476;1.541;2001.789;-0.587;6.222
32.6;27.00;0.476;1.526;2008.048;-0.388;6.434
32.6;27.00;0.465;1.504;2012.319;-0.179;6.775
32.6;27.00;0.453;1.490;2003.863;0.019;6.891
32.6;27.00;0.459;1.499;2002.724;-0.076;6.809
32.6;27.00;0.468;1.505;1994.925;-0.214;6.727
32.6;27.00;0.474;1.528;2006.274;-0.385;6.410
32.6;27.00;0.484;1.534;2007.448;-0.571;6.401
32.6;27.00;0.469;1.522;2010.966;-0.270;6.532
32.6;27.00;0.442;1.493;1998.423;0.223;6.795
32.6;27.00;0.458;1.497;2002.279;-0.050;6.837
32.6;27.00;0.477;1.538;1988.290;-0.439;6.337
32.6;27.00;0.482;1.536;1996.846;-0.618;6.294
32.7;27.00;0.476;1.522;2010.461;-0.369;6.510
32.7;27.00;0.460;1.501;2010.617;-0.121;6.835
32.7;27.00;0.448;1.492;2009.224;0.110;6.859
32.7;27.00;0.442;1.488;1995.400;0.179;6.907
32.7;27.00;0.453;1.490;1996.577;0.047;6.955
32.7;27.00;0.462;1.512;2000.096;-0.178;6.634
32.7;27.00;0.475;1.531;2006.806;-0.422;6.443
32.7;27.00;0.460;1.498;2007.109;-0.122;6.932
32.7;27.00;0.432;1.493;2005.099;0.343;6.725
32.7;27.00;0.450;1.488;1994.042;0.076;6.992
32.7;27.00;0.476;1.527;1993.402;-0.369;6.512
32.7;27.00;0.469;1.527;1997.304;-0.343;6.473
32.7;27.00;0.466;1.527;2012.731;-0.233;6.469
32.7;27.00;0.473;1.520;2005.528;-0.330;6.587
32.7;27.00;0.461;1.516;2003.648;-0.152;6.609
32.7;27.00;0.456;1.506;2003.545;-0.050;6.754
32.7;27.00;0.456;1.502;2002.051;-0.033;6.873
32.7;27.00;0.460;1.521;2004.678;-0.172;6.566
32.7;27.00;0.472;1.516;2006.977;-0.248;6.615
32.7;27.00;0.443;1.490;2004.287;0.214;6.923
32.8;27.00;0.430;1.494;2006.527;0.374;6.747
32.8;27.00;0.432;1.496;2000.440;0.379;6.772
32.8;27.00;0.444;1.482;1999.932;0.192;7.018
32.7;27.00;0.449;1.492;1996.372;0.048;6.922
32.7;27.00;0.458;1.502;2006.405;-0.050;6.839
32.7;27.00;0.464;1.504;2007.932;-0.150;6.842
32.7;27.00;0.442;1.496;2007.566;0.211;6.767
32.7;27.00;0.433;1.489;1991.202;0.347;6.890
32.9;27.00;0.448;1.486;1995.687;0.109;7.048
32.9;27.00;0.471;1.528;2003.835;-0.365;6.440
32.9;27.00;0.480;1.527;1994.606;-0.443;6.497
32.9;27.00;0.457;1.496;2015.944;-0.002;6.925
32.9;27.00;0.441;1.492;2006.390;0.248;6.836
33.0;27.00;0.432;1.492;2005.555;0.357;6.857
33.0;27.00;0.433;1.485;1988.976;0.361;6.910
32.9;27.00;0.440;1.487;1991.873;0.212;6.924
32.9;27.00;0.456;1.495;2004.549;-0.011;6.900
32.9;27.00;0.455;1.498;2009.160;-0.001;6.925
32.8;27.00;0.427;1.497;2003.754;0.414;6.715
32.8;27.00;0.426;1.495;1990.543;0.460;6.746
32.7;27.00;0.447;1.486;1997.744;0.127;7.019
32.7;27.00;0.458;1.498;2000.812;-0.074;6.862
32.7;27.00;0.465;1.514;1993.986;-0.190;6.704
32.7;27.00;0.459;1.510;2005.968;-0.071;6.845
32.7;27.00;0.460;1.502;2007.641;-0.037;6.801
32.8;27.00;0.446;1.494;2009.573;0.167;6.963
32.8;27.00;0.436;1.486;1994.176;0.310;6.987
32.8;27.00;0.456;1.495;2001.484;-0.071;6.922
32.9;27.00;0.457;1.500;2013.459;-0.032;6.900
32.9;27.00;0.451;1.490;2006.811;0.220;7.021
32.8;27.00;0.425;1.501;2000.260;0.422;6.620
32.8;27.00;0.405;1.536;1996.411;0.724;6.018
32.8;27.00;0.406;1.533;1985.601;0.714;6.042
32.9;27.00;0.418;1.504;1990.285;0.532;6.604
32.9;27.00;0.433;1.488;1989.706;0.359;6.925
32.9;27.00;0.439;1.486;2000.425;0.279;7.020
32.9;27.00;0.433;1.494;2008.633;0.323;6.808
32.9;27.00;0.413;1.519;1998.356;0.633;6.342
32.8;27.00;0.421;1.495;1978.236;0.512;6.708
32.8;27.00;0.446;1.492;1993.225;0.121;6.983
32.7;27.00;0.466;1.519;2001.726;-0.154;6.679
32.7;27.00;0.464;1.518;2010.831;-0.196;6.727
32.7;27.00;0.438;1.489;2000.306;0.282;6.895
32.7;27.00;0.431;1.501;2007.218;0.391;6.742
32.7;27.00;0.411;1.531;1997.544;0.669;6.094
32.6;27.00;0.413;1.515;1992.251;0.618;6.424
32.6;27.00;0.435;1.491;1989.535;0.350;6.916
32.6;27.00;0.446;1.487;2000.940;0.178;7.050
32.6;27.00;0.435;1.494;2011.077;0.304;6.864
32.6;27.00;0.414;1.518;1989.776;0.700;6.184
32.8;27.00;0.415;1.505;1982.497;0.647;6.525
32.8;27.00;0.425;1.499;2002.826;0.453;6.801
32.8;27.00;0.439;1.490;2004.386;0.261;7.031
32.9;27.00;0.451;1.489;1995.032;0.088;7.110
32.9;27.00;0.436;1.491;2000.382;0.329;6.948
32.8;27.00;0.434;1.497;2014.729;0.352;6.831
32.8;27.00;0.408;1.525;1995.187;0.720;6.276
32.8;27.00;0.409;1.515;1991.606;0.685;6.441
32.8;27.00;0.431;1.492;1992.611;0.390;6.865
32.8;27.00;0.424;1.506;2008.242;0.514;6.642
32.7;27.00;0.416;1.516;2008.379;0.575;6.372
32.7;27.00;0.408;1.541;1992.488;0.665;6.003
32.7;27.00;0.418;1.550;1994.862;0.417;5.829
32.7;27.00;0.406;1.557;1998.769;0.550;5.728
32.7;27.00;0.413;1.511;1992.320;0.604;6.489
32.7;27.00;0.427;1.486;1985.323;0.444;7.023
32.7;27.00;0.432;1.497;2005.667;0.380;6.830
32.7;27.00;0.418;1.515;2009.586;0.585;6.551
32.7;27.00;0.405;1.539;1996.893;0.691;6.014
32.7;27.00;0.409;1.519;1982.079;0.672;6.345
32.7;27.00;0.443;1.486;1991.863;0.201;7.094
32.7;27.00;0.452;1.496;2005.326;0.054;6.986
32.7;27.00;0.440;1.497;2007.425;0.249;6.890
32.7;27.00;0.422;1.514;1995.336;0.522;6.513
32.7;27.00;0.412;1.551;2001.005;0.562;5.833
32.7;27.00;0.409;1.553;1994.054;0.541;5.791
32.7;27.00;0.410;1.535;1986.879;0.647;6.092
32.7;27.00;0.422;1.497;1986.943;0.499;6.767
32.7;27.00;0.419;1.512;2003.604;0.562;6.468
32.7;27.00;0.407;1.551;2003.677;0.703;5.903
32.7;27.00;0.422;1.552;1995.859;0.270;5.860
32.7;27.00;0.408;1.548;1982.959;0.531;5.862
32.7;27.00;0.408;1.530;1990.670;0.700;6.177
32.7;27.00;0.419;1.508;1995.513;0.582;6.612
32.7;27.00;0.423;1.504;1999.805;0.476;6.670
32.8;27.00;0.417;1.514;1989.270;0.615;6.516
32.8;27.00;0.408;1.541;2002.204;0.669;5.990
32.8;27.00;0.403;1.550;1998.402;0.695;5.843
32.8;27.00;0.413;1.523;1988.268;0.608;6.309
32.8;27.00;0.416;1.516;1983.416;0.642;6.459
32.8;27.00;0.411;1.531;2008.420;0.683;6.181
32.8;27.00;0.408;1.554;2000.988;0.613;5.837
32.8;27.00;0.420;1.552;1994.909;0.296;5.859
32.7;27.00;0.437;1.547;1991.835;0.027;5.907
32.7;27.00;0.404;1.541;1993.849;0.687;6.009
32.7;27.00;0.410;1.513;1990.909;0.694;6.511
32.7;27.00;0.424;1.499;1993.312;0.478;6.815
32.7;27.00;0.414;1.524;1994.848;0.673;6.387
32.7;27.00;0.413;1.552;2007.881;0.486;5.868
32.7;27.00;0.417;1.557;1994.373;0.359;5.746
32.7;27.00;0.418;1.506;1977.427;0.569;6.638
32.7;27.00;0.438;1.492;1993.184;0.332;6.994
32.7;27.00;0.438;1.501;2018.198;0.377;6.811
32.7;27.00;0.408;1.547;2004.894;0.709;6.027
32.7;27.00;0.417;1.554;1995.047;0.393;5.821
32.7;27.00;0.460;1.548;2002.167;-0.391;5.949
32.7;27.00;0.432;1.554;1992.522;0.102;5.901
32.7;27.00;0.406;1.550;1990.804;0.625;5.921
32.7;27.00;0.407;1.541;1993.853;0.631;5.989
32.7;27.00;0.429;1.558;2002.588;0.211;5.839
32.7;27.00;0.485;1.547;2017.558;-0.767;6.029
32.7;27.00;0.491;1.534;2002.232;-0.844;6.194
32.7;27.00;0.429;1.555;1981.715;0.181;5.871
32.9;27.00;0.412;1.553;1992.589;0.536;5.924
32.9;27.00;0.402;1.542;2001.797;0.725;6.036
32.9;27.00;0.411;1.551;1997.740;0.569;5.906
32.9;27.00;0.421;1.548;1992.570;0.322;5.956
32.9;27.00;0.450;1.555;2004.576;-0.174;5.905
32.7;27.00;0.431;1.554;1992.575;0.154;5.903
32.7;27.00;0.406;1.546;1992.598;0.630;6.002
32.8;27.00;0.404;1.553;1995.676;0.648;5.857
32.8;27.00;0.429;1.556;1999.997;0.228;5.874
32.8;27.00;0.466;1.545;2006.251;-0.638;6.098
32.9;27.00;0.491;1.538;2003.928;-0.868;6.164
32.9;27.00;0.470;1.541;1985.311;-0.537;6.141
32.9;27.00;0.412;1.553;1991.655;0.505;5.914
32.9;27.00;0.405;1.550;1997.237;0.651;5.866
32.9;27.00;0.409;1.545;1992.123;0.685;6.035
32.9;27.00;0.429;1.558;2005.104;0.185;5.864
32.9;27.00;0.482;1.546;2005.578;-0.717;6.036
32.8;27.00;0.427;1.549;1992.243;0.231;5.996
32.8;27.00;0.406;1.527;1989.056;0.743;6.347
32.8;27.00;0.405;1.533;1995.583;0.707;6.196
32.8;27.00;0.411;1.555;2009.927;0.615;5.897
32.8;27.00;0.451;1.551;2005.498;-0.186;5.993
32.8;27.00;0.488;1.542;2009.660;-0.820;6.136
32.8;27.00;0.497;1.532;1998.122;-0.888;6.298
32.8;27.00;0.475;1.545;2000.829;-0.637;6.133
32.8;27.00;0.446;1.555;1997.668;-0.171;5.888
32.8;27.00;0.446;1.552;1992.601;-0.071;6.001
32.7;27.00;0.494;1.543;2017.934;-0.850;6.143
32.7;27.00;0.488;1.520;2013.076;-0.636;6.421
32.7;27.00;0.484;1.539;1990.221;-0.744;6.175
32.9;27.00;0.436;1.551;1989.719;0.014;5.981
32.9;27.00;0.441;1.553;2000.018;-0.068;5.921
33.0;27.00;0.424;1.558;1993.734;0.326;5.881
33.0;27.00;0.431;1.554;1999.670;0.138;5.937
33.0;27.00;0.471;1.548;2002.549;-0.592;6.035
33.0;27.00;0.477;1.543;1996.832;-0.632;6.180
33.0;27.00;0.437;1.548;1986.576;0.055;6.017
33.0;27.00;0.415;1.564;2003.221;0.426;5.752
33.0;27.00;0.448;1.552;1988.558;-0.110;6.003
33.0;27.00;0.484;1.549;2007.380;-0.725;6.053
32.9;27.00;0.500;1.533;2013.557;-0.941;6.261
32.9;27.00;0.495;1.536;2000.722;-0.876;6.268
32.9;27.00;0.470;1.543;1988.159;-0.523;6.118
32.9;27.00;0.460;1.550;2001.138;-0.415;6.040
32.9;27.00;0.424;1.559;1991.307;0.328;5.873
33.0;27.00;0.433;1.558;2003.660;0.086;5.947
33.0;27.00;0.500;1.532;2012.560;-0.894;6.262
32.9;27.00;0.501;1.533;2001.737;-0.934;6.292
32.9;27.00;0.446;1.551;1984.868;-0.106;6.040
32.9;27.00;0.414;1.562;1999.516;0.414;5.823
32.8;27.00;0.438;1.556;1989.202;0.041;5.949
32.8;27.00;0.493;1.548;2018.020;-0.875;6.129
32.8;27.00;0.497;1.533;2010.556;-0.884;6.303
32.8;27.00;0.489;1.528;2008.654;-0.659;6.396
32.8;27.00;0.484;1.519;2003.025;-0.540;6.484
32.8;27.00;0.492;1.530;2005.249;-0.771;6.380
32.8;27.00;0.494;1.544;2002.443;-0.870;6.198
32.9;27.00;0.489;1.542;2009.001;-0.829;6.235
32.9;27.00;0.476;1.507;2015.828;-0.335;6.625
32.9;27.00;0.474;1.506;2004.669;-0.336;6.731
32.9;27.00;0.490;1.542;1999.350;-0.856;6.212
32.9;27.00;0.480;1.546;2003.548;-0.745;6.163
32.8;27.00;0.474;1.547;1991.540;-0.547;6.116
32.8;27.00;0.467;1.551;2007.394;-0.486;6.064
32.8;27.00;0.462;1.553;2006.483;-0.400;6.012
32.8;27.00;0.485;1.544;1998.396;-0.759;6.204
32.8;27.00;0.483;1.546;1998.089;-0.729;6.173
32.8;27.00;0.464;1.553;2006.207;-0.450;6.045
32.8;27.00;0.444;1.556;1999.694;-0.069;5.984
32.8;27.00;0.475;1.549;1999.341;-0.598;6.113
32.9;27.00;0.498;1.525;2014.620;-0.810;6.439
32.9;27.00;0.491;1.524;2008.781;-0.616;6.479
33.0;27.00;0.487;1.530;2007.086;-0.681;6.358
33.0;27.00;0.492;1.535;1998.524;-0.851;6.326
33.0;27.00;0.491;1.544;1996.648;-0.798;6.163
32.9;27.00;0.457;1.552;2005.540;-0.366;6.058
32.9;27.00;0.499;1.538;2015.921;-0.897;6.252
32.9;27.00;0.475;1.513;2001.429;-0.323;6.678
32.9;27.00;0.476;1.513;2005.374;-0.434;6.645
32.9;27.00;0.491;1.537;2007.951;-0.888;6.310
32.9;27.00;0.459;1.550;1995.057;-0.317;6.076
32.9;27.00;0.485;1.549;2002.564;-0.719;6.131
32.8;27.00;0.484;1.525;2016.632;-0.564;6.456
32.8;27.00;0.475;1.513;2009.574;-0.321;6.669
32.8;27.00;0.469;1.502;2008.596;-0.250;6.756
32.8;27.00;0.472;1.496;2004.877;-0.282;6.805
32.8;27.00;0.482;1.511;2002.301;-0.412;6.667
32.9;27.00;0.489;1.536;2010.933;-0.728;6.333
32.9;27.00;0.482;1.520;2009.440;-0.487;6.520
32.9;27.00;0.467;1.487;1996.842;-0.130;7.030
33.0;27.00;0.479;1.512;2001.518;-0.432;6.638
33.0;27.00;0.495;1.530;2010.831;-0.873;6.384
33.0;27.00;0.494;1.539;1990.722;-0.872;6.285
33.0;27.00;0.471;1.550;1992.993;-0.551;6.127
33.0;27.00;0.483;1.547;2003.719;-0.718;6.141
32.9;27.00;0.489;1.550;2007.307;-0.796;6.165
32.9;27.00;0.494;1.537;2010.033;-0.902;6.337
32.8;27.00;0.494;1.524;2002.993;-0.807;6.488
32.8;27.00;0.493;1.541;1999.871;-0.851;6.235
32.8;27.00;0.485;1.548;2009.316;-0.763;6.177
32.8;27.00;0.492;1.529;2014.584;-0.744;6.413
32.8;27.00;0.474;1.497;2008.613;-0.248;6.873
32.9;27.00;0.466;1.499;2010.299;-0.148;6.818
32.9;27.00;0.478;1.512;2005.217;-0.390;6.633
32.9;27.00;0.495;1.533;1995.716;-0.740;6.392
32.9;27.00;0.495;1.534;2002.545;-0.861;6.393
32.9;27.00;0.498;1.534;2013.683;-0.839;6.343
32.9;27.00;0.478;1.519;2010.068;-0.372;6.621
32.9;27.00;0.467;1.500;2005.578;-0.203;6.815
32.9;27.00;0.473;1.503;2002.970;-0.305;6.748
32.8;27.00;0.503;1.542;2006.372;-0.944;6.296
32.8;27.00;0.478;1.550;1999.928;-0.646;6.206
32.8;27.00;0.484;1.527;2014.628;-0.569;6.456
32.8;27.00;0.469;1.498;2014.209;-0.199;6.905
32.8;27.00;0.450;1.486;2012.312;0.127;6.974
32.7;27.00;0.463;1.494;2002.600;-0.087;6.900
32.7;27.00;0.475;1.508;1996.883;-0.310;6.757
32.7;27.00;0.483;1.528;2009.622;-0.569;6.493
32.7;27.00;0.484;1.524;2015.898;-0.587;6.520
32.7;27.00;0.474;1.508;2013.089;-0.289;6.754
32.8;27.00;0.465;1.489;1998.306;-0.166;6.938
32.8;27.00;0.479;1.514;2005.448;-0.448;6.658
32.8;27.00;0.496;1.533;2000.563;-0.767;6.418
32.8;27.00;0.490;1.541;1993.165;-0.843;6.309
32.8;27.00;0.502;1.531;2010.933;-1.005;6.415
32.8;27.00;0.488;1.530;2013.288;-0.563;6.496
32.8;27.00;0.476;1.513;2011.782;-0.365;6.696
32.8;27.00;0.477;1.510;2009.805;-0.362;6.686
32.8;27.00;0.481;1.520;1996.728;-0.472;6.618
32.8;27.00;0.486;1.526;2011.790;-0.573;6.546
32.8;27.00;0.484;1.519;2020.336;-0.508;6.560
32.8;27.00;0.456;1.487;2016.244;0.055;7.030
32.9;27.00;0.429;1.486;2000.705;0.453;6.844
32.9;27.00;0.442;1.480;1995.290;0.281;6.964
32.9;27.00;0.467;1.494;1999.713;-0.195;6.969
32.9;27.00;0.474;1.507;2002.503;-0.328;6.786
32.9;27.00;0.474;1.505;2008.110;-0.323;6.773
32.7;27.00;0.464;1.492;2014.768;-0.049;6.999
32.7;27.00;0.442;1.489;2008.748;0.217;6.897
32.7;27.00;0.457;1.481;1992.314;-0.007;7.089
32.7;27.00;0.486;1.515;1992.099;-0.580;6.690
32.7;27.00;0.491;1.535;2008.402;-0.799;6.396
32.9;27.00;0.498;1.540;2016.074;-0.873;6.339
32.9;27.00;0.477;1.510;2003.249;-0.319;6.784
32.9;27.00;0.453;1.489;2016.146;0.035;6.973
32.9;27.00;0.451;1.484;2006.702;0.109;7.031
32.9;27.00;0.472;1.493;1998.931;-0.243;6.968
32.8;27.00;0.477;1.517;2003.678;-0.437;6.674
32.8;27.00;0.479;1.517;2014.873;-0.423;6.598
32.8;27.00;0.472;1.502;2015.705;-0.198;6.876
32.8;27.00;0.439;1.486;2012.390;0.276;6.977
32.8;27.00;0.453;1.474;1991.127;0.081;7.159
32.9;27.00;0.468;1.488;2003.573;-0.179;7.059
32.9;27.00;0.480;1.519;2006.732;-0.460;6.637
32.9;27.00;0.486;1.528;2010.824;-0.612;6.494
32.9;27.00;0.477;1.516;2003.419;-0.304;6.794
32.9;27.00;0.466;1.495;2016.904;-0.124;6.939
32.9;27.00;0.451;1.484;2009.545;0.129;7.032
32.9;27.00;0.454;1.478;1999.185;0.095;7.157
32.9;27.00;0.469;1.505;1996.738;-0.268;6.846
32.8;27.00;0.464;1.493;2018.597;-0.097;6.931
32.8;27.00;0.453;1.483;2010.466;0.176;7.043
32.8;27.00;0.421;1.506;2007.073;0.529;6.459
32.8;27.00;0.409;1.519;1981.759;0.698;6.197
32.8;27.00;0.419;1.498;1990.195;0.602;6.633
32.9;27.00;0.450;1.486;2000.620;0.172;7.010
32.9;27.00;0.469;1.500;2003.528;-0.230;6.898
32.9;27.00;0.471;1.500;2001.986;-0.154;6.939
32.9;27.00;0.449;1.491;2022.369;0.143;6.931
32.9;27.00;0.429;1.485;1992.362;0.484;6.866
32.8;27.00;0.468;1.490;1995.581;-0.213;7.058
32.8;27.00;0.485;1.524;2001.090;-0.559;6.610
32.9;27.00;0.487;1.527;2021.432;-0.544;6.541
32.9;27.00;0.478;1.516;2019.512;-0.356;6.754
32.9;27.00;0.451;1.488;2012.640;0.079;7.008
33.0;27.00;0.438;1.485;1997.514;0.412;6.847
33.0;27.00;0.428;1.492;2000.699;0.497;6.838
33.0;27.00;0.441;1.480;1998.643;0.263;7.078
33.0;27.00;0.460;1.489;2000.582;-0.062;7.055
33.0;27.00;0.456;1.489;2003.904;0.044;7.064
33.0;27.00;0.435;1.492;2017.588;0.379;6.849
33.0;27.00;0.413;1.521;1991.013;0.717;6.193
33.0;27.00;0.436;1.477;1982.600;0.375;7.111
33.0;27.00;0.451;1.487;2006.041;0.104;7.013
33.0;27.00;0.460;1.489;2010.505;-0.021;7.088
33.0;27.00;0.463;1.491;2006.180;-0.055;7.061
33.0;27.00;0.455;1.490;2004.147;0.048;7.004
33.0;27.00;0.437;1.486;2006.622;0.368;6.915
33.0;27.00;0.429;1.490;1995.587;0.488;6.823
33.0;27.00;0.432;1.488;1996.634;0.423;6.900
33.0;27.00;0.447;1.480;1998.777;0.170;7.107
33.0;27.00;0.425;1.501;2001.818;0.576;6.590
33.0;27.00;0.412;1.530;2004.828;0.662;6.115
33.0;27.00;0.409;1.525;1989.076;0.735;6.159
33.0;27.00;0.415;1.510;1982.242;0.653;6.396
32.9;27.00;0.425;1.499;1996.623;0.517;6.729
32.9;27.00;0.448;1.481;2000.544;0.151;7.130
32.8;27.00;0.469;1.495;1999.015;-0.153;7.029
32.8;27.00;0.450;1.489;2011.202;0.129;7.069
32.8;27.00;0.426;1.493;2000.174;0.571;6.726
33.0;27.00;0.434;1.483;1993.596;0.413;7.004
33.0;27.00;0.467;1.498;1995.399;-0.206;6.999
33.0;27.00;0.471;1.501;2002.840;-0.238;6.929
33.0;27.00;0.471;1.492;2010.603;-0.126;7.091
33.0;27.00;0.433;1.492;2018.046;0.398;6.902
32.9;27.00;0.424;1.497;2000.982;0.552;6.710
32.9;27.00;0.410;1.523;1986.285;0.655;6.249
32.9;27.00;0.416;1.521;1999.327;0.644;6.251
32.9;27.00;0.427;1.491;1995.597;0.491;6.776
32.9;27.00;0.439;1.483;2000.055;0.348;7.077
33.0;27.00;0.409;1.528;2006.882;0.724;6.201
33.0;27.00;0.434;1.546;2003.369;0.170;5.873
33.0;27.00;0.413;1.537;1986.180;0.496;6.015
33.0;27.00;0.424;1.506;1991.097;0.480;6.571
33.0;27.00;0.417;1.507;1987.437;0.628;6.531
33.0;27.00;0.423;1.501;1998.624;0.601;6.616
33.0;27.00;0.423;1.507;2004.506;0.531;6.548
33.0;27.00;0.412;1.512;1991.492;0.706;6.434
33.0;27.00;0.409;1.512;1988.746;0.764;6.459
33.0;27.00;0.425;1.501;2002.146;0.475;6.691
33.0;27.00;0.445;1.483;2000.311;0.260;7.052
33.0;27.00;0.442;1.481;1997.052;0.305;7.111
33.0;27.00;0.412;1.522;2007.188;0.683;6.365
33.0;27.00;0.414;1.522;1996.079;0.678;6.280
33.0;27.00;0.405;1.533;1995.744;0.751;6.089
33.0;27.00;0.420;1.509;1988.127;0.554;6.470
33.0;27.00;0.421;1.497;1991.316;0.595;6.776
33.1;27.00;0.442;1.483;1993.680;0.339;7.113
33.1;27.00;0.448;1.484;2012.888;0.138;7.195
33.1;27.00;0.422;1.497;1999.391;0.550;6.761
33.1;27.00;0.408;1.530;1986.853;0.758;6.187
33.1;27.00;0.420;1.506;1998.827;0.556;6.601
33.1;27.00;0.450;1.485;2001.237;0.176;7.153
33.1;27.00;0.456;1.480;1991.840;0.067;7.247
33.1;27.00;0.435;1.490;2016.459;0.375;6.969
33.1;27.00;0.409;1.532;1996.691;0.739;6.105
33.1;27.00;0.413;1.542;2000.056;0.552;5.972
33.1;27.00;0.425;1.541;1985.984;0.319;5.977
33.1;27.00;0.418;1.545;1988.242;0.460;5.908
33.1;27.00;0.414;1.530;1989.726;0.632;6.154
33.0;27.00;0.409;1.539;2004.484;0.627;6.013
33.0;27.00;0.437;1.540;1991.177;0.099;5.978
33.0;27.00;0.466;1.540;1999.088;-0.420;6.011
33.0;27.00;0.432;1.547;1987.634;0.161;5.902
33.0;27.00;0.409;1.527;1990.586;0.704;6.231
33.1;27.00;0.412;1.509;1980.608;0.716;6.499
33.1;27.00;0.431;1.495;2002.872;0.425;6.908
33.1;27.00;0.433;1.486;2002.420;0.442;6.944
33.1;27.00;0.416;1.515;1989.724;0.721;6.409
33.1;27.00;0.410;1.533;1992.118;0.659;6.123
33.1;27.00;0.417;1.507;1988.253;0.683;6.608
33.1;27.00;0.428;1.489;2001.957;0.467;6.972
33.0;27.00;0.430;1.493;1997.521;0.431;6.916
33.0;27.00;0.409;1.533;1993.126;0.729;6.096
33.0;27.00;0.423;1.555;2001.252;0.329;5.872
33.0;27.00;0.457;1.545;2003.206;-0.291;5.976
33.0;27.00;0.412;1.543;1982.820;0.561;5.979
33.0;27.00;0.412;1.530;1984.958;0.669;6.159
33.0;27.00;0.421;1.510;1996.042;0.557;6.580
33.0;27.00;0.426;1.502;2001.412;0.563;6.653
33.0;27.00;0.414;1.549;1992.483;0.543;5.950
33.0;27.00;0.427;1.546;1994.537;0.254;5.962
33.0;27.00;0.416;1.538;1984.847;0.550;6.054
33.0;27.00;0.416;1.508;1993.356;0.655;6.588
33.0;27.00;0.417;1.512;1993.657;0.616;6.568
33.0;27.00;0.428;1.551;2001.468;0.326;5.854
33.0;27.00;0.441;1.548;2004.332;0.015;5.961
33.0;27.00;0.486;1.532;2012.081;-0.665;6.175
33.0;27.00;0.481;1.534;1986.388;-0.621;6.217
33.0;27.00;0.444;1.533;1984.375;-0.065;6.130
33.1;27.00;0.421;1.552;1999.639;0.346;5.876
33.1;27.00;0.423;1.549;1997.386;0.391;5.916
33.1;27.00;0.460;1.537;1992.279;-0.303;6.147
33.1;27.00;0.463;1.544;2000.440;-0.409;6.001
33.1;27.00;0.414;1.545;1982.555;0.534;5.946
33.0;27.00;0.415;1.533;1987.076;0.557;6.172
33.0;27.00;0.418;1.507;1985.083;0.604;6.637
33.0;27.00;0.416;1.516;1999.566;0.698;6.490
33.0;27.00;0.414;1.521;1999.520;0.722;6.452
33.0;27.00;0.414;1.543;2002.596;0.525;5.957
33.0;27.00;0.417;1.538;1984.049;0.507;6.042
33.0;27.00;0.413;1.526;1987.782;0.662;6.238
33.1;27.00;0.406;1.534;2005.438;0.753;6.205
33.1;27.00;0.411;1.539;1995.048;0.649;6.089
33.1;27.00;0.442;1.542;1992.144;-0.005;6.072
33.1;27.00;0.488;1.536;2009.125;-0.761;6.139
33.1;27.00;0.459;1.540;1986.649;-0.296;6.082
33.0;27.00;0.422;1.543;1987.104;0.346;6.014
33.0;27.00;0.419;1.546;1987.938;0.412;5.995
33.0;27.00;0.412;1.541;1996.452;0.619;6.037
33.0;27.00;0.430;1.548;2005.804;0.248;5.968
33.0;27.00;0.485;1.533;2010.320;-0.711;6.211
33.0;27.00;0.481;1.532;1982.095;-0.613;6.201
33.0;27.00;0.424;1.541;1984.208;0.368;6.061
33.0;27.00;0.410;1.546;1994.775;0.684;6.023
33.1;27.00;0.421;1.545;1993.959;0.414;5.995
33.1;27.00;0.464;1.540;2000.004;-0.406;6.107
33.0;27.00;0.482;1.537;2008.476;-0.666;6.202
33.0;27.00;0.480;1.536;1992.189;-0.566;6.196
33.0;27.00;0.462;1.538;1982.899;-0.342;6.114
33.0;27.00;0.429;1.551;1993.033;0.199;5.924
33.0;27.00;0.415;1.544;1995.254;0.542;6.016
33.0;27.00;0.433;1.547;1999.523;0.172;6.016
33.0;27.00;0.485;1.535;2006.575;-0.723;6.224
33.0;27.00;0.478;1.534;1983.891;-0.569;6.193
33.0;27.00;0.418;1.549;1992.040;0.437;5.993
33.0;27.00;0.411;1.549;1996.459;0.611;5.952
33.0;27.00;0.409;1.535;1982.757;0.649;6.119
33.0;27.00;0.419;1.544;1994.487;0.436;6.072
33.0;27.00;0.441;1.552;2006.254;0.056;5.949
33.0;27.00;0.454;1.548;1990.818;-0.141;6.004
33.0;27.00;0.442;1.539;1985.530;-0.026;6.144
33.1;27.00;0.425;1.553;1990.896;0.331;5.934
33.1;27.00;0.414;1.550;1999.237;0.543;5.922
33.1;27.00;0.467;1.545;2004.110;-0.398;6.050
33.1;27.00;0.477;1.523;2008.506;-0.460;6.390
33.1;27.00;0.466;1.514;2007.951;-0.241;6.525
33.1;27.00;0.476;1.532;1998.225;-0.568;6.271
33.1;27.00;0.482;1.536;2002.827;-0.699;6.209
33.1;27.00;0.464;1.538;1985.495;-0.413;6.132
33.0;26.93;0.471;1.547;2001.529;-0.479;6.031
33.0;26.93;0.482;1.530;2018.796;-0.420;6.326
33.1;26.93;0.468;1.523;1996.959;-0.295;6.409
33.1;26.93;0.462;1.533;1974.226;-0.365;6.204
33.1;26.93;0.423;1.553;1995.018;0.337;5.940
33.1;26.93;0.410;1.542;1993.620;0.703;6.100
33.1;26.93;0.443;1.550;2000.752;0.030;5.979
33.0;26.93;0.480;1.537;2007.002;-0.684;6.210
33.0;26.93;0.484;1.534;2004.327;-0.567;6.259
33.0;26.93;0.476;1.539;1995.604;-0.604;6.160
33.0;27.00;0.463;1.544;1995.453;-0.402;6.100
33.0;27.00;0.438;1.544;1984.696;0.060;6.084
33.0;27.00;0.455;1.550;2002.966;-0.190;6.003
33.0;27.00;0.479;1.537;2020.641;-0.513;6.237
33.0;27.00;0.482;1.527;1987.876;-0.535;6.372
33.0;27.00;0.473;1.538;1982.050;-0.520;6.159
33.0;27.00;0.461;1.545;2000.722;-0.323;6.117
33.1;27.00;0.431;1.553;1991.576;0.217;5.967
33.1;27.00;0.436;1.547;1990.406;0.154;6.069
33.1;27.00;0.477;1.547;2011.643;-0.631;6.097
33.0;27.00;0.480;1.542;2002.510;-0.599;6.161
33.0;27.00;0.476;1.545;1998.739;-0.569;6.123
33.1;27.00;0.473;1.540;1997.976;-0.549;6.186
33.1;27.00;0.484;1.542;2004.369;-0.672;6.151
33.1;27.00;0.476;1.537;2015.251;-0.450;6.261
33.1;27.00;0.456;1.503;2013.217;-0.077;6.753
33.1;27.00;0.453;1.483;1993.411;0.058;6.955
33.2;27.00;0.452;1.491;1998.430;-0.019;6.799
33.2;27.00;0.475;1.522;2003.739;-0.421;6.450
33.2;27.00;0.483;1.534;1997.015;-0.657;6.312
33.1;27.00;0.474;1.538;1990.420;-0.531;6.232
33.1;27.00;0.484;1.533;2020.146;-0.626;6.303
33.0;27.00;0.471;1.520;2001.756;-0.334;6.476
33.0;27.00;0.478;1.534;1990.559;-0.604;6.271
33.0;27.00;0.440;1.549;1981.097;0.030;6.021
33.1;27.00;0.433;1.555;1989.384;0.214;5.947
33.1;27.00;0.436;1.549;2005.212;0.141;6.068
33.1;27.00;0.483;1.538;2008.921;-0.617;6.289
33.1;27.00;0.472;1.525;1997.387;-0.346;6.413
33.1;27.00;0.457;1.512;2007.058;-0.100;6.588
33.0;27.00;0.481;1.528;1999.384;-0.490;6.377
33.0;27.00;0.481;1.535;1995.276;-0.591;6.299
33.0;27.00;0.485;1.536;1989.480;-0.657;6.258
33.0;27.00;0.480;1.535;2019.744;-0.509;6.341
33.0;27.00;0.468;1.517;2004.432;-0.239;6.550
33.1;27.00;0.474;1.526;1993.062;-0.445;6.411
33.1;27.00;0.486;1.537;1998.476;-0.678;6.290
33.1;27.00;0.479;1.539;1998.559;-0.541;6.268
33.1;27.00;0.475;1.542;2002.206;-0.551;6.165
33.1;27.00;0.486;1.529;2006.237;-0.655;6.395
33.1;27.00;0.467;1.511;2001.457;-0.203;6.642
33.1;27.00;0.459;1.506;2008.715;-0.114;6.681
33.1;27.00;0.467;1.518;2007.289;-0.262;6.563
33.1;27.00;0.472;1.529;2000.172;-0.362;6.378
33.1;27.00;0.467;1.511;2001.289;-0.225;6.607
33.1;27.00;0.462;1.502;2017.467;-0.152;6.776
33.1;27.00;0.452;1.493;2000.713;0.044;6.896
33.1;27.00;0.448;1.493;2001.969;0.068;6.859
33.1;27.00;0.462;1.495;2002.983;-0.127;6.873
33.1;27.00;0.469;1.519;2005.051;-0.280;6.540
33.1;27.00;0.480;1.535;1995.442;-0.588;6.291
33.1;27.00;0.483;1.533;1999.895;-0.603;6.371
33.1;27.00;0.467;1.514;2009.234;-0.182;6.614
33.1;27.00;0.458;1.511;2002.981;-0.112;6.665
33.1;27.00;0.475;1.529;2006.206;-0.431;6.409
33.1;27.00;0.470;1.546;1981.823;-0.491;6.171
33.1;27.00;0.476;1.540;1997.795;-0.531;6.193
33.1;27.00;0.486;1.541;2019.128;-0.659;6.257
33.1;27.00;0.473;1.526;2003.198;-0.329;6.453
33.1;27.00;0.461;1.504;2008.009;-0.126;6.748
33.1;27.00;0.452;1.497;2008.524;0.007;6.807
33.1;27.00;0.465;1.511;1997.814;-0.206;6.675
33.1;27.00;0.478;1.530;1999.620;-0.489;6.396
33.1;27.00;0.476;1.532;2008.548;-0.441;6.382
33.1;27.00;0.453;1.494;2014.678;0.064;6.862
33.1;27.00;0.435;1.490;2002.700;0.258;6.864
33.1;27.00;0.454;1.497;2003.371;-0.003;6.838
33.1;27.00;0.454;1.487;1998.972;0.031;6.956
33.1;27.00;0.457;1.498;2005.346;-0.050;6.767
33.1;27.00;0.459;1.514;2009.598;-0.076;6.677
33.1;27.00;0.465;1.511;2000.983;-0.169;6.647
33.1;27.00;0.443;1.486;2001.877;0.214;6.950
33.1;27.00;0.449;1.488;2009.163;0.082;6.934
33.1;27.00;0.458;1.497;1996.394;-0.076;6.869
33.1;27.00;0.467;1.520;1999.441;-0.245;6.560
33.1;27.00;0.462;1.505;2003.277;-0.115;6.789
33.1;27.00;0.455;1.491;2010.323;0.002;6.926
33.1;27.00;0.440;1.488;2012.255;0.199;6.893
33.1;27.00;0.439;1.485;1994.221;0.279;6.964
33.1;27.00;0.450;1.485;1992.492;0.088;6.986
33.1;27.00;0.457;1.503;2004.151;-0.061;6.743
33.1;27.00;0.472;1.531;2008.015;-0.376;6.462
33.1;27.00;0.466;1.524;2005.715;-0.229;6.519
33.1;27.00;0.442;1.494;2008.362;0.193;6.857
33.1;27.00;0.450;1.488;1995.996;0.190;6.993
33.1;27.00;0.468;1.519;1990.779;-0.234;6.599
33.1;27.00;0.483;1.537;1987.319;-0.609;6.316
33.1;27.00;0.476;1.534;2013.328;-0.387;6.411
33.1;27.00;0.464;1.502;2007.812;-0.130;6.808
33.1;27.00;0.448;1.496;2010.476;0.071;6.860
33.1;27.00;0.435;1.493;1996.979;0.366;6.739
33.1;27.00;0.412;1.510;1991.280;0.677;6.446
33.1;27.00;0.430;1.489;1994.631;0.414;6.809
33.1;27.00;0.448;1.491;2009.939;0.115;6.963
33.1;27.00;0.425;1.487;1999.275;0.457;6.823
33.1;27.00;0.406;1.552;2005.727;0.578;5.662
33.1;27.00;0.408;1.535;1987.499;0.627;5.955
33.1;27.00;0.426;1.495;1992.198;0.457;6.751
33.1;27.00;0.431;1.486;1990.033;0.345;6.922
33.1;27.00;0.449;1.493;2004.877;0.137;6.929
33.1;27.00;0.451;1.490;2001.702;0.092;6.987
33.1;27.00;0.447;1.493;2009.145;0.103;6.921
33.1;27.00;0.445;1.484;1999.933;0.184;6.999
33.1;27.00;0.439;1.487;1997.442;0.267;7.015
33.1;27.00;0.457;1.503;1998.169;-0.023;6.862
33.2;27.00;0.464;1.518;2006.788;-0.174;6.675
33.2;27.00;0.452;1.487;2006.424;0.081;7.017
33.2;27.00;0.421;1.505;2008.156;0.524;6.567
33.2;27.00;0.420;1.513;1995.385;0.556;6.421
33.2;27.00;0.436;1.481;1990.814;0.302;7.080
33.2;27.00;0.448;1.490;1998.322;0.056;6.953
33.2;27.00;0.462;1.504;2006.840;-0.109;6.839
33.2;27.00;0.473;1.512;2002.388;-0.286;6.727
33.2;27.00;0.458;1.503;2008.842;-0.052;6.829
33.2;27.00;0.434;1.487;1998.879;0.363;6.918
33.1;27.00;0.442;1.486;1995.384;0.241;6.994
33.1;27.00;0.456;1.509;2004.554;-0.111;6.769
33.1;27.00;0.469;1.519;1999.855;-0.220;6.655
33.1;27.00;0.449;1.488;2004.090;0.174;6.990
33.1;27.00;0.409;1.528;2006.282;0.685;6.170
33.1;27.00;0.413;1.550;2003.664;0.557;5.785
33.1;27.00;0.420;1.546;1985.933;0.328;5.856
33.1;27.00;0.408;1.545;1992.944;0.526;5.779
33.1;27.00;0.410;1.514;1992.433;0.647;6.390
33.1;27.00;0.416;1.507;1995.159;0.579;6.551
33.0;27.00;0.408;1.556;1998.960;0.624;5.695
33.0;27.00;0.439;1.547;1996.007;0.015;5.876
33.1;27.00;0.403;1.528;1984.126;0.689;6.126
33.1;27.00;0.434;1.488;1997.040;0.320;6.903
33.1;27.00;0.448;1.488;1989.495;0.115;7.026
33.1;27.00;0.450;1.487;2002.694;0.107;7.048
33.1;27.00;0.439;1.495;2001.501;0.289;6.890
33.1;27.00;0.428;1.499;2003.930;0.446;6.742
33.1;27.00;0.422;1.491;1984.664;0.504;6.820
33.1;27.00;0.437;1.489;1993.320;0.236;6.927
33.1;27.00;0.460;1.503;2004.018;-0.037;6.871
33.1;27.00;0.450;1.498;2007.184;0.103;6.956
33.1;27.00;0.426;1.502;2002.601;0.447;6.668
33.1;27.00;0.412;1.534;2002.703;0.616;6.071
33.1;27.00;0.405;1.524;1987.775;0.728;6.225
33.1;27.00;0.440;1.489;1991.018;0.260;6.958
33.1;27.00;0.448;1.491;1994.408;0.141;6.994
33.1;27.00;0.446;1.490;2004.160;0.133;7.047
33.1;27.00;0.438;1.494;2012.233;0.293;6.923
33.1;27.00;0.406;1.543;2002.064;0.653;5.944
33.1;27.00;0.405;1.537;1976.305;0.617;5.992
33.1;27.00;0.413;1.509;1991.124;0.616;6.491
33.1;27.00;0.432;1.496;2000.317;0.417;6.831
33.1;27.00;0.426;1.494;2005.438;0.424;6.871
33.1;27.00;0.409;1.553;2006.158;0.567;5.768
33.1;27.00;0.436;1.554;2000.400;0.043;5.789
33.1;27.00;0.454;1.545;2000.565;-0.284;5.955
33.2;27.00;0.418;1.553;1986.973;0.306;5.781
33.2;27.00;0.405;1.531;1981.286;0.716;6.175
33.2;27.00;0.414;1.512;1995.067;0.620;6.495
33.1;27.00;0.406;1.526;2001.280;0.723;6.233
33.1;27.00;0.416;1.551;1996.932;0.419;5.819
33.1;27.00;0.409;1.545;1975.211;0.491;5.963
33.1;27.00;0.408;1.524;1996.100;0.684;6.276
33.1;27.00;0.430;1.495;1995.638;0.428;6.896
33.2;27.00;0.435;1.483;1995.025;0.289;7.114
33.2;27.00;0.429;1.498;2001.608;0.411;6.757
33.1;27.00;0.438;1.498;2010.356;0.277;6.871
33.1;27.00;0.421;1.506;1994.083;0.564;6.605
33.1;27.00;0.426;1.495;1988.988;0.404;6.842
33.1;27.00;0.444;1.492;1993.465;0.229;7.028
33.1;27.00;0.439;1.493;2011.292;0.271;6.991
33.2;27.00;0.423;1.507;2007.127;0.521;6.576
33.2;27.00;0.408;1.544;1995.624;0.670;5.976
33.2;27.00;0.422;1.546;1990.457;0.311;5.936
33.3;27.00;0.415;1.557;2000.513;0.388;5.744
33.3;27.00;0.409;1.541;1991.352;0.641;6.014
33.2;27.00;0.407;1.531;1983.522;0.668;6.142
33.2;27.00;0.404;1.552;2003.251;0.674;5.802
33.2;27.00;0.430;1.559;2008.520;0.193;5.804
33.2;27.00;0.459;1.542;1992.749;-0.362;6.015
33.2;27.00;0.409;1.551;1986.536;0.495;5.828
33.2;27.00;0.413;1.511;1990.434;0.624;6.555
33.2;27.00;0.416;1.507;1999.942;0.566;6.595
33.2;27.00;0.412;1.524;2007.500;0.613;6.312
33.1;27.00;0.412;1.551;1991.799;0.499;5.883
33.1;27.00;0.425;1.550;1998.213;0.285;5.901
33.1;27.00;0.423;1.556;1999.815;0.214;5.836
33.1;27.00;0.406;1.548;1985.992;0.646;5.903
33.1;27.00;0.406;1.523;1985.976;0.690;6.289
33.1;27.00;0.409;1.538;1998.371;0.668;6.056
33.1;27.00;0.407;1.546;2000.620;0.667;5.976
33.1;27.00;0.427;1.547;1992.096;0.212;5.943
33.1;27.00;0.400;1.536;1981.203;0.723;6.063
33.1;27.00;0.421;1.509;2001.555;0.529;6.580
33.1;27.00;0.426;1.493;1993.982;0.478;6.909
33.1;27.00;0.436;1.495;1996.098;0.291;6.904
33.1;27.00;0.434;1.491;1996.213;0.357;6.954
33.1;27.00;0.426;1.502;2002.834;0.511;6.762
33.1;27.00;0.414;1.518;1999.632;0.625;6.485
33.2;27.00;0.418;1.510;1993.827;0.600;6.602
33.2;27.00;0.407;1.530;1989.690;0.728;6.225
33.2;27.00;0.410;1.562;2006.258;0.535;5.719
33.2;27.00;0.447;1.554;2003.455;-0.101;5.915
33.2;27.00;0.478;1.538;2001.135;-0.690;6.142
33.3;27.00;0.495;1.529;2004.576;-0.867;6.244
33.3;27.00;0.483;1.542;1994.765;-0.695;6.046
33.2;27.00;0.424;1.552;1990.980;0.264;5.911
33.2;27.00;0.412;1.555;1986.612;0.503;5.803
33.2;27.00;0.431;1.554;2000.574;0.138;5.903
33.2;27.00;0.456;1.547;2005.709;-0.287;5.984
33.2;27.00;0.458;1.548;2002.481;-0.399;5.984
33.2;27.00;0.407;1.542;1972.322;0.590;6.029
33.2;27.00;0.411;1.518;1994.161;0.729;6.422
33.2;27.00;0.426;1.510;2006.725;0.443;6.648
33.2;27.00;0.407;1.549;2007.288;0.679;5.967
33.2;27.00;0.425;1.548;1986.858;0.298;5.922
33.2;27.00;0.450;1.555;2008.587;-0.276;5.911
33.2;27.00;0.434;1.555;1998.869;0.142;5.864
33.2;27.00;0.415;1.550;1988.103;0.421;5.974
33.2;27.00;0.407;1.536;1987.001;0.658;6.159
33.2;27.00;0.407;1.544;2000.175;0.710;6.069
33.2;27.00;0.431;1.552;2003.354;0.151;5.901
33.2;27.00;0.424;1.557;1994.534;0.140;5.859
33.2;27.00;0.406;1.533;1980.576;0.698;6.200
33.3;27.00;0.404;1.543;1992.134;0.759;6.063
33.3;27.00;0.408;1.534;2000.117;0.697;6.148
33.2;27.00;0.404;1.537;2000.932;0.705;6.184
33.2;27.00;0.414;1.548;1989.286;0.474;5.952
33.2;27.00;0.457;1.551;2008.868;-0.341;6.010
33.2;27.00;0.461;1.547;1999.990;-0.373;6.015
33.2;27.00;0.441;1.548;1994.643;-0.045;6.036
33.2;27.00;0.447;1.555;1996.907;-0.198;5.907
33.2;27.00;0.467;1.553;2006.778;-0.461;5.976
33.2;27.00;0.489;1.539;2008.794;-0.793;6.130
33.2;27.00;0.495;1.525;2010.195;-0.820;6.380
33.2;27.00;0.496;1.530;1985.479;-0.886;6.295
33.2;27.00;0.453;1.552;1997.436;-0.272;5.985
33.2;27.00;0.434;1.555;1998.618;0.079;5.854
33.2;27.00;0.410;1.551;1992.423;0.531;5.952
33.2;27.00;0.426;1.552;1996.992;0.290;5.951
33.2;27.00;0.468;1.554;2010.539;-0.522;5.985
33.2;27.00;0.447;1.548;1992.591;-0.250;6.053
33.2;27.00;0.404;1.543;1982.964;0.692;6.108
33.2;27.00;0.405;1.534;1995.874;0.662;6.200
33.3;27.00;0.412;1.526;2008.181;0.684;6.398
33.3;27.00;0.417;1.553;1998.681;0.476;5.928
33.2;27.00;0.433;1.566;2004.698;0.044;5.764
33.2;27.00;0.470;1.544;1996.857;-0.504;6.120
33.2;27.00;0.456;1.548;1995.449;-0.308;6.067
33.2;27.00;0.426;1.558;1995.157;0.189;5.852
33.2;27.00;0.411;1.554;1993.289;0.550;5.915
33.3;27.00;0.445;1.549;2002.132;-0.074;6.019
33.3;27.00;0.497;1.543;2020.263;-0.923;6.152
33.3;27.00;0.486;1.540;1999.262;-0.763;6.160
33.3;27.00;0.458;1.541;1994.141;-0.362;6.165
33.3;27.00;0.468;1.545;2002.229;-0.551;6.086
33.2;27.00;0.431;1.560;1998.419;0.206;5.870
33.2;27.00;0.441;1.550;1997.527;-0.049;6.035
33.2;27.00;0.485;1.547;2009.031;-0.861;6.139
33.2;27.00;0.495;1.532;2007.224;-0.818;6.331
33.2;27.00;0.479;1.540;1995.043;-0.667;6.194
33.3;27.00;0.452;1.554;1998.995;-0.267;5.927
33.3;27.00;0.450;1.554;1987.536;-0.185;5.968
33.3;27.00;0.478;1.545;2010.736;-0.657;6.135
33.3;26.93;0.497;1.533;2017.287;-0.850;6.325
33.3;26.93;0.494;1.533;2007.677;-0.778;6.297
33.3;26.93;0.480;1.538;1988.621;-0.692;6.216
33.3;26.93;0.452;1.554;2003.603;-0.262;5.968
33.3;26.93;0.421;1.558;1987.740;0.378;5.922
33.2;26.93;0.412;1.546;1990.087;0.570;6.077
33.2;26.93;0.458;1.555;2010.135;-0.357;6.015
33.4;26.93;0.482;1.545;2002.166;-0.708;6.119
33.4;26.93;0.425;1.548;1982.740;0.255;6.034
33.4;26.93;0.412;1.526;1996.331;0.650;6.421
33.3;27.00;0.413;1.517;1985.268;0.715;6.573
33.3;27.00;0.414;1.557;2006.599;0.567;5.923
33.3;27.00;0.459;1.558;2013.347;-0.392;5.963
33.3;27.00;0.496;1.537;2009.424;-0.855;6.271
33.3;27.00;0.494;1.527;1997.521;-0.725;6.391
33.3;27.00;0.491;1.539;2005.295;-0.881;6.224
33.3;27.00;0.454;1.555;2001.776;-0.271;6.022
33.3;27.00;0.481;1.542;2008.072;-0.712;6.204
33.3;27.00;0.480;1.518;2020.650;-0.404;6.514
33.3;27.00;0.473;1.497;2006.396;-0.251;6.782
33.3;27.00;0.489;1.530;2000.102;-0.751;6.413
33.3;27.00;0.497;1.536;1999.198;-0.944;6.292
33.2;27.00;0.485;1.544;1994.409;-0.722;6.193
33.2;27.00;0.457;1.550;2004.656;-0.307;6.067
33.2;27.00;0.479;1.551;2009.071;-0.707;6.083
33.3;27.00;0.500;1.529;1999.326;-0.906;6.391
33.3;27.00;0.502;1.530;2003.779;-0.949;6.361
33.3;27.00;0.466;1.556;2004.254;-0.504;6.010
33.3;27.00;0.431;1.559;2000.081;0.164;5.939
33.3;27.00;0.450;1.551;1995.872;-0.190;6.044
33.3;27.00;0.500;1.536;2017.570;-0.943;6.295
33.3;27.00;0.489;1.522;2012.799;-0.610;6.509
33.2;27.00;0.489;1.535;2002.115;-0.734;6.353
33.2;27.00;0.483;1.539;1994.967;-0.795;6.287
33.2;27.00;0.450;1.554;1994.750;-0.203;6.045
33.3;27.00;0.416;1.554;1994.531;0.445;5.968
33.3;27.00;0.451;1.560;2010.563;-0.212;5.942
33.2;27.00;0.496;1.531;2001.211;-0.782;6.397
33.2;27.00;0.495;1.537;1991.980;-0.860;6.306
33.2;27.00;0.427;1.559;1997.247;0.110;5.931
33.3;27.00;0.416;1.557;1990.555;0.468;5.991
33.3;27.00;0.441;1.554;1994.479;-0.033;6.054
33.3;27.00;0.500;1.542;2020.041;-0.894;6.251
33.3;27.00;0.485;1.522;2017.029;-0.538;6.515
33.3;27.00;0.467;1.494;2006.641;-0.180;6.911
33.4;27.00;0.473;1.499;2002.260;-0.308;6.774
33.4;27.00;0.483;1.514;1999.474;-0.514;6.648
33.3;27.00;0.495;1.531;2005.782;-0.778;6.384
33.3;27.00;0.478;1.517;2012.776;-0.368;6.601
33.3;27.00;0.450;1.475;2003.338;0.177;7.095
33.2;27.00;0.459;1.487;1996.012;-0.009;6.970
33.2;27.00;0.490;1.527;2010.671;-0.727;6.435
33.3;27.00;0.496;1.539;1992.998;-0.865;6.283
33.3;27.00;0.489;1.538;1997.473;-0.803;6.307
33.3;27.00;0.498;1.544;2009.834;-0.917;6.262
33.3;27.00;0.495;1.540;2007.629;-0.838;6.301
33.3;27.00;0.498;1.536;1997.023;-0.891;6.361
33.3;27.00;0.499;1.535;2002.338;-0.972;6.346
33.3;27.00;0.478;1.547;1994.018;-0.608;6.170
33.3;27.00;0.474;1.550;2005.216;-0.592;6.171
33.3;27.00;0.500;1.534;2014.219;-0.862;6.361
33.3;27.00;0.478;1.507;2009.495;-0.379;6.758
33.3;27.00;0.475;1.510;2007.423;-0.349;6.697
33.3;27.00;0.489;1.528;2006.484;-0.616;6.480
33.3;27.00;0.497;1.540;1992.728;-0.845;6.294
33.2;27.00;0.490;1.541;1998.702;-0.819;6.278
33.2;27.00;0.498;1.544;2015.859;-0.959;6.290
33.3;27.00;0.488;1.528;2014.441;-0.613;6.516
33.3;27.00;0.476;1.517;2001.137;-0.394;6.611
33.3;27.00;0.489;1.520;2003.227;-0.676;6.561
33.4;26.93;0.490;1.549;1999.896;-0.732;6.189
33.4;26.93;0.472;1.549;2003.139;-0.546;6.222
33.3;26.93;0.487;1.528;2019.853;-0.673;6.507
33.3;26.93;0.467;1.487;2012.026;-0.113;7.029
33.3;26.93;0.456;1.488;2007.572;0.027;6.975
33.4;26.93;0.455;1.484;2008.968;0.018;7.058
33.4;26.93;0.463;1.483;1993.809;-0.065;7.092
33.4;26.93;0.474;1.505;1998.844;-0.296;6.818
33.4;26.93;0.475;1.517;2016.844;-0.374;6.628
33.4;26.93;0.467;1.491;2007.810;-0.185;7.028
33.4;26.93;0.461;1.489;1993.870;-0.044;6.971
33.4;26.93;0.484;1.519;2007.540;-0.542;6.592
33.4;26.93;0.497;1.535;2004.854;-0.791;6.424
33.4;26.93;0.490;1.542;1998.319;-0.829;6.353
33.4;26.93;0.499;1.525;2003.528;-0.904;6.522
33.3;26.93;0.494;1.535;2011.493;-0.788;6.458
33.3;26.93;0.496;1.534;2009.241;-0.772;6.410
33.3;26.93;0.499;1.533;2004.839;-0.866;6.431
33.3;26.93;0.495;1.539;1995.135;-0.793;6.402
33.3;26.93;0.492;1.544;2007.872;-0.832;6.337
33.3;26.93;0.495;1.529;2013.240;-0.771;6.468
33.3;26.93;0.479;1.512;2008.245;-0.367;6.729
33.3;26.93;0.465;1.492;2005.449;-0.111;6.939
33.3;26.93;0.460;1.486;2008.148;-0.032;7.024
33.3;26.93;0.483;1.514;2000.339;-0.482;6.728
33.4;26.93;0.485;1.528;2002.334;-0.583;6.496
33.4;26.93;0.486;1.527;2006.704;-0.588;6.504
33.4;26.93;0.479;1.518;2019.941;-0.399;6.698
33.4;26.93;0.456;1.493;2004.601;0.036;6.971
33.4;26.93;0.459;1.491;2005.591;-0.079;6.993
33.3;26.93;0.473;1.503;1990.014;-0.281;6.884
33.3;26.93;0.483;1.522;2006.961;-0.502;6.614
33.4;26.93;0.494;1.530;2021.009;-0.760;6.428
33.4;26.93;0.461;1.482;2007.847;-0.025;7.154
33.4;26.93;0.454;1.490;2005.666;0.099;6.973
33.4;26.93;0.441;1.480;2011.768;0.249;7.097
33.4;26.93;0.464;1.484;2001.705;-0.066;7.092
33.4;26.93;0.462;1.497;2000.309;-0.128;6.940
33.4;26.93;0.474;1.502;2010.741;-0.318;6.867
33.4;26.93;0.468;1.502;2012.177;-0.120;6.910
33.4;26.93;0.448;1.488;2007.569;0.190;7.008
33.4;26.93;0.449;1.480;1998.170;0.087;7.095
33.2;26.93;0.470;1.491;1998.758;-0.216;7.090
33.2;26.93;0.472;1.516;2006.997;-0.301;6.708
33.2;26.93;0.493;1.531;2005.781;-0.759;6.502
33.2;26.93;0.489;1.534;1999.997;-0.616;6.500
33.2;26.93;0.484;1.525;2014.018;-0.490;6.579
33.3;26.93;0.473;1.515;2014.536;-0.323;6.722
33.3;26.93;0.485;1.518;2002.594;-0.472;6.699
33.3;26.93;0.489;1.523;2007.438;-0.636;6.592
33.3;26.93;0.477;1.521;2022.887;-0.428;6.604
33.3;26.93;0.480;1.523;2009.868;-0.351;6.703
33.3;26.93;0.462;1.494;2010.870;-0.042;6.972
33.3;26.93;0.437;1.480;2004.483;0.277;6.977
33.3;26.93;0.438;1.477;1990.732;0.363;7.053
33.3;26.93;0.461;1.491;2004.729;-0.039;7.033
33.3;26.93;0.461;1.493;2005.345;-0.066;6.993
33.4;26.93;0.467;1.496;2002.119;-0.173;7.030
33.4;26.93;0.453;1.491;2020.519;0.080;7.008
33.4;26.93;0.439;1.481;2004.058;0.279;7.052
33.4;26.93;0.452;1.482;1998.336;0.134;7.127
33.4;26.93;0.473;1.514;1997.414;-0.316;6.761
33.4;26.93;0.480;1.522;2018.148;-0.454;6.632
33.4;26.93;0.479;1.521;2017.788;-0.372;6.702
33.4;26.93;0.468;1.500;2003.428;-0.141;6.907
33.4;26.93;0.445;1.482;2013.117;0.221;7.074
33.4;26.93;0.435;1.479;2004.869;0.369;7.027
33.3;26.93;0.448;1.485;1994.125;0.178;7.044
33.3;26.93;0.469;1.505;2001.589;-0.213;6.869
33.3;26.93;0.468;1.493;2008.947;-0.169;7.091
33.4;26.93;0.455;1.490;2014.713;0.052;7.067
33.4;26.93;0.443;1.479;2005.256;0.230;7.138
33.5;26.93;0.464;1.488;1992.854;-0.090;7.092
33.5;26.93;0.471;1.504;2009.115;-0.209;6.909
33.5;26.93;0.483;1.524;2014.158;-0.497;6.620
33.4;26.93;0.496;1.538;2001.829;-0.852;6.494
33.4;26.93;0.500;1.534;1997.424;-0.841;6.472
33.4;26.93;0.475;1.517;2016.830;-0.297;6.751
33.4;26.93;0.468;1.497;2011.571;-0.180;6.997
33.4;26.93;0.466;1.502;2003.493;-0.192;6.969
33.4;26.93;0.467;1.499;2007.098;-0.198;6.993
33.4;26.93;0.453;1.487;2008.302;0.122;7.125
33.4;26.93;0.441;1.486;2005.857;0.287;6.998
33.4;26.93;0.419;1.512;2001.585;0.616;6.464
33.4;26.93;0.409;1.522;1978.375;0.712;6.239
33.4;26.93;0.422;1.505;1996.977;0.551;6.624
33.4;26.93;0.445;1.485;2003.682;0.209;7.133
33.4;26.93;0.473;1.502;1997.532;-0.254;6.967
33.4;26.93;0.474;1.501;2007.661;-0.230;6.937
33.4;26.93;0.436;1.490;2015.687;0.394;6.930
33.4;26.93;0.431;1.483;1992.248;0.466;6.989
33.4;26.93;0.469;1.500;1992.628;-0.240;7.001
33.4;26.93;0.482;1.521;2005.663;-0.529;6.698
33.4;26.93;0.486;1.528;2012.997;-0.484;6.643
33.4;26.93;0.467;1.503;2019.796;-0.113;6.909
33.5;26.93;0.453;1.489;2009.682;0.080;7.097
33.5;26.93;0.435;1.484;1995.116;0.375;7.006
33.4;26.93;0.439;1.484;2002.393;0.331;7.055
33.4;26.93;0.465;1.493;2002.783;-0.167;7.053
33.4;26.93;0.483;1.525;2005.003;-0.485;6.708
33.4;26.93;0.466;1.501;2013.939;-0.128;6.970
33.4;26.93;0.448;1.488;2014.147;0.226;7.073
33.3;26.93;0.438;1.480;1997.249;0.341;7.087
33.3;26.93;0.468;1.504;1994.317;-0.206;6.970
33.3;26.93;0.475;1.505;2009.390;-0.306;6.927
33.3;26.93;0.481;1.510;2009.617;-0.355;6.875
33.3;26.93;0.478;1.519;2012.810;-0.345;6.873
33.4;26.93;0.459;1.493;2013.334;-0.002;7.088
33.4;26.93;0.433;1.485;2003.426;0.439;6.998
33.4;26.93;0.427;1.495;2003.092;0.437;6.883
33.5;26.93;0.449;1.478;1996.762;0.181;7.193
33.5;26.93;0.458;1.487;1998.627;0.032;7.185
33.4;26.93;0.438;1.490;2013.903;0.339;6.963
33.4;26.93;0.418;1.511;2005.271;0.637;6.515
33.4;26.93;0.412;1.528;1991.327;0.679;6.167
33.4;26.93;0.423;1.500;1979.460;0.534;6.743
33.4;26.93;0.448;1.480;1999.847;0.156;7.176
33.4;26.93;0.461;1.493;2004.243;0.023;7.065
33.4;26.93;0.465;1.502;2005.556;-0.129;7.003
33.4;26.93;0.446;1.487;2007.619;0.251;7.097
33.4;27.00;0.421;1.505;1998.701;0.596;6.644
33.4;27.00;0.439;1.490;1994.375;0.308;7.047
33.3;27.00;0.473;1.519;2006.254;-0.352;6.791
33.3;27.00;0.489;1.524;1993.399;-0.552;6.732
33.3;27.00;0.468;1.514;2017.956;-0.174;6.862
33.3;27.00;0.456;1.489;2011.825;0.085;7.153
33.3;27.00;0.436;1.488;2001.641;0.399;6.972
33.4;27.00;0.435;1.486;1978.939;0.389;6.989
33.4;27.00;0.451;1.487;2006.527;0.149;7.124
33.4;27.00;0.459;1.492;2001.470;0.073;7.154
33.4;26.93;0.455;1.497;2012.717;0.043;7.064
33.4;26.93;0.434;1.490;2001.835;0.428;6.969
33.4;26.93;0.414;1.535;2002.524;0.622;6.056
33.4;26.93;0.415;1.514;1988.649;0.642;6.504
33.4;26.93;0.444;1.484;2003.271;0.215;7.171
33.4;26.93;0.448;1.485;1991.856;0.226;7.165
33.4;26.93;0.453;1.494;2012.201;0.074;7.078
33.4;26.93;0.440;1.489;2005.563;0.308;7.106
33.4;26.93;0.428;1.491;1996.571;0.512;6.911
33.4;26.93;0.431;1.498;1985.664;0.443;6.766
33.3;26.93;0.445;1.486;2002.856;0.253;7.134
33.3;26.93;0.456;1.490;2007.207;0.091;7.186
33.3;26.93;0.447;1.485;2005.322;0.194;7.167
33.3;26.93;0.420;1.501;2002.941;0.626;6.709
33.3;26.93;0.413;1.526;2003.479;0.689;6.276
33.4;26.93;0.412;1.540;1998.041;0.678;6.071
33.4;26.93;0.433;1.486;1988.547;0.427;7.097
33.4;26.93;0.447;1.481;1995.781;0.243;7.234
33.4;26.93;0.453;1.490;2007.513;0.063;7.162
33.4;26.93;0.457;1.486;2006.895;0.101;7.217
33.4;26.93;0.420;1.498;1995.877;0.599;6.842
33.4;26.93;0.436;1.492;1988.572;0.386;6.972
33.4;26.93;0.463;1.496;2005.118;-0.066;7.117
33.4;26.93;0.484;1.515;2006.784;-0.447;6.905
33.4;26.93;0.474;1.517;2000.450;-0.307;6.861
33.4;26.93;0.456;1.488;2020.280;0.103;7.190
33.4;26.93;0.431;1.487;2003.343;0.487;7.028
33.4;26.93;0.418;1.518;2001.643;0.608;6.486
33.4;26.93;0.414;1.512;1990.973;0.668;6.588
33.4;26.93;0.421;1.503;1994.759;0.623;6.548
33.4;26.93;0.423;1.506;2001.490;0.544;6.692
33.4;26.93;0.420;1.509;1997.511;0.641;6.618
33.4;26.93;0.417;1.543;1990.601;0.537;6.057
33.4;26.93;0.425;1.551;1989.366;0.303;5.936
33.4;26.93;0.417;1.507;1992.810;0.623;6.639
33.5;26.93;0.440;1.480;1988.622;0.370;7.212
33.5;26.93;0.439;1.489;1995.290;0.297;7.037
33.5;26.93;0.439;1.488;2007.309;0.360;7.088
33.5;26.93;0.438;1.489;2001.922;0.407;7.136
33.5;26.93;0.424;1.507;1995.042;0.554;6.765
33.5;26.93;0.423;1.496;1988.460;0.574;6.865
33.5;26.93;0.441;1.485;1996.674;0.331;7.127
33.4;26.93;0.440;1.494;2007.156;0.301;7.017
33.4;26.93;0.429;1.498;1998.559;0.528;6.905
33.4;26.93;0.409;1.532;1994.613;0.729;6.240
33.4;26.93;0.412;1.549;2001.249;0.630;5.975
33.4;26.93;0.408;1.529;1988.798;0.686;6.248
33.4;26.93;0.428;1.495;1984.647;0.473;6.855
33.4;26.93;0.434;1.492;1995.254;0.370;7.031
33.4;26.93;0.454;1.491;2007.706;0.218;7.220
33.5;26.93;0.443;1.490;2006.928;0.332;7.193
33.5;26.93;0.420;1.513;1998.386;0.602;6.603
33.4;26.93;0.427;1.486;1988.713;0.490;7.050
33.4;26.93;0.454;1.487;1996.387;0.126;7.250
33.4;26.93;0.465;1.501;2005.442;-0.055;7.095
33.5;26.93;0.450;1.488;2009.830;0.181;7.223
33.5;26.93;0.409;1.528;1992.036;0.778;6.307
33.5;26.93;0.406;1.550;2006.909;0.712;5.960
33.5;26.93;0.417;1.549;1992.261;0.511;5.972
33.5;26.93;0.417;1.547;1980.685;0.548;5.971
33.5;26.93;0.406;1.534;1986.381;0.749;6.254
33.5;26.93;0.419;1.516;2001.359;0.608;6.566
33.4;26.93;0.411;1.530;1993.162;0.716;6.295
33.4;26.93;0.432;1.549;1994.561;0.179;6.012
33.4;26.93;0.415;1.546;1983.027;0.510;6.008
33.4;26.93;0.416;1.519;1985.963;0.723;6.449
33.4;26.93;0.421;1.509;1996.736;0.619;6.741
33.4;26.93;0.428;1.492;1989.014;0.478;7.013
33.4;26.93;0.428;1.492;1993.790;0.518;7.010
33.4;26.93;0.433;1.503;2003.513;0.437;6.850
33.4;26.93;0.412;1.523;1993.051;0.738;6.485
33.4;26.93;0.416;1.512;1984.697;0.706;6.595
33.5;26.93;0.424;1.512;1996.994;0.538;6.748
33.5;26.93;0.440;1.487;2004.401;0.336;7.135
33.5;26.93;0.429;1.495;1998.068;0.490;6.984
33.4;26.93;0.410;1.538;1991.851;0.696;6.206
33.4;26.93;0.415;1.553;1993.940;0.546;5.945
33.4;26.93;0.406;1.528;1985.877;0.802;6.324
33.4;26.93;0.422;1.509;1996.598;0.558;6.774
33.4;26.93;0.433;1.485;1985.464;0.413;7.112
33.4;26.93;0.438;1.492;2003.875;0.393;7.113
33.4;26.93;0.419;1.527;2006.686;0.607;6.398
33.5;26.93;0.412;1.550;1994.944;0.585;6.002
33.5;26.93;0.412;1.534;1974.319;0.681;6.245
33.5;26.93;0.425;1.503;2000.751;0.492;6.916
33.5;26.93;0.444;1.483;2005.961;0.293;7.259
33.5;26.93;0.417;1.522;2000.178;0.660;6.483
33.5;26.93;0.419;1.549;1995.621;0.473;6.007
33.5;26.93;0.443;1.555;2011.099;-0.039;5.978
33.5;26.93;0.453;1.542;1992.923;-0.157;6.126
33.5;26.93;0.440;1.549;1984.420;0.012;6.093
33.5;26.93;0.411;1.538;1986.020;0.652;6.143
33.5;26.93;0.414;1.540;1994.739;0.641;6.204
33.5;26.93;0.438;1.553;2005.095;0.096;6.022
33.5;26.93;0.455;1.546;1990.794;-0.272;6.133
33.4;26.93;0.426;1.540;1979.884;0.345;6.142
33.4;26.93;0.410;1.552;2001.658;0.648;6.038
33.4;26.93;0.418;1.510;1991.999;0.562;6.665
33.4;26.93;0.435;1.493;1986.767;0.449;7.146
33.4;26.93;0.430;1.503;2001.706;0.477;6.899
33.5;26.93;0.417;1.520;1997.429;0.678;6.559
33.5;26.93;0.413;1.521;1992.767;0.726;6.531
33.4;26.93;0.425;1.507;1989.516;0.526;6.816
33.4;26.93;0.431;1.491;1999.581;0.463;7.071
33.4;26.93;0.432;1.505;2003.669;0.528;6.863
33.4;26.93;0.419;1.555;2002.788;0.513;5.980
33.4;26.93;0.439;1.549;1990.857;0.063;6.084
33.5;26.93;0.443;1.538;1984.655;0.017;6.196
33.5;26.93;0.415;1.554;1988.669;0.566;6.000
33.5;26.93;0.413;1.546;1989.439;0.636;6.085
33.5;26.93;0.413;1.524;1981.797;0.681;6.475
33.5;26.93;0.418;1.558;2009.173;0.512;5.933
33.5;26.93;0.454;1.553;2000.587;-0.199;6.082
33.5;26.93;0.443;1.540;1987.885;0.003;6.176
33.5;26.93;0.408;1.536;1974.033;0.678;6.258
33.5;26.93;0.415;1.520;1994.162;0.713;6.541
33.5;26.93;0.415;1.528;2002.764;0.719;6.498
33.5;26.93;0.428;1.557;2004.039;0.274;5.997
33.5;26.93;0.465;1.547;1997.995;-0.352;6.152
33.5;26.93;0.484;1.536;2003.578;-0.595;6.242
33.5;27.00;0.459;1.548;1994.282;-0.288;6.119
33.5;27.00;0.417;1.546;1986.155;0.496;6.115
33.5;27.00;0.410;1.548;1986.444;0.662;6.103
33.5;27.00;0.444;1.552;2010.216;-0.054;6.094
33.5;27.00;0.481;1.548;2002.766;-0.625;6.133
33.6;27.00;0.457;1.542;1986.688;-0.271;6.177
33.6;27.00;0.420;1.556;1980.289;0.423;5.994
33.6;27.00;0.408;1.532;1994.225;0.758;6.354
33.6;27.00;0.427;1.497;1996.473;0.545;7.032
33.6;27.00;0.409;1.529;1995.651;0.731;6.453
33.5;26.93;0.420;1.555;1998.828;0.480;6.010
33.5;26.93;0.426;1.548;2000.559;0.326;6.086
33.5;26.93;0.411;1.556;1994.461;0.612;6.030
33.5;26.93;0.417;1.519;1988.673;0.663;6.567
33.5;26.93;0.412;1.537;1988.523;0.706;6.294
33.5;26.93;0.428;1.562;2018.540;0.304;5.950
33.5;26.93;0.479;1.550;1999.183;-0.560;6.156
33.4;26.93;0.485;1.540;1994.742;-0.670;6.249
33.4;26.93;0.485;1.541;1992.398;-0.663;6.307
33.4;26.93;0.445;1.552;1996.749;-0.052;6.087
33.4;26.93;0.420;1.545;1986.557;0.456;6.164
33.4;26.93;0.426;1.554;1997.232;0.309;6.042
33.4;26.93;0.484;1.550;2011.897;-0.641;6.163
33.4;26.93;0.481;1.537;2002.202;-0.560;6.280
33.4;26.93;0.460;1.549;1996.409;-0.296;6.176
33.5;26.93;0.414;1.548;1989.718;0.540;6.134
33.5;26.93;0.417;1.548;1987.848;0.593;6.109
33.4;26.93;0.424;1.562;2008.767;0.371;5.953
33.4;26.93;0.476;1.548;2004.186;-0.554;6.202
33.4;26.93;0.480;1.531;2002.006;-0.532;6.390
33.4;26.93;0.486;1.533;1999.151;-0.580;6.409
33.4;26.93;0.460;1.551;1998.037;-0.364;6.138
33.4;26.93;0.422;1.550;1991.748;0.407;6.110
33.4;26.93;0.432;1.557;1993.945;0.185;6.064
33.4;26.93;0.480;1.552;2007.248;-0.587;6.140
33.5;26.93;0.484;1.542;2002.340;-0.610;6.263
33.5;26.93;0.463;1.546;1991.694;-0.356;6.258
33.5;26.93;0.441;1.549;1986.067;-0.003;6.138
33.5;26.93;0.427;1.549;1990.099;0.339;6.106
33.5;26.93;0.414;1.564;1999.875;0.540;5.943
33.5;26.93;0.427;1.558;1987.600;0.320;6.012
33.5;26.93;0.465;1.548;1996.835;-0.363;6.171
33.5;26.93;0.484;1.546;2004.600;-0.658;6.242
33.5;26.93;0.457;1.549;1987.862;-0.268;6.169
33.5;26.93;0.430;1.548;1993.039;0.255;6.162
33.5;26.93;0.478;1.549;2008.536;-0.575;6.208
33.5;26.93;0.479;1.541;2008.563;-0.437;6.324
33.5;26.93;0.466;1.524;2009.193;-0.243;6.536
33.5;26.93;0.473;1.525;1998.856;-0.335;6.578
33.5;26.93;0.482;1.530;1993.021;-0.554;6.448
33.5;26.93;0.474;1.542;1997.245;-0.514;6.244
33.5;26.93;0.466;1.552;2000.772;-0.355;6.187
33.5;26.93;0.484;1.547;1998.937;-0.661;6.265
33.5;26.93;0.471;1.518;2011.277;-0.295;6.587
33.5;26.93;0.482;1.532;1999.063;-0.567;6.465
33.5;26.93;0.456;1.548;1987.056;-0.231;6.164
33.5;26.93;0.424;1.547;1980.244;0.389;6.210
33.5;26.93;0.441;1.559;2003.496;0.057;6.074
33.5;26.93;0.483;1.552;2012.113;-0.631;6.177
33.5;26.93;0.481;1.536;2003.345;-0.624;6.356
33.5;27.00;0.479;1.534;2000.730;-0.452;6.419
33.5;27.00;0.485;1.536;2001.622;-0.603;6.382
33.4;27.00;0.481;1.547;1990.168;-0.600;6.212
33.4;27.00;0.473;1.550;2005.417;-0.490;6.226
33.4;27.00;0.490;1.543;2002.284;-0.727;6.301
33.4;27.00;0.462;1.513;2015.308;-0.173;6.703
33.4;27.00;0.471;1.525;1996.736;-0.283;6.567
33.5;27.00;0.478;1.548;1991.599;-0.608;6.285
33.5;27.00;0.472;1.544;1991.667;-0.473;6.266
33.5;27.00;0.484;1.548;2005.303;-0.650;6.300
33.4;26.93;0.480;1.553;2003.045;-0.592;6.167
33.4;26.93;0.473;1.549;2004.606;-0.532;6.218
33.4;26.93;0.489;1.533;1991.603;-0.605;6.480
33.4;26.93;0.484;1.543;2000.490;-0.567;6.341
33.4;26.93;0.482;1.546;1994.576;-0.573;6.272
33.5;26.93;0.486;1.542;2008.300;-0.681;6.427
33.5;26.93;0.471;1.520;1998.944;-0.292;6.630
33.5;26.93;0.457;1.506;2009.318;-0.076;6.843
33.5;26.93;0.464;1.508;2004.493;-0.105;6.815
33.5;26.93;0.468;1.518;2003.572;-0.271;6.705
33.5;26.93;0.478;1.533;1990.604;-0.503;6.429
33.5;26.93;0.478;1.534;2009.169;-0.461;6.505
33.4;26.93;0.485;1.550;2000.801;-0.691;6.244
33.4;26.93;0.479;1.540;2004.098;-0.520;6.351
33.4;26.93;0.469;1.517;1999.103;-0.193;6.685
33.5;26.93;0.475;1.533;1997.899;-0.396;6.493
33.5;26.93;0.461;1.551;1992.927;-0.293;6.191
33.4;26.93;0.454;1.552;1995.132;-0.212;6.233
33.4;26.93;0.486;1.548;2002.235;-0.654;6.292
33.4;26.93;0.472;1.530;2002.510;-0.350;6.528
33.5;26.93;0.480;1.533;2008.890;-0.428;6.506
33.5;26.93;0.469;1.519;2004.564;-0.280;6.737
33.5;26.93;0.463;1.520;2001.133;-0.213;6.640
33.5;26.93;0.482;1.532;1999.122;-0.499;6.504
33.5;26.93;0.490;1.541;2005.482;-0.682;6.370
33.5;26.93;0.462;1.525;2006.640;-0.140;6.697
33.5;26.93;0.449;1.490;2003.146;0.145;7.030
33.4;26.93;0.455;1.500;2001.055;-0.034;6.992
33.4;26.93;0.470;1.527;1999.978;-0.319;6.542
33.4;26.93;0.469;1.523;2000.763;-0.301;6.674
33.5;26.93;0.478;1.529;2002.576;-0.414;6.538
33.5;26.93;0.474;1.531;2002.357;-0.428;6.523
33.5;26.93;0.472;1.530;2009.476;-0.208;6.664
33.5;26.93;0.464;1.511;1994.579;-0.159;6.881
33.5;26.93;0.467;1.516;2000.083;-0.236;6.672
33.5;26.93;0.477;1.533;2006.685;-0.476;6.523
33.5;26.93;0.479;1.537;2000.729;-0.432;6.475
33.4;26.93;0.459;1.510;2005.273;-0.085;6.813
33.4;26.93;0.451;1.493;2009.593;0.100;7.024
33.4;26.93;0.440;1.486;2002.557;0.257;7.079
33.4;26.93;0.462;1.503;1995.976;-0.131;6.866
33.4;26.93;0.466;1.515;2001.815;-0.187;6.766
33.4;26.93;0.472;1.521;1999.389;-0.280;6.676
33.4;26.93;0.476;1.537;2004.149;-0.418;6.457
33.4;26.93;0.463;1.511;2009.509;-0.131;6.847
33.5;26.93;0.456;1.493;1993.683;-0.030;7.050
33.5;26.93;0.471;1.519;1992.019;-0.289;6.677
33.5;26.93;0.491;1.541;2001.038;-0.731;6.433
33.5;26.93;0.479;1.548;1997.634;-0.598;6.320
33.5;26.93;0.470;1.534;2012.128;-0.301;6.509
33.5;26.93;0.461;1.509;2012.497;-0.057;6.878
33.5;26.93;0.439;1.491;2011.918;0.313;7.045
33.5;26.93;0.434;1.491;1998.339;0.343;6.929
33.5;26.93;0.447;1.490;1992.080;0.167;7.087
33.5;26.93;0.459;1.502;2004.422;-0.006;6.990
33.6;26.93;0.452;1.509;2012.753;0.048;6.831
33.6;26.93;0.434;1.493;2002.346;0.356;6.925
33.6;26.93;0.417;1.505;1986.969;0.563;6.647
33.6;26.93;0.436;1.497;1993.894;0.329;6.890
33.6;26.93;0.456;1.505;1999.269;-0.007;6.963
33.5;26.93;0.466;1.520;1990.025;-0.205;6.761
33.5;26.93;0.466;1.525;2008.557;-0.233;6.651
33.5;26.93;0.463;1.519;2015.979;-0.136;6.762
33.5;26.93;0.456;1.499;2003.677;0.020;7.051
33.5;26.93;0.451;1.498;1996.853;0.035;6.985
33.5;26.93;0.461;1.506;2003.249;-0.089;6.964
33.5;26.93;0.468;1.513;2010.991;-0.231;6.872
33.5;26.93;0.462;1.508;2009.899;-0.101;6.865
33.5;26.93;0.443;1.492;2006.091;0.248;7.036
33.5;26.93;0.423;1.501;1997.627;0.516;6.770
33.4;26.93;0.432;1.493;1988.793;0.392;6.905
33.4;26.93;0.463;1.507;1995.414;-0.110;6.930
33.4;26.93;0.468;1.509;1995.148;-0.220;6.880
33.4;26.93;0.468;1.526;2004.048;-0.246;6.626
33.4;26.93;0.465;1.521;2019.570;-0.170;6.758
33.5;26.93;0.437;1.492;2002.570;0.336;7.022
33.5;26.93;0.446;1.489;1989.593;0.132;7.107
33.5;26.93;0.469;1.531;1997.626;-0.271;6.633
33.5;26.93;0.475;1.540;2005.688;-0.385;6.517
33.5;26.93;0.472;1.529;2007.881;-0.253;6.588
33.5;26.93;0.447;1.497;2003.097;0.156;6.996
33.5;26.93;0.412;1.521;2009.335;0.675;6.423
33.5;26.93;0.405;1.548;2000.359;0.679;5.907
33.5;26.93;0.406;1.517;1985.907;0.711;6.506
33.5;26.93;0.433;1.485;1983.781;0.402;7.085
33.5;26.93;0.433;1.496;2004.229;0.371;6.930
33.5;26.93;0.431;1.503;2005.500;0.396;6.787
33.5;26.93;0.404;1.548;1994.799;0.721;5.976
33.5;26.93;0.405;1.526;1983.230;0.728;6.261
33.5;26.93;0.438;1.493;1997.304;0.315;7.012
33.5;26.93;0.452;1.491;1998.211;0.053;7.110
33.5;26.93;0.464;1.515;1998.013;-0.157;6.838
33.6;26.93;0.449;1.493;2000.108;0.135;7.089
33.6;26.93;0.436;1.494;2008.957;0.357;7.049
33.6;26.93;0.429;1.501;2009.596;0.412;6.868
33.6;26.93;0.443;1.496;1993.499;0.208;7.060
33.6;26.93;0.464;1.501;1995.471;-0.151;7.020
33.6;26.93;0.459;1.508;2010.832;-0.052;6.924
33.6;26.93;0.446;1.503;2009.759;0.274;7.032
33.6;26.93;0.413;1.518;1996.714;0.654;6.497
33.6;26.93;0.408;1.531;1991.508;0.671;6.212
33.6;26.93;0.425;1.504;1996.361;0.513;6.779
33.5;26.93;0.451;1.492;1995.851;0.083;7.111
33.5;26.93;0.458;1.509;1996.506;-0.087;6.929
33.5;26.93;0.453;1.501;2014.430;0.073;6.993
33.5;26.93;0.413;1.532;2010.122;0.695;6.330
33.5;26.93;0.405;1.539;1993.894;0.669;6.091
33.6;26.93;0.436;1.487;1984.490;0.336;7.108
33.6;26.93;0.455;1.496;2003.154;0.049;7.110
33.6;26.93;0.456;1.510;2005.593;0.028;6.895
33.5;26.93;0.443;1.496;2015.485;0.244;7.036
33.5;26.93;0.414;1.525;1994.475;0.609;6.389
33.6;26.93;0.415;1.559;2005.225;0.467;5.794
33.6;26.93;0.408;1.546;1988.653;0.686;6.035
33.6;26.93;0.413;1.513;1993.299;0.660;6.586
33.6;26.93;0.428;1.503;1994.664;0.428;6.838
33.6;26.93;0.415;1.513;2009.103;0.622;6.675
33.5;26.93;0.406;1.554;2001.712;0.734;5.895
33.5;26.93;0.432;1.556;1999.954;-0.058;5.885
33.5;26.93;0.406;1.536;1975.832;0.688;6.228
33.5;27.00;0.428;1.501;1995.563;0.465;6.864
33.5;27.00;0.441;1.501;1998.838;0.255;6.988
33.5;27.00;0.442;1.494;2000.474;0.229;7.096
33.5;27.00;0.432;1.491;1988.668;0.437;7.065
33.5;27.00;0.423;1.509;2003.572;0.490;6.731
33.6;27.00;0.432;1.495;1996.443;0.407;6.988
33.6;27.00;0.446;1.491;1996.519;0.206;7.172
33.5;27.00;0.450;1.499;2006.245;0.086;7.046
33.5;27.00;0.432;1.502;2013.477;0.431;6.921
33.5;27.00;0.409;1.541;1998.310;0.695;6.119
33.5;26.93;0.416;1.558;2000.471;0.397;5.825
33.5;26.93;0.416;1.553;1979.180;0.455;5.945
33.5;26.93;0.405;1.541;1993.228;0.713;6.171
33.5;26.93;0.409;1.527;2001.212;0.677;6.400
33.5;26.93;0.416;1.516;1991.998;0.629;6.604
33.5;26.93;0.406;1.547;1995.852;0.720;6.037
33.5;26.93;0.421;1.556;2007.056;0.327;5.873
33.5;26.93;0.409;1.551;1983.903;0.656;6.004
33.5;26.93;0.420;1.504;1989.302;0.570;6.819
33.5;26.93;0.425;1.497;1994.066;0.466;6.947
33.5;26.93;0.429;1.505;2013.088;0.425;6.896
33.5;26.93;0.406;1.554;2000.460;0.687;5.952
33.6;26.93;0.414;1.558;2001.046;0.431;5.880
33.6;26.93;0.444;1.558;1989.849;-0.064;5.966
33.6;26.93;0.418;1.556;2000.658;0.371;5.933
33.5;26.93;0.413;1.558;1992.569;0.491;5.863
33.5;26.93;0.405;1.542;1988.352;0.723;6.144
33.5;26.93;0.427;1.560;2002.265;0.265;5.881
33.5;26.93;0.459;1.553;2009.067;-0.376;6.014
33.5;26.93;0.419;1.554;1982.931;0.407;5.978
33.5;26.93;0.410;1.521;1991.499;0.648;6.514
33.5;26.93;0.421;1.509;2000.960;0.539;6.683
33.5;26.93;0.425;1.509;2002.027;0.514;6.789
33.5;26.93;0.415;1.517;1996.782;0.644;6.611
33.5;26.93;0.407;1.527;1995.754;0.697;6.382
33.5;26.93;0.409;1.543;1996.534;0.712;6.137
33.5;26.93;0.411;1.528;1994.191;0.666;6.395
33.6;26.93;0.411;1.522;1993.650;0.683;6.480
33.6;26.93;0.404;1.550;1993.188;0.695;6.069
33.6;26.93;0.436;1.560;2006.459;0.091;5.929
33.6;27.00;0.468;1.553;2010.335;-0.513;6.044
33.6;27.00;0.460;1.552;1994.690;-0.397;6.092
33.8;27.00;0.431;1.554;1990.116;0.101;6.001
33.8;27.00;0.417;1.560;1998.534;0.423;5.833
33.8;27.00;0.412;1.552;1990.884;0.618;6.036
33.6;27.00;0.410;1.552;1992.565;0.608;6.049
33.6;27.00;0.445;1.560;2007.247;-0.127;5.940
33.5;27.00;0.456;1.556;1995.207;-0.291;6.015
33.5;27.00;0.415;1.552;1988.888;0.464;6.013
33.5;27.00;0.410;1.525;1994.516;0.705;6.436
33.5;26.93;0.410;1.533;1990.834;0.707;6.374
33.5;26.93;0.410;1.559;2003.751;0.551;5.910
33.6;26.93;0.452;1.558;2006.560;-0.257;5.964
33.6;26.93;0.460;1.554;1992.934;-0.302;6.056
33.6;26.93;0.475;1.546;2001.315;-0.645;6.192
33.6;26.93;0.445;1.558;1998.847;-0.123;5.957
33.6;26.93;0.410;1.554;1993.335;0.596;6.043
33.5;26.93;0.412;1.548;1987.300;0.601;6.088
33.5;26.93;0.461;1.559;2009.991;-0.360;5.979
33.5;26.93;0.482;1.546;2003.102;-0.685;6.177
33.6;26.93;0.433;1.554;1989.074;0.137;6.019
33.6;26.93;0.409;1.561;1988.304;0.568;5.894
33.6;26.93;0.414;1.554;1989.496;0.542;6.056
33.6;26.93;0.405;1.549;1999.693;0.716;6.117
33.6;26.93;0.406;1.552;2001.596;0.660;6.029
33.6;26.93;0.429;1.558;1993.312;0.196;5.998
33.6;26.93;0.451;1.552;1990.497;-0.181;6.081
33.6;26.93;0.431;1.563;1997.894;0.134;5.884
33.6;26.93;0.413;1.557;1994.790;0.525;6.010
33.6;26.93;0.427;1.552;1989.887;0.202;6.062
33.6;26.93;0.474;1.550;2009.710;-0.596;6.139
33.6;26.93;0.504;1.545;2009.672;-0.979;6.240
33.6;26.93;0.495;1.540;2008.110;-0.854;6.300
33.6;26.93;0.489;1.542;1994.552;-0.852;6.236
33.6;26.93;0.459;1.554;1999.567;-0.326;6.124
33.7;26.93;0.423;1.557;1993.807;0.300;6.022
33.7;26.93;0.434;1.564;2007.216;0.029;5.907
33.7;26.93;0.495;1.540;1997.544;-0.840;6.298
33.7;26.93;0.489;1.544;1999.705;-0.810;6.287
33.7;26.93;0.433;1.557;1989.120;0.051;6.012
33.7;26.93;0.407;1.545;1988.698;0.710;6.214
33.7;26.93;0.410;1.553;1989.688;0.584;6.030
33.8;26.93;0.445;1.561;2006.554;-0.073;5.939
33.8;26.93;0.457;1.559;1998.854;-0.242;6.008
33.8;26.93;0.476;1.550;2007.568;-0.623;6.173
33.7;26.93;0.494;1.533;2006.424;-0.879;6.394
33.7;26.93;0.487;1.541;1997.519;-0.798;6.294
33.7;26.93;0.449;1.556;2001.490;-0.159;6.061
33.7;26.93;0.480;1.553;2009.273;-0.730;6.154
33.7;26.93;0.495;1.528;2007.887;-0.717;6.505
33.6;26.93;0.490;1.530;2008.171;-0.705;6.484
33.6;26.93;0.490;1.542;2004.647;-0.857;6.261
33.7;26.93;0.476;1.549;1991.910;-0.628;6.251
33.7;26.93;0.453;1.545;1986.971;-0.214;6.216
33.7;26.93;0.445;1.562;2008.239;-0.116;5.976
33.7;26.93;0.443;1.562;2001.965;-0.037;6.001
33.7;26.93;0.468;1.550;1997.350;-0.502;6.249
33.8;26.93;0.494;1.540;2006.407;-0.928;6.309
33.8;26.93;0.473;1.546;1997.433;-0.593;6.229
33.8;26.93;0.446;1.556;2003.099;-0.092;6.076
33.8;26.93;0.492;1.550;2005.389;-0.869;6.225
33.8;26.93;0.487;1.526;2010.923;-0.527;6.549
33.7;26.93;0.476;1.520;2012.243;-0.406;6.640
33.7;26.93;0.494;1.525;2007.113;-0.775;6.496
33.7;26.93;0.497;1.542;1988.975;-0.886;6.310
33.7;26.93;0.481;1.542;1992.246;-0.687;6.292
33.7;26.93;0.445;1.564;2007.837;-0.101;5.993
33.8;26.93;0.490;1.552;2010.267;-0.794;6.200
33.8;26.93;0.492;1.535;2002.255;-0.784;6.455
33.8;26.93;0.499;1.536;1995.240;-0.950;6.387
33.8;26.93;0.423;1.560;1993.488;0.336;6.023
33.8;26.93;0.413;1.560;1994.990;0.548;6.006
33.8;26.93;0.452;1.557;2003.286;-0.255;6.127
33.8;26.93;0.501;1.544;2009.065;-0.920;6.324
33.8;26.93;0.490;1.535;2021.650;-0.641;6.453
33.8;26.93;0.483;1.519;2009.439;-0.519;6.630
33.8;26.93;0.492;1.527;1991.023;-0.645;6.583
33.7;26.93;0.492;1.544;2001.828;-0.839;6.310
33.7;26.93;0.502;1.541;2016.939;-0.951;6.383
33.7;26.93;0.487;1.520;2012.304;-0.543;6.667
33.7;27.00;0.461;1.493;2005.243;-0.091;7.001
33.7;27.00;0.479;1.509;2001.565;-0.360;6.744
33.7;27.00;0.500;1.545;2003.307;-0.874;6.312
33.7;27.00;0.485;1.545;1998.910;-0.769;6.324
33.7;27.00;0.484;1.549;1995.018;-0.770;6.240
33.6;27.00;0.500;1.543;2009.116;-0.900;6.376
33.6;27.00;0.489;1.536;2007.527;-0.656;6.436
33.6;27.00;0.496;1.532;2008.615;-0.830;6.465
33.6;27.00;0.500;1.538;1996.462;-0.833;6.471
33.6;27.00;0.484;1.548;2002.672;-0.750;6.301
33.6;26.93;0.488;1.550;2012.984;-0.826;6.258
33.6;26.93;0.495;1.530;2007.756;-0.631;6.601
33.6;26.93;0.473;1.506;2008.486;-0.266;6.847
33.6;26.93;0.478;1.510;2010.110;-0.365;6.780
33.6;26.93;0.498;1.537;1997.789;-0.827;6.497
33.7;26.93;0.479;1.550;1995.222;-0.661;6.289
33.7;26.93;0.480;1.546;1994.929;-0.697;6.333
33.7;26.93;0.497;1.550;2011.334;-0.914;6.253
33.7;26.93;0.486;1.527;2017.072;-0.506;6.574
33.7;26.93;0.474;1.517;2007.099;-0.358;6.732
33.5;26.93;0.498;1.537;1988.792;-0.873;6.503
33.5;26.93;0.468;1.554;2003.847;-0.498;6.215
33.5;26.93;0.459;1.560;2005.905;-0.342;6.046
33.5;26.93;0.498;1.538;2011.923;-0.782;6.416
33.5;26.93;0.475;1.507;2011.612;-0.227;6.907
33.6;26.93;0.452;1.486;2012.526;0.115;7.064
33.6;26.93;0.467;1.495;1999.008;-0.102;7.030
33.6;26.93;0.473;1.509;2006.175;-0.316;6.850
33.6;26.93;0.474;1.515;2009.658;-0.356;6.750
33.6;26.93;0.475;1.511;2020.546;-0.304;6.845
33.6;26.93;0.448;1.489;2010.188;0.185;7.010
33.6;26.93;0.448;1.476;1990.932;0.152;7.146
33.6;26.93;0.467;1.501;1998.698;-0.176;6.972
33.6;26.93;0.485;1.529;2007.584;-0.589;6.578
33.6;26.93;0.503;1.540;2003.563;-0.968;6.409
33.6;26.93;0.494;1.538;2006.103;-0.744;6.482
33.6;26.93;0.483;1.531;2015.429;-0.524;6.587
33.6;26.93;0.484;1.523;2010.823;-0.497;6.639
33.6;26.93;0.495;1.534;2000.465;-0.727;6.551
33.6;26.93;0.493;1.541;1998.459;-0.885;6.405
33.6;26.93;0.500;1.536;2016.021;-0.891;6.510
33.6;26.93;0.492;1.538;2012.721;-0.633;6.523
33.6;26.93;0.470;1.509;2014.440;-0.237;6.879
33.6;26.93;0.460;1.486;2000.759;-0.011;7.118
33.6;26.93;0.468;1.494;1993.939;-0.092;7.185
33.6;26.93;0.486;1.524;2005.432;-0.596;6.691
33.6;26.93;0.487;1.529;2006.368;-0.557;6.634
33.7;26.93;0.483;1.522;2006.884;-0.485;6.737
33.7;26.93;0.470;1.508;2024.542;-0.194;6.877
33.7;26.93;0.447;1.487;2005.096;0.190;7.089
33.6;26.93;0.473;1.507;1994.993;-0.257;6.971
33.6;26.93;0.495;1.530;2000.093;-0.768;6.567
33.6;26.93;0.495;1.532;2014.885;-0.736;6.563
33.6;26.93;0.485;1.536;2018.557;-0.519;6.549
33.6;26.93;0.455;1.492;2009.426;0.055;7.095
33.6;26.93;0.452;1.477;2003.313;0.139;7.173
33.6;26.93;0.443;1.486;2001.070;0.283;7.057
33.6;26.93;0.451;1.487;2000.470;0.116;7.073
33.6;26.93;0.457;1.488;2001.497;0.017;7.124
33.6;26.93;0.448;1.484;2000.821;0.193;7.159
33.6;27.00;0.448;1.487;2013.725;0.191;7.083
33.6;27.00;0.430;1.488;2002.061;0.431;6.921
33.7;27.00;0.448;1.478;1983.909;0.202;7.254
33.7;27.00;0.468;1.506;2006.569;-0.192;6.939
33.7;27.00;0.481;1.514;2008.609;-0.360;6.810
33.8;27.00;0.489;1.526;2006.710;-0.586;6.700
33.8;27.00;0.488;1.524;2000.834;-0.613;6.693
33.8;27.00;0.474;1.515;2019.900;-0.293;6.813
33.8;27.00;0.478;1.507;2003.417;-0.267;6.942
33.8;27.00;0.480;1.518;2013.990;-0.418;6.783
33.7;26.93;0.484;1.528;2005.924;-0.491;6.643
33.7;26.93;0.467;1.495;2012.608;-0.106;7.123
33.6;26.93;0.445;1.487;2015.586;0.259;7.101
33.6;26.93;0.438;1.486;2005.287;0.307;7.041
33.6;26.93;0.427;1.492;1985.790;0.520;6.911
33.6;26.93;0.436;1.490;2003.944;0.355;7.031
33.6;26.93;0.458;1.493;2010.365;0.036;7.089
33.6;26.93;0.463;1.487;2003.385;-0.056;7.216
33.6;26.93;0.458;1.491;2001.315;0.049;7.098
33.6;26.93;0.424;1.496;2010.278;0.551;6.813
33.6;26.93;0.422;1.500;1995.168;0.572;6.764
33.6;26.93;0.450;1.487;1996.909;0.117;7.107
33.6;26.93;0.470;1.500;2004.090;-0.229;7.021
33.6;26.93;0.467;1.501;2014.795;-0.144;7.061
33.6;26.93;0.448;1.491;2017.919;0.207;7.075
33.6;26.93;0.442;1.484;1999.422;0.270;7.114
33.6;26.93;0.427;1.498;1992.626;0.525;6.768
33.6;26.93;0.428;1.495;2009.509;0.473;6.885
33.6;26.93;0.446;1.481;1997.342;0.201;7.145
33.6;26.93;0.468;1.500;2000.482;-0.154;7.092
33.6;26.93;0.455;1.494;2011.510;0.100;7.037
33.6;26.93;0.425;1.504;2012.396;0.541;6.711
33.6;26.93;0.416;1.512;1989.082;0.661;6.511
33.6;26.93;0.441;1.483;1995.094;0.232;7.198
33.6;26.93;0.451;1.488;2006.141;0.117;7.101
33.6;26.93;0.450;1.485;2007.333;0.153;7.220
33.6;26.93;0.471;1.499;2008.024;-0.179;7.061
33.7;26.93;0.460;1.492;2007.068;-0.041;7.149
33.7;26.93;0.443;1.480;1996.157;0.296;7.232
33.7;26.93;0.439;1.486;2003.400;0.384;7.117
33.7;26.93;0.446;1.486;1998.870;0.218;7.109
33.7;26.93;0.451;1.485;2002.421;0.141;7.222
33.7;26.93;0.428;1.500;2007.462;0.502;6.845
33.7;26.93;0.416;1.514;2001.075;0.686;6.547
33.7;26.93;0.408;1.537;1992.112;0.702;6.121
33.6;26.93;0.405;1.531;1986.846;0.719;6.219
33.6;26.93;0.420;1.514;1992.333;0.583;6.446
33.6;26.93;0.423;1.508;1997.538;0.601;6.649
33.6;26.93;0.442;1.493;2001.249;0.269;7.051
33.6;26.93;0.428;1.496;1999.737;0.501;6.907
33.6;26.93;0.409;1.541;1992.672;0.734;6.056
33.6;26.93;0.412;1.531;1994.668;0.624;6.212
33.6;26.93;0.445;1.481;1990.592;0.242;7.197
33.6;26.93;0.465;1.491;1991.352;-0.053;7.216
33.6;26.93;0.451;1.496;2020.999;0.166;7.070
33.7;26.93;0.435;1.491;2000.248;0.380;7.038
33.7;26.93;0.423;1.499;2001.721;0.560;6.827
33.7;26.93;0.411;1.537;1992.759;0.563;6.027
33.7;26.93;0.412;1.534;1990.078;0.686;6.153
33.7;26.93;0.422;1.500;1990.493;0.613;6.837
33.7;26.93;0.437;1.490;2005.817;0.375;7.030
33.7;26.93;0.414;1.531;1997.035;0.650;6.237
33.7;26.93;0.412;1.542;2000.507;0.541;6.021
33.7;26.93;0.413;1.547;1994.027;0.550;5.979
33.7;26.93;0.421;1.505;1987.349;0.577;6.698
33.7;26.93;0.421;1.506;1986.301;0.646;6.729
33.7;26.93;0.442;1.493;2006.849;0.267;7.064
33.7;26.93;0.441;1.486;2010.078;0.285;7.149
33.7;26.93;0.424;1.508;1992.985;0.582;6.662
33.7;26.93;0.413;1.523;1990.778;0.683;6.376
33.7;26.93;0.414;1.521;1996.802;0.661;6.458
33.7;26.93;0.414;1.515;1990.591;0.704;6.606
33.7;26.93;0.420;1.510;1994.759;0.600;6.643
33.7;26.93;0.419;1.551;1999.492;0.486;5.916
33.7;26.93;0.431;1.548;1996.871;0.182;6.033
33.6;26.93;0.454;1.548;2001.276;-0.188;6.051
33.6;26.93;0.417;1.547;1980.364;0.489;5.986
33.8;26.93;0.411;1.533;1988.206;0.656;6.256
33.8;26.93;0.414;1.521;1993.270;0.637;6.469
33.8;26.93;0.435;1.491;1999.911;0.415;7.040
33.7;26.93;0.410;1.537;1993.254;0.680;6.149
33.7;26.93;0.424;1.553;1997.212;0.383;5.917
33.7;26.93;0.412;1.517;1983.898;0.696;6.523
33.7;26.93;0.446;1.484;2001.087;0.220;7.314
33.7;26.93;0.454;1.487;1998.160;0.096;7.201
33.7;26.93;0.428;1.502;2009.474;0.512;6.859
33.7;26.93;0.417;1.534;1994.288;0.616;6.190
33.7;26.93;0.431;1.556;2011.714;0.209;5.924
33.7;26.93;0.431;1.544;1979.839;0.180;6.071
33.7;26.93;0.409;1.542;1985.860;0.630;6.096
33.6;26.93;0.413;1.533;2001.081;0.629;6.237
33.6;26.93;0.410;1.539;1994.307;0.667;6.164
33.6;26.93;0.445;1.541;1995.870;-0.035;6.127
33.6;26.93;0.486;1.543;2007.230;-0.690;6.173
33.6;26.93;0.432;1.546;1984.534;0.181;6.049
33.6;26.93;0.409;1.537;1982.709;0.649;6.173
33.6;26.93;0.415;1.517;1986.438;0.643;6.523
33.6;26.93;0.418;1.521;2005.664;0.637;6.515
33.6;26.93;0.407;1.541;1997.273;0.741;6.116
33.6;26.93;0.424;1.553;1994.746;0.349;5.997
33.7;26.93;0.416;1.546;1986.317;0.479;6.046
33.7;26.93;0.409;1.537;1985.908;0.683;6.176
33.7;26.93;0.418;1.523;2002.621;0.583;6.468
33.7;26.93;0.413;1.532;1992.215;0.683;6.310
33.7;26.93;0.434;1.543;1993.880;0.128;6.104
33.6;26.93;0.471;1.548;2011.376;-0.488;6.096
33.6;26.93;0.470;1.536;1986.582;-0.460;6.222
33.8;26.93;0.415;1.538;1977.978;0.538;6.161
33.8;26.93;0.413;1.546;1994.303;0.618;6.051
33.8;26.93;0.419;1.522;1994.622;0.652;6.480
33.7;26.93;0.411;1.535;2001.932;0.706;6.243
33.7;26.93;0.459;1.545;2000.170;-0.270;6.141
33.6;26.93;0.443;1.542;1979.241;-0.045;6.104
33.6;26.93;0.407;1.529;1975.948;0.770;6.362
33.6;26.93;0.427;1.508;2000.963;0.509;6.750
33.8;26.93;0.426;1.505;1993.759;0.540;6.812
33.8;26.93;0.421;1.545;1999.898;0.401;6.088
33.8;26.93;0.455;1.554;2012.747;-0.357;6.094
33.8;26.93;0.485;1.540;1994.496;-0.687;6.158
33.8;26.93;0.457;1.545;1984.763;-0.271;6.120
33.8;26.93;0.441;1.549;1994.217;0.042;6.039
33.8;26.93;0.421;1.555;1992.167;0.436;5.971
33.8;26.93;0.434;1.546;2002.953;0.134;6.104
33.8;26.93;0.487;1.536;2007.019;-0.639;6.259
33.8;26.93;0.483;1.527;1993.890;-0.583;6.356
33.8;26.93;0.452;1.546;1986.987;-0.165;6.146
33.8;26.93;0.431;1.553;1996.763;0.215;6.011
33.7;26.93;0.420;1.546;1979.060;0.446;6.112
33.7;26.93;0.426;1.547;1991.953;0.346;6.049
33.7;26.93;0.426;1.558;2007.460;0.333;5.941
33.8;27.00;0.440;1.553;1991.429;-0.022;6.031
33.8;27.00;0.431;1.548;1980.682;0.199;6.070
33.8;27.00;0.415;1.547;1991.793;0.578;6.071
33.8;27.00;0.414;1.553;1997.010;0.639;6.035
33.8;27.00;0.437;1.545;2003.224;0.050;6.139
33.9;27.00;0.483;1.541;2002.707;-0.657;6.255
33.9;27.00;0.484;1.534;1995.849;-0.589;6.346
33.9;27.00;0.475;1.543;1987.815;-0.514;6.198
33.9;27.00;0.453;1.548;1997.998;-0.235;6.140
33.9;27.00;0.441;1.547;1979.076;0.032;6.102
33.8;26.93;0.433;1.549;2001.402;0.184;6.085
33.8;26.93;0.480;1.545;2013.805;-0.636;6.160
33.7;26.93;0.484;1.534;1997.070;-0.615;6.336
33.7;26.93;0.455;1.541;1978.871;-0.245;6.221
33.7;26.93;0.423;1.557;1999.314;0.399;5.996
33.7;26.93;0.413;1.548;1992.610;0.638;6.120
33.7;26.93;0.435;1.551;1995.465;0.179;6.035
33.7;26.93;0.489;1.540;2007.728;-0.721;6.251
33.7;26.93;0.480;1.533;2009.616;-0.476;6.355
33.7;26.93;0.477;1.531;2000.742;-0.527;6.377
33.7;26.93;0.487;1.532;1999.781;-0.688;6.370
33.7;26.93;0.479;1.545;1985.069;-0.596;6.166
33.7;26.93;0.472;1.544;2004.172;-0.516;6.170
33.7;26.93;0.484;1.535;2014.614;-0.591;6.373
33.7;26.93;0.469;1.514;1995.250;-0.281;6.655
33.6;26.93;0.480;1.541;1988.088;-0.657;6.221
33.6;26.93;0.446;1.555;2006.770;-0.125;6.045
33.7;26.93;0.441;1.551;1986.669;0.091;6.067
33.7;26.93;0.436;1.549;1983.542;0.142;6.138
33.7;26.93;0.453;1.551;1998.931;-0.173;6.122
33.7;26.93;0.463;1.551;1999.573;-0.336;6.123
33.7;26.93;0.457;1.541;1993.177;-0.243;6.249
33.7;26.93;0.453;1.544;1994.149;-0.250;6.186
33.7;26.93;0.440;1.550;1990.183;0.092;6.120
33.7;26.93;0.461;1.557;2009.384;-0.316;6.013
33.8;26.93;0.486;1.538;2013.257;-0.601;6.352
33.8;26.93;0.473;1.519;2000.721;-0.344;6.566
33.8;26.93;0.465;1.523;2000.754;-0.260;6.521
33.8;26.93;0.483;1.541;2001.165;-0.687;6.278
33.8;26.93;0.475;1.548;1991.950;-0.513;6.180
33.8;26.93;0.468;1.545;1985.058;-0.464;6.184
33.8;26.93;0.481;1.551;2008.395;-0.622;6.147
33.8;26.93;0.481;1.541;2010.018;-0.532;6.317
33.8;26.93;0.482;1.537;1994.970;-0.602;6.295
33.8;26.93;0.468;1.541;1985.411;-0.478;6.274
33.8;26.93;0.458;1.552;1993.556;-0.257;6.106
33.8;26.93;0.432;1.556;2000.095;0.187;6.106
33.8;26.93;0.491;1.535;2012.087;-0.679;6.405
33.8;26.93;0.483;1.530;1991.943;-0.568;6.425
33.8;26.93;0.468;1.527;2009.184;-0.249;6.465
33.8;26.93;0.486;1.537;2009.224;-0.606;6.355
33.8;26.93;0.488;1.538;1991.358;-0.658;6.332
33.8;26.93;0.478;1.538;1993.645;-0.618;6.286
33.8;26.93;0.489;1.541;2016.446;-0.690;6.289
33.8;26.93;0.468;1.524;2008.716;-0.277;6.574
33.8;26.93;0.464;1.523;1996.178;-0.235;6.541
33.8;26.93;0.488;1.530;1994.800;-0.699;6.471
33.8;26.93;0.487;1.540;1999.534;-0.640;6.310
33.8;26.93;0.462;1.549;1998.386;-0.374;6.193
33.8;26.93;0.472;1.544;1999.987;-0.490;6.249
33.8;26.93;0.479;1.546;1999.823;-0.624;6.217
33.8;26.93;0.486;1.542;2005.533;-0.685;6.263
33.9;26.93;0.480;1.543;2003.785;-0.619;6.326
33.9;26.93;0.459;1.554;1983.229;-0.226;6.122
33.9;26.93;0.471;1.546;2003.696;-0.473;6.219
33.8;26.93;0.485;1.540;2016.150;-0.631;6.330
33.8;26.93;0.479;1.533;2005.820;-0.449;6.451
33.8;26.93;0.461;1.512;1999.937;-0.140;6.689
33.8;26.93;0.461;1.509;2003.264;-0.125;6.794
33.8;26.93;0.477;1.527;2003.940;-0.411;6.548
33.8;26.93;0.473;1.528;1998.496;-0.403;6.469
33.8;26.93;0.489;1.537;1997.207;-0.726;6.373
33.8;26.93;0.476;1.536;2010.904;-0.369;6.411
33.8;26.93;0.465;1.515;2005.405;-0.107;6.692
33.8;26.93;0.484;1.532;2005.512;-0.571;6.459
33.8;26.93;0.471;1.547;1982.719;-0.461;6.232
33.8;26.93;0.451;1.547;1996.311;-0.153;6.248
33.8;26.93;0.473;1.551;2013.594;-0.472;6.193
33.8;26.93;0.492;1.542;2001.996;-0.724;6.345
33.8;26.93;0.473;1.534;2001.739;-0.384;6.392
33.8;26.93;0.458;1.501;2008.525;-0.011;6.901
33.8;26.93;0.470;1.515;2000.842;-0.253;6.706
33.9;26.93;0.474;1.534;2003.589;-0.457;6.438
33.9;26.93;0.480;1.528;2001.547;-0.497;6.521
33.9;26.93;0.468;1.523;2011.409;-0.191;6.581
33.9;26.93;0.460;1.506;2009.170;-0.116;6.798
33.9;26.93;0.460;1.512;2000.461;-0.122;6.749
33.8;26.93;0.470;1.521;1995.464;-0.274;6.602
33.8;26.93;0.472;1.532;1996.215;-0.366;6.438
33.8;26.93;0.485;1.545;2003.791;-0.692;6.289
34.0;26.93;0.485;1.544;1997.274;-0.654;6.283
34.0;26.93;0.474;1.531;2006.038;-0.398;6.448
34.0;26.93;0.468;1.525;2009.731;-0.209;6.598
34.0;26.93;0.479;1.529;1998.862;-0.436;6.565
34.0;26.93;0.484;1.541;1996.845;-0.681;6.343
33.9;26.93;0.480;1.529;2005.960;-0.463;6.518
33.9;26.93;0.472;1.514;2010.517;-0.244;6.750
33.7;26.93;0.452;1.499;2012.770;0.043;6.891
33.7;26.93;0.454;1.492;2008.103;0.004;6.967
33.7;26.93;0.454;1.485;1992.404;0.051;7.049
34.0;26.93;0.459;1.514;2002.135;-0.117;6.701
34.0;26.93;0.491;1.533;2000.298;-0.693;6.465
34.0;26.93;0.485;1.546;1998.545;-0.639;6.329
34.0;26.93;0.458;1.509;2014.377;-0.081;6.777
34.0;26.93;0.462;1.509;2003.492;-0.139;6.814
34.0;26.93;0.486;1.539;1990.330;-0.619;6.383
34.0;26.93;0.464;1.544;1987.310;-0.400;6.308
34.0;26.93;0.488;1.544;2006.732;-0.710;6.319
34.0;26.93;0.484;1.543;2013.473;-0.558;6.376
34.0;26.93;0.466;1.513;2007.103;-0.167;6.723
33.9;26.93;0.451;1.495;2005.748;0.092;6.962
33.9;26.93;0.440;1.485;1999.729;0.259;7.021
33.9;26.93;0.459;1.510;1997.564;-0.092;6.781
33.9;26.93;0.476;1.523;2006.875;-0.309;6.652
33.9;26.93;0.467;1.510;2003.740;-0.223;6.847
33.9;26.93;0.446;1.493;2013.993;0.154;6.922
33.9;26.93;0.441;1.497;2001.534;0.228;6.933
34.0;26.93;0.468;1.510;1994.423;-0.232;6.817
34.0;26.93;0.467;1.526;1991.984;-0.218;6.574
34.0;26.93;0.481;1.532;2008.127;-0.455;6.519
33.8;26.93;0.484;1.540;2009.946;-0.523;6.417
33.8;26.93;0.473;1.525;2010.293;-0.328;6.561
33.8;26.93;0.462;1.504;2006.780;-0.091;6.930
33.8;26.93;0.453;1.492;1998.592;0.063;7.048
33.8;26.93;0.462;1.513;1996.753;-0.109;6.789
33.9;26.93;0.481;1.532;2004.212;-0.484;6.517
33.9;26.93;0.468;1.518;2002.121;-0.200;6.695
34.0;26.93;0.447;1.495;2007.998;0.151;6.896
34.0;26.93;0.446;1.490;2002.378;0.188;6.978
34.0;26.93;0.453;1.490;1996.430;0.079;7.048
33.9;26.93;0.457;1.507;1998.030;-0.071;6.843
33.9;26.93;0.468;1.520;2010.406;-0.248;6.706
33.9;26.93;0.482;1.543;2001.817;-0.524;6.419
33.9;26.93;0.462;1.514;2011.359;-0.144;6.724
33.9;26.93;0.439;1.493;1997.821;0.328;6.938
34.0;26.93;0.459;1.491;1994.289;-0.015;7.080
34.0;26.93;0.469;1.537;2000.412;-0.370;6.483
33.8;26.93;0.492;1.534;1998.126;-0.750;6.493
33.8;26.93;0.480;1.534;2005.508;-0.418;6.476
33.8;26.93;0.455;1.504;2010.422;-0.038;6.866
33.8;26.93;0.449;1.496;2011.658;0.159;6.966
33.8;26.93;0.436;1.481;1990.404;0.351;7.117
34.0;26.93;0.437;1.491;1996.517;0.251;7.014
34.0;26.93;0.459;1.500;2007.186;-0.052;6.962
34.0;26.93;0.465;1.506;2004.476;-0.156;6.900
34.0;26.93;0.448;1.493;2005.695;0.118;6.955
34.0;26.93;0.417;1.515;2004.903;0.612;6.472
34.0;26.93;0.424;1.500;1989.812;0.478;6.744
34.0;26.93;0.456;1.503;1998.113;-0.056;6.924
34.0;26.93;0.461;1.501;2004.421;-0.102;6.934
34.0;26.93;0.462;1.500;1999.636;-0.054;6.960
34.0;26.93;0.459;1.502;2006.312;-0.074;6.891
34.0;26.93;0.455;1.502;2004.452;0.028;6.930
34.0;26.93;0.456;1.492;1996.793;-0.033;7.111
34.0;26.93;0.456;1.503;2004.374;-0.050;6.925
34.0;26.93;0.472;1.522;2003.354;-0.357;6.658
34.0;26.93;0.473;1.532;2004.064;-0.309;6.572
34.0;26.93;0.451;1.494;2005.527;0.067;7.016
34.0;26.93;0.439;1.497;2002.903;0.332;6.914
34.0;26.93;0.432;1.492;1999.055;0.378;6.894
34.0;26.93;0.437;1.490;1995.244;0.266;7.014
34.0;26.93;0.460;1.496;2000.718;-0.043;6.992
34.0;26.93;0.452;1.489;2002.967;0.065;7.110
34.0;26.93;0.451;1.500;2008.139;0.052;6.953
34.0;26.93;0.437;1.493;2005.179;0.329;7.005
34.0;26.93;0.431;1.483;1986.497;0.406;7.060
34.0;26.93;0.454;1.495;1995.783;0.057;7.046
34.0;26.93;0.474;1.523;2008.838;-0.302;6.671
34.0;26.93;0.479;1.537;1989.428;-0.453;6.529
34.0;26.93;0.456;1.504;2013.245;0.006;6.923
34.0;26.93;0.437;1.492;2005.771;0.332;6.982
34.0;26.93;0.428;1.497;2008.270;0.454;6.827
34.0;26.93;0.430;1.496;1992.989;0.370;6.833
34.0;26.93;0.431;1.497;1994.770;0.397;6.840
34.0;26.93;0.435;1.489;1997.556;0.385;7.054
34.0;26.93;0.429;1.502;2011.919;0.388;6.837
34.0;26.93;0.409;1.531;2001.662;0.708;6.211
34.0;26.93;0.410;1.538;1981.315;0.598;6.009
34.0;26.93;0.415;1.511;1992.627;0.580;6.596
34.0;26.93;0.446;1.492;2000.771;0.165;7.087
33.9;26.93;0.452;1.487;1991.353;0.097;7.172
33.9;26.93;0.450;1.495;2008.321;0.062;7.015
33.9;26.93;0.449;1.500;2013.815;0.150;7.022
33.9;26.93;0.441;1.490;2002.393;0.272;7.108
33.9;26.93;0.442;1.490;1997.075;0.173;7.078
34.0;26.93;0.455;1.498;2003.107;0.081;7.023
34.0;26.93;0.455;1.500;2008.949;0.077;7.079
33.9;26.93;0.439;1.498;2008.649;0.241;6.955
33.9;26.93;0.418;1.508;1991.852;0.638;6.621
33.9;26.93;0.406;1.545;1994.742;0.696;5.995
33.9;27.00;0.405;1.552;1991.515;0.694;5.879
33.9;27.00;0.425;1.497;1994.863;0.423;6.929
33.9;27.00;0.437;1.487;1988.630;0.329;7.084
33.9;27.00;0.434;1.495;2000.461;0.328;7.017
33.9;27.00;0.439;1.498;2007.180;0.316;6.914
33.9;27.00;0.410;1.528;1994.330;0.699;6.290
33.9;27.00;0.419;1.504;1980.601;0.522;6.732
33.9;27.00;0.445;1.492;1997.202;0.165;7.148
33.9;27.00;0.450;1.494;2002.165;0.111;7.110
33.9;27.00;0.449;1.507;2009.872;0.066;6.891
33.9;26.93;0.415;1.531;1993.838;0.670;6.249
33.9;26.93;0.405;1.541;1996.690;0.728;6.081
33.9;26.93;0.410;1.563;2003.557;0.519;5.755
33.9;26.93;0.406;1.546;1988.915;0.641;5.983
33.9;26.93;0.403;1.527;1980.988;0.749;6.303
34.0;26.93;0.413;1.516;1999.848;0.582;6.471
34.0;26.93;0.412;1.524;2001.627;0.694;6.385
34.0;26.93;0.406;1.550;1992.979;0.653;5.984
34.0;26.93;0.401;1.538;1977.006;0.756;6.101
34.0;26.93;0.419;1.505;2006.472;0.547;6.777
34.0;26.93;0.430;1.490;1999.621;0.424;7.036
34.0;26.93;0.440;1.497;1995.513;0.222;6.988
34.0;26.93;0.439;1.496;2001.935;0.337;7.005
34.0;26.93;0.423;1.505;2006.059;0.533;6.768
34.0;26.93;0.415;1.520;1999.788;0.621;6.462
33.9;26.93;0.411;1.517;1991.319;0.672;6.544
33.9;26.93;0.420;1.502;1984.121;0.608;6.762
33.9;26.93;0.411;1.529;2008.429;0.677;6.305
33.9;26.93;0.411;1.536;2003.518;0.702;6.197
33.9;26.93;0.404;1.547;1988.186;0.707;6.028
33.9;26.93;0.422;1.555;1996.105;0.273;5.896
33.9;26.93;0.409;1.553;1995.161;0.581;5.926
34.0;26.93;0.411;1.530;1993.237;0.649;6.260
34.0;26.93;0.412;1.513;1987.001;0.627;6.604
34.0;26.93;0.423;1.510;2002.028;0.544;6.715
34.0;26.93;0.408;1.539;2010.318;0.730;6.189
34.0;26.93;0.430;1.560;1999.755;0.146;5.827
34.0;26.93;0.408;1.547;1984.493;0.607;6.047
34.0;26.93;0.413;1.521;1989.571;0.679;6.421
34.0;26.93;0.419;1.519;2006.160;0.587;6.575
34.0;26.93;0.411;1.529;1997.005;0.689;6.385
34.0;26.93;0.405;1.543;1986.601;0.682;6.083
34.0;26.93;0.422;1.562;2000.030;0.319;5.788
34.0;26.93;0.420;1.559;1995.157;0.363;5.901
34.0;26.93;0.412;1.547;1985.838;0.573;6.017
34.0;26.93;0.402;1.532;1988.135;0.734;6.294
34.0;26.93;0.410;1.542;1996.559;0.710;6.122
34.0;26.93;0.411;1.557;2002.596;0.538;5.923
34.0;26.93;0.452;1.555;2003.841;-0.271;5.927
34.0;26.93;0.414;1.547;1979.410;0.335;5.966
34.0;26.93;0.412;1.550;1993.174;0.610;5.993
34.0;26.93;0.404;1.554;1996.501;0.679;5.984
34.0;26.93;0.416;1.513;1988.208;0.620;6.639
34.0;26.93;0.407;1.533;1987.246;0.730;6.299
34.0;26.93;0.404;1.552;1999.036;0.683;5.949
33.9;26.93;0.407;1.542;1995.327;0.702;6.138
33.9;26.93;0.408;1.540;1986.681;0.705;6.145
33.9;26.93;0.408;1.525;1993.842;0.684;6.433
33.9;26.93;0.409;1.545;2004.414;0.678;6.115
33.9;26.93;0.415;1.553;2000.362;0.452;5.968
34.0;26.93;0.455;1.553;2003.319;-0.290;6.007
34.0;26.93;0.462;1.546;1990.951;-0.381;6.107
33.9;26.93;0.427;1.552;1996.743;0.239;6.009
33.9;26.93;0.444;1.560;2004.004;-0.113;5.903
33.9;26.93;0.412;1.545;1983.087;0.595;6.058
33.9;26.93;0.419;1.554;1995.298;0.434;5.969
33.9;26.93;0.491;1.542;2017.855;-0.865;6.157
34.0;26.93;0.454;1.553;1987.838;-0.277;6.021
34.0;26.93;0.408;1.544;1977.197;0.653;6.112
34.0;26.93;0.403;1.530;1989.028;0.660;6.288
33.9;26.93;0.418;1.520;2010.794;0.602;6.551
33.9;26.93;0.410;1.554;1998.016;0.610;6.018
34.0;26.93;0.419;1.563;2001.213;0.326;5.837
34.0;26.93;0.473;1.550;2002.263;-0.529;6.094
34.0;26.93;0.448;1.553;1998.243;-0.150;6.026
34.0;26.93;0.425;1.560;1998.530;0.203;5.893
34.0;26.93;0.417;1.557;1990.422;0.440;5.949
34.0;26.93;0.451;1.554;2002.996;-0.180;6.045
34.0;26.93;0.495;1.545;2019.248;-0.887;6.178
34.0;26.93;0.495;1.536;2004.821;-0.883;6.316
34.0;26.93;0.441;1.545;1982.139;-0.058;6.144
34.0;26.93;0.434;1.560;1999.022;0.056;5.924
34.0;26.93;0.406;1.544;1994.264;0.713;6.119
34.0;26.93;0.404;1.547;1992.853;0.768;6.126
34.0;26.93;0.428;1.560;2002.223;0.168;5.867
34.0;26.93;0.438;1.558;1997.844;0.057;6.002
34.0;26.93;0.426;1.556;1996.776;0.234;5.969
34.0;26.93;0.411;1.561;1994.972;0.492;5.862
34.0;26.93;0.415;1.555;1990.966;0.527;5.963
34.0;26.93;0.453;1.557;2006.977;-0.228;6.017
33.9;26.93;0.501;1.542;2013.838;-0.994;6.223
33.9;26.93;0.495;1.532;2005.623;-0.832;6.401
33.9;26.93;0.493;1.537;1988.931;-0.876;6.243
33.9;26.93;0.468;1.553;2003.004;-0.513;6.057
33.9;26.93;0.437;1.556;1990.142;0.085;5.967
33.9;26.93;0.408;1.557;1990.753;0.609;6.000
33.9;26.93;0.480;1.551;2013.599;-0.716;6.096
33.9;26.93;0.493;1.540;2005.099;-0.823;6.277
33.9;26.93;0.448;1.549;1994.912;-0.156;6.094
33.9;26.93;0.406;1.560;1992.810;0.602;5.889
34.0;26.93;0.410;1.545;1988.535;0.640;6.119
34.0;26.93;0.419;1.561;2008.144;0.429;5.912
34.0;26.93;0.482;1.554;2016.250;-0.727;6.070
34.0;26.93;0.495;1.536;2011.738;-0.820;6.369
34.0;26.93;0.484;1.514;2000.673;-0.566;6.613
34.0;26.93;0.501;1.541;2011.233;-0.956;6.281
34.0;26.93;0.493;1.539;1999.954;-0.822;6.284
34.0;26.93;0.484;1.547;1999.684;-0.733;6.192
34.0;26.93;0.494;1.532;2020.637;-0.785;6.404
34.0;26.93;0.480;1.509;2013.107;-0.386;6.723
34.0;26.93;0.495;1.535;1989.970;-0.869;6.332
34.0;26.93;0.475;1.548;1997.051;-0.610;6.161
34.0;26.93;0.454;1.555;1995.414;-0.241;6.053
34.0;26.93;0.423;1.557;1997.462;0.319;6.057
34.0;26.93;0.460;1.555;2009.126;-0.379;6.035
34.0;26.93;0.491;1.545;1999.338;-0.818;6.256
34.0;26.93;0.495;1.529;2004.350;-0.794;6.430
34.0;26.93;0.497;1.544;2002.094;-0.959;6.284
34.0;26.93;0.464;1.557;2003.160;-0.428;6.041
34.0;26.93;0.492;1.544;1998.185;-0.857;6.254
34.0;26.93;0.494;1.527;2015.961;-0.770;6.464
34.0;26.93;0.484;1.524;2013.087;-0.498;6.551
34.0;26.93;0.481;1.516;2004.923;-0.451;6.614
34.0;26.93;0.500;1.535;1997.750;-0.899;6.398
34.0;26.93;0.495;1.543;2006.609;-0.854;6.292
34.0;26.93;0.462;1.549;1996.486;-0.392;6.158
34.0;26.93;0.476;1.547;2010.113;-0.655;6.192
34.0;26.93;0.489;1.520;2008.079;-0.538;6.577
34.0;26.93;0.486;1.524;2000.737;-0.549;6.523
34.0;26.93;0.493;1.540;1999.706;-0.891;6.344
34.0;26.93;0.464;1.552;1998.409;-0.438;6.142
34.0;26.93;0.478;1.543;1990.666;-0.633;6.253
34.0;26.93;0.496;1.531;2027.648;-0.797;6.460
34.0;26.93;0.482;1.518;2003.342;-0.477;6.637
34.0;26.93;0.476;1.521;2003.047;-0.397;6.592
34.0;26.93;0.480;1.512;2004.250;-0.432;6.689
34.0;26.93;0.488;1.520;2005.748;-0.616;6.644
34.0;26.93;0.496;1.536;2006.257;-0.838;6.386
34.0;26.93;0.496;1.536;2014.999;-0.837;6.412
34.0;26.93;0.477;1.503;2009.256;-0.304;6.843
34.0;26.93;0.467;1.496;2006.299;-0.166;6.909
34.0;26.93;0.495;1.524;2005.767;-0.767;6.551
34.0;26.93;0.494;1.534;2002.175;-0.771;6.432
34.0;26.93;0.493;1.530;1999.299;-0.739;6.460
34.0;26.93;0.504;1.535;2016.704;-0.954;6.419
34.0;26.93;0.497;1.543;2009.061;-0.831;6.323
34.0;26.93;0.487;1.527;2004.090;-0.667;6.516
34.0;26.93;0.489;1.527;2009.513;-0.658;6.501
34.0;26.93;0.496;1.537;1999.704;-0.893;6.368
34.0;26.93;0.493;1.546;2006.952;-0.844;6.263
34.0;26.93;0.489;1.532;2014.357;-0.666;6.479
34.0;26.93;0.477;1.503;2010.355;-0.321;6.874
34.0;26.93;0.464;1.498;2013.027;-0.125;6.910
34.0;26.93;0.473;1.503;2006.438;-0.277;6.842
34.0;26.93;0.476;1.510;1999.203;-0.402;6.792
34.0;26.93;0.476;1.518;2007.505;-0.363;6.646
34.0;26.93;0.489;1.527;2019.417;-0.626;6.493
34.0;26.93;0.480;1.512;2014.262;-0.388;6.755
34.0;26.93;0.458;1.489;1997.367;-0.026;7.002
34.0;26.93;0.472;1.504;2004.413;-0.319;6.835
34.1;26.93;0.499;1.541;2001.364;-0.890;6.337
34.1;26.93;0.477;1.551;1996.831;-0.599;6.194
34.0;26.93;0.494;1.542;2011.022;-0.906;6.353
34.0;26.93;0.478;1.516;2007.503;-0.362;6.742
34.0;26.93;0.474;1.514;2011.760;-0.291;6.708
34.0;26.93;0.473;1.504;2005.525;-0.249;6.809
34.0;26.93;0.474;1.500;1997.339;-0.278;6.905
34.0;26.93;0.476;1.517;2001.735;-0.338;6.676
34.0;26.93;0.481;1.518;2016.419;-0.426;6.663
34.0;26.93;0.465;1.489;2010.296;-0.106;7.060
34.0;26.93;0.433;1.482;1996.502;0.395;6.939
34.0;26.93;0.449;1.475;1996.481;0.162;7.159
34.0;26.93;0.478;1.512;2011.022;-0.367;6.788
34.0;26.93;0.472;1.514;1997.955;-0.278;6.712
34.0;26.93;0.478;1.517;2000.173;-0.435;6.698
34.0;26.93;0.489;1.530;2008.091;-0.585;6.552
34.0;26.93;0.477;1.524;2009.273;-0.438;6.594
34.0;26.93;0.487;1.522;2007.756;-0.529;6.593
34.0;26.93;0.481;1.516;2002.268;-0.417;6.756
34.0;26.93;0.489;1.529;2005.218;-0.622;6.550
34.0;26.93;0.480;1.520;2021.056;-0.448;6.668
34.0;26.93;0.466;1.490;2005.284;-0.129;7.060
34.1;26.93;0.444;1.486;2007.105;0.251;6.955
34.1;26.93;0.427;1.492;2002.336;0.519;6.787
34.1;26.93;0.446;1.481;1998.060;0.226;7.155
34.0;26.93;0.456;1.491;2000.740;0.021;7.033
34.0;26.93;0.464;1.491;1998.231;-0.136;7.023
34.0;26.93;0.482;1.515;2010.034;-0.414;6.759
34.0;26.93;0.466;1.502;2010.961;-0.172;6.939
34.0;26.93;0.465;1.487;1997.094;-0.075;7.088
34.0;26.93;0.471;1.495;1992.210;-0.204;7.031
34.0;26.93;0.488;1.531;2011.878;-0.662;6.542
34.0;26.93;0.501;1.543;2009.690;-0.980;6.379
34.0;26.93;0.479;1.512;2008.831;-0.342;6.785
34.0;26.93;0.456;1.493;2006.927;0.012;7.033
34.0;26.93;0.447;1.486;2016.349;0.214;7.012
34.0;26.93;0.437;1.483;1995.954;0.350;7.025
34.0;26.93;0.442;1.482;1992.560;0.214;7.050
34.0;26.93;0.456;1.481;2004.407;0.019;7.183
34.0;26.93;0.462;1.485;2008.066;-0.019;7.096
34.1;26.93;0.439;1.491;2004.298;0.326;6.925
34.1;26.93;0.430;1.483;1987.075;0.433;6.969
34.0;26.93;0.456;1.474;1993.728;0.138;7.282
34.0;26.93;0.466;1.499;2009.277;-0.134;6.972
34.0;26.93;0.478;1.507;2006.365;-0.396;6.862
34.1;26.93;0.482;1.512;2000.718;-0.398;6.812
34.1;26.93;0.459;1.493;2018.223;-0.005;7.033
34.1;26.93;0.453;1.482;2008.269;0.141;7.098
34.1;26.93;0.455;1.483;2001.763;0.106;7.159
34.1;26.93;0.441;1.483;1995.922;0.262;7.049
34.1;26.93;0.450;1.482;2008.890;0.138;7.132
34.1;26.93;0.449;1.483;2005.562;0.192;7.132
34.1;26.93;0.432;1.498;2004.304;0.427;6.769
34.1;26.93;0.408;1.514;1990.116;0.747;6.395
34.1;26.93;0.415;1.507;1989.420;0.625;6.502
34.1;26.93;0.452;1.483;2000.006;0.174;7.078
34.1;26.93;0.455;1.489;2002.111;0.036;7.088
34.2;26.93;0.468;1.488;1997.601;-0.133;7.153
34.2;26.93;0.458;1.496;2019.402;0.003;7.003
34.2;26.93;0.437;1.483;2007.201;0.367;7.030
34.3;26.93;0.446;1.478;1993.261;0.225;7.197
34.3;26.93;0.460;1.486;1987.861;-0.039;7.126
34.1;26.93;0.477;1.502;2011.510;-0.292;6.927
34.1;26.93;0.475;1.504;2014.780;-0.227;6.966
34.1;26.93;0.437;1.486;2005.651;0.309;7.076
34.2;26.93;0.426;1.493;2000.813;0.549;6.795
34.2;26.93;0.415;1.528;1999.018;0.573;6.169
34.1;26.93;0.424;1.495;1989.920;0.539;6.766
34.1;26.93;0.446;1.481;1998.741;0.203;7.136
34.1;26.93;0.437;1.483;1998.961;0.405;7.068
34.1;26.93;0.430;1.504;2010.013;0.438;6.735
34.1;26.93;0.413;1.521;1998.949;0.660;6.262
34.1;26.93;0.414;1.511;1980.848;0.637;6.486
34.1;26.93;0.435;1.496;1997.982;0.382;6.759
34.1;26.93;0.433;1.492;2001.402;0.449;6.906
34.1;26.93;0.457;1.481;2001.178;0.149;7.191
34.1;26.93;0.441;1.483;1999.639;0.251;7.138
34.1;26.93;0.430;1.493;2005.901;0.476;6.811
34.1;26.93;0.425;1.501;1999.457;0.535;6.729
34.1;26.93;0.434;1.494;2001.419;0.361;6.858
34.1;26.93;0.453;1.487;1993.157;0.091;7.180
34.1;26.93;0.454;1.487;2010.732;0.133;7.157
34.2;26.93;0.439;1.491;2012.770;0.400;6.914
34.2;26.93;0.422;1.506;2003.342;0.539;6.579
34.2;26.93;0.409;1.527;1984.981;0.706;6.207
34.1;26.93;0.412;1.526;1994.224;0.686;6.220
34.1;26.93;0.427;1.491;1996.279;0.507;6.906
34.2;26.93;0.453;1.477;1996.045;0.095;7.254
34.2;26.93;0.443;1.486;2001.464;0.274;7.103
34.2;26.93;0.415;1.523;2008.442;0.672;6.261
34.2;26.93;0.412;1.539;1989.091;0.620;6.006
34.2;26.93;0.420;1.500;1990.011;0.576;6.734
34.1;26.93;0.446;1.485;1999.716;0.203;7.183
34.1;26.93;0.454;1.478;2007.112;0.110;7.251
34.1;26.93;0.454;1.498;2016.674;0.076;6.950
34.1;26.93;0.419;1.503;2000.778;0.602;6.650
34.1;26.93;0.407;1.539;1991.210;0.681;6.030
34.1;26.93;0.420;1.550;2002.415;0.395;5.876
34.1;26.93;0.408;1.526;1986.591;0.709;6.238
34.1;26.93;0.415;1.508;1989.799;0.691;6.579
34.2;26.93;0.411;1.535;1997.195;0.672;6.095
34.2;26.93;0.432;1.551;2007.839;0.182;5.876
34.1;26.93;0.459;1.541;1994.105;-0.284;6.041
34.1;26.93;0.423;1.543;1979.983;0.347;5.990
34.1;26.93;0.409;1.526;1987.699;0.684;6.223
34.1;26.93;0.416;1.505;1997.107;0.652;6.589
34.1;26.93;0.437;1.496;2002.669;0.338;6.942
34.1;26.93;0.434;1.483;1996.595;0.408;7.065
34.1;26.93;0.419;1.509;1998.122;0.625;6.569
34.1;26.93;0.416;1.518;2001.348;0.625;6.472
34.1;26.93;0.430;1.489;1994.618;0.422;6.960
34.1;26.93;0.443;1.479;1991.100;0.296;7.259
34.1;26.93;0.419;1.522;2005.055;0.637;6.388
34.1;26.93;0.412;1.548;2000.195;0.569;5.895
34.1;26.93;0.428;1.545;1994.904;0.260;6.007
34.1;26.93;0.433;1.543;1986.682;0.130;6.004
34.1;26.93;0.412;1.539;1986.467;0.588;6.059
34.1;26.93;0.413;1.521;1993.779;0.684;6.333
34.1;26.93;0.417;1.517;2001.539;0.632;6.516
34.1;26.93;0.411;1.535;1997.187;0.672;6.137
34.1;26.93;0.434;1.542;1998.074;0.173;6.031
34.1;26.93;0.418;1.550;1986.256;0.437;5.896
34.1;26.93;0.422;1.499;1984.917;0.593;6.774
34.1;26.93;0.428;1.489;1987.337;0.516;6.949
34.1;26.93;0.419;1.524;2007.321;0.628;6.389
34.1;26.93;0.422;1.550;1996.448;0.422;5.879
34.1;26.93;0.429;1.541;1999.250;0.216;6.053
34.2;26.93;0.467;1.536;1993.497;-0.464;6.134
34.2;26.93;0.462;1.547;1995.038;-0.332;5.973
34.2;26.93;0.439;1.541;1992.974;0.066;6.014
34.1;26.93;0.416;1.551;1996.965;0.504;5.922
34.1;26.93;0.436;1.545;1997.598;0.095;5.978
34.1;26.93;0.477;1.545;2007.010;-0.552;5.995
34.1;26.93;0.466;1.538;1995.023;-0.462;6.111
34.1;26.93;0.411;1.528;1981.229;0.670;6.259
34.1;26.93;0.410;1.533;1988.497;0.703;6.181
34.1;26.93;0.415;1.542;1999.418;0.642;6.063
34.1;26.93;0.407;1.529;2000.672;0.754;6.271
34.1;26.93;0.414;1.534;1989.723;0.630;6.165
34.1;26.93;0.416;1.546;1994.209;0.462;5.984
34.1;26.93;0.414;1.543;1995.545;0.566;6.028
34.1;26.93;0.412;1.529;1987.408;0.714;6.269
34.1;26.93;0.414;1.549;1993.586;0.586;5.979
34.1;26.93;0.459;1.546;2006.678;-0.340;6.016
34.1;26.93;0.464;1.543;2003.912;-0.376;6.039
34.1;26.93;0.483;1.539;2003.374;-0.661;6.169
34.1;26.93;0.460;1.542;1980.767;-0.334;6.087
34.2;26.93;0.433;1.542;1994.246;0.175;6.048
34.2;26.93;0.424;1.553;1998.564;0.140;5.974
34.2;26.93;0.416;1.547;1996.870;0.533;5.958
34.1;26.93;0.454;1.540;1997.793;-0.168;6.125
34.1;26.93;0.484;1.535;2001.516;-0.695;6.233
34.1;26.93;0.451;1.549;1991.357;-0.169;5.987
34.1;26.93;0.414;1.543;1991.604;0.546;6.067
34.1;26.93;0.415;1.542;1983.565;0.559;6.073
34.2;26.93;0.446;1.549;2005.355;-0.064;5.999
34.2;26.93;0.476;1.539;1997.243;-0.545;6.141
34.1;26.93;0.483;1.537;2007.479;-0.675;6.221
34.1;26.93;0.475;1.533;1983.496;-0.539;6.246
34.1;26.93;0.457;1.544;1995.622;-0.287;6.063
34.1;26.93;0.443;1.545;1993.184;-0.025;6.093
34.1;26.93;0.424;1.549;1994.862;0.318;5.962
34.1;26.93;0.465;1.543;1998.357;-0.367;6.075
34.1;26.93;0.484;1.534;2005.810;-0.639;6.276
34.1;26.93;0.459;1.547;1989.453;-0.337;6.074
34.1;26.93;0.426;1.543;1991.680;0.296;6.046
34.1;26.93;0.436;1.545;1987.401;0.086;6.060
34.1;26.93;0.416;1.544;1992.519;0.546;6.062
34.1;26.93;0.421;1.547;1996.381;0.355;6.055
34.1;26.93;0.458;1.548;2001.395;-0.296;6.054
34.1;26.93;0.462;1.536;1985.648;-0.342;6.210
34.1;26.93;0.439;1.541;1992.374;0.024;6.105
34.1;26.93;0.435;1.550;1997.664;0.136;5.990
34.1;26.93;0.442;1.552;1996.429;-0.004;6.013
34.1;26.93;0.483;1.535;1994.442;-0.648;6.222
34.1;26.93;0.480;1.534;2019.353;-0.522;6.273
34.1;26.93;0.472;1.525;2002.554;-0.387;6.371
34.1;26.93;0.479;1.528;1996.167;-0.598;6.325
34.1;26.93;0.486;1.534;1999.120;-0.663;6.258
34.1;26.93;0.479;1.541;1998.723;-0.637;6.127
34.1;26.93;0.454;1.545;1997.456;-0.186;6.095
34.1;26.93;0.476;1.529;2007.279;-0.485;6.389
34.2;26.93;0.480;1.525;1990.305;-0.547;6.359
34.2;26.93;0.457;1.542;1986.824;-0.279;6.084
34.2;26.93;0.429;1.557;1995.238;0.234;5.892
34.2;26.93;0.418;1.552;1986.409;0.439;6.016
34.2;26.93;0.461;1.544;2002.282;-0.297;6.112
34.2;26.93;0.463;1.549;2001.953;-0.365;6.080
34.2;26.93;0.480;1.537;2007.889;-0.580;6.248
34.2;26.93;0.477;1.530;1993.466;-0.549;6.293
34.2;26.93;0.492;1.536;1994.762;-0.751;6.263
34.2;26.93;0.470;1.545;1997.461;-0.464;6.125
34.1;26.93;0.472;1.539;2004.755;-0.504;6.171
34.1;26.93;0.477;1.523;2006.681;-0.472;6.428
34.1;26.93;0.471;1.517;1999.461;-0.332;6.505
34.2;26.93;0.483;1.537;1995.969;-0.633;6.177
34.2;26.93;0.483;1.535;2002.555;-0.612;6.313
34.1;26.93;0.471;1.543;1982.804;-0.542;6.155
34.1;26.93;0.446;1.543;1998.736;-0.044;6.130
34.1;26.93;0.470;1.548;2011.456;-0.472;6.123
34.1;26.93;0.489;1.540;1994.652;-0.719;6.180
34.1;26.93;0.478;1.534;1990.314;-0.593;6.236
34.2;26.93;0.482;1.540;1996.134;-0.633;6.241
34.2;26.93;0.477;1.550;2004.911;-0.554;6.111
34.2;26.93;0.487;1.529;2000.908;-0.723;6.297
34.2;26.93;0.468;1.520;2005.846;-0.254;6.478
34.2;26.93;0.459;1.497;2011.162;-0.114;6.837
34.2;26.93;0.457;1.507;1998.043;-0.120;6.668
34.2;26.93;0.471;1.520;2000.142;-0.333;6.511
34.2;26.93;0.475;1.524;1990.193;-0.488;6.443
34.2;26.93;0.473;1.540;1995.672;-0.507;6.209
34.2;26.93;0.484;1.541;2011.672;-0.658;6.238
34.2;26.93;0.470;1.524;2001.134;-0.305;6.459
34.2;26.93;0.481;1.533;1990.066;-0.623;6.334
34.2;26.93;0.464;1.545;1996.086;-0.375;6.172
34.2;26.93;0.429;1.550;1994.290;0.254;6.077
34.2;26.93;0.437;1.545;1992.867;0.129;6.103
34.2;26.93;0.487;1.538;2007.795;-0.723;6.293
34.2;26.93;0.481;1.532;2011.920;-0.471;6.354
34.2;26.93;0.462;1.513;2006.614;-0.212;6.607
34.2;26.93;0.468;1.517;2000.051;-0.274;6.563
34.2;26.93;0.478;1.531;1993.383;-0.423;6.436
34.2;26.93;0.480;1.527;2007.367;-0.510;6.378
34.2;26.93;0.465;1.524;2015.151;-0.211;6.471
34.2;26.93;0.446;1.487;2003.033;0.124;6.923
34.2;26.93;0.452;1.492;1989.494;-0.009;6.868
34.2;26.93;0.481;1.527;2009.399;-0.542;6.412
34.1;26.93;0.480;1.538;1989.774;-0.608;6.287
34.1;26.93;0.478;1.535;1988.050;-0.588;6.272
34.1;26.93;0.482;1.535;2008.744;-0.575;6.347
34.1;26.93;0.482;1.532;2010.933;-0.494;6.386
34.1;26.93;0.463;1.525;2005.215;-0.198;6.468
34.1;26.93;0.470;1.520;1998.283;-0.309;6.517
34.1;26.93;0.482;1.532;1992.101;-0.586;6.366
34.1;26.93;0.488;1.540;2004.836;-0.689;6.205
34.2;26.93;0.467;1.525;2012.779;-0.210;6.475
34.2;26.93;0.456;1.493;2002.522;-0.047;6.895
34.2;26.93;0.446;1.486;2008.194;0.107;6.891
34.2;26.93;0.464;1.511;2000.607;-0.245;6.644
34.2;26.93;0.479;1.529;1996.071;-0.491;6.409
34.2;26.93;0.479;1.533;1982.154;-0.586;6.306
34.2;26.93;0.485;1.540;2011.973;-0.672;6.325
34.2;26.93;0.475;1.525;2011.467;-0.335;6.467
34.2;26.93;0.465;1.514;2003.664;-0.221;6.582
34.2;26.93;0.481;1.525;1987.995;-0.562;6.460
34.2;26.93;0.486;1.543;2000.780;-0.681;6.202
34.2;26.93;0.467;1.546;2002.834;-0.417;6.142
34.2;26.93;0.474;1.538;2014.273;-0.420;6.354
34.2;26.93;0.459;1.499;2001.702;-0.034;6.810
34.2;26.93;0.441;1.491;2012.809;0.245;6.833
34.2;26.93;0.449;1.493;2001.629;0.073;6.871
34.2;26.93;0.462;1.503;1996.706;-0.166;6.814
34.3;26.93;0.466;1.519;1994.589;-0.236;6.536
34.3;26.93;0.467;1.514;2010.367;-0.197;6.696
34.3;26.93;0.448;1.488;2010.684;0.121;6.924
34.2;26.93;0.433;1.488;1995.443;0.303;6.842
34.2;26.93;0.458;1.493;1992.268;-0.068;6.932
34.2;26.93;0.467;1.525;2003.716;-0.209;6.510
34.2;26.93;0.479;1.532;2000.902;-0.525;6.378
34.2;26.93;0.473;1.532;2010.770;-0.387;6.429
34.2;26.93;0.463;1.499;2009.548;-0.123;6.808
34.2;26.93;0.461;1.504;2009.584;-0.123;6.743
34.2;26.93;0.464;1.509;2007.470;-0.194;6.753
34.2;26.93;0.472;1.530;1988.658;-0.389;6.456
34.2;26.93;0.485;1.534;2005.203;-0.583;6.360
34.2;26.93;0.471;1.526;2019.376;-0.287;6.505
34.2;26.93;0.455;1.497;2007.738;0.008;6.866
34.3;26.93;0.441;1.489;1997.607;0.232;6.891
34.3;26.93;0.446;1.484;1990.783;0.188;6.969
34.3;26.93;0.464;1.508;2001.525;-0.163;6.757
34.3;26.93;0.467;1.518;2005.983;-0.286;6.591
34.3;26.93;0.467;1.529;2001.426;-0.300;6.461
34.2;26.93;0.460;1.504;2018.217;-0.071;6.809
34.2;26.93;0.440;1.489;2006.254;0.262;6.868
34.2;26.93;0.455;1.496;1998.279;-0.015;6.900
34.3;26.93;0.467;1.521;1991.839;-0.266;6.627
34.3;26.93;0.465;1.522;2004.286;-0.223;6.561
34.3;26.93;0.470;1.527;2016.302;-0.279;6.509
34.3;26.93;0.446;1.486;2008.516;0.155;6.986
34.3;26.93;0.435;1.491;1997.192;0.316;6.864
34.3;26.93;0.428;1.492;1999.560;0.414;6.758
34.3;26.93;0.441;1.487;2001.531;0.251;6.987
34.2;26.93;0.447;1.492;1999.745;0.127;6.860
34.2;26.93;0.449;1.493;1998.384;0.109;6.962
34.2;26.93;0.432;1.490;2008.035;0.387;6.817
34.3;26.93;0.412;1.519;2002.330;0.644;6.253
34.3;26.93;0.428;1.492;1989.203;0.388;6.808
34.3;26.93;0.447;1.486;1989.041;0.142;7.017
34.3;26.93;0.445;1.490;2003.597;0.162;6.951
34.3;26.93;0.462;1.510;2006.256;-0.145;6.751
34.2;26.93;0.463;1.504;1996.062;-0.115;6.850
34.2;26.93;0.453;1.497;2005.635;0.022;6.891
34.3;26.93;0.446;1.493;2011.097;0.154;6.960
34.3;26.93;0.463;1.500;1998.344;-0.135;6.906
34.3;26.93;0.469;1.523;1999.544;-0.310;6.552
34.2;26.93;0.463;1.501;2005.983;-0.094;6.900
34.2;26.93;0.433;1.488;2014.200;0.362;6.901
34.1;26.93;0.423;1.506;2005.272;0.511;6.565
34.1;26.93;0.415;1.515;1992.688;0.626;6.364
34.1;26.93;0.419;1.494;1987.340;0.538;6.702
34.2;26.93;0.436;1.491;2009.398;0.285;6.842
34.2;26.93;0.444;1.492;2000.024;0.218;6.968
34.2;26.93;0.438;1.487;1999.846;0.262;6.989
34.2;26.93;0.411;1.528;2005.123;0.678;6.132
34.2;26.93;0.411;1.519;1994.573;0.645;6.334
34.2;26.93;0.441;1.483;1993.670;0.270;7.047
34.2;26.93;0.461;1.505;2000.807;-0.131;6.808
34.3;26.93;0.460;1.501;2002.618;-0.053;6.902
34.3;26.93;0.441;1.492;2018.184;0.267;6.927
34.3;26.93;0.429;1.500;1998.398;0.427;6.702
34.3;26.93;0.419;1.512;1995.109;0.546;6.461
34.3;26.93;0.409;1.541;1992.848;0.655;5.878
34.3;26.93;0.407;1.526;1998.715;0.679;6.171
34.3;26.93;0.432;1.497;1999.127;0.370;6.801
34.3;26.93;0.422;1.494;1998.820;0.534;6.673
34.3;26.93;0.407;1.551;2007.272;0.637;5.754
34.3;26.93;0.408;1.538;1985.352;0.645;6.005
34.3;26.93;0.431;1.485;1991.123;0.414;7.018
34.3;26.93;0.437;1.492;1993.910;0.291;6.919
34.3;26.93;0.450;1.492;2002.574;0.119;7.000
34.1;26.93;0.458;1.499;2005.322;-0.040;6.962
34.1;26.93;0.457;1.498;2004.389;-0.014;6.923
34.1;26.93;0.437;1.488;1996.540;0.299;6.990
34.1;26.93;0.423;1.491;2002.783;0.524;6.844
34.1;26.93;0.429;1.498;2003.815;0.413;6.780
34.1;26.93;0.434;1.490;1999.687;0.357;6.974
34.1;26.93;0.407;1.514;1995.502;0.671;6.428
34.2;26.93;0.407;1.544;2002.668;0.664;5.875
34.2;26.93;0.416;1.550;2000.899;0.451;5.839
34.2;26.93;0.409;1.548;1988.788;0.544;5.888
34.3;26.93;0.404;1.541;1989.971;0.644;5.918
34.3;26.93;0.406;1.525;1994.632;0.757;6.288
34.2;26.93;0.422;1.502;1995.498;0.527;6.666
34.2;26.93;0.424;1.502;2002.303;0.487;6.616
34.2;26.93;0.409;1.545;1991.047;0.524;5.810
34.2;26.93;0.406;1.539;1982.518;0.699;6.013
34.2;26.93;0.433;1.495;2000.982;0.320;6.850
34.3;26.93;0.441;1.491;1995.468;0.229;6.977
34.3;26.93;0.424;1.498;2000.399;0.516;6.812
34.3;26.93;0.401;1.538;2003.322;0.770;6.017
34.3;26.93;0.412;1.527;1996.126;0.648;6.217
34.3;26.93;0.403;1.547;1989.098;0.673;5.912
34.3;26.93;0.409;1.553;1996.398;0.518;5.779
34.3;26.93;0.410;1.526;1992.001;0.655;6.264
34.3;26.93;0.419;1.496;2000.179;0.576;6.781
34.3;26.93;0.410;1.527;1995.939;0.677;6.193
34.3;26.93;0.416;1.556;1997.049;0.445;5.805
34.3;26.93;0.404;1.539;1983.848;0.699;5.994
34.3;26.93;0.420;1.509;2001.340;0.534;6.560
34.3;26.93;0.418;1.504;1992.603;0.543;6.668
34.3;26.93;0.411;1.512;1994.309;0.674;6.513
34.3;26.93;0.422;1.508;2007.138;0.533;6.604
34.3;26.93;0.411;1.522;2004.121;0.658;6.367
34.3;26.93;0.405;1.541;1984.876;0.706;5.994
34.3;26.93;0.411;1.552;1998.368;0.536;5.826
34.3;26.93;0.410;1.526;1986.868;0.693;6.220
34.3;26.93;0.404;1.524;1995.301;0.759;6.305
34.3;26.93;0.409;1.549;1994.785;0.610;5.863
34.3;26.93;0.433;1.557;2001.157;0.100;5.829
34.3;26.93;0.438;1.551;2001.998;-0.012;5.911
34.3;26.93;0.420;1.556;1998.965;0.274;5.761
34.3;26.93;0.409;1.545;1981.209;0.601;5.948
34.2;26.93;0.407;1.543;1992.227;0.634;5.960
34.2;26.93;0.410;1.524;1999.326;0.683;6.305
34.2;26.93;0.411;1.552;2000.974;0.561;5.892
34.2;26.93;0.426;1.548;1987.272;0.192;5.916
34.2;26.93;0.420;1.551;1991.609;0.370;5.817
34.3;26.93;0.420;1.506;1994.977;0.556;6.629
34.3;26.93;0.423;1.498;1994.670;0.492;6.876
34.3;26.93;0.404;1.534;1996.705;0.743;6.186
34.3;26.93;0.409;1.549;1997.160;0.634;5.955
34.3;26.93;0.417;1.549;1999.047;0.443;5.885
34.3;26.93;0.417;1.555;1990.820;0.361;5.821
34.3;26.93;0.415;1.549;1982.326;0.472;5.909
34.3;26.93;0.407;1.545;1990.875;0.644;5.966
34.2;26.93;0.409;1.554;2000.135;0.581;5.806
34.2;26.93;0.436;1.552;2001.095;0.048;5.949
34.2;26.93;0.487;1.540;2006.240;-0.829;6.074
34.2;26.93;0.462;1.544;1998.190;-0.430;6.025
34.2;26.93;0.421;1.555;1989.605;0.352;5.831
34.2;26.93;0.403;1.549;1982.278;0.650;5.934
34.2;26.93;0.405;1.552;1990.317;0.657;5.839
34.3;26.93;0.412;1.552;2002.482;0.505;5.953
34.3;26.93;0.427;1.547;1998.549;0.180;5.960
34.3;26.93;0.414;1.554;1988.771;0.412;5.814
34.4;26.93;0.413;1.550;1980.566;0.539;5.916
34.4;26.93;0.406;1.529;1992.094;0.767;6.276
34.3;26.93;0.406;1.532;2001.920;0.720;6.017
34.3;26.93;0.439;1.552;1999.426;-0.053;5.929
34.3;26.93;0.481;1.541;2008.327;-0.701;6.100
34.3;26.93;0.493;1.537;2006.758;-0.920;6.175
34.3;26.93;0.448;1.544;1987.280;-0.185;6.059
34.3;26.93;0.419;1.552;1987.220;0.334;5.906
34.3;26.93;0.414;1.553;1993.763;0.495;5.839
34.3;26.93;0.418;1.555;2001.278;0.416;5.901
34.1;26.93;0.461;1.543;2000.492;-0.360;6.058
34.1;26.93;0.447;1.546;1982.712;-0.192;5.998
34.2;26.93;0.410;1.536;1978.346;0.621;6.180
34.2;26.93;0.415;1.513;1997.568;0.670;6.595
34.2;26.93;0.421;1.501;2003.524;0.479;6.740
34.1;26.93;0.408;1.556;1999.263;0.578;5.864
34.1;26.93;0.450;1.554;2002.298;-0.217;5.925
34.1;26.93;0.501;1.532;2017.624;-0.955;6.299
34.1;26.93;0.498;1.533;1994.902;-0.931;6.260
34.1;26.93;0.474;1.542;1995.903;-0.670;6.119
34.3;26.93;0.487;1.537;2009.750;-0.797;6.166
34.3;26.93;0.489;1.542;2003.749;-0.800;6.172
34.3;26.93;0.491;1.530;2011.120;-0.635;6.400
34.3;26.93;0.487;1.518;1996.961;-0.673;6.450
34.3;26.93;0.469;1.545;1991.232;-0.529;6.096
34.3;26.93;0.423;1.551;1996.795;0.271;5.952
34.3;26.93;0.407;1.553;1992.544;0.560;5.838
34.3;26.93;0.412;1.553;1986.009;0.590;5.949
34.3;26.93;0.421;1.560;2003.276;0.351;5.792
34.3;26.93;0.443;1.557;2005.320;-0.100;5.903
34.3;26.93;0.448;1.555;1990.141;-0.168;5.936
34.3;26.93;0.416;1.550;1985.700;0.369;6.004
34.3;26.93;0.425;1.557;2009.223;0.245;5.791
34.3;26.93;0.458;1.561;2003.520;-0.302;5.892
34.3;26.93;0.496;1.536;2008.787;-0.912;6.218
34.3;26.93;0.488;1.517;2003.455;-0.601;6.457
34.3;26.93;0.503;1.528;1998.956;-1.006;6.348
34.2;26.93;0.453;1.550;1994.019;-0.282;5.984
34.2;26.93;0.431;1.553;1986.360;0.083;5.890
34.2;26.93;0.429;1.561;1999.965;0.174;5.871
34.3;26.93;0.463;1.553;2015.930;-0.431;6.023
34.3;26.93;0.493;1.527;2007.468;-0.790;6.344
34.3;26.93;0.482;1.541;1988.459;-0.761;6.173
34.3;26.93;0.439;1.551;1992.946;-0.036;6.000
34.3;26.93;0.443;1.556;2004.967;-0.088;5.903
34.3;26.93;0.472;1.555;2010.308;-0.570;6.021
34.3;26.93;0.491;1.523;2006.066;-0.732;6.423
34.3;26.93;0.482;1.520;2012.532;-0.502;6.449
34.3;26.93;0.482;1.513;2007.743;-0.505;6.572
34.3;26.93;0.487;1.523;2003.761;-0.654;6.452
34.3;26.93;0.490;1.532;1994.980;-0.864;6.277
34.3;26.93;0.479;1.549;1999.759;-0.649;6.121
34.3;26.93;0.487;1.544;2015.656;-0.812;6.164
34.3;26.93;0.484;1.519;2012.952;-0.560;6.444
34.3;26.93;0.498;1.528;1983.474;-0.978;6.377
34.3;26.93;0.458;1.551;1997.133;-0.302;6.025
34.3;26.93;0.469;1.549;2008.305;-0.509;6.027
34.3;26.93;0.452;1.551;1994.886;-0.256;6.048
34.3;26.93;0.464;1.542;1992.950;-0.418;6.143
34.3;26.93;0.500;1.540;2014.596;-0.956;6.201
34.4;26.93;0.497;1.537;2008.774;-0.945;6.258
34.4;26.93;0.474;1.545;1994.387;-0.596;6.148
34.4;26.93;0.455;1.548;1994.452;-0.322;6.103
34.4;26.93;0.497;1.546;2009.643;-0.892;6.171
34.4;26.93;0.497;1.534;2014.571;-0.879;6.276
34.3;26.93;0.486;1.521;2010.508;-0.595;6.511
34.3;26.93;0.474;1.508;1998.207;-0.322;6.669
34.3;26.93;0.493;1.532;2006.144;-0.773;6.328
34.3;26.93;0.496;1.536;2005.489;-0.857;6.305
34.3;26.93;0.497;1.538;1994.237;-0.914;6.304
34.3;26.93;0.494;1.529;2012.523;-0.800;6.353
34.3;26.93;0.474;1.510;2017.398;-0.288;6.630
34.3;26.93;0.472;1.508;2003.009;-0.278;6.733
34.3;26.93;0.491;1.528;1992.650;-0.878;6.392
34.3;26.93;0.490;1.538;2002.450;-0.858;6.278
34.3;26.87;0.474;1.551;2002.084;-0.600;6.099
34.3;26.87;0.496;1.533;2019.095;-0.850;6.318
34.3;26.87;0.488;1.526;2004.839;-0.708;6.456
34.3;26.87;0.480;1.515;2006.156;-0.448;6.584
34.3;26.87;0.490;1.529;2010.829;-0.680;6.391
34.3;26.87;0.494;1.525;2006.777;-0.839;6.445
34.3;26.87;0.495;1.547;2000.887;-0.907;6.185
34.2;26.87;0.486;1.526;2020.219;-0.618;6.448
34.2;26.87;0.474;1.498;2018.905;-0.281;6.834
34.2;26.87;0.469;1.489;2002.901;-0.219;6.967
34.2;26.93;0.485;1.527;1993.676;-0.673;6.468
34.2;26.93;0.490;1.527;2011.744;-0.711;6.417
34.2;26.93;0.498;1.535;2004.276;-0.831;6.324
34.2;26.93;0.499;1.543;2009.243;-0.935;6.208
34.2;26.93;0.491;1.524;2004.339;-0.674;6.474
34.2;26.93;0.488;1.523;2012.972;-0.606;6.505
34.2;26.93;0.491;1.526;2007.128;-0.715;6.458
34.3;26.93;0.498;1.530;2010.934;-0.932;6.386
34.3;26.93;0.498;1.530;2003.676;-0.798;6.447
34.3;26.93;0.474;1.512;2020.676;-0.345;6.670
34.3;26.93;0.468;1.501;2011.114;-0.152;6.837
34.3;26.93;0.454;1.477;2005.169;0.084;7.095
34.3;26.93;0.450;1.479;1994.718;0.108;7.011
34.3;26.93;0.459;1.488;2008.735;-0.051;6.931
34.3;26.93;0.478;1.495;2007.566;-0.320;6.900
34.3;26.93;0.483;1.518;2003.349;-0.557;6.573
34.3;26.93;0.475;1.506;2015.797;-0.330;6.714
34.3;26.93;0.469;1.488;2007.329;-0.111;7.060
34.3;26.93;0.482;1.519;2002.719;-0.523;6.576
34.3;26.93;0.494;1.533;2006.863;-0.921;6.378
34.4;26.93;0.492;1.545;1992.311;-0.840;6.219
34.4;26.93;0.499;1.542;2020.142;-0.907;6.252
34.4;26.93;0.486;1.515;2014.187;-0.554;6.624
34.4;26.93;0.480;1.521;2008.608;-0.447;6.562
34.4;26.93;0.462;1.488;2001.389;-0.042;6.940
34.4;26.93;0.467;1.493;2014.451;-0.172;6.898
34.4;26.93;0.474;1.505;2003.633;-0.276;6.822
34.4;26.93;0.470;1.503;2012.755;-0.273;6.814
34.4;26.93;0.454;1.482;2007.968;0.072;6.997
34.4;26.93;0.440;1.478;2005.738;0.281;7.042
34.4;26.93;0.457;1.483;1998.220;0.025;7.003
34.4;26.93;0.473;1.498;2004.176;-0.303;6.865
34.4;26.93;0.474;1.499;1998.858;-0.229;6.882
34.4;26.93;0.485;1.527;2007.159;-0.589;6.520
34.4;26.93;0.486;1.523;2012.891;-0.564;6.547
34.3;26.93;0.471;1.495;2008.945;-0.227;6.936
34.3;26.93;0.460;1.483;2006.149;-0.006;7.034
34.3;26.93;0.459;1.485;2007.931;-0.025;7.026
34.3;26.93;0.464;1.490;2002.213;-0.065;7.030
34.3;26.93;0.460;1.485;2003.467;-0.062;7.003
34.3;26.87;0.444;1.477;2007.765;0.246;7.035
34.3;26.87;0.434;1.479;2007.808;0.386;6.983
34.1;26.87;0.425;1.493;2005.477;0.502;6.742
34.1;26.87;0.444;1.474;1993.673;0.243;7.100
34.1;26.87;0.456;1.479;2005.443;0.072;7.156
34.2;26.87;0.471;1.499;2008.084;-0.302;6.906
34.2;26.87;0.481;1.520;2007.785;-0.461;6.572
34.3;26.87;0.458;1.488;2008.133;0.023;7.030
34.3;26.87;0.455;1.483;2004.510;0.032;7.036
34.3;26.87;0.470;1.503;2006.836;-0.264;6.812
34.3;26.93;0.497;1.530;2002.391;-0.782;6.473
34.3;26.93;0.487;1.523;2003.102;-0.644;6.606
34.4;26.93;0.473;1.503;2021.814;-0.278;6.804
34.4;26.93;0.457;1.477;2008.902;0.063;7.124
34.4;26.93;0.436;1.486;2009.534;0.336;6.902
34.4;26.93;0.429;1.487;1996.402;0.448;6.787
34.4;26.93;0.443;1.475;1999.628;0.285;7.109
34.4;26.93;0.448;1.484;2008.883;0.141;7.009
34.4;26.93;0.445;1.478;2004.085;0.232;7.038
34.4;26.93;0.413;1.506;1997.129;0.726;6.469
34.3;26.87;0.411;1.522;1996.889;0.667;6.180
34.3;26.87;0.431;1.475;1996.264;0.392;7.050
34.3;26.87;0.444;1.473;1989.133;0.257;7.140
34.3;26.87;0.445;1.482;2000.749;0.183;7.040
34.3;26.87;0.459;1.486;2010.190;0.021;7.024
34.3;26.87;0.457;1.487;2009.603;0.043;7.093
34.3;26.87;0.433;1.486;1999.111;0.395;6.877
34.4;26.87;0.431;1.482;1993.932;0.434;6.911
34.4;26.87;0.448;1.475;1997.917;0.157;7.165
34.4;26.87;0.468;1.502;2010.046;-0.186;6.879
34.4;26.93;0.467;1.493;2006.589;-0.099;6.962
34.4;26.93;0.443;1.478;2006.778;0.270;7.107
34.4;26.93;0.423;1.498;2012.802;0.534;6.662
34.4;26.93;0.432;1.479;1994.785;0.384;6.972
34.4;26.93;0.450;1.471;1988.774;0.157;7.220
34.4;26.93;0.458;1.489;2006.145;-0.019;7.033
34.4;26.93;0.475;1.512;2012.897;-0.315;6.720
34.5;26.93;0.461;1.494;2011.557;-0.017;7.030
34.5;26.93;0.418;1.501;2000.344;0.566;6.595
34.5;26.93;0.419;1.495;1988.247;0.573;6.619
34.4;26.87;0.460;1.477;1994.435;-0.012;7.156
34.4;26.87;0.469;1.504;2008.413;-0.243;6.878
34.4;26.87;0.466;1.489;2010.179;-0.138;7.023
34.4;26.87;0.430;1.482;2005.328;0.547;6.809
34.4;26.87;0.418;1.521;2006.117;0.571;6.231
34.4;26.87;0.408;1.524;1991.527;0.676;6.128
34.4;26.87;0.405;1.520;1978.712;0.750;6.150
34.4;26.87;0.426;1.499;1994.362;0.484;6.652
34.4;26.87;0.436;1.484;2001.404;0.403;6.880
34.4;26.87;0.410;1.514;1997.096;0.728;6.362
34.4;26.93;0.435;1.541;2002.270;0.116;5.881
34.4;26.93;0.433;1.542;1983.557;0.115;5.836
34.4;26.93;0.416;1.495;1984.669;0.686;6.636
34.4;26.93;0.429;1.491;1999.253;0.419;6.875
34.4;26.93;0.441;1.478;1989.527;0.281;7.059
34.4;26.93;0.445;1.477;2002.706;0.221;7.173
34.4;26.93;0.444;1.486;2008.157;0.252;6.964
34.4;26.93;0.446;1.476;1999.830;0.201;7.120
34.4;26.93;0.442;1.473;1990.109;0.284;7.168
34.4;26.93;0.464;1.501;2005.536;-0.096;6.939
34.3;26.87;0.471;1.500;2016.345;-0.239;6.897
34.3;26.87;0.445;1.475;2008.715;0.225;7.176
34.4;26.87;0.418;1.510;2002.406;0.591;6.426
34.4;26.87;0.412;1.535;1997.993;0.657;5.848
34.4;26.87;0.416;1.512;1988.993;0.630;6.398
34.4;26.87;0.423;1.495;1993.438;0.483;6.794
34.4;26.87;0.431;1.477;1986.632;0.450;6.981
34.4;26.87;0.431;1.487;2006.265;0.426;6.913
34.4;26.87;0.414;1.522;2007.373;0.633;6.186
34.4;26.87;0.408;1.536;1981.438;0.666;5.983
34.3;26.93;0.411;1.514;1982.235;0.692;6.357
34.3;26.93;0.442;1.486;2011.836;0.272;7.041
34.3;26.93;0.456;1.480;2008.219;0.039;7.127
34.3;26.93;0.426;1.496;1998.671;0.542;6.739
34.3;26.93;0.419;1.543;2002.830;0.492;5.829
34.4;26.93;0.429;1.549;2000.960;0.231;5.797
34.4;26.93;0.418;1.536;1989.992;0.386;5.996
34.4;26.93;0.410;1.541;1986.531;0.537;5.931
34.4;26.93;0.410;1.525;1988.539;0.646;6.157
34.4;26.93;0.412;1.534;1993.989;0.641;6.041
34.4;26.93;0.424;1.549;2008.279;0.313;5.799
34.4;26.93;0.458;1.536;1984.831;-0.276;6.026
34.3;26.93;0.407;1.525;1977.559;0.713;6.154
34.3;26.93;0.430;1.491;2004.235;0.428;6.912
34.3;26.93;0.440;1.477;1996.348;0.291;7.091
34.3;26.93;0.437;1.481;1988.170;0.343;7.133
34.3;26.93;0.432;1.488;2009.272;0.414;6.959
34.4;26.93;0.435;1.484;2003.356;0.395;7.004
34.4;26.93;0.437;1.482;1995.211;0.343;7.094
34.4;26.93;0.435;1.485;1995.269;0.315;7.046
34.5;26.93;0.440;1.480;2005.171;0.300;7.087
34.5;26.93;0.417;1.507;2003.214;0.706;6.561
34.5;26.93;0.420;1.548;1999.721;0.385;5.846
34.5;26.93;0.445;1.541;1988.993;-0.079;5.963
34.5;26.93;0.456;1.530;1989.653;-0.235;6.086
34.5;26.93;0.422;1.546;1994.235;0.305;5.851
34.5;26.93;0.408;1.532;1984.815;0.678;6.051
34.5;26.93;0.410;1.537;1986.853;0.623;5.996
34.5;26.93;0.415;1.548;2012.152;0.520;5.862
34.5;26.93;0.452;1.546;1994.935;-0.177;5.915
34.4;26.93;0.408;1.534;1973.408;0.593;6.062
34.4;26.93;0.416;1.507;1983.599;0.586;6.522
34.4;26.93;0.422;1.504;1997.440;0.592;6.534
34.4;26.93;0.419;1.513;2000.450;0.655;6.482
34.4;26.93;0.427;1.548;2004.107;0.220;5.836
34.5;26.93;0.439;1.543;1988.688;0.060;5.923
34.5;26.93;0.442;1.538;1993.817;-0.012;5.999
34.4;26.93;0.424;1.550;1996.100;0.323;5.849
34.4;26.93;0.414;1.536;1979.957;0.526;5.982
34.4;26.93;0.411;1.536;1987.496;0.693;6.044
34.3;26.93;0.415;1.545;2009.967;0.525;5.909
34.3;26.93;0.433;1.541;1993.564;0.145;5.965
34.4;26.93;0.411;1.535;1979.771;0.541;6.043
34.4;26.93;0.416;1.516;1992.697;0.619;6.403
34.4;26.93;0.422;1.500;2003.090;0.581;6.702
34.5;26.93;0.424;1.496;1992.709;0.571;6.793
34.5;26.93;0.421;1.504;1997.632;0.521;6.660
34.5;26.93;0.416;1.541;1995.578;0.594;5.960
34.5;26.93;0.420;1.541;1996.763;0.414;5.998
34.5;26.93;0.410;1.549;1997.279;0.575;5.882
34.5;26.93;0.414;1.539;1988.139;0.576;5.982
34.5;26.93;0.430;1.543;1996.853;0.246;5.984
34.5;26.93;0.448;1.546;2009.441;-0.153;5.940
34.5;26.93;0.469;1.541;1997.491;-0.452;5.998
34.5;26.93;0.481;1.529;1994.420;-0.633;6.177
34.5;26.93;0.485;1.533;2000.609;-0.680;6.203
34.5;26.93;0.472;1.540;1995.752;-0.503;6.052
34.5;26.93;0.446;1.536;1986.206;-0.086;6.078
34.5;26.93;0.444;1.541;1993.950;-0.050;6.004
34.5;26.93;0.470;1.543;2007.200;-0.456;5.985
34.5;26.93;0.480;1.530;1999.059;-0.614;6.175
34.5;26.93;0.444;1.545;1990.619;-0.095;5.971
34.4;26.93;0.406;1.540;1988.535;0.646;6.010
34.4;26.93;0.409;1.544;1993.158;0.624;5.981
34.4;26.93;0.417;1.549;2008.052;0.482;5.865
34.3;26.93;0.428;1.545;1987.739;0.282;5.913
34.3;26.93;0.429;1.539;1992.420;0.126;6.032
34.3;26.93;0.458;1.546;2004.609;-0.277;5.950
34.3;26.93;0.440;1.541;1991.171;-0.005;6.048
34.3;26.93;0.409;1.541;1980.659;0.655;6.002
34.4;26.93;0.423;1.546;1998.422;0.348;5.933
34.4;26.93;0.453;1.550;2001.810;-0.181;5.895
34.4;26.93;0.474;1.538;2001.576;-0.563;6.079
34.4;26.93;0.468;1.540;1994.165;-0.481;6.086
34.4;26.93;0.461;1.541;1997.801;-0.352;6.059
34.4;26.93;0.465;1.538;1997.388;-0.420;6.059
34.4;26.93;0.434;1.549;1995.864;0.137;5.919
34.4;26.93;0.431;1.546;1985.333;0.167;5.965
34.4;26.93;0.470;1.541;2002.758;-0.490;6.067
34.4;26.93;0.482;1.536;2006.222;-0.671;6.151
34.4;26.93;0.481;1.531;1992.467;-0.654;6.181
34.4;26.93;0.453;1.536;1985.465;-0.223;6.122
34.3;26.93;0.485;1.535;2009.500;-0.712;6.180
34.3;26.93;0.486;1.538;2002.280;-0.666;6.128
34.3;26.93;0.470;1.528;2012.346;-0.428;6.250
34.2;26.93;0.467;1.512;2002.951;-0.265;6.473
34.2;26.93;0.474;1.520;1999.762;-0.336;6.509
34.2;26.93;0.482;1.527;1998.068;-0.670;6.234
34.2;26.93;0.465;1.540;1995.005;-0.414;6.143
34.2;26.93;0.444;1.546;1986.964;-0.047;5.999
34.3;26.87;0.480;1.536;2009.904;-0.619;6.159
34.3;26.87;0.485;1.526;1997.770;-0.671;6.291
34.3;26.87;0.427;1.546;1980.308;0.250;5.974
34.3;26.87;0.412;1.537;1980.012;0.614;6.063
34.3;26.87;0.413;1.555;2005.759;0.591;5.881
34.4;26.87;0.441;1.551;1998.940;0.120;5.908
34.4;26.87;0.444;1.537;1995.378;-0.079;6.114
34.4;26.87;0.487;1.530;2002.074;-0.703;6.253
34.4;26.87;0.479;1.526;2003.422;-0.488;6.314
34.4;26.87;0.477;1.534;1991.277;-0.580;6.143
34.5;26.93;0.484;1.535;2008.458;-0.693;6.219
34.5;26.93;0.480;1.528;2004.721;-0.516;6.278
34.5;26.93;0.454;1.498;2017.466;-0.069;6.681
34.5;26.93;0.461;1.491;2002.562;-0.085;6.775
34.5;26.93;0.479;1.520;1992.305;-0.530;6.402
34.4;26.93;0.469;1.517;1991.250;-0.340;6.418
34.4;26.93;0.477;1.531;2009.251;-0.488;6.320
34.4;26.93;0.480;1.540;2003.877;-0.627;6.123
34.4;26.93;0.477;1.537;2004.067;-0.618;6.132
34.4;26.93;0.480;1.523;2000.043;-0.463;6.334
34.4;26.93;0.481;1.529;2000.748;-0.538;6.289
34.4;26.93;0.479;1.536;1993.039;-0.604;6.175
34.3;26.93;0.466;1.546;2001.740;-0.462;6.065
34.3;26.93;0.480;1.531;2005.264;-0.577;6.286
34.3;26.93;0.468;1.521;2008.736;-0.307;6.377
34.3;26.93;0.467;1.511;2010.692;-0.213;6.547
34.3;26.93;0.471;1.521;1990.444;-0.383;6.417
34.4;26.93;0.480;1.527;1998.294;-0.582;6.290
34.4;26.93;0.483;1.537;2009.176;-0.692;6.235
34.4;26.93;0.442;1.549;1986.089;0.007;5.976
34.4;26.93;0.475;1.539;1997.162;-0.557;6.180
34.4;26.93;0.485;1.525;2006.217;-0.566;6.359
34.4;26.93;0.483;1.541;1997.528;-0.652;6.162
34.4;26.93;0.432;1.539;1989.177;0.185;6.126
34.4;26.93;0.440;1.545;1992.484;0.018;6.075
34.4;26.93;0.474;1.546;2002.988;-0.509;6.051
34.4;26.93;0.465;1.530;2007.876;-0.291;6.298
34.5;26.93;0.464;1.505;2014.517;-0.126;6.661
34.5;26.93;0.439;1.481;1991.778;0.199;6.955
34.5;26.93;0.450;1.488;2004.404;-0.013;6.829
34.5;26.93;0.466;1.509;2007.234;-0.251;6.618
34.5;26.93;0.469;1.516;1999.543;-0.228;6.500
34.5;26.93;0.456;1.492;2004.684;-0.045;6.800
34.5;26.93;0.432;1.488;2006.910;0.426;6.726
34.5;26.93;0.450;1.482;1993.626;0.061;6.955
34.5;26.93;0.466;1.521;1999.831;-0.318;6.396
34.5;26.93;0.476;1.519;1996.850;-0.418;6.488
34.5;26.93;0.485;1.533;2001.555;-0.624;6.281
34.5;26.93;0.476;1.531;2003.426;-0.512;6.284
34.5;26.93;0.468;1.516;2006.437;-0.230;6.528
34.5;26.87;0.464;1.506;1993.818;-0.179;6.698
34.5;26.87;0.463;1.519;1998.393;-0.280;6.431
34.4;26.87;0.483;1.538;1999.010;-0.669;6.228
34.4;26.87;0.486;1.538;1994.293;-0.665;6.212
34.4;26.87;0.469;1.516;2007.137;-0.305;6.500
34.5;26.87;0.466;1.508;2016.558;-0.177;6.632
34.5;26.87;0.461;1.487;2003.343;-0.093;6.959
34.4;26.87;0.465;1.519;1992.807;-0.300;6.420
34.4;26.87;0.486;1.524;2000.560;-0.619;6.418
34.4;26.87;0.489;1.539;2000.081;-0.723;6.164
34.4;26.87;0.480;1.541;2005.701;-0.643;6.172
34.4;26.87;0.468;1.502;2018.122;-0.209;6.719
34.4;26.87;0.455;1.486;1994.224;-0.011;6.927
34.4;26.87;0.472;1.519;1992.173;-0.388;6.415
34.4;26.87;0.483;1.533;2006.332;-0.550;6.322
34.4;26.87;0.476;1.528;2000.403;-0.479;6.376
34.4;26.87;0.452;1.500;2017.329;-0.014;6.739
34.4;26.87;0.438;1.483;2004.729;0.289;6.878
34.4;26.87;0.432;1.483;2003.523;0.370;6.818
34.4;26.87;0.433;1.481;1992.404;0.310;6.841
34.4;26.93;0.449;1.482;1994.415;0.128;6.933
34.4;26.93;0.457;1.495;2000.242;-0.045;6.866
34.5;26.93;0.451;1.500;2007.164;0.009;6.739
34.5;26.93;0.440;1.482;2002.075;0.270;6.881
34.5;26.93;0.426;1.484;1991.263;0.432;6.818
34.5;26.93;0.454;1.492;1993.719;-0.018;6.801
34.5;26.93;0.470;1.517;2003.745;-0.256;6.556
34.4;26.93;0.470;1.509;1995.279;-0.290;6.675
34.4;26.93;0.463;1.520;2003.840;-0.202;6.509
34.4;26.93;0.469;1.519;2011.791;-0.281;6.557
34.5;26.93;0.467;1.509;2001.721;-0.252;6.693
34.5;26.93;0.466;1.514;1990.497;-0.283;6.554
34.5;26.93;0.485;1.533;2000.736;-0.578;6.336
34.5;26.93;0.485;1.537;2008.160;-0.599;6.283
34.5;26.93;0.462;1.518;2007.360;-0.197;6.513
34.5;26.93;0.455;1.489;2003.223;-0.011;6.899
34.5;26.93;0.437;1.480;2003.388;0.315;6.931
34.4;26.93;0.436;1.486;1999.867;0.259;6.830
34.4;26.93;0.459;1.496;1997.656;-0.059;6.839
34.4;26.93;0.450;1.486;1997.344;0.072;6.955
34.4;26.87;0.448;1.490;2008.422;0.061;6.891
34.4;26.87;0.447;1.485;2013.362;0.171;6.909
34.4;26.87;0.411;1.510;1990.171;0.653;6.335
34.4;26.87;0.427;1.484;1984.882;0.375;6.833
34.4;26.87;0.462;1.501;1999.103;-0.104;6.845
34.5;26.87;0.465;1.511;2001.108;-0.208;6.671
34.5;26.87;0.459;1.511;2003.363;-0.120;6.636
34.6;26.87;0.443;1.484;2000.582;0.257;6.911
34.6;26.87;0.433;1.488;2005.810;0.357;6.869
34.6;26.87;0.422;1.497;2000.845;0.454;6.595
34.5;26.93;0.432;1.488;1993.284;0.335;6.861
34.5;26.93;0.445;1.475;1992.423;0.169;7.080
34.5;26.93;0.447;1.495;2006.273;0.081;6.828
34.5;26.93;0.443;1.487;2007.617;0.183;6.907
34.5;26.93;0.415;1.499;1990.755;0.589;6.516
34.5;26.93;0.429;1.484;1991.543;0.345;6.892
34.5;26.93;0.464;1.508;2006.136;-0.151;6.722
34.5;26.93;0.462;1.500;2002.630;-0.142;6.808
34.5;26.93;0.461;1.513;1992.977;-0.189;6.579
34.5;26.93;0.467;1.507;2006.138;-0.158;6.694
34.5;26.87;0.463;1.499;2008.673;-0.113;6.839
34.5;26.87;0.453;1.497;2009.883;-0.026;6.830
34.5;26.87;0.454;1.493;1999.409;0.026;6.931
34.5;26.87;0.454;1.486;2005.333;-0.013;6.986
34.5;26.87;0.440;1.493;2012.992;0.237;6.826
34.4;26.87;0.427;1.495;2006.438;0.492;6.706
34.4;26.87;0.409;1.525;1993.968;0.634;6.132
34.5;26.87;0.410;1.551;2003.330;0.464;5.665
34.5;26.87;0.407;1.536;1985.402;0.700;5.922
34.5;26.87;0.418;1.499;1994.642;0.545;6.553
34.5;26.93;0.416;1.503;1987.316;0.546;6.512
34.5;26.93;0.433;1.490;1997.844;0.392;6.800
34.5;26.93;0.413;1.506;2001.997;0.657;6.472
34.5;26.93;0.401;1.527;1997.719;0.718;6.038
34.5;26.93;0.434;1.479;1981.648;0.328;7.038
34.4;26.93;0.456;1.488;2004.930;-0.005;6.986
34.4;26.93;0.457;1.505;2003.709;-0.026;6.784
34.4;26.93;0.445;1.489;2009.105;0.199;6.939
34.4;26.93;0.430;1.488;1986.683;0.422;6.826
34.4;26.93;0.410;1.514;2010.212;0.631;6.300
34.4;26.87;0.419;1.508;1998.332;0.590;6.441
34.4;26.87;0.419;1.495;1989.466;0.533;6.702
34.5;26.87;0.437;1.488;1993.289;0.245;6.923
34.5;26.87;0.443;1.491;2015.442;0.200;6.905
34.5;26.87;0.425;1.497;2003.987;0.487;6.690
34.5;26.87;0.408;1.521;1993.278;0.663;6.161
34.5;26.87;0.428;1.490;1985.502;0.435;6.826
34.5;26.87;0.451;1.488;2004.567;0.132;6.989
34.5;26.87;0.441;1.493;2002.667;0.212;6.861
34.5;26.87;0.446;1.487;1999.507;0.129;7.025
34.5;26.93;0.429;1.491;1998.136;0.439;6.811
34.5;26.93;0.409;1.518;2006.811;0.685;6.261
34.4;26.93;0.415;1.512;1994.801;0.679;6.242
34.4;26.93;0.411;1.521;1992.904;0.675;6.197
34.4;26.93;0.410;1.518;1997.646;0.636;6.299
34.4;26.93;0.409;1.520;2006.341;0.722;6.304
34.4;26.93;0.407;1.535;1992.928;0.621;5.951
34.4;26.93;0.410;1.555;2000.490;0.457;5.654
34.4;26.93;0.425;1.548;1985.274;0.293;5.804
34.4;26.93;0.400;1.536;1990.876;0.740;5.985
34.4;26.93;0.407;1.516;1994.837;0.666;6.306
34.4;26.93;0.427;1.485;1989.251;0.418;6.901
34.5;26.93;0.420;1.500;2002.974;0.583;6.632
34.5;26.93;0.403;1.546;2000.254;0.654;5.788
34.5;26.93;0.411;1.516;1989.792;0.671;6.326
34.5;26.93;0.429;1.485;1984.225;0.386;6.989
34.5;26.93;0.435;1.492;2001.962;0.311;6.890
34.5;26.93;0.450;1.495;2016.276;0.085;6.961
34.5;26.93;0.423;1.498;1997.890;0.529;6.698
34.5;26.93;0.413;1.514;2001.795;0.587;6.366
34.5;26.93;0.406;1.545;1998.148;0.686;5.862
34.5;26.93;0.406;1.531;1988.728;0.678;6.093
34.5;26.93;0.423;1.500;1993.372;0.477;6.637
34.5;26.93;0.420;1.500;1995.687;0.547;6.682
34.5;26.93;0.409;1.533;2002.038;0.688;6.038
34.5;26.93;0.422;1.561;2010.727;0.232;5.642
34.5;26.93;0.425;1.548;1990.809;0.246;5.843
34.5;26.93;0.407;1.539;1989.128;0.570;5.962
34.5;26.93;0.404;1.541;1998.793;0.654;5.865
34.5;26.93;0.420;1.505;1995.257;0.560;6.595
34.4;26.87;0.416;1.513;1993.998;0.602;6.412
34.4;26.87;0.410;1.551;2000.419;0.508;5.745
34.4;26.87;0.420;1.549;1997.774;0.388;5.824
34.4;26.87;0.409;1.535;1990.690;0.624;5.994
34.4;26.87;0.415;1.513;1989.179;0.568;6.383
34.5;26.87;0.416;1.503;1993.309;0.587;6.580
34.5;26.87;0.405;1.540;2004.632;0.720;5.949
34.5;26.87;0.419;1.555;2002.945;0.321;5.717
34.5;26.87;0.435;1.550;1995.371;0.025;5.841
34.5;26.87;0.428;1.547;1992.664;0.138;5.878
34.5;26.93;0.409;1.548;2002.045;0.538;5.791
34.5;26.93;0.407;1.529;1989.204;0.740;6.179
34.5;26.93;0.413;1.508;1985.779;0.651;6.492
34.5;26.93;0.417;1.562;2013.756;0.359;5.666
34.5;26.93;0.436;1.546;1996.397;0.030;5.912
34.5;26.93;0.405;1.530;1984.611;0.703;6.111
34.5;26.93;0.437;1.490;1993.687;0.253;6.926
34.5;26.93;0.434;1.491;2005.147;0.353;6.945
34.5;26.93;0.426;1.504;2005.421;0.490;6.694
34.5;26.93;0.405;1.559;2006.657;0.605;5.690
34.6;26.87;0.437;1.552;1998.266;0.077;5.824
34.6;26.87;0.473;1.542;2001.964;-0.627;6.027
34.6;26.87;0.441;1.552;1999.630;-0.118;5.796
34.6;26.87;0.419;1.551;1995.030;0.342;5.867
34.6;26.87;0.428;1.546;1991.463;0.176;5.936
34.5;26.87;0.487;1.542;2022.539;-0.858;6.035
34.5;26.87;0.492;1.530;2008.451;-0.747;6.193
34.5;26.87;0.459;1.540;1989.879;-0.437;6.071
34.5;26.87;0.434;1.554;1990.664;0.000;5.779
34.5;26.87;0.415;1.548;1994.665;0.470;5.908
34.5;26.87;0.411;1.522;1991.869;0.671;6.293
34.5;26.87;0.400;1.543;1997.560;0.698;5.951
34.5;26.87;0.427;1.549;1991.673;0.230;5.879
34.5;26.87;0.418;1.551;1991.159;0.359;5.855
34.5;26.87;0.402;1.550;1992.744;0.685;5.827
34.5;26.87;0.417;1.510;1997.882;0.564;6.582
34.5;26.87;0.410;1.543;1991.971;0.584;5.921
34.5;26.87;0.447;1.551;2013.834;-0.209;5.890
34.5;26.87;0.478;1.540;2005.999;-0.626;6.062
34.5;26.87;0.480;1.538;1997.276;-0.724;6.107
34.6;26.87;0.456;1.542;1995.809;-0.396;5.998
34.6;26.87;0.422;1.557;1995.665;0.336;5.818
34.5;26.87;0.409;1.545;1994.134;0.609;5.935
34.5;26.87;0.406;1.554;2000.959;0.567;5.778
34.5;26.87;0.473;1.544;2003.266;-0.577;5.995
34.5;26.87;0.455;1.542;1990.991;-0.418;6.014
34.5;26.87;0.405;1.543;1987.435;0.650;5.952
34.5;26.87;0.408;1.522;1990.421;0.705;6.362
34.5;26.87;0.409;1.544;1997.881;0.600;5.949
34.5;26.87;0.465;1.553;2018.280;-0.492;5.886
34.5;26.93;0.491;1.535;2002.422;-0.819;6.161
34.5;26.93;0.495;1.530;2005.270;-0.900;6.270
34.5;26.93;0.497;1.524;2009.369;-0.863;6.365
34.5;26.93;0.487;1.539;2004.289;-0.813;6.161
34.5;26.93;0.458;1.541;1992.173;-0.346;6.073
34.5;26.93;0.481;1.545;2008.512;-0.746;6.022
34.5;26.93;0.486;1.520;2016.276;-0.597;6.398
34.5;26.93;0.479;1.517;1998.908;-0.542;6.475
34.5;26.93;0.437;1.549;1990.552;-0.078;5.921
34.5;26.93;0.422;1.552;1988.235;0.264;5.884
34.5;26.93;0.431;1.545;1997.118;0.156;6.008
34.5;26.93;0.423;1.562;2011.263;0.226;5.749
34.5;26.93;0.437;1.551;2002.877;0.038;5.895
34.5;26.93;0.453;1.542;1990.482;-0.286;6.097
34.5;26.93;0.464;1.546;2001.084;-0.496;6.001
34.5;26.93;0.422;1.551;1994.276;0.126;5.864
34.5;26.93;0.413;1.551;1995.910;0.516;5.889
34.5;26.93;0.469;1.551;2007.591;-0.576;5.988
34.5;26.93;0.494;1.535;2006.601;-0.826;6.193
34.5;26.93;0.495;1.535;2003.292;-0.886;6.200
34.6;26.93;0.490;1.532;2004.179;-0.889;6.204
34.6;26.93;0.442;1.547;1985.663;-0.060;5.985
34.6;26.93;0.453;1.544;1997.655;-0.232;6.032
34.6;26.93;0.441;1.555;2006.298;-0.074;5.885
34.6;26.93;0.478;1.545;2006.381;-0.656;6.061
34.5;26.93;0.492;1.528;1998.429;-0.819;6.332
34.5;26.93;0.490;1.533;1999.449;-0.877;6.198
34.6;26.93;0.424;1.554;1992.707;0.314;5.874
34.6;26.93;0.415;1.551;1990.034;0.420;5.912
34.6;26.93;0.464;1.548;2007.764;-0.445;6.010
34.6;26.93;0.497;1.535;2006.937;-0.846;6.238
34.6;26.93;0.495;1.541;2006.321;-0.895;6.137
34.6;26.93;0.500;1.524;2008.730;-0.970;6.331
34.6;26.93;0.496;1.528;1995.558;-0.846;6.304
34.6;26.93;0.471;1.544;1996.378;-0.552;6.080
34.7;26.93;0.473;1.548;2008.291;-0.630;6.030
34.7;26.93;0.493;1.531;2009.708;-0.845;6.300
34.5;26.93;0.481;1.517;2003.724;-0.522;6.452
34.5;26.93;0.498;1.527;2002.300;-0.952;6.316
34.5;26.93;0.458;1.549;1995.210;-0.296;6.020
34.6;26.93;0.456;1.544;1993.274;-0.348;6.059
34.6;26.93;0.472;1.545;2005.848;-0.646;6.075
34.7;26.93;0.473;1.546;2002.482;-0.590;6.077
34.7;26.93;0.478;1.544;2001.765;-0.659;6.100
34.7;26.93;0.486;1.535;1997.339;-0.832;6.187
34.6;26.93;0.480;1.546;1997.518;-0.656;6.086
34.6;26.93;0.446;1.553;2003.280;-0.163;5.954
34.6;26.93;0.473;1.547;2008.498;-0.632;6.065
34.6;26.93;0.496;1.525;2001.065;-0.901;6.364
34.6;26.93;0.478;1.519;2012.388;-0.470;6.439
34.6;26.93;0.479;1.510;2014.582;-0.405;6.564
34.6;26.93;0.488;1.522;1996.662;-0.600;6.464
34.5;26.93;0.486;1.523;1999.316;-0.653;6.379
34.5;26.93;0.489;1.520;2007.443;-0.697;6.452
34.5;26.93;0.495;1.536;2010.234;-0.849;6.232
34.5;26.93;0.476;1.510;2006.461;-0.377;6.547
34.5;26.93;0.480;1.510;1996.946;-0.508;6.573
34.6;26.93;0.487;1.541;1990.441;-0.767;6.228
34.6;26.93;0.458;1.549;1999.332;-0.375;6.057
34.6;26.93;0.443;1.554;1995.157;-0.100;5.903
34.8;26.93;0.494;1.539;2006.118;-0.879;6.173
34.8;26.93;0.488;1.538;2000.820;-0.797;6.205
34.7;26.93;0.494;1.528;2018.551;-0.805;6.344
34.7;26.93;0.492;1.527;2004.167;-0.677;6.371
34.7;26.93;0.492;1.525;1994.288;-0.760;6.387
34.6;26.93;0.499;1.530;2011.293;-0.911;6.355
34.6;26.93;0.494;1.532;2014.728;-0.801;6.338
34.7;26.93;0.472;1.514;2009.228;-0.312;6.551
34.7;26.93;0.471;1.492;2003.027;-0.263;6.774
34.7;26.93;0.488;1.517;2000.263;-0.624;6.548
34.7;26.87;0.492;1.530;2006.194;-0.854;6.344
34.7;26.87;0.487;1.538;1991.959;-0.849;6.193
34.6;26.87;0.469;1.551;1996.879;-0.475;6.055
34.6;26.87;0.487;1.545;2005.739;-0.757;6.100
34.6;26.87;0.495;1.531;2017.331;-0.851;6.330
34.6;26.87;0.488;1.524;2002.508;-0.619;6.448
34.6;26.87;0.492;1.520;2000.312;-0.799;6.448
34.6;26.87;0.497;1.524;2018.917;-0.829;6.398
34.6;26.87;0.481;1.518;2017.318;-0.474;6.560
34.6;26.87;0.468;1.505;2005.391;-0.207;6.699
34.6;26.93;0.454;1.478;2007.698;0.052;6.964
34.6;26.93;0.459;1.478;2000.441;0.006;7.030
34.7;26.93;0.472;1.507;2000.814;-0.344;6.635
34.7;26.93;0.478;1.512;2000.003;-0.419;6.579
34.7;26.93;0.499;1.526;1998.440;-0.856;6.416
34.5;26.93;0.496;1.536;2015.682;-0.806;6.262
34.5;26.93;0.475;1.510;2015.097;-0.415;6.625
34.5;26.93;0.490;1.519;1991.068;-0.674;6.543
34.5;26.93;0.477;1.536;1994.390;-0.821;6.222
34.5;26.93;0.473;1.550;2008.999;-0.617;6.054
34.5;26.93;0.481;1.552;2006.949;-0.665;6.117
34.5;26.93;0.487;1.526;2002.833;-0.616;6.435
34.7;26.93;0.479;1.511;2021.387;-0.409;6.594
34.7;26.93;0.470;1.493;2008.204;-0.207;6.873
34.7;26.93;0.466;1.490;2002.213;-0.179;6.877
34.7;26.93;0.478;1.511;1999.679;-0.429;6.598
34.7;26.93;0.477;1.508;2011.058;-0.358;6.703
34.7;26.93;0.469;1.507;2009.732;-0.215;6.697
34.7;26.93;0.453;1.475;2008.315;0.037;7.060
34.7;26.93;0.466;1.481;1993.238;-0.168;7.028
34.7;26.87;0.470;1.515;2011.387;-0.290;6.584
34.7;26.87;0.481;1.517;2006.428;-0.436;6.516
34.6;26.87;0.492;1.528;1996.987;-0.787;6.435
34.6;26.87;0.486;1.521;2002.308;-0.639;6.524
34.6;26.87;0.473;1.511;2024.199;-0.313;6.626
34.6;26.87;0.470;1.490;2009.543;-0.196;6.904
34.6;26.87;0.465;1.491;2004.166;-0.194;6.906
34.7;26.87;0.475;1.509;2000.667;-0.351;6.664
34.7;26.87;0.476;1.508;2014.172;-0.311;6.847
34.7;26.87;0.466;1.492;2011.397;-0.165;6.907
34.8;26.87;0.456;1.483;2010.398;0.006;6.965
34.8;26.87;0.445;1.472;1993.633;0.232;7.073
34.7;26.87;0.457;1.488;2006.528;-0.032;6.940
34.7;26.87;0.479;1.513;2012.653;-0.392;6.627
34.7;26.87;0.494;1.525;1997.529;-0.811;6.498
34.7;26.87;0.483;1.521;2007.598;-0.539;6.528
34.7;26.87;0.459;1.494;2026.473;-0.042;6.900
34.7;26.87;0.453;1.473;2000.131;0.100;7.127
34.7;26.87;0.470;1.505;1994.399;-0.313;6.766
34.7;26.87;0.490;1.523;2012.214;-0.724;6.498
34.6;26.87;0.491;1.533;2017.583;-0.765;6.422
34.6;26.87;0.481;1.515;2018.107;-0.420;6.572
34.7;26.87;0.459;1.484;2008.721;-0.046;6.993
34.7;26.87;0.440;1.478;2002.286;0.342;6.953
34.7;26.87;0.436;1.485;2006.640;0.307;6.896
34.6;26.87;0.461;1.482;1998.141;-0.055;6.993
34.6;26.87;0.476;1.498;2002.574;-0.340;6.877
34.6;26.87;0.459;1.489;2012.007;-0.058;6.939
34.6;26.87;0.443;1.479;2013.423;0.251;6.969
34.6;26.87;0.418;1.505;1992.017;0.611;6.381
34.7;26.87;0.438;1.476;1987.452;0.252;6.993
34.7;26.87;0.452;1.476;2009.227;0.059;7.067
34.6;26.87;0.466;1.483;2009.343;-0.168;7.059
34.6;26.87;0.470;1.507;2002.449;-0.242;6.728
34.6;26.87;0.461;1.492;2007.804;-0.092;6.930
34.6;26.87;0.445;1.475;2003.895;0.240;7.043
34.6;26.87;0.451;1.487;2006.261;0.095;6.941
34.6;26.87;0.471;1.494;2001.941;-0.220;6.871
34.6;26.87;0.483;1.519;2000.778;-0.520;6.607
34.6;26.87;0.471;1.509;2018.978;-0.244;6.692
34.6;26.87;0.460;1.478;2011.671;-0.015;7.095
34.6;26.87;0.438;1.475;2004.736;0.350;7.018
34.6;26.87;0.427;1.483;1993.520;0.382;6.853
34.6;26.87;0.451;1.478;2004.589;0.106;7.031
34.6;26.87;0.463;1.488;2008.184;-0.095;7.030
34.7;26.87;0.467;1.499;2005.129;-0.189;6.847
34.7;26.87;0.452;1.481;2012.356;0.122;7.032
34.7;26.87;0.427;1.489;2001.253;0.525;6.754
34.7;26.87;0.434;1.479;1997.439;0.334;6.960
34.7;26.87;0.477;1.506;1996.998;-0.398;6.744
34.6;26.87;0.476;1.502;2004.105;-0.339;6.847
34.6;26.87;0.472;1.511;2024.352;-0.270;6.699
34.6;26.87;0.445;1.476;2014.510;0.226;7.098
34.6;26.87;0.428;1.483;1997.683;0.497;6.822
34.6;26.87;0.408;1.522;1991.626;0.699;6.130
34.7;26.87;0.414;1.501;1996.204;0.659;6.488
34.7;26.87;0.420;1.493;1994.437;0.582;6.692
34.7;26.87;0.424;1.492;1998.689;0.498;6.751
34.7;26.87;0.408;1.517;1997.357;0.755;6.230
34.7;26.87;0.419;1.537;2003.915;0.421;5.860
34.7;26.93;0.408;1.533;1982.111;0.667;5.965
34.7;26.93;0.443;1.474;1990.082;0.242;7.073
34.6;26.93;0.446;1.478;2002.577;0.225;7.076
34.6;26.93;0.454;1.495;2009.852;0.022;6.910
34.6;26.93;0.457;1.487;2014.401;-0.016;7.026
34.6;26.93;0.447;1.475;1996.424;0.228;7.099
34.6;26.93;0.442;1.484;2002.935;0.254;6.955
34.7;26.93;0.453;1.484;2006.454;0.099;7.026
34.7;26.93;0.469;1.498;2001.901;-0.179;6.969
34.7;26.93;0.460;1.486;2003.252;-0.011;7.033
34.6;26.87;0.424;1.495;2008.901;0.562;6.670
34.6;26.87;0.411;1.519;1997.741;0.687;6.208
34.7;26.87;0.409;1.536;1999.997;0.679;5.929
34.7;26.87;0.416;1.503;1988.608;0.617;6.504
34.7;26.87;0.429;1.485;1997.251;0.510;6.917
34.7;26.87;0.426;1.489;1999.619;0.489;6.838
34.7;26.87;0.436;1.484;1997.309;0.371;6.960
34.7;26.87;0.411;1.527;1995.212;0.676;6.037
34.7;26.87;0.411;1.531;1989.501;0.642;6.030
34.7;26.87;0.438;1.481;1999.680;0.315;6.988
34.7;26.93;0.457;1.482;2002.012;0.059;7.155
34.7;26.93;0.446;1.476;1997.355;0.212;7.080
34.7;26.93;0.424;1.499;2015.331;0.520;6.640
34.7;26.93;0.413;1.529;1996.350;0.602;6.003
34.7;26.93;0.409;1.542;1999.711;0.623;5.867
34.7;26.93;0.412;1.535;1984.990;0.515;5.936
34.7;26.93;0.406;1.523;1987.614;0.747;6.181
34.7;26.93;0.417;1.509;2000.250;0.575;6.394
34.7;26.93;0.414;1.513;1993.551;0.643;6.358
34.7;26.93;0.414;1.537;1997.417;0.568;5.900
34.7;26.93;0.422;1.549;1998.594;0.352;5.783
34.7;26.93;0.427;1.482;1987.227;0.492;6.908
34.7;26.93;0.446;1.473;1999.701;0.217;7.221
34.7;26.93;0.439;1.480;1999.022;0.285;7.018
34.7;26.93;0.460;1.493;2007.465;0.008;6.964
34.7;26.93;0.455;1.479;2007.114;0.111;7.132
34.7;26.93;0.426;1.503;1998.446;0.472;6.597
34.7;26.93;0.419;1.503;1992.368;0.585;6.579
34.7;26.93;0.430;1.481;1991.808;0.449;6.994
34.7;26.93;0.439;1.483;2006.854;0.303;6.972
34.7;26.93;0.413;1.506;1993.938;0.686;6.513
34.7;26.93;0.414;1.533;1994.204;0.511;5.963
34.7;26.93;0.427;1.550;2003.795;0.287;5.815
34.7;26.93;0.425;1.541;1990.370;0.290;5.881
34.7;26.93;0.408;1.529;1979.957;0.630;6.040
34.7;26.93;0.410;1.533;1992.753;0.647;6.002
34.7;26.93;0.417;1.505;2000.104;0.634;6.513
34.7;26.93;0.418;1.503;2003.237;0.641;6.550
34.7;26.93;0.424;1.545;1993.896;0.319;5.870
34.7;26.93;0.413;1.534;1986.860;0.508;5.960
34.7;26.87;0.422;1.503;1986.587;0.552;6.515
34.7;26.87;0.430;1.494;1998.771;0.446;6.763
34.7;26.87;0.428;1.489;1991.274;0.497;6.850
34.7;26.87;0.407;1.528;1997.677;0.727;6.122
34.7;26.87;0.410;1.522;1996.586;0.685;6.288
34.7;26.87;0.410;1.535;1993.274;0.624;5.967
34.7;26.87;0.418;1.535;1981.608;0.483;5.967
34.7;26.87;0.410;1.527;1991.636;0.651;6.105
34.7;26.87;0.426;1.498;1996.926;0.506;6.692
34.7;26.87;0.411;1.515;1994.779;0.718;6.355
34.7;26.87;0.429;1.548;1998.313;0.205;5.821
34.7;26.87;0.433;1.540;1993.548;0.131;5.908
34.7;26.87;0.415;1.508;1984.032;0.664;6.510
34.7;26.87;0.410;1.527;1996.982;0.686;6.185
34.7;26.87;0.410;1.524;1987.707;0.678;6.171
34.7;26.87;0.417;1.510;1995.872;0.622;6.405
34.7;26.87;0.409;1.533;2003.092;0.688;6.078
34.7;26.87;0.405;1.535;1990.132;0.702;6.014
34.7;26.87;0.416;1.539;1983.471;0.501;5.943
34.7;26.87;0.419;1.541;2002.063;0.473;5.925
34.7;26.93;0.408;1.536;1998.509;0.685;6.032
34.7;26.93;0.415;1.537;1991.343;0.446;6.009
34.7;26.93;0.438;1.545;1995.935;0.053;5.914
34.7;26.93;0.464;1.544;2002.492;-0.404;5.900
34.7;26.93;0.446;1.535;1988.998;-0.068;6.026
34.6;26.93;0.441;1.547;1994.762;-0.011;5.895
34.6;26.93;0.439;1.539;1981.341;0.013;5.976
34.7;26.93;0.413;1.533;1991.035;0.603;6.043
34.7;26.93;0.426;1.549;2002.241;0.320;5.806
34.7;26.93;0.444;1.543;1990.892;-0.128;5.949
34.7;26.87;0.422;1.536;1982.088;0.408;6.025
34.7;26.87;0.422;1.509;2001.554;0.658;6.408
34.7;26.87;0.429;1.484;2000.371;0.422;7.002
34.7;26.87;0.412;1.515;1989.023;0.705;6.377
34.7;26.87;0.415;1.542;1995.378;0.606;5.957
34.7;26.87;0.412;1.544;2002.918;0.546;5.910
34.7;26.87;0.422;1.538;1987.385;0.387;6.010
34.7;26.87;0.435;1.540;1988.574;0.041;6.021
34.7;26.87;0.417;1.540;1992.168;0.465;5.943
34.7;26.87;0.417;1.540;1997.635;0.430;5.952
34.7;26.87;0.458;1.543;2005.037;-0.240;5.972
34.7;26.87;0.484;1.529;1999.980;-0.656;6.168
34.7;26.87;0.472;1.534;1991.978;-0.544;6.096
34.7;26.87;0.433;1.548;1999.392;0.140;5.899
34.7;26.87;0.428;1.543;1984.617;0.095;5.961
34.6;26.87;0.414;1.538;1975.968;0.522;5.974
34.6;26.87;0.423;1.553;2002.413;0.365;5.804
34.6;26.87;0.455;1.539;1997.079;-0.238;6.030
34.6;26.87;0.431;1.537;1986.933;0.178;6.033
34.6;26.87;0.444;1.537;1994.344;-0.095;6.059
34.7;26.87;0.423;1.543;1992.832;0.324;5.897
34.7;26.87;0.430;1.542;1999.905;0.252;5.988
34.7;26.87;0.476;1.538;2001.600;-0.575;6.113
34.7;26.87;0.482;1.527;2002.113;-0.631;6.246
34.7;26.87;0.472;1.520;2001.666;-0.405;6.274
34.7;26.87;0.474;1.530;1996.561;-0.580;6.221
34.7;26.87;0.445;1.544;1985.010;-0.070;5.961
34.7;26.87;0.423;1.537;1977.160;0.354;6.012
34.7;26.87;0.425;1.552;2001.545;0.374;5.847
34.7;26.87;0.453;1.550;2000.778;-0.225;5.918
34.8;26.87;0.435;1.539;1982.289;0.107;6.014
34.8;26.87;0.416;1.535;1983.967;0.483;6.030
34.8;26.87;0.412;1.515;1993.810;0.722;6.383
34.8;26.87;0.419;1.505;1998.348;0.635;6.687
34.8;26.87;0.422;1.551;2001.761;0.386;5.931
34.8;26.87;0.466;1.542;2002.442;-0.452;6.013
34.8;26.87;0.476;1.529;2012.314;-0.516;6.167
34.8;26.87;0.482;1.533;2001.139;-0.652;6.187
34.8;26.87;0.463;1.540;1981.277;-0.396;6.030
34.8;26.87;0.456;1.541;1996.935;-0.223;5.993
34.7;26.93;0.477;1.543;2012.550;-0.601;6.030
34.7;26.93;0.474;1.525;2009.918;-0.433;6.301
34.7;26.93;0.471;1.513;1990.943;-0.351;6.379
34.7;26.93;0.486;1.526;1992.394;-0.740;6.263
34.7;26.93;0.459;1.544;1995.677;-0.287;5.969
34.8;26.93;0.415;1.540;1987.135;0.486;6.041
34.8;26.93;0.430;1.545;1997.849;0.209;5.960
34.8;26.93;0.460;1.547;2002.483;-0.319;5.996
34.8;26.93;0.482;1.534;2001.131;-0.630;6.086
34.8;26.93;0.474;1.541;2000.121;-0.573;6.090
34.8;26.87;0.441;1.544;1980.716;0.014;5.977
34.8;26.87;0.435;1.546;1997.496;0.107;5.960
34.8;26.87;0.456;1.543;2006.822;-0.240;6.023
34.8;26.87;0.483;1.536;2002.248;-0.706;6.138
34.8;26.87;0.479;1.530;1994.925;-0.543;6.186
34.8;26.87;0.482;1.528;1995.548;-0.566;6.280
34.8;26.87;0.454;1.547;1994.338;-0.241;5.938
34.8;26.87;0.422;1.539;1986.987;0.314;6.030
34.8;26.87;0.424;1.549;1990.923;0.359;5.911
34.8;26.87;0.466;1.551;2015.796;-0.397;5.901
34.8;26.93;0.479;1.528;2000.211;-0.593;6.208
34.8;26.93;0.461;1.540;1991.509;-0.384;6.109
34.8;26.93;0.424;1.546;1989.305;0.350;5.952
34.8;26.93;0.433;1.542;2001.685;0.126;6.032
34.8;26.93;0.446;1.549;2007.973;-0.041;5.968
34.9;26.93;0.486;1.533;2004.652;-0.692;6.226
34.9;26.93;0.468;1.519;2004.044;-0.306;6.353
34.9;26.93;0.461;1.507;2005.596;-0.129;6.585
34.9;26.93;0.475;1.521;1997.471;-0.441;6.413
34.9;26.93;0.479;1.531;1995.798;-0.628;6.208
34.9;26.87;0.484;1.523;2001.319;-0.579;6.326
34.9;26.87;0.480;1.527;2013.434;-0.479;6.344
34.8;26.87;0.462;1.505;2007.467;-0.163;6.564
34.8;26.87;0.469;1.513;1993.428;-0.303;6.500
34.8;26.87;0.483;1.529;1999.726;-0.628;6.241
34.8;26.87;0.474;1.537;1996.089;-0.548;6.140
34.8;26.87;0.466;1.541;1995.078;-0.393;6.096
34.8;26.87;0.463;1.548;1994.174;-0.398;6.007
34.8;26.87;0.480;1.534;2003.329;-0.599;6.158
34.8;26.87;0.482;1.538;2003.687;-0.649;6.196
34.8;26.87;0.467;1.537;1991.049;-0.439;6.107
34.8;26.87;0.432;1.536;1985.534;0.133;6.158
34.7;26.87;0.475;1.539;2004.044;-0.515;6.118
34.7;26.87;0.487;1.540;2010.927;-0.716;6.173
34.7;26.87;0.481;1.533;2008.055;-0.613;6.192
34.7;26.87;0.473;1.520;2000.297;-0.387;6.411
34.7;26.87;0.477;1.526;2002.830;-0.489;6.292
34.8;26.87;0.478;1.529;1997.021;-0.626;6.129
34.8;26.87;0.484;1.534;1997.845;-0.662;6.232
34.8;26.87;0.482;1.536;1999.644;-0.635;6.212
34.8;26.93;0.461;1.505;2020.285;-0.116;6.565
34.8;26.93;0.460;1.501;1999.228;-0.083;6.662
34.8;26.93;0.484;1.534;1989.542;-0.666;6.229
34.8;26.93;0.471;1.535;1990.468;-0.460;6.143
34.8;26.93;0.490;1.534;2012.255;-0.698;6.232
34.8;26.93;0.475;1.531;2016.536;-0.408;6.297
34.8;26.93;0.464;1.510;2003.416;-0.216;6.516
34.8;26.93;0.458;1.495;2002.550;-0.080;6.777
34.8;26.93;0.459;1.493;2008.602;-0.094;6.771
34.8;26.93;0.461;1.508;1999.468;-0.166;6.547
34.8;26.93;0.471;1.520;2004.928;-0.342;6.464
34.8;26.93;0.466;1.510;2005.000;-0.224;6.609
34.8;26.93;0.448;1.490;2015.928;0.075;6.767
34.8;26.93;0.449;1.485;1997.689;0.066;6.900
34.8;26.93;0.472;1.518;1990.890;-0.379;6.455
34.8;26.93;0.477;1.528;1994.335;-0.476;6.293
34.8;26.93;0.485;1.528;2009.804;-0.601;6.352
34.8;26.93;0.480;1.542;1997.387;-0.627;6.149
34.8;26.93;0.475;1.534;1994.768;-0.592;6.191
34.8;26.93;0.483;1.528;2001.292;-0.533;6.351
34.8;26.93;0.487;1.535;2002.490;-0.700;6.239
34.8;26.93;0.473;1.539;1993.776;-0.522;6.173
34.8;26.93;0.480;1.537;2004.708;-0.645;6.234
34.8;26.93;0.470;1.526;2010.394;-0.287;6.360
34.8;26.93;0.455;1.499;2011.678;-0.045;6.682
34.8;26.93;0.454;1.489;2006.625;0.044;6.838
34.8;26.93;0.447;1.476;1991.704;0.147;6.987
34.8;26.93;0.454;1.494;2000.379;-0.039;6.769
34.8;26.93;0.455;1.499;2011.076;-0.017;6.717
34.8;26.93;0.464;1.511;2000.507;-0.204;6.625
34.8;26.93;0.461;1.506;2004.224;-0.175;6.599
34.8;26.93;0.445;1.484;2002.974;0.144;6.902
34.8;26.93;0.462;1.496;1998.563;-0.109;6.777
34.8;26.93;0.475;1.531;1996.513;-0.486;6.286
34.8;26.93;0.481;1.525;1996.814;-0.555;6.405
34.8;26.93;0.474;1.525;2013.781;-0.376;6.422
34.8;26.93;0.459;1.498;2004.173;-0.127;6.711
34.8;26.93;0.463;1.500;2006.653;-0.121;6.749
34.8;26.93;0.447;1.475;2001.155;0.098;7.021
34.8;26.93;0.442;1.490;2003.006;0.170;6.797
34.7;26.93;0.461;1.497;2002.524;-0.108;6.813
34.7;26.93;0.467;1.510;2005.007;-0.242;6.608
34.7;26.93;0.455;1.493;2003.356;-0.053;6.772
34.7;26.93;0.451;1.487;2003.793;0.114;6.871
34.7;26.93;0.455;1.487;1998.441;-0.029;6.958
34.8;26.93;0.475;1.527;1994.149;-0.472;6.342
34.8;26.93;0.473;1.519;2000.485;-0.383;6.518
34.8;26.93;0.479;1.532;2001.579;-0.505;6.329
34.8;26.93;0.480;1.535;2002.077;-0.579;6.202
34.8;26.93;0.472;1.520;2006.941;-0.292;6.509
34.8;26.87;0.458;1.494;2000.617;-0.072;6.871
34.8;26.87;0.458;1.494;2009.266;-0.100;6.799
34.7;26.87;0.460;1.501;2005.323;-0.110;6.751
34.7;26.87;0.458;1.492;2005.196;-0.068;6.895
34.7;26.87;0.432;1.490;2006.486;0.306;6.745
34.7;26.87;0.426;1.494;2003.840;0.476;6.650
34.7;26.87;0.410;1.510;2004.616;0.636;6.252
34.7;26.87;0.428;1.489;1989.997;0.351;6.724
34.7;26.87;0.439;1.481;1996.280;0.265;6.911
34.7;26.87;0.442;1.481;2001.382;0.198;6.957
34.7;26.87;0.452;1.498;2007.694;-0.046;6.772
34.7;26.87;0.446;1.487;2001.293;0.173;6.904
34.8;26.87;0.436;1.478;1995.907;0.320;6.933
34.8;26.87;0.448;1.492;1997.991;0.059;6.835
34.8;26.87;0.466;1.516;2003.133;-0.198;6.566
34.8;26.87;0.475;1.518;1993.086;-0.384;6.568
34.8;26.87;0.456;1.507;2015.834;-0.085;6.651
34.8;26.87;0.458;1.498;2004.823;-0.015;6.808
34.8;26.87;0.445;1.491;2010.975;0.182;6.860
34.8;26.87;0.441;1.481;1993.623;0.177;6.871
34.8;26.87;0.450;1.489;1999.525;0.051;6.899
34.8;26.87;0.459;1.496;2007.950;-0.071;6.866
34.8;26.87;0.456;1.500;2010.344;-0.080;6.743
34.8;26.87;0.443;1.487;2002.470;0.227;6.902
34.8;26.87;0.422;1.492;1998.770;0.526;6.641
34.8;26.87;0.439;1.489;1998.995;0.181;6.830
34.8;26.87;0.457;1.489;2001.427;-0.007;6.930
34.8;26.87;0.453;1.482;1988.366;-0.002;7.049
34.8;26.87;0.457;1.499;2012.979;-0.104;6.770
34.8;26.87;0.453;1.495;2010.126;0.058;6.868
34.7;26.87;0.430;1.485;2003.504;0.358;6.845
34.7;26.87;0.429;1.484;1991.250;0.365;6.833
34.7;26.87;0.443;1.482;1999.820;0.228;6.995
34.7;26.87;0.455;1.498;2002.818;0.003;6.865
34.7;26.87;0.445;1.489;2004.404;0.113;6.860
34.7;26.87;0.424;1.497;1993.797;0.516;6.623
34.7;26.87;0.405;1.525;2004.840;0.705;6.077
34.8;26.87;0.403;1.532;1995.203;0.668;5.913
34.8;26.87;0.430;1.488;1989.516;0.389;6.858
34.8;26.87;0.434;1.475;1990.316;0.342;7.026
34.8;26.87;0.446;1.490;2001.416;0.142;6.923
34.8;26.87;0.451;1.492;2010.187;0.102;6.868
34.8;26.87;0.414;1.507;2001.560;0.600;6.430
34.8;26.87;0.418;1.495;1980.771;0.550;6.569
34.8;26.87;0.457;1.499;1996.724;-0.070;6.874
34.8;26.87;0.472;1.523;2005.375;-0.329;6.525
34.8;26.87;0.468;1.523;1999.378;-0.311;6.481
34.7;26.87;0.456;1.490;2004.739;0.119;6.962
34.7;26.87;0.429;1.489;2014.757;0.398;6.867
34.7;26.87;0.408;1.518;2002.486;0.689;6.227
34.7;26.93;0.411;1.505;1988.987;0.644;6.503
34.7;26.93;0.427;1.483;1987.740;0.420;6.910
34.7;26.93;0.428;1.488;2005.086;0.359;6.809
34.7;26.93;0.433;1.492;1999.441;0.420;6.740
34.7;26.93;0.409;1.545;1995.354;0.552;5.806
34.8;26.93;0.421;1.545;1991.254;0.296;5.774
34.8;26.93;0.410;1.512;1995.909;0.664;6.411
34.8;26.93;0.422;1.491;1998.763;0.485;6.706
34.8;26.93;0.427;1.485;1990.738;0.422;6.886
34.8;26.93;0.436;1.490;2001.267;0.319;6.833
34.9;26.87;0.419;1.501;2006.562;0.573;6.571
34.9;26.87;0.414;1.510;1995.824;0.571;6.396
34.8;26.87;0.422;1.492;1989.458;0.522;6.770
34.8;26.87;0.434;1.479;1991.500;0.362;7.018
34.8;26.87;0.437;1.487;2007.146;0.250;6.951
34.8;26.87;0.431;1.495;2004.770;0.418;6.740
34.8;26.87;0.404;1.535;1995.882;0.681;5.965
34.8;26.87;0.418;1.550;1999.310;0.303;5.740
34.8;26.87;0.405;1.526;1989.864;0.667;6.108
34.8;26.87;0.420;1.495;1993.080;0.542;6.668
34.8;26.93;0.429;1.487;1989.337;0.350;6.845
34.8;26.93;0.443;1.489;2003.082;0.243;6.907
34.8;26.93;0.423;1.511;2012.022;0.516;6.510
34.8;26.93;0.406;1.525;1992.895;0.687;6.088
34.8;26.93;0.429;1.487;1979.916;0.402;6.923
34.8;26.93;0.451;1.481;2001.465;0.091;7.080
34.8;26.93;0.451;1.503;2006.183;0.056;6.772
34.8;26.93;0.442;1.491;2006.138;0.266;6.966
34.8;26.93;0.407;1.534;2000.812;0.665;5.993
34.8;26.93;0.418;1.558;2007.880;0.354;5.582
34.8;26.87;0.418;1.552;1991.803;0.373;5.732
34.8;26.87;0.411;1.544;1983.906;0.524;5.830
34.8;26.87;0.404;1.546;1990.146;0.667;5.777
34.8;26.87;0.408;1.542;1996.101;0.665;5.890
34.8;26.87;0.419;1.553;2008.564;0.321;5.772
34.8;26.87;0.473;1.538;2004.537;-0.630;5.995
34.8;26.87;0.422;1.537;1972.036;0.298;5.946
34.8;26.87;0.409;1.525;1995.096;0.661;6.136
34.8;26.87;0.408;1.518;1998.555;0.686;6.346
34.8;26.87;0.428;1.489;1987.855;0.425;6.819
34.8;26.93;0.413;1.506;1997.482;0.641;6.549
34.8;26.93;0.404;1.532;2002.322;0.699;6.012
34.8;26.93;0.413;1.511;1989.747;0.675;6.443
34.8;26.93;0.413;1.509;1988.935;0.662;6.452
34.8;26.93;0.412;1.509;2000.784;0.642;6.475
34.8;26.93;0.411;1.514;2001.655;0.679;6.409
34.8;26.93;0.406;1.548;2004.924;0.569;5.867
34.8;26.93;0.421;1.555;1996.732;0.272;5.704
34.8;26.93;0.432;1.549;1987.474;0.129;5.812
34.8;26.93;0.403;1.535;1985.642;0.752;6.030
34.8;26.93;0.410;1.507;1997.854;0.662;6.506
34.8;26.93;0.415;1.509;1989.625;0.618;6.482
34.8;26.93;0.406;1.537;2001.876;0.686;5.998
34.8;26.93;0.424;1.555;2009.061;0.197;5.694
34.8;26.93;0.410;1.543;1981.375;0.552;5.913
34.8;26.93;0.415;1.500;1981.807;0.632;6.632
34.8;26.93;0.416;1.510;2001.242;0.595;6.460
34.8;26.93;0.414;1.512;2003.706;0.642;6.446
34.8;26.93;0.424;1.556;2007.815;0.230;5.749
34.8;26.93;0.441;1.547;1994.851;-0.095;5.849
34.8;26.93;0.482;1.538;2010.551;-0.737;6.080
34.8;26.93;0.433;1.547;1996.806;0.005;5.892
34.7;26.93;0.416;1.553;1996.565;0.365;5.746
34.7;26.93;0.414;1.545;1988.327;0.312;5.825
34.7;26.93;0.446;1.549;2005.139;-0.142;5.880
34.7;26.93;0.486;1.536;2010.997;-0.801;6.061
34.7;26.93;0.463;1.542;1987.333;-0.448;6.026
34.8;26.93;0.405;1.536;1979.423;0.634;5.986
34.8;26.93;0.402;1.554;2009.146;0.655;5.752
34.8;26.93;0.406;1.532;1991.020;0.731;6.078
34.7;26.93;0.406;1.535;1991.647;0.711;6.049
34.7;26.93;0.412;1.552;2002.848;0.433;5.773
34.8;26.93;0.414;1.555;1992.738;0.522;5.774
34.8;26.93;0.405;1.546;1995.582;0.656;5.870
34.8;26.93;0.405;1.530;1992.204;0.668;6.124
34.8;26.93;0.412;1.539;1994.416;0.595;5.967
34.8;26.93;0.418;1.554;2006.254;0.416;5.781
34.8;26.93;0.441;1.549;2002.553;-0.075;5.868
34.8;26.93;0.456;1.544;1996.371;-0.357;5.988
34.8;26.93;0.446;1.539;1992.844;-0.201;6.028
34.8;26.87;0.424;1.554;2005.198;0.230;5.764
34.8;26.87;0.430;1.549;1992.033;0.177;5.855
34.8;26.87;0.414;1.551;1991.224;0.428;5.867
34.8;26.87;0.480;1.539;2016.798;-0.812;6.018
34.8;26.87;0.495;1.538;2002.503;-0.914;6.126
34.8;26.87;0.431;1.546;1993.817;0.071;5.910
34.8;26.87;0.405;1.550;1988.725;0.605;5.839
34.8;26.87;0.414;1.546;1995.586;0.467;5.886
34.8;26.87;0.412;1.556;2004.873;0.502;5.820
34.8;26.87;0.455;1.548;2004.221;-0.348;5.902
34.9;26.93;0.456;1.548;1992.304;-0.315;5.954
34.9;26.93;0.486;1.533;2009.831;-0.784;6.149
34.8;26.93;0.479;1.541;2003.607;-0.713;6.034
34.8;26.93;0.435;1.554;1996.567;0.009;5.841
34.8;26.93;0.439;1.548;1995.352;-0.070;5.931
34.7;26.93;0.492;1.536;2014.941;-0.867;6.121
34.7;26.93;0.499;1.532;2006.929;-0.929;6.180
34.8;26.93;0.461;1.537;1989.861;-0.438;6.116
34.8;26.93;0.445;1.550;1995.730;-0.162;5.870
34.8;26.93;0.440;1.552;1993.341;-0.032;5.894
34.8;26.93;0.409;1.547;1990.287;0.618;5.953
34.8;26.93;0.406;1.546;1995.271;0.584;5.891
34.8;26.93;0.437;1.553;1995.150;0.021;5.861
34.8;26.93;0.441;1.541;2004.103;-0.073;6.057
34.8;26.93;0.437;1.558;1998.919;-0.023;5.779
34.8;26.93;0.421;1.548;1992.118;0.360;5.923
34.8;26.93;0.473;1.544;2001.141;-0.577;6.008
34.9;26.93;0.497;1.530;2012.482;-0.952;6.209
34.9;26.93;0.496;1.531;2010.689;-0.889;6.260
34.9;26.93;0.487;1.527;2012.310;-0.640;6.267
34.9;26.93;0.482;1.511;2002.487;-0.496;6.482
34.9;26.93;0.493;1.529;2006.407;-0.784;6.273
34.8;26.93;0.466;1.540;1994.069;-0.477;6.098
34.8;26.93;0.473;1.541;2002.584;-0.660;6.038
34.8;26.93;0.497;1.526;2011.035;-0.791;6.291
34.8;26.93;0.494;1.526;2004.651;-0.833;6.292
34.8;26.93;0.452;1.548;1992.210;-0.293;5.951
34.8;26.93;0.418;1.548;1980.717;0.397;5.917
34.8;26.93;0.421;1.548;1993.295;0.369;5.911
34.8;26.93;0.455;1.555;2016.076;-0.314;5.899
34.8;26.87;0.485;1.536;1999.518;-0.759;6.163
34.8;26.87;0.493;1.531;2009.563;-0.842;6.256
34.8;26.87;0.484;1.519;2009.287;-0.539;6.396
34.8;26.87;0.499;1.529;2000.166;-0.894;6.292
34.8;26.87;0.474;1.543;2002.232;-0.634;6.088
34.8;26.87;0.493;1.531;2009.311;-0.907;6.250
34.8;26.87;0.487;1.526;2012.284;-0.579;6.333
34.8;26.87;0.484;1.518;2011.280;-0.614;6.427
34.8;26.87;0.487;1.536;1999.125;-0.840;6.185
34.8;26.87;0.470;1.543;1992.912;-0.599;6.088
34.8;26.93;0.475;1.537;1994.010;-0.598;6.148
34.8;26.93;0.448;1.552;2007.906;-0.212;5.942
34.8;26.93;0.460;1.549;1998.847;-0.341;5.989
34.8;26.93;0.492;1.532;2003.926;-0.854;6.245
34.8;26.93;0.488;1.522;2015.549;-0.676;6.388
34.8;26.93;0.491;1.521;2008.703;-0.800;6.390
34.8;26.93;0.481;1.542;1998.971;-0.684;6.118
34.8;26.93;0.492;1.525;2012.167;-0.773;6.377
34.8;26.93;0.477;1.504;2010.447;-0.340;6.661
34.8;26.93;0.466;1.491;2014.290;-0.188;6.814
34.8;26.87;0.471;1.502;1999.537;-0.326;6.658
34.8;26.87;0.484;1.518;1991.238;-0.594;6.456
34.9;26.87;0.495;1.528;2006.072;-0.829;6.297
34.9;26.87;0.480;1.542;2004.790;-0.723;6.106
34.9;26.87;0.496;1.539;2007.610;-0.897;6.171
34.9;26.87;0.476;1.507;2009.534;-0.396;6.611
34.9;26.87;0.487;1.517;2004.417;-0.632;6.450
34.9;26.87;0.448;1.547;1990.013;-0.191;5.994
34.9;26.87;0.438;1.549;1990.083;0.038;6.000
34.9;26.87;0.486;1.542;2010.210;-0.840;6.170
34.9;26.87;0.497;1.532;2006.742;-0.818;6.292
34.9;26.87;0.488;1.524;2016.168;-0.671;6.388
34.9;26.87;0.478;1.506;2007.319;-0.446;6.600
34.9;26.87;0.476;1.507;1997.462;-0.390;6.604
34.9;26.87;0.502;1.532;2004.185;-0.953;6.256
34.9;26.87;0.499;1.530;2014.969;-0.942;6.317
34.9;26.87;0.484;1.518;2006.863;-0.416;6.499
35.0;26.87;0.456;1.478;2013.167;0.008;6.974
35.0;26.87;0.457;1.481;2002.178;-0.023;6.931
35.0;26.87;0.487;1.522;2006.207;-0.628;6.457
35.0;26.93;0.488;1.522;1998.700;-0.660;6.389
35.0;26.93;0.486;1.518;2007.203;-0.608;6.461
35.0;26.93;0.491;1.532;2005.999;-0.708;6.349
35.0;26.93;0.478;1.513;2016.724;-0.479;6.544
35.0;26.93;0.478;1.509;2001.885;-0.449;6.544
35.0;26.93;0.479;1.513;2001.745;-0.418;6.556
35.0;26.93;0.495;1.534;2001.654;-0.827;6.276
35.1;26.93;0.492;1.535;2014.507;-0.906;6.277
35.1;26.93;0.482;1.515;2007.530;-0.492;6.548
35.1;26.93;0.471;1.494;2015.601;-0.252;6.814
35.0;26.87;0.466;1.490;2009.142;-0.129;6.837
35.0;26.87;0.473;1.508;2002.175;-0.323;6.667
35.0;26.87;0.479;1.515;2002.037;-0.488;6.557
35.0;26.87;0.491;1.518;2009.895;-0.739;6.492
35.0;26.87;0.495;1.534;2006.194;-0.815;6.297
35.0;26.87;0.473;1.506;2018.069;-0.340;6.691
35.0;26.87;0.462;1.489;1995.716;-0.040;6.962
35.0;26.87;0.481;1.511;1999.116;-0.488;6.606
35.0;26.87;0.486;1.538;2008.459;-0.735;6.269
35.0;26.87;0.489;1.537;2000.735;-0.860;6.235
34.9;26.87;0.493;1.523;2005.722;-0.687;6.418
34.9;26.87;0.467;1.496;2016.029;-0.220;6.817
34.8;26.87;0.464;1.491;2014.183;-0.094;6.837
34.8;26.87;0.456;1.484;1999.512;0.018;6.999
34.8;26.87;0.464;1.480;2003.073;-0.123;7.001
34.8;26.87;0.465;1.490;2007.947;-0.157;6.867
34.8;26.87;0.465;1.491;2011.041;-0.119;6.876
35.0;26.87;0.439;1.482;2011.071;0.298;6.864
35.0;26.87;0.428;1.481;1983.381;0.472;6.711
35.0;26.87;0.453;1.479;1993.012;0.067;7.030
34.9;26.87;0.472;1.496;2009.998;-0.295;6.813
34.9;26.87;0.474;1.508;1999.592;-0.373;6.663
34.9;26.87;0.484;1.512;2002.987;-0.454;6.600
34.9;26.87;0.472;1.513;2019.515;-0.333;6.639
34.9;26.87;0.475;1.501;2009.093;-0.332;6.745
34.9;26.87;0.482;1.514;1996.147;-0.414;6.611
34.9;26.87;0.485;1.519;1999.365;-0.640;6.515
34.9;26.87;0.493;1.524;2020.746;-0.749;6.462
34.9;26.87;0.481;1.520;2012.935;-0.404;6.550
34.9;26.87;0.459;1.487;2006.087;-0.005;6.940
34.9;26.87;0.445;1.474;2004.589;0.216;7.009
34.9;26.87;0.441;1.473;1999.648;0.226;7.094
34.9;26.87;0.470;1.495;2001.188;-0.272;6.846
34.9;26.87;0.471;1.494;1999.907;-0.269;6.866
34.9;26.87;0.472;1.497;2003.834;-0.231;6.816
34.8;26.87;0.467;1.499;2022.783;-0.181;6.814
34.8;26.87;0.440;1.476;2001.251;0.291;6.953
34.9;26.87;0.458;1.481;1990.210;-0.092;7.061
34.9;26.87;0.481;1.513;2003.878;-0.494;6.575
34.9;26.87;0.483;1.519;2013.372;-0.501;6.508
35.0;26.93;0.478;1.515;2013.969;-0.399;6.612
35.0;26.93;0.447;1.483;2008.118;0.124;6.949
34.9;26.93;0.443;1.475;2004.527;0.248;6.988
34.9;26.93;0.419;1.491;1998.810;0.609;6.672
34.9;26.93;0.430;1.484;1994.735;0.439;6.759
35.0;26.93;0.438;1.477;1993.449;0.300;6.953
35.0;26.93;0.431;1.479;1995.092;0.464;6.898
35.0;26.93;0.429;1.493;2006.085;0.458;6.688
35.0;26.93;0.415;1.502;1993.875;0.642;6.385
35.0;26.93;0.422;1.478;1976.214;0.548;6.863
35.0;26.93;0.464;1.485;2005.725;-0.122;6.970
35.0;26.93;0.473;1.502;2009.106;-0.277;6.774
35.0;26.93;0.481;1.519;1995.720;-0.475;6.585
35.0;26.93;0.473;1.511;2008.199;-0.355;6.675
35.0;26.93;0.473;1.499;2015.667;-0.262;6.835
35.0;26.93;0.466;1.493;2008.339;-0.149;6.938
35.0;26.93;0.468;1.497;2006.018;-0.221;6.845
35.0;26.93;0.467;1.498;2002.734;-0.203;6.867
35.0;26.93;0.455;1.482;2013.233;0.085;7.062
35.0;26.93;0.438;1.482;2013.415;0.354;6.817
35.0;26.93;0.432;1.481;1995.429;0.410;6.847
35.0;26.93;0.417;1.488;1989.380;0.604;6.723
34.9;26.93;0.426;1.489;2007.837;0.471;6.724
34.9;26.93;0.444;1.480;2000.191;0.231;7.034
34.9;26.93;0.454;1.472;1994.734;0.072;7.157
34.9;26.93;0.454;1.482;2007.296;0.070;7.010
34.9;26.93;0.431;1.491;2013.269;0.427;6.703
34.9;26.93;0.415;1.502;1992.209;0.628;6.462
34.9;26.93;0.441;1.478;1997.638;0.215;7.018
34.9;26.93;0.458;1.487;2004.175;-0.033;6.995
35.0;26.87;0.453;1.478;2014.441;0.077;7.099
35.0;26.87;0.436;1.484;2013.338;0.332;6.876
34.9;26.87;0.422;1.492;1989.746;0.555;6.620
34.9;26.87;0.410;1.519;1993.628;0.687;6.154
34.9;26.87;0.406;1.523;2005.177;0.713;6.114
34.8;26.87;0.421;1.488;1986.723;0.585;6.720
34.8;26.87;0.439;1.474;1991.746;0.285;7.069
34.8;26.87;0.436;1.484;2002.520;0.343;6.951
34.8;26.87;0.426;1.496;2009.696;0.501;6.614
34.8;26.87;0.408;1.513;1990.248;0.720;6.082
34.9;26.87;0.437;1.473;1988.097;0.307;7.076
34.9;26.87;0.449;1.479;2008.337;0.169;7.063
34.9;26.87;0.444;1.473;2003.655;0.266;7.128
34.9;26.87;0.453;1.486;2007.051;0.037;6.974
34.9;26.87;0.453;1.480;2001.752;0.078;7.031
34.9;26.87;0.436;1.481;1998.997;0.374;6.936
34.9;26.87;0.428;1.488;2009.581;0.433;6.842
35.0;26.87;0.435;1.481;1995.932;0.377;6.906
35.0;26.87;0.439;1.469;1996.510;0.275;7.151
35.0;26.87;0.432;1.494;2005.092;0.435;6.678
35.0;26.87;0.423;1.498;1997.413;0.574;6.580
35.0;26.87;0.409;1.524;1994.295;0.726;6.123
34.9;26.87;0.409;1.531;1985.543;0.641;5.944
34.9;26.87;0.410;1.521;1994.486;0.676;6.147
34.9;26.87;0.413;1.513;1996.098;0.651;6.273
34.9;26.87;0.427;1.496;1997.887;0.473;6.676
34.9;26.87;0.413;1.514;1998.744;0.647;6.269
35.0;26.87;0.412;1.540;1998.181;0.570;5.887
35.0;26.87;0.408;1.539;1994.724;0.605;5.863
35.0;26.87;0.419;1.487;1984.129;0.575;6.806
35.0;26.87;0.437;1.470;1989.258;0.353;7.138
35.0;26.87;0.444;1.483;2015.219;0.246;7.010
35.1;26.87;0.433;1.485;2004.790;0.401;6.852
35.1;26.87;0.424;1.486;1992.589;0.515;6.865
35.1;26.87;0.411;1.523;1997.611;0.658;6.113
35.0;26.87;0.413;1.507;1997.190;0.685;6.402
35.0;26.87;0.421;1.483;1996.257;0.587;6.839
34.9;26.87;0.433;1.488;2002.763;0.353;6.879
34.9;26.87;0.411;1.518;2001.344;0.685;6.258
34.9;26.87;0.410;1.537;1998.284;0.628;5.910
34.9;26.87;0.415;1.542;2000.756;0.476;5.807
34.9;26.87;0.419;1.496;1980.468;0.572;6.664
35.0;26.87;0.418;1.500;1997.058;0.585;6.578
35.0;26.87;0.431;1.488;2004.228;0.427;6.875
35.0;26.87;0.441;1.478;2004.688;0.251;7.079
35.0;26.87;0.418;1.497;1996.247;0.635;6.659
35.0;26.87;0.409;1.520;1995.024;0.727;6.235
35.0;26.87;0.413;1.517;1993.016;0.682;6.307
35.0;26.87;0.417;1.494;1988.819;0.649;6.662
35.0;26.87;0.420;1.510;1993.012;0.586;6.400
35.0;26.93;0.410;1.543;2005.459;0.572;5.853
35.0;26.93;0.420;1.539;1997.721;0.402;5.916
35.0;26.93;0.466;1.535;2005.532;-0.410;6.014
35.0;26.93;0.443;1.541;1975.199;-0.032;5.870
35.0;26.93;0.411;1.536;1992.503;0.514;5.952
34.9;26.93;0.411;1.538;1996.471;0.607;5.922
34.9;26.93;0.419;1.503;1989.836;0.590;6.485
34.9;26.93;0.409;1.528;1992.024;0.700;6.069
34.9;26.93;0.418;1.544;2001.455;0.436;5.847
34.9;26.93;0.416;1.507;1988.091;0.651;6.461
34.9;26.87;0.451;1.483;2000.390;0.131;7.124
34.9;26.87;0.456;1.483;1996.187;0.059;7.070
35.0;26.87;0.447;1.480;2012.491;0.184;7.051
35.0;26.87;0.410;1.513;1996.413;0.722;6.348
35.0;26.87;0.417;1.545;2005.982;0.501;5.841
35.0;26.87;0.439;1.539;1982.488;0.048;5.905
35.0;26.87;0.419;1.537;1992.858;0.408;5.959
35.1;26.87;0.412;1.540;1996.863;0.547;5.909
35.1;26.87;0.409;1.533;1990.625;0.656;5.994
35.1;26.87;0.442;1.540;1999.803;-0.009;5.910
35.1;26.87;0.485;1.531;2009.733;-0.725;6.109
35.1;26.87;0.443;1.540;1985.311;-0.062;5.961
34.9;26.87;0.406;1.536;1986.466;0.630;5.991
34.9;26.87;0.412;1.538;1988.982;0.619;5.906
34.9;26.87;0.416;1.522;1998.381;0.577;6.210
34.9;26.87;0.409;1.522;1987.701;0.756;6.255
34.9;26.87;0.433;1.544;2001.801;0.135;5.919
35.0;26.87;0.438;1.543;1988.585;0.060;5.887
35.0;26.87;0.417;1.535;1988.017;0.403;5.973
35.0;26.87;0.415;1.538;1996.363;0.561;5.933
35.1;26.87;0.420;1.545;1993.332;0.362;5.866
35.1;26.87;0.445;1.530;1993.151;-0.069;6.078
35.1;26.87;0.471;1.537;2014.305;-0.521;6.034
35.1;26.87;0.467;1.536;1995.188;-0.478;6.030
35.1;26.87;0.411;1.534;1980.321;0.503;5.989
35.1;26.87;0.415;1.539;1996.285;0.549;5.934
35.1;26.87;0.421;1.495;1992.735;0.556;6.710
35.0;26.87;0.425;1.491;1995.738;0.587;6.864
35.0;26.87;0.427;1.547;2005.474;0.270;5.860
35.0;26.87;0.433;1.542;1986.890;0.134;5.889
35.1;26.87;0.406;1.508;1982.800;0.755;6.427
35.1;26.87;0.435;1.491;2000.685;0.397;6.881
35.0;26.87;0.416;1.501;1995.321;0.590;6.668
35.0;26.87;0.417;1.541;2003.037;0.517;5.915
35.0;26.87;0.438;1.545;2000.941;0.069;5.931
35.0;26.87;0.472;1.536;1995.994;-0.508;6.040
35.0;26.87;0.476;1.529;1985.457;-0.599;6.107
34.9;26.87;0.459;1.541;1996.804;-0.273;5.986
34.9;26.87;0.444;1.542;1993.668;-0.030;5.942
34.9;26.87;0.444;1.536;1997.321;-0.045;6.003
35.0;26.87;0.484;1.520;2011.881;-0.647;6.299
35.0;26.87;0.482;1.523;1994.587;-0.578;6.212
35.0;26.87;0.440;1.533;1984.740;-0.031;6.053
35.0;26.87;0.442;1.545;1996.121;0.018;5.895
35.0;26.87;0.448;1.542;1987.233;-0.141;5.968
35.1;26.87;0.429;1.539;1994.047;0.216;5.982
35.1;26.87;0.438;1.548;2007.618;0.018;5.896
35.1;26.87;0.460;1.535;1985.964;-0.339;6.030
35.1;26.87;0.438;1.534;1986.140;0.010;6.033
35.1;26.87;0.422;1.548;1993.538;0.383;5.832
35.1;26.87;0.411;1.543;1998.416;0.576;5.933
35.1;26.87;0.418;1.536;1992.350;0.431;5.988
35.1;26.87;0.455;1.545;2001.902;-0.287;5.935
35.1;26.87;0.468;1.544;1999.575;-0.444;5.965
35.1;26.87;0.445;1.536;1991.949;-0.093;6.042
35.1;26.87;0.432;1.543;1988.852;0.140;5.935
35.1;26.87;0.428;1.544;1988.230;0.203;5.915
35.1;26.87;0.414;1.545;1993.856;0.523;5.929
35.1;26.87;0.461;1.544;2012.123;-0.315;5.975
35.1;26.87;0.487;1.526;1997.013;-0.733;6.187
35.1;26.87;0.457;1.534;1986.517;-0.318;6.084
35.1;26.87;0.422;1.553;1994.621;0.405;5.804
35.1;26.87;0.415;1.541;1992.465;0.512;5.983
35.1;26.87;0.439;1.535;1993.848;-0.014;6.072
35.1;26.87;0.486;1.529;2015.167;-0.711;6.224
35.1;26.87;0.479;1.530;2006.037;-0.501;6.204
35.1;26.87;0.470;1.524;1995.960;-0.421;6.263
35.0;26.87;0.486;1.522;1999.874;-0.664;6.299
35.0;26.87;0.482;1.535;1993.866;-0.664;6.152
35.0;26.87;0.479;1.533;2004.176;-0.642;6.102
34.9;26.87;0.474;1.524;2013.712;-0.416;6.309
34.9;26.87;0.456;1.484;1996.378;-0.045;6.836
35.0;26.87;0.463;1.512;1993.752;-0.276;6.421
35.0;26.87;0.469;1.535;2005.713;-0.477;6.133
35.0;26.87;0.453;1.544;1986.945;-0.240;6.000
35.0;26.87;0.440;1.531;1978.831;0.012;6.106
35.0;26.87;0.452;1.545;2004.132;-0.168;5.976
35.0;26.87;0.448;1.546;1992.963;-0.144;5.964
35.0;26.87;0.426;1.540;1984.263;0.263;6.059
35.0;26.87;0.431;1.543;1991.967;0.163;5.973
35.0;26.87;0.411;1.548;1989.971;0.566;5.907
35.0;26.87;0.427;1.543;1995.141;0.289;5.950
35.0;26.87;0.485;1.536;2003.456;-0.624;6.133
35.0;26.87;0.483;1.527;1998.371;-0.585;6.245
35.0;26.87;0.463;1.515;2010.092;-0.238;6.389
35.0;26.87;0.487;1.522;2004.797;-0.679;6.304
35.0;26.87;0.484;1.531;1994.025;-0.666;6.216
35.0;26.87;0.481;1.527;1989.290;-0.671;6.173
35.0;26.87;0.491;1.530;2012.622;-0.764;6.246
35.0;26.87;0.468;1.519;2010.529;-0.278;6.384
35.0;26.93;0.470;1.514;1994.610;-0.365;6.412
35.0;26.93;0.485;1.524;1992.882;-0.671;6.284
35.0;26.93;0.479;1.544;2000.745;-0.616;5.985
35.0;26.93;0.448;1.539;1995.801;-0.173;6.069
35.0;26.93;0.483;1.532;2014.110;-0.578;6.238
34.9;26.93;0.472;1.516;1997.176;-0.243;6.509
34.9;26.93;0.457;1.504;2016.672;-0.097;6.568
34.9;26.93;0.464;1.504;2011.091;-0.198;6.577
34.9;26.93;0.463;1.509;1994.110;-0.251;6.557
34.9;26.93;0.467;1.517;1996.417;-0.295;6.375
35.0;26.87;0.478;1.528;2010.762;-0.443;6.307
35.0;26.87;0.465;1.508;2005.835;-0.225;6.521
35.1;26.87;0.455;1.500;1992.626;-0.116;6.660
35.1;26.87;0.483;1.519;1994.825;-0.576;6.369
35.1;26.87;0.470;1.546;1996.569;-0.467;6.032
35.1;26.87;0.439;1.537;1990.189;0.024;6.105
35.1;26.87;0.434;1.546;1991.823;0.100;6.022
35.1;26.87;0.466;1.546;2009.617;-0.403;5.981
35.1;26.87;0.480;1.538;2000.773;-0.635;6.111
35.1;26.87;0.487;1.530;2004.905;-0.742;6.272
35.0;26.87;0.482;1.536;1989.242;-0.629;6.164
35.0;26.87;0.483;1.533;2008.918;-0.645;6.169
35.0;26.87;0.479;1.526;2015.669;-0.453;6.324
35.0;26.87;0.462;1.494;2002.624;-0.147;6.748
35.0;26.87;0.449;1.487;1999.180;0.024;6.767
35.0;26.87;0.453;1.484;2000.516;0.073;6.869
35.0;26.87;0.465;1.509;1996.363;-0.186;6.584
35.1;26.87;0.461;1.518;1999.209;-0.240;6.389
35.1;26.87;0.469;1.520;2003.540;-0.329;6.432
35.1;26.87;0.473;1.516;2016.581;-0.335;6.455
35.0;26.87;0.456;1.500;2005.121;-0.056;6.650
35.0;26.87;0.463;1.512;1999.701;-0.213;6.508
35.1;26.87;0.483;1.532;1984.859;-0.633;6.293
35.1;26.87;0.482;1.534;2005.561;-0.629;6.198
35.1;26.87;0.487;1.528;2015.666;-0.598;6.284
35.1;26.87;0.468;1.508;2001.551;-0.254;6.543
35.1;26.87;0.456;1.505;2004.260;-0.069;6.607
35.1;26.87;0.454;1.487;2011.790;0.020;6.807
35.1;26.87;0.465;1.504;1998.855;-0.211;6.665
35.1;26.87;0.467;1.514;1996.862;-0.310;6.476
35.1;26.87;0.477;1.518;2003.434;-0.430;6.449
35.1;26.87;0.468;1.520;2012.001;-0.308;6.421
35.1;26.87;0.457;1.507;2005.210;-0.105;6.581
35.1;26.87;0.467;1.511;1998.059;-0.274;6.567
35.1;26.87;0.479;1.526;1994.946;-0.463;6.350
35.1;26.87;0.471;1.522;2008.656;-0.404;6.369
35.1;26.87;0.487;1.532;2002.854;-0.707;6.253
35.1;26.87;0.489;1.532;1994.915;-0.686;6.241
35.1;26.87;0.459;1.521;2014.035;-0.157;6.402
35.1;26.87;0.459;1.500;2015.228;-0.063;6.696
35.1;26.87;0.466;1.506;2006.883;-0.232;6.638
35.1;26.87;0.462;1.516;1997.734;-0.281;6.454
35.1;26.87;0.463;1.497;2008.077;-0.096;6.751
35.1;26.87;0.451;1.492;2011.801;0.039;6.834
35.1;26.87;0.445;1.489;2009.946;0.077;6.798
35.1;26.87;0.438;1.483;2000.949;0.262;6.817
35.1;26.87;0.442;1.475;1993.137;0.228;6.959
35.1;26.87;0.452;1.493;2006.637;-0.029;6.770
35.1;26.87;0.464;1.510;2001.137;-0.179;6.546
35.1;26.87;0.463;1.510;1995.407;-0.177;6.621
35.1;26.87;0.444;1.491;2011.971;0.200;6.734
35.1;26.87;0.439;1.480;2001.378;0.252;6.873
34.8;26.87;0.464;1.505;1989.527;-0.181;6.672
34.8;26.87;0.476;1.523;1994.924;-0.510;6.367
34.8;26.87;0.486;1.521;2008.992;-0.571;6.426
34.9;26.87;0.475;1.529;2010.962;-0.425;6.369
34.9;26.87;0.464;1.515;2003.655;-0.226;6.528
35.0;26.87;0.457;1.494;2008.142;-0.039;6.777
35.0;26.87;0.442;1.481;2002.006;0.233;6.921
35.0;26.87;0.455;1.500;1996.818;-0.140;6.682
35.0;26.87;0.468;1.521;2008.511;-0.295;6.452
35.0;26.87;0.462;1.495;2003.583;-0.121;6.839
35.1;26.87;0.430;1.490;2013.522;0.349;6.736
35.1;26.87;0.422;1.491;1999.023;0.520;6.618
35.1;26.87;0.445;1.479;1989.495;0.142;6.990
35.1;26.87;0.447;1.489;1997.521;0.063;6.829
35.1;26.87;0.458;1.496;2004.324;0.002;6.777
35.1;26.87;0.466;1.504;2007.645;-0.209;6.727
35.1;26.87;0.459;1.507;2000.651;-0.164;6.638
35.1;26.87;0.441;1.485;2006.536;0.237;6.872
35.1;26.87;0.447;1.482;2004.964;0.124;6.928
35.1;26.87;0.448;1.496;2001.673;0.036;6.768
35.1;26.87;0.461;1.505;2002.606;-0.094;6.706
35.1;26.87;0.450;1.482;2007.788;0.088;7.017
35.1;26.87;0.423;1.492;2006.475;0.435;6.684
35.1;26.87;0.414;1.512;2003.267;0.599;6.266
35.1;26.87;0.411;1.509;1982.113;0.639;6.313
35.1;26.87;0.417;1.499;1997.258;0.465;6.518
35.1;26.87;0.437;1.486;2003.250;0.284;6.870
35.1;26.87;0.464;1.504;1997.942;-0.225;6.750
35.1;26.87;0.456;1.498;2003.087;-0.055;6.742
35.1;26.87;0.437;1.487;2005.161;0.325;6.796
35.1;26.87;0.450;1.479;1990.627;0.094;7.019
35.1;26.87;0.465;1.521;1993.673;-0.270;6.465
35.1;26.87;0.478;1.525;1996.624;-0.470;6.473
35.1;26.87;0.474;1.528;2011.624;-0.376;6.422
35.1;26.87;0.456;1.498;2013.430;-0.056;6.739
35.2;26.87;0.449;1.490;2011.164;0.113;6.870
35.2;26.87;0.423;1.492;1989.773;0.598;6.573
35.2;26.87;0.416;1.501;2001.278;0.527;6.485
35.1;26.87;0.436;1.485;1998.704;0.297;6.910
35.1;26.87;0.442;1.481;2003.895;0.213;6.986
35.1;26.87;0.418;1.500;2002.655;0.540;6.475
35.1;26.87;0.406;1.541;2003.167;0.646;5.789
35.1;26.87;0.406;1.523;1981.860;0.724;6.040
35.0;26.87;0.426;1.489;1995.952;0.349;6.825
35.0;26.87;0.444;1.481;1998.855;0.206;6.937
35.0;26.87;0.446;1.480;2007.842;0.151;7.021
35.0;26.87;0.445;1.494;2009.601;0.141;6.766
35.0;26.87;0.435;1.487;2006.109;0.330;6.796
34.9;26.87;0.424;1.487;1985.329;0.498;6.759
34.9;26.87;0.423;1.492;2001.589;0.444;6.683
34.9;26.87;0.441;1.481;1996.842;0.251;6.969
34.9;26.87;0.437;1.480;2002.071;0.285;6.992
34.9;26.87;0.408;1.518;2006.426;0.653;6.185
34.8;26.87;0.406;1.528;1998.456;0.697;6.034
34.8;26.87;0.410;1.522;1993.671;0.661;6.116
34.9;26.87;0.417;1.498;1990.475;0.507;6.602
34.9;26.87;0.446;1.482;1997.177;0.255;7.003
34.9;26.87;0.446;1.482;2001.072;0.173;7.018
35.1;26.87;0.454;1.493;2006.368;-0.018;6.861
35.1;26.87;0.433;1.486;2008.895;0.364;6.889
35.1;26.87;0.418;1.496;1989.272;0.551;6.568
35.1;26.87;0.439;1.484;1995.081;0.213;6.951
35.1;26.87;0.469;1.507;2008.934;-0.204;6.671
35.1;26.87;0.462;1.499;1995.669;-0.149;6.902
35.1;26.87;0.434;1.495;2015.737;0.315;6.742
35.0;26.87;0.406;1.520;2000.913;0.734;6.202
35.0;26.87;0.408;1.535;1999.226;0.668;5.932
35.0;26.87;0.400;1.545;1986.487;0.662;5.760
35.1;26.87;0.406;1.524;1990.992;0.711;6.088
35.1;26.87;0.409;1.517;1992.343;0.710;6.267
35.1;26.87;0.404;1.530;1998.397;0.701;6.018
35.1;26.87;0.415;1.549;1998.510;0.434;5.747
35.1;26.87;0.439;1.540;1990.720;-0.012;5.892
35.1;26.87;0.402;1.534;1991.073;0.648;5.930
35.1;26.87;0.424;1.493;1997.701;0.477;6.716
35.0;26.87;0.416;1.502;1986.160;0.596;6.549
35.0;26.87;0.411;1.507;2001.235;0.614;6.420
35.0;26.87;0.417;1.507;1999.694;0.631;6.518
35.0;26.87;0.412;1.514;1992.454;0.633;6.282
35.0;26.87;0.406;1.509;1980.320;0.699;6.350
35.0;26.87;0.437;1.486;1994.393;0.308;6.885
35.0;26.87;0.445;1.487;2003.118;0.176;7.018
35.0;26.87;0.434;1.486;2001.952;0.294;6.891
35.1;26.87;0.408;1.517;1992.151;0.732;6.280
35.1;26.87;0.410;1.534;1999.385;0.657;5.975
35.1;26.87;0.400;1.547;2001.244;0.688;5.766
35.1;26.87;0.416;1.499;1987.073;0.648;6.564
35.1;26.87;0.416;1.498;1986.025;0.615;6.609
35.1;26.87;0.424;1.500;2003.073;0.426;6.633
35.1;26.87;0.427;1.497;2002.380;0.437;6.710
35.1;26.87;0.411;1.538;1993.457;0.538;5.891
35.1;26.87;0.400;1.543;1983.900;0.665;5.803
35.1;26.87;0.427;1.493;1990.766;0.474;6.745
35.1;26.87;0.434;1.491;2001.381;0.351;6.872
35.1;26.87;0.427;1.488;1999.168;0.360;6.866
35.1;26.87;0.403;1.536;1999.730;0.773;5.985
35.1;26.87;0.412;1.538;1990.907;0.553;5.928
35.1;26.87;0.419;1.558;2008.657;0.292;5.661
35.1;26.87;0.428;1.545;1987.660;0.203;5.834
35.1;26.87;0.408;1.543;1988.043;0.532;5.878
35.2;26.87;0.406;1.550;2004.033;0.559;5.709
35.2;26.87;0.412;1.549;1996.888;0.532;5.785
35.2;26.87;0.444;1.540;1995.285;-0.117;5.932
35.2;26.87;0.460;1.539;1992.465;-0.467;6.008
35.2;26.87;0.405;1.539;1991.707;0.699;5.912
35.1;26.87;0.403;1.515;1988.416;0.737;6.314
35.1;26.87;0.417;1.503;1986.858;0.515;6.505
35.1;26.87;0.433;1.497;2000.569;0.387;6.689
35.1;26.87;0.430;1.490;2005.595;0.410;6.848
35.1;26.87;0.423;1.503;1994.487;0.582;6.452
35.2;26.87;0.419;1.498;1987.686;0.548;6.658
35.2;26.87;0.430;1.485;1994.196;0.402;6.947
35.2;26.87;0.417;1.505;2009.171;0.538;6.517
35.1;26.87;0.407;1.526;1994.702;0.761;6.181
35.1;26.87;0.407;1.535;1986.331;0.663;5.972
35.1;26.87;0.428;1.557;2008.342;0.097;5.697
35.1;26.87;0.430;1.543;1993.307;0.146;5.880
35.1;26.87;0.413;1.542;1987.867;0.523;5.912
35.2;26.87;0.406;1.549;1988.434;0.512;5.756
35.2;26.87;0.401;1.541;1996.166;0.742;5.925
35.2;26.87;0.411;1.548;1999.352;0.586;5.820
35.2;26.87;0.441;1.550;2001.842;-0.122;5.814
35.2;26.87;0.411;1.538;1982.133;0.493;5.930
35.1;26.87;0.406;1.526;1990.202;0.693;6.126
35.1;26.87;0.409;1.515;2002.167;0.654;6.359
35.1;26.87;0.409;1.537;1999.535;0.693;6.002
35.1;26.87;0.425;1.541;1992.622;0.245;5.942
35.1;26.87;0.443;1.554;2010.211;-0.139;5.778
35.2;26.87;0.452;1.542;2000.624;-0.262;5.925
35.2;26.87;0.455;1.537;1992.047;-0.309;6.046
35.2;26.87;0.423;1.550;1991.513;0.180;5.760
35.2;26.87;0.411;1.555;1999.391;0.530;5.750
35.2;26.87;0.419;1.549;1998.176;0.362;5.849
35.2;26.87;0.455;1.546;2001.279;-0.358;5.908
35.2;26.87;0.420;1.539;1976.501;0.335;5.909
35.2;26.87;0.410;1.522;1994.837;0.691;6.208
35.2;26.87;0.403;1.530;1998.613;0.694;6.146
35.2;26.87;0.417;1.496;1985.676;0.605;6.767
35.2;26.87;0.421;1.499;1995.562;0.571;6.651
35.2;26.87;0.398;1.534;2008.447;0.770;6.081
35.2;26.87;0.407;1.541;1994.172;0.649;5.961
35.2;26.87;0.410;1.539;1983.772;0.596;5.964
35.2;26.87;0.402;1.553;2000.040;0.632;5.747
35.2;26.87;0.416;1.556;1998.520;0.443;5.782
35.2;26.87;0.440;1.545;2000.349;-0.056;5.945
35.2;26.87;0.479;1.539;2008.657;-0.762;6.070
35.2;26.87;0.491;1.526;2002.176;-0.748;6.211
35.2;26.87;0.470;1.543;1996.080;-0.543;5.963
35.2;26.87;0.450;1.551;2004.967;-0.284;5.859
35.2;26.87;0.424;1.547;1980.716;0.234;5.879
35.1;26.87;0.433;1.543;2002.284;0.091;5.965
35.1;26.87;0.475;1.544;2015.695;-0.646;5.958
35.1;26.87;0.480;1.539;2004.325;-0.700;6.056
35.1;26.87;0.424;1.541;1975.543;0.217;5.974
35.1;26.87;0.403;1.553;1995.101;0.659;5.788
35.1;26.87;0.405;1.537;1996.160;0.749;6.022
35.1;26.87;0.425;1.544;2002.616;0.214;5.943
35.1;26.87;0.447;1.543;1996.046;-0.221;6.001
35.1;26.87;0.492;1.537;2008.300;-0.826;6.082
35.1;26.87;0.457;1.543;1997.605;-0.343;5.980
35.1;26.87;0.435;1.551;1995.598;-0.048;5.850
35.1;26.87;0.410;1.548;1982.105;0.555;5.855
35.1;26.87;0.413;1.546;2002.660;0.436;5.921
35.1;26.87;0.467;1.546;2014.690;-0.539;5.971
35.1;26.87;0.485;1.534;2000.366;-0.808;6.145
35.1;26.87;0.424;1.545;1976.423;0.235;5.938
35.1;26.87;0.413;1.557;2006.133;0.433;5.727
35.1;26.87;0.411;1.543;1991.711;0.572;5.941
35.1;26.87;0.404;1.542;1988.016;0.674;5.980
35.1;26.87;0.448;1.553;2006.528;-0.160;5.837
35.0;26.87;0.478;1.544;2010.883;-0.680;6.023
35.0;26.87;0.454;1.543;1998.802;-0.260;6.021
35.0;26.87;0.445;1.548;1997.917;-0.195;5.927
35.0;26.87;0.451;1.548;1994.196;-0.178;5.900
35.0;26.87;0.469;1.548;2013.022;-0.533;5.941
35.1;26.87;0.497;1.527;2012.873;-0.893;6.262
35.1;26.87;0.485;1.512;2005.900;-0.625;6.482
35.1;26.87;0.487;1.521;1992.207;-0.737;6.319
35.1;26.87;0.491;1.533;2010.985;-0.942;6.188
35.1;26.87;0.469;1.545;1994.701;-0.509;5.991
35.1;26.87;0.440;1.541;1992.036;-0.072;6.018
35.1;26.87;0.492;1.538;2018.350;-0.878;6.102
35.1;26.87;0.489;1.528;2013.848;-0.728;6.280
35.1;26.87;0.483;1.530;1991.538;-0.777;6.219
35.1;26.87;0.416;1.552;1993.677;0.311;5.838
35.2;26.87;0.421;1.552;1994.287;0.307;5.861
35.2;26.87;0.409;1.547;1999.816;0.630;5.907
35.2;26.87;0.445;1.553;2005.907;-0.134;5.868
35.2;26.87;0.468;1.542;1998.911;-0.535;6.071
35.2;26.87;0.497;1.528;1999.463;-0.823;6.342
35.1;26.87;0.473;1.544;2001.674;-0.637;6.041
35.1;26.87;0.450;1.550;1996.889;-0.208;5.938
35.1;26.87;0.454;1.543;1994.776;-0.316;6.046
35.1;26.87;0.499;1.532;2021.217;-0.931;6.207
35.1;26.87;0.474;1.510;2013.033;-0.372;6.552
35.1;26.87;0.495;1.520;1998.368;-0.816;6.342
35.1;26.87;0.494;1.533;1999.118;-0.934;6.219
35.1;26.87;0.488;1.540;2002.388;-0.771;6.098
35.1;26.87;0.447;1.547;1996.345;-0.161;5.990
35.1;26.87;0.460;1.548;2008.933;-0.459;5.995
35.2;26.87;0.492;1.533;2005.418;-0.838;6.233
35.2;26.87;0.498;1.530;2001.902;-0.913;6.212
35.2;26.87;0.489;1.539;2003.613;-0.944;6.156
35.3;26.87;0.460;1.547;1997.238;-0.386;6.022
35.3;26.87;0.494;1.527;2005.088;-0.880;6.303
35.2;26.87;0.489;1.521;2024.689;-0.651;6.382
35.2;26.87;0.480;1.509;2014.947;-0.498;6.573
35.2;26.87;0.473;1.509;2006.705;-0.314;6.557
35.3;26.87;0.482;1.513;2006.572;-0.517;6.477
35.3;26.87;0.496;1.529;2005.783;-0.821;6.302
35.2;26.87;0.476;1.538;1998.907;-0.692;6.181
35.2;26.87;0.481;1.540;2002.100;-0.756;6.116
35.2;26.87;0.488;1.521;2016.123;-0.607;6.389
35.2;26.87;0.488;1.518;2002.457;-0.681;6.424
35.2;26.87;0.456;1.547;1996.251;-0.347;6.016
35.1;26.87;0.418;1.551;1993.245;0.393;5.895
35.1;26.87;0.432;1.545;1992.577;0.079;6.036
35.1;26.87;0.475;1.548;2019.900;-0.627;6.018
35.1;26.87;0.496;1.531;2005.557;-0.849;6.287
35.1;26.87;0.483;1.523;2002.690;-0.533;6.348
35.1;26.87;0.475;1.517;2013.690;-0.385;6.450
35.1;26.87;0.488;1.523;2009.226;-0.630;6.399
35.1;26.87;0.493;1.527;2010.550;-0.634;6.372
35.2;26.87;0.483;1.511;2008.700;-0.516;6.503
35.2;26.87;0.467;1.490;2017.458;-0.153;6.843
35.1;26.87;0.458;1.481;2000.666;-0.003;6.909
35.1;26.87;0.485;1.515;2003.028;-0.658;6.480
35.1;26.87;0.492;1.533;1996.606;-0.865;6.256
35.0;26.87;0.493;1.534;2005.682;-0.810;6.266
35.0;26.87;0.504;1.530;2017.267;-1.011;6.284
35.1;26.87;0.488;1.539;2006.438;-0.794;6.192
35.1;26.87;0.483;1.514;2004.207;-0.522;6.497
35.1;26.87;0.480;1.518;2012.735;-0.482;6.451
35.1;26.87;0.495;1.525;2002.987;-0.882;6.384
35.1;26.87;0.489;1.542;2007.714;-0.821;6.136
35.2;26.87;0.488;1.520;2011.836;-0.677;6.408
35.2;26.87;0.474;1.498;2006.682;-0.277;6.790
35.2;26.87;0.467;1.499;2013.556;-0.194;6.727
35.2;26.87;0.475;1.507;2010.262;-0.409;6.619
35.2;26.87;0.483;1.511;1997.815;-0.568;6.541
35.2;26.87;0.491;1.525;2005.589;-0.754;6.397
35.2;26.87;0.493;1.537;2007.475;-0.907;6.204
35.2;26.87;0.493;1.535;2006.838;-0.758;6.287
35.3;26.87;0.471;1.497;2004.430;-0.302;6.732
35.3;26.87;0.482;1.516;2009.219;-0.589;6.508
35.3;26.87;0.484;1.536;1994.856;-0.720;6.193
35.3;26.87;0.479;1.541;1995.157;-0.687;6.157
35.3;26.87;0.498;1.530;2018.116;-0.902;6.318
35.2;26.87;0.471;1.500;2011.802;-0.269;6.729
35.2;26.87;0.468;1.499;2015.525;-0.231;6.725
35.2;26.87;0.460;1.487;2009.161;-0.143;6.899
35.2;26.87;0.462;1.479;2000.376;-0.085;6.968
35.2;26.87;0.472;1.501;2008.396;-0.298;6.724
35.2;26.87;0.473;1.510;2015.405;-0.346;6.570
35.2;26.87;0.465;1.492;2006.820;-0.155;6.876
35.1;26.87;0.443;1.477;2005.650;0.235;6.918
35.1;26.87;0.457;1.477;1998.292;-0.023;6.996
35.1;26.87;0.491;1.514;2005.521;-0.672;6.535
35.1;26.87;0.482;1.520;2005.582;-0.529;6.459
35.1;26.87;0.477;1.509;2010.537;-0.391;6.622
35.1;26.87;0.484;1.516;2011.786;-0.539;6.580
35.1;26.87;0.483;1.518;2009.107;-0.573;6.488
35.1;26.87;0.481;1.514;2003.708;-0.534;6.567
35.1;26.87;0.484;1.515;2003.316;-0.506;6.550
35.1;26.87;0.491;1.529;2005.489;-0.733;6.371
35.1;26.87;0.500;1.524;2014.927;-0.863;6.419
35.1;26.87;0.477;1.509;2003.112;-0.392;6.668
35.1;26.87;0.471;1.495;2011.150;-0.259;6.813
35.1;26.87;0.462;1.487;2014.752;-0.088;6.900
35.1;26.87;0.466;1.488;2008.019;-0.219;6.936
35.1;26.87;0.475;1.508;2001.571;-0.356;6.667
35.1;26.87;0.473;1.502;2009.746;-0.324;6.748
35.1;26.87;0.483;1.518;2011.421;-0.527;6.556
35.1;26.87;0.469;1.502;2011.107;-0.229;6.725
35.1;26.87;0.457;1.484;1999.624;-0.048;6.962
35.2;26.87;0.472;1.488;1999.945;-0.213;6.996
35.2;26.87;0.489;1.527;2011.350;-0.631;6.425
35.2;26.87;0.491;1.520;2008.829;-0.765;6.489
35.2;26.87;0.474;1.496;2010.242;-0.319;6.843
35.2;26.87;0.459;1.484;2008.883;-0.051;6.941
35.1;26.87;0.457;1.484;2017.468;0.024;6.935
35.1;26.87;0.446;1.472;1999.623;0.166;7.097
35.1;26.87;0.438;1.478;1993.711;0.307;6.926
35.1;26.87;0.449;1.479;2006.095;0.064;7.028
35.1;26.87;0.457;1.484;2005.166;0.020;6.999
35.1;26.87;0.447;1.474;2007.154;0.179;7.025
35.1;26.87;0.417;1.496;1993.260;0.598;6.516
35.1;26.87;0.447;1.471;1990.670;0.191;7.072
35.2;26.87;0.469;1.500;2010.165;-0.252;6.815
35.2;26.87;0.463;1.492;2001.477;-0.197;6.900
35.1;26.87;0.479;1.509;1999.619;-0.429;6.696
35.1;26.87;0.473;1.511;2018.854;-0.330;6.639
35.1;26.87;0.468;1.497;2010.908;-0.233;6.805
35.1;26.87;0.472;1.497;1994.694;-0.292;6.911
35.1;26.87;0.471;1.502;2003.476;-0.276;6.790
35.1;26.87;0.478;1.506;2016.895;-0.424;6.682
35.1;26.87;0.478;1.501;2003.961;-0.344;6.815
35.1;26.87;0.458;1.484;2002.945;0.004;6.975
35.2;26.87;0.437;1.483;2011.193;0.350;6.855
35.2;26.87;0.420;1.484;1993.923;0.604;6.747
35.3;26.87;0.445;1.476;1996.401;0.191;7.011
35.3;26.87;0.446;1.478;1999.374;0.166;7.031
35.3;26.87;0.452;1.478;1999.331;0.089;7.037
35.2;26.87;0.462;1.489;2013.387;-0.074;6.940
35.2;26.87;0.434;1.477;2003.472;0.374;6.989
35.2;26.87;0.434;1.469;1989.103;0.361;7.076
35.2;26.87;0.461;1.485;1999.478;-0.081;6.971
35.2;26.87;0.471;1.501;2013.622;-0.278;6.774
35.2;26.87;0.477;1.501;2004.440;-0.308;6.845
35.2;26.87;0.446;1.476;2006.136;0.186;7.073
35.2;26.87;0.437;1.481;2008.878;0.323;6.923
35.2;26.87;0.409;1.507;2003.355;0.731;6.334
35.2;26.87;0.421;1.492;1989.680;0.555;6.665
35.3;26.87;0.444;1.472;1994.951;0.206;7.071
35.3;26.87;0.447;1.476;2006.105;0.206;7.047
35.2;26.87;0.432;1.487;2011.587;0.382;6.791
35.2;26.87;0.411;1.500;1995.764;0.701;6.456
35.2;26.87;0.408;1.503;1981.389;0.712;6.376
35.2;26.87;0.443;1.480;1999.245;0.274;6.957
35.2;26.87;0.455;1.483;2007.729;0.035;6.998
35.2;26.87;0.468;1.489;1993.021;-0.178;7.032
35.2;26.87;0.469;1.504;2003.922;-0.277;6.786
35.2;26.87;0.459;1.486;2025.497;-0.021;6.996
35.2;26.87;0.444;1.475;2001.720;0.237;7.076
35.2;26.87;0.442;1.485;1999.633;0.246;6.928
35.1;26.87;0.447;1.479;1999.714;0.160;7.035
35.1;26.87;0.451;1.477;2007.673;0.163;7.073
35.1;26.87;0.432;1.491;2017.168;0.362;6.788
35.1;26.87;0.411;1.509;1993.033;0.713;6.331
35.1;26.87;0.413;1.532;1988.661;0.513;5.916
35.2;26.87;0.405;1.531;1991.708;0.745;5.976
35.2;26.87;0.419;1.503;1995.831;0.603;6.493
35.2;26.87;0.435;1.474;1982.549;0.370;7.070
35.1;26.87;0.448;1.480;2007.333;0.115;7.041
35.1;26.87;0.429;1.492;2015.364;0.453;6.702
35.2;26.87;0.408;1.529;1990.642;0.657;6.014
35.2;26.87;0.428;1.482;1983.326;0.486;6.855
35.2;26.87;0.451;1.482;2003.443;0.099;7.061
35.2;26.87;0.457;1.481;2010.215;0.070;7.066
35.2;26.87;0.442;1.480;2010.799;0.202;7.041
35.2;26.87;0.423;1.492;1995.268;0.546;6.695
35.2;26.87;0.408;1.521;1998.917;0.717;6.124
35.2;26.87;0.415;1.543;1996.392;0.577;5.771
35.2;26.87;0.415;1.498;1987.144;0.599;6.519
35.2;26.87;0.432;1.476;1989.435;0.374;7.046
35.2;26.87;0.422;1.494;2002.858;0.537;6.690
35.2;26.87;0.421;1.500;2007.108;0.559;6.537
35.2;26.87;0.409;1.531;1995.400;0.655;5.963
35.2;26.87;0.411;1.511;1979.707;0.648;6.312
35.2;26.87;0.427;1.487;2000.363;0.493;6.813
35.3;26.87;0.434;1.478;2002.188;0.402;6.996
35.3;26.87;0.440;1.484;2001.846;0.275;6.930
35.3;26.87;0.433;1.480;1989.492;0.422;6.917
35.3;26.87;0.411;1.514;2000.100;0.720;6.308
35.3;26.87;0.419;1.510;1999.782;0.597;6.358
35.2;26.87;0.418;1.493;1993.985;0.559;6.660
35.2;26.87;0.432;1.476;1989.417;0.415;6.996
35.2;26.87;0.418;1.506;2011.742;0.574;6.499
35.2;26.87;0.413;1.530;1998.358;0.619;6.005
35.2;26.87;0.412;1.532;1992.860;0.546;5.984
35.2;26.87;0.422;1.540;1985.056;0.335;5.855
35.2;26.87;0.411;1.539;1997.029;0.547;5.874
35.2;26.87;0.412;1.519;1988.432;0.656;6.206
35.3;26.87;0.421;1.495;1995.266;0.564;6.679
35.3;26.87;0.412;1.514;1999.294;0.661;6.302
35.3;26.87;0.412;1.540;2000.441;0.545;5.914
35.3;26.87;0.411;1.542;1988.795;0.576;5.812
35.3;26.87;0.427;1.475;1987.078;0.450;7.010
35.3;26.87;0.441;1.470;1991.284;0.431;6.987
35.3;26.87;0.442;1.494;2011.255;0.301;6.820
35.3;26.87;0.418;1.506;2008.021;0.603;6.450
35.3;26.87;0.405;1.519;1989.070;0.743;6.216
35.3;26.87;0.428;1.539;1990.510;0.306;5.892
35.3;26.87;0.408;1.538;1998.226;0.619;5.903
35.3;26.87;0.413;1.517;1982.817;0.678;6.264
35.3;26.87;0.415;1.517;1992.458;0.652;6.277
35.3;26.87;0.418;1.541;2004.572;0.471;5.846
35.3;26.87;0.449;1.542;2009.884;-0.165;5.897
35.3;26.87;0.478;1.529;1996.711;-0.628;6.073
35.3;26.87;0.412;1.531;1978.805;0.494;5.996
35.4;26.87;0.410;1.528;1991.341;0.678;6.037
35.4;26.87;0.407;1.542;2001.097;0.732;5.924
35.4;26.87;0.408;1.522;1996.042;0.708;6.170
35.3;26.87;0.405;1.528;1984.273;0.703;6.069
35.3;26.87;0.414;1.543;1993.247;0.553;5.849
35.2;26.87;0.412;1.521;1993.179;0.681;6.199
35.2;26.87;0.416;1.506;1992.394;0.644;6.479
35.2;26.87;0.408;1.520;1995.586;0.711;6.307
35.2;26.87;0.417;1.546;2003.792;0.460;5.789
35.2;26.87;0.431;1.534;1995.301;0.166;6.016
35.2;26.87;0.458;1.537;2002.066;-0.307;6.032
35.2;26.87;0.450;1.539;1981.090;-0.215;5.954
35.2;26.87;0.425;1.536;1992.509;0.285;5.945
35.3;26.87;0.412;1.550;1999.881;0.558;5.800
35.3;26.87;0.407;1.530;1986.027;0.682;6.016
35.3;26.87;0.427;1.539;1993.635;0.263;5.936
35.3;26.87;0.455;1.537;2002.686;-0.222;6.003
35.3;26.87;0.411;1.539;1986.310;0.576;5.955
35.3;26.87;0.425;1.495;1993.083;0.520;6.662
35.3;26.87;0.413;1.510;1989.829;0.668;6.413
35.2;26.87;0.414;1.522;2005.139;0.664;6.240
35.2;26.87;0.418;1.538;1992.894;0.417;5.958
35.2;26.87;0.439;1.545;2001.779;0.034;5.896
35.2;26.87;0.469;1.538;1988.277;-0.508;6.028
35.2;26.87;0.461;1.535;1998.232;-0.342;6.021
35.2;26.87;0.452;1.539;1998.350;-0.240;6.023
35.2;26.87;0.442;1.545;1990.607;-0.032;5.870
35.2;26.87;0.473;1.534;1997.531;-0.534;6.018
35.2;26.87;0.483;1.525;2007.426;-0.604;6.195
35.2;26.87;0.478;1.533;1993.736;-0.643;6.081
35.2;26.87;0.412;1.534;1987.382;0.530;6.008
35.2;26.87;0.425;1.547;1997.167;0.312;5.864
35.2;26.87;0.407;1.532;1991.819;0.677;6.042
35.3;26.87;0.413;1.529;1994.607;0.622;6.121
35.3;26.87;0.424;1.548;1996.760;0.328;5.820
35.3;26.87;0.430;1.541;1984.429;0.206;5.963
35.3;26.87;0.413;1.531;1990.594;0.554;6.065
35.3;26.87;0.413;1.546;1998.013;0.543;5.883
35.2;26.87;0.430;1.545;1989.159;0.194;5.876
35.2;26.87;0.457;1.536;1996.183;-0.291;6.019
35.2;26.87;0.472;1.536;2010.622;-0.528;6.069
35.2;26.87;0.486;1.532;1999.689;-0.717;6.120
35.2;26.87;0.466;1.529;1989.603;-0.487;6.112
35.2;26.87;0.459;1.536;1998.275;-0.338;6.038
35.2;26.87;0.425;1.545;1994.195;0.258;5.918
35.2;26.87;0.417;1.543;1993.608;0.461;5.934
35.2;26.87;0.474;1.535;2005.018;-0.551;6.092
35.2;26.87;0.482;1.533;1994.444;-0.679;6.124
35.3;26.87;0.425;1.535;1981.345;0.177;6.007
35.3;26.87;0.420;1.546;2003.941;0.415;5.862
35.2;26.87;0.429;1.540;1987.357;0.202;5.983
35.2;26.87;0.459;1.542;2002.297;-0.289;5.970
35.2;26.87;0.473;1.536;1999.391;-0.531;6.081
35.3;26.87;0.485;1.535;2008.074;-0.700;6.106
35.3;26.87;0.476;1.522;1995.525;-0.543;6.220
35.3;26.87;0.486;1.524;2000.407;-0.662;6.250
35.3;26.87;0.476;1.538;1996.329;-0.570;6.039
35.3;26.87;0.458;1.541;1991.781;-0.311;6.013
35.2;26.87;0.481;1.523;2010.737;-0.607;6.290
35.2;26.87;0.476;1.528;1998.863;-0.477;6.220
35.2;26.87;0.464;1.539;1989.058;-0.401;5.979
35.2;26.87;0.457;1.543;1993.509;-0.322;6.061
35.2;26.87;0.462;1.537;1985.111;-0.361;6.045
35.3;26.87;0.420;1.539;1994.320;0.412;6.008
35.3;26.87;0.426;1.549;2009.001;0.270;5.881
35.3;26.87;0.463;1.542;1995.203;-0.394;5.991
35.3;26.87;0.461;1.531;1992.157;-0.402;6.108
35.3;26.87;0.461;1.541;1996.990;-0.313;6.032
35.3;26.87;0.436;1.548;1999.513;-0.061;5.999
35.3;26.87;0.452;1.535;1990.224;-0.196;6.059
35.4;26.87;0.485;1.530;2008.945;-0.713;6.218
35.4;26.87;0.479;1.524;2011.609;-0.514;6.262
35.4;26.87;0.480;1.524;1997.256;-0.541;6.186
35.3;26.87;0.486;1.526;1994.818;-0.693;6.240
35.3;26.87;0.481;1.527;1998.730;-0.589;6.209
35.3;26.87;0.459;1.542;1996.041;-0.353;6.007
35.3;26.87;0.475;1.537;2011.486;-0.605;6.124
35.3;26.87;0.470;1.518;1997.177;-0.301;6.360
35.3;26.93;0.477;1.519;1992.066;-0.506;6.255
35.3;26.93;0.467;1.544;1995.386;-0.438;6.044
35.3;26.93;0.433;1.544;1995.928;0.100;5.961
35.3;26.93;0.435;1.537;1986.943;0.026;6.069
35.3;26.93;0.490;1.529;2007.951;-0.780;6.241
35.2;26.93;0.487;1.535;2005.194;-0.718;6.138
35.2;26.93;0.477;1.525;2001.195;-0.562;6.218
35.3;26.93;0.476;1.526;1995.180;-0.503;6.319
35.3;26.93;0.477;1.535;1993.065;-0.598;6.131
35.3;26.93;0.460;1.545;1998.773;-0.354;5.936
35.3;26.87;0.485;1.529;2010.919;-0.657;6.223
35.3;26.87;0.465;1.495;2004.351;-0.183;6.685
35.3;26.87;0.456;1.498;2001.119;-0.119;6.625
35.3;26.87;0.485;1.528;1994.842;-0.628;6.281
35.3;26.87;0.483;1.534;1999.214;-0.707;6.158
35.2;26.87;0.477;1.526;1987.191;-0.629;6.207
35.2;26.87;0.486;1.532;2005.785;-0.734;6.186
35.2;26.87;0.485;1.535;2004.538;-0.637;6.178
35.2;26.87;0.474;1.527;2004.765;-0.507;6.257
35.2;26.87;0.469;1.518;2004.344;-0.303;6.410
35.2;26.87;0.482;1.523;1999.061;-0.647;6.294
35.2;26.87;0.477;1.536;1998.477;-0.600;6.116
35.2;26.87;0.475;1.526;2008.467;-0.384;6.317
35.2;26.87;0.459;1.489;2004.573;-0.073;6.802
35.2;26.87;0.442;1.483;2012.717;0.115;6.799
35.3;26.87;0.457;1.491;2000.509;-0.073;6.780
35.3;26.87;0.461;1.499;1995.853;-0.178;6.698
35.2;26.87;0.465;1.511;1987.872;-0.265;6.450
35.2;26.87;0.484;1.527;2008.347;-0.639;6.307
35.2;26.87;0.470;1.521;2006.325;-0.273;6.405
35.2;26.87;0.459;1.499;1997.459;-0.147;6.632
35.2;26.87;0.478;1.513;1989.389;-0.492;6.460
35.3;26.87;0.464;1.544;1997.872;-0.417;6.015
35.3;26.87;0.433;1.539;1986.717;0.172;6.050
35.3;26.87;0.474;1.543;2005.068;-0.538;6.093
35.2;26.87;0.483;1.528;2003.736;-0.572;6.280
35.2;26.87;0.461;1.508;2018.317;-0.174;6.518
35.2;26.87;0.462;1.496;2001.740;-0.130;6.723
35.2;26.87;0.470;1.506;1993.582;-0.327;6.579
35.2;26.87;0.475;1.518;2001.810;-0.458;6.377
35.2;26.87;0.466;1.523;2013.904;-0.237;6.388
35.2;26.87;0.457;1.492;2010.783;-0.053;6.802
35.2;26.87;0.431;1.481;1995.071;0.315;6.723
35.2;26.87;0.449;1.481;1989.860;0.072;6.900
35.2;26.87;0.471;1.520;2003.689;-0.357;6.423
35.2;26.87;0.478;1.530;1996.506;-0.534;6.214
35.2;26.87;0.475;1.523;2005.929;-0.449;6.402
35.2;26.87;0.466;1.512;2009.413;-0.163;6.523
35.2;26.87;0.458;1.499;2004.950;-0.099;6.687
35.2;26.87;0.460;1.502;2004.731;-0.138;6.676
35.2;26.93;0.466;1.508;1995.835;-0.237;6.570
35.2;26.93;0.466;1.517;2009.603;-0.260;6.403
35.2;26.93;0.462;1.507;2013.308;-0.144;6.676
35.2;26.93;0.443;1.479;1999.092;0.216;6.921
35.2;26.93;0.431;1.479;1999.514;0.315;6.830
35.2;26.93;0.435;1.481;1992.051;0.329;6.872
35.2;26.93;0.461;1.496;1996.262;-0.119;6.783
35.1;26.93;0.469;1.513;1995.750;-0.326;6.462
35.1;26.93;0.476;1.518;2001.942;-0.483;6.461
35.1;26.93;0.470;1.522;2015.003;-0.308;6.393
35.1;26.93;0.449;1.493;2010.409;0.026;6.741
35.1;26.93;0.468;1.508;1986.548;-0.261;6.596
35.2;26.93;0.486;1.536;1989.896;-0.701;6.227
35.2;26.93;0.481;1.535;2006.406;-0.546;6.205
35.2;26.93;0.485;1.534;2011.107;-0.644;6.286
35.2;26.93;0.464;1.497;2009.681;-0.142;6.746
35.2;26.93;0.443;1.485;2006.068;0.156;6.828
35.3;26.93;0.434;1.491;2006.190;0.331;6.680
35.3;26.93;0.443;1.485;2001.107;0.147;6.923
35.3;26.93;0.455;1.490;1995.098;-0.070;6.799
35.3;26.87;0.452;1.485;1999.200;0.044;6.869
35.3;26.87;0.443;1.483;2010.550;0.195;6.867
35.2;26.87;0.415;1.503;2002.733;0.559;6.387
35.2;26.87;0.425;1.485;1982.041;0.473;6.733
35.2;26.87;0.442;1.482;2002.552;0.153;6.954
35.2;26.87;0.457;1.496;2011.063;-0.072;6.743
35.2;26.87;0.462;1.507;2004.966;-0.228;6.658
35.3;26.87;0.464;1.495;1996.552;-0.151;6.776
35.3;26.87;0.447;1.488;2013.671;0.086;6.828
35.3;26.87;0.441;1.483;2005.086;0.227;6.902
35.2;26.87;0.457;1.491;2005.347;-0.085;6.868
35.2;26.87;0.462;1.513;1992.488;-0.247;6.502
35.2;26.87;0.459;1.503;2013.106;-0.093;6.720
35.2;26.87;0.455;1.485;2013.759;0.018;6.924
35.2;26.87;0.442;1.485;2002.868;0.163;6.858
35.2;26.87;0.440;1.481;1995.264;0.249;6.933
35.2;26.87;0.444;1.480;1999.380;0.112;6.989
35.3;26.87;0.455;1.492;2008.289;-0.062;6.802
35.3;26.87;0.465;1.501;2000.950;-0.178;6.748
35.3;26.87;0.461;1.496;1998.554;-0.092;6.815
35.3;26.93;0.433;1.490;2016.278;0.329;6.769
35.3;26.93;0.429;1.482;1998.825;0.427;6.827
35.2;26.93;0.452;1.484;1993.220;0.036;6.987
35.2;26.93;0.459;1.502;2001.019;-0.135;6.668
35.2;26.93;0.458;1.503;2011.234;-0.068;6.718
35.3;26.93;0.455;1.491;2017.155;0.000;6.863
35.3;26.93;0.428;1.488;2004.539;0.389;6.684
35.3;26.93;0.421;1.490;1991.335;0.553;6.640
35.3;26.93;0.405;1.515;1996.523;0.721;6.232
35.3;26.93;0.417;1.492;1994.452;0.540;6.566
35.2;26.87;0.437;1.486;2000.034;0.282;6.851
35.2;26.87;0.424;1.484;1994.450;0.475;6.756
35.3;26.87;0.405;1.529;2011.903;0.709;5.965
35.3;26.87;0.405;1.533;1988.773;0.640;5.893
35.3;26.87;0.423;1.485;1986.671;0.468;6.815
35.3;26.87;0.430;1.482;1998.274;0.331;6.829
35.3;26.87;0.443;1.490;2004.148;0.224;6.842
35.3;26.87;0.452;1.488;2001.145;0.026;6.926
35.3;26.87;0.456;1.502;1999.325;-0.144;6.716
35.3;26.87;0.451;1.486;2010.242;0.075;6.869
35.2;26.87;0.445;1.484;2001.493;0.170;6.954
35.2;26.87;0.455;1.499;1997.588;-0.035;6.745
35.3;26.87;0.463;1.512;2000.180;-0.159;6.621
35.3;26.87;0.454;1.486;2010.130;0.018;6.925
35.3;26.87;0.435;1.492;2012.441;0.275;6.766
35.3;26.87;0.433;1.484;2008.501;0.345;6.854
35.3;26.87;0.414;1.501;1996.300;0.599;6.458
35.3;26.87;0.412;1.504;1993.950;0.607;6.416
35.3;26.87;0.435;1.491;2001.668;0.327;6.741
35.3;26.87;0.439;1.480;1998.374;0.227;6.962
35.3;26.87;0.433;1.490;1995.813;0.260;6.768
35.3;26.87;0.411;1.513;2001.803;0.672;6.258
35.3;26.87;0.410;1.508;1992.601;0.676;6.304
35.3;26.87;0.437;1.482;1993.540;0.263;6.894
35.3;26.87;0.447;1.485;1998.191;0.141;6.961
35.2;26.87;0.433;1.482;2012.784;0.362;6.929
35.2;26.87;0.411;1.513;2009.007;0.610;6.292
35.2;26.87;0.423;1.497;1995.167;0.480;6.592
35.2;26.87;0.403;1.531;1992.642;0.733;5.991
35.2;26.87;0.400;1.546;2000.379;0.654;5.701
35.4;26.87;0.406;1.520;1990.888;0.690;6.179
35.4;26.87;0.422;1.492;1995.876;0.549;6.635
35.4;26.87;0.406;1.522;1998.372;0.654;6.101
35.4;26.87;0.409;1.545;2000.295;0.613;5.767
35.4;26.87;0.403;1.533;1986.453;0.690;5.956
35.4;26.87;0.435;1.481;1991.431;0.276;6.894
35.4;26.87;0.436;1.483;1998.945;0.312;6.961
35.3;26.87;0.438;1.483;2005.717;0.231;6.959
35.3;26.87;0.456;1.502;2008.578;-0.071;6.711
35.3;26.87;0.458;1.497;2008.133;-0.030;6.839
35.3;26.87;0.434;1.483;1994.732;0.356;6.931
35.3;26.87;0.430;1.487;2005.654;0.339;6.831
35.3;26.87;0.443;1.485;2001.976;0.203;6.941
35.3;26.87;0.436;1.479;2001.204;0.307;6.993
35.3;26.87;0.416;1.507;1998.245;0.585;6.418
35.3;26.87;0.404;1.529;1996.904;0.764;6.040
35.3;26.87;0.413;1.547;2001.129;0.472;5.729
35.3;26.87;0.404;1.544;1996.308;0.540;5.745
35.3;26.87;0.406;1.532;1988.960;0.683;5.958
35.3;26.87;0.408;1.528;1998.063;0.545;5.916
35.4;26.87;0.418;1.505;1997.075;0.527;6.485
35.4;26.87;0.403;1.523;1997.068;0.757;6.143
35.4;26.87;0.414;1.542;1995.107;0.430;5.826
35.4;26.87;0.400;1.539;1994.052;0.691;5.837
35.4;26.87;0.437;1.482;1991.128;0.318;6.947
35.4;26.87;0.431;1.481;1991.760;0.348;6.914
35.4;26.87;0.410;1.509;2009.015;0.637;6.413
35.4;26.87;0.408;1.523;1994.812;0.714;6.149
35.4;26.87;0.402;1.532;2004.367;0.756;5.995
35.4;26.87;0.407;1.549;1993.122;0.475;5.664
35.3;26.87;0.405;1.531;1985.687;0.666;5.968
35.3;26.87;0.420;1.496;1999.629;0.503;6.614
35.3;26.87;0.427;1.493;2000.374;0.390;6.770
35.3;26.87;0.411;1.518;1992.526;0.673;6.286
35.3;26.87;0.412;1.545;1998.917;0.528;5.806
35.3;26.87;0.402;1.521;1988.281;0.717;6.118
35.3;26.87;0.432;1.490;1992.364;0.386;6.849
35.3;26.87;0.428;1.483;1988.466;0.459;6.874
35.3;26.87;0.432;1.484;2001.278;0.320;6.924
35.3;26.87;0.436;1.487;2007.260;0.361;6.780
35.3;26.87;0.403;1.530;1992.505;0.775;6.035
35.3;26.87;0.400;1.542;1986.994;0.653;5.822
35.3;26.87;0.409;1.536;1992.560;0.654;5.943
35.3;26.87;0.413;1.508;1993.986;0.642;6.454
35.3;26.87;0.408;1.515;1998.571;0.676;6.323
35.2;26.87;0.413;1.548;1992.878;0.454;5.734
35.2;26.87;0.444;1.548;2007.085;-0.099;5.806
35.4;26.87;0.457;1.541;2002.925;-0.372;5.893
35.4;26.87;0.416;1.544;1981.279;0.414;5.822
35.4;26.87;0.411;1.544;1987.346;0.540;5.853
35.4;26.87;0.403;1.547;1996.902;0.632;5.747
35.4;26.87;0.405;1.525;1995.503;0.716;6.155
35.4;26.87;0.429;1.549;1998.997;0.161;5.738
35.4;26.87;0.450;1.540;1990.358;-0.338;5.918
35.4;26.87;0.407;1.518;1979.654;0.729;6.298
35.4;26.87;0.431;1.490;1999.879;0.401;6.849
35.4;26.87;0.434;1.485;1990.783;0.291;6.925
35.4;26.87;0.416;1.506;2006.004;0.611;6.501
35.4;26.87;0.408;1.530;1996.248;0.692;6.071
35.4;26.87;0.418;1.552;2008.991;0.338;5.703
35.4;26.87;0.418;1.545;1979.549;0.439;5.793
35.4;26.87;0.401;1.529;1986.096;0.767;6.110
35.3;26.87;0.404;1.521;2005.013;0.713;6.206
35.3;26.87;0.406;1.525;1997.426;0.755;6.171
35.3;26.87;0.418;1.546;1994.206;0.392;5.821
35.3;26.87;0.446;1.539;1995.682;-0.209;5.907
35.3;26.87;0.410;1.547;1986.048;0.575;5.821
35.4;26.87;0.399;1.532;1995.663;0.757;6.099
35.4;26.87;0.403;1.522;1984.639;0.721;6.188
35.4;26.87;0.411;1.524;1996.643;0.680;6.214
35.4;26.87;0.405;1.542;2003.811;0.695;5.883
35.4;26.87;0.421;1.552;2001.521;0.245;5.734
35.4;26.87;0.418;1.545;1977.847;0.382;5.851
35.4;26.87;0.407;1.540;1987.812;0.612;5.919
35.4;26.87;0.404;1.542;2005.179;0.646;5.850
35.4;26.87;0.414;1.556;1999.641;0.464;5.733
35.4;26.87;0.453;1.542;1993.731;-0.287;5.934
35.4;26.87;0.488;1.532;2011.596;-0.837;6.108
35.4;26.87;0.476;1.538;1993.841;-0.675;6.035
35.4;26.87;0.433;1.540;1985.818;0.039;5.963
35.4;26.87;0.416;1.545;1983.882;0.382;5.829
35.4;26.87;0.408;1.544;1990.690;0.637;5.895
35.3;26.87;0.412;1.552;2001.329;0.529;5.784
35.3;26.87;0.438;1.546;2001.050;-0.115;5.887
35.3;26.87;0.408;1.538;1968.861;0.595;5.949
35.2;26.87;0.417;1.495;1995.862;0.519;6.712
35.2;26.87;0.426;1.496;2003.133;0.427;6.720
35.2;26.87;0.428;1.499;1997.746;0.462;6.795
35.2;26.87;0.410;1.550;1995.624;0.571;5.797
35.2;26.87;0.421;1.552;2009.393;0.279;5.753
35.3;26.87;0.437;1.543;1991.752;0.024;5.895
35.3;26.87;0.417;1.543;1993.832;0.316;5.935
35.3;26.87;0.418;1.550;1992.043;0.347;5.738
35.3;26.87;0.437;1.552;2002.191;0.020;5.842
35.3;26.87;0.454;1.544;2007.161;-0.291;5.969
35.2;26.87;0.497;1.526;2012.535;-0.918;6.214
35.2;26.87;0.492;1.526;1985.604;-0.888;6.206
35.3;26.87;0.423;1.548;1994.882;0.226;5.856
35.3;26.87;0.417;1.552;1997.341;0.394;5.731
35.3;26.87;0.422;1.548;1984.376;0.289;5.883
35.4;26.87;0.431;1.546;1995.527;0.132;5.898
35.4;26.87;0.449;1.556;2016.581;-0.238;5.762
35.4;26.87;0.467;1.542;1997.319;-0.479;5.939
35.4;26.87;0.443;1.546;1994.950;-0.145;5.899
35.4;26.87;0.431;1.550;1993.021;0.068;5.802
35.3;26.87;0.441;1.556;2007.780;-0.045;5.787
35.3;26.87;0.487;1.534;2012.971;-0.817;6.084
35.3;26.87;0.494;1.531;2006.237;-0.971;6.151
35.3;26.87;0.497;1.525;1998.627;-0.858;6.258
35.3;26.87;0.455;1.544;1996.963;-0.309;5.975
35.4;26.87;0.418;1.558;2000.909;0.315;5.696
35.4;26.87;0.408;1.547;1979.404;0.571;5.902
35.4;26.87;0.414;1.546;1994.878;0.480;5.881
35.4;26.87;0.443;1.550;2011.076;-0.177;5.886
35.4;26.87;0.450;1.547;1993.503;-0.189;5.939
35.4;26.87;0.407;1.540;1974.812;0.579;5.951
35.4;26.87;0.401;1.534;2001.031;0.724;6.105
35.4;26.87;0.405;1.534;1994.396;0.751;6.178
35.4;26.87;0.424;1.547;2004.630;0.276;5.890
35.4;26.87;0.483;1.535;2002.837;-0.844;6.133
35.4;26.87;0.498;1.532;2005.146;-0.864;6.202
35.4;26.87;0.495;1.537;2011.050;-0.882;6.091
35.3;26.87;0.492;1.526;2004.021;-0.925;6.242
35.3;26.87;0.482;1.538;1991.632;-0.721;6.107
35.3;26.87;0.493;1.534;2010.319;-0.861;6.115
35.4;26.87;0.488;1.523;2024.454;-0.688;6.258
35.4;26.87;0.478;1.507;1997.808;-0.404;6.550
35.3;26.87;0.490;1.527;1990.435;-0.858;6.251
35.3;26.87;0.481;1.537;2013.078;-0.727;6.109
35.3;26.87;0.481;1.538;2002.107;-0.714;6.143
35.3;26.87;0.474;1.539;1997.390;-0.633;6.026
35.3;26.87;0.483;1.541;2006.499;-0.779;6.048
35.3;26.87;0.489;1.534;1998.840;-0.799;6.181
35.3;26.87;0.468;1.543;2000.341;-0.491;6.039
35.3;26.87;0.450;1.551;2001.692;-0.310;5.878
35.4;26.87;0.450;1.547;1993.765;-0.182;5.971
35.4;26.87;0.456;1.549;2010.077;-0.303;5.897
35.3;26.87;0.475;1.545;2007.224;-0.675;6.003
35.3;26.87;0.484;1.542;1997.598;-0.755;6.100
35.3;26.87;0.494;1.524;2000.254;-0.861;6.327
35.3;26.87;0.471;1.540;2007.693;-0.634;6.065
35.3;26.87;0.464;1.548;1995.778;-0.430;5.970
35.3;26.87;0.449;1.544;1992.890;-0.187;5.998
35.3;26.87;0.492;1.536;2017.813;-0.900;6.160
35.3;26.87;0.494;1.532;2008.560;-0.797;6.238
35.3;26.87;0.492;1.528;2000.109;-0.872;6.249
35.3;26.87;0.469;1.538;1997.081;-0.622;6.066
35.3;26.87;0.472;1.540;2000.056;-0.588;6.089
35.3;26.87;0.476;1.546;2016.156;-0.630;6.015
35.3;26.87;0.488;1.524;2014.211;-0.680;6.321
35.3;26.87;0.489;1.521;2003.863;-0.670;6.362
35.3;26.87;0.470;1.494;2014.181;-0.256;6.722
35.4;26.87;0.474;1.504;2007.856;-0.360;6.567
35.4;26.87;0.481;1.513;2000.006;-0.499;6.530
35.4;26.87;0.488;1.519;2004.487;-0.660;6.381
35.4;26.87;0.470;1.503;2014.324;-0.277;6.628
35.4;26.87;0.460;1.479;2009.543;-0.062;6.969
35.3;26.87;0.466;1.489;2002.171;-0.225;6.784
35.3;26.87;0.489;1.512;2001.219;-0.754;6.446
35.3;26.87;0.496;1.524;2004.516;-0.787;6.353
35.3;26.87;0.469;1.543;1999.046;-0.542;6.104
35.3;26.87;0.452;1.550;2004.521;-0.299;5.971
35.5;26.87;0.486;1.538;1998.027;-0.765;6.134
35.5;26.87;0.483;1.540;2005.578;-0.740;6.128
35.5;26.87;0.464;1.547;2003.004;-0.467;5.981
35.5;26.87;0.444;1.551;1988.993;-0.069;5.965
35.5;26.87;0.473;1.539;1997.309;-0.563;6.126
35.4;26.87;0.496;1.537;2017.010;-0.925;6.179
35.4;26.87;0.498;1.531;2005.175;-0.905;6.262
35.4;26.87;0.484;1.522;2010.062;-0.568;6.390
35.4;26.87;0.481;1.510;2008.567;-0.516;6.533
35.4;26.87;0.490;1.530;2011.601;-0.678;6.314
35.4;26.87;0.493;1.526;2004.731;-0.725;6.433
35.4;26.87;0.496;1.530;2005.991;-0.944;6.266
35.4;26.87;0.476;1.509;2012.357;-0.345;6.586
35.4;26.87;0.471;1.497;2012.039;-0.229;6.721
35.4;26.87;0.479;1.514;2006.084;-0.489;6.487
35.4;26.87;0.491;1.538;1993.414;-0.800;6.192
35.4;26.87;0.499;1.530;2006.195;-0.955;6.262
35.4;26.87;0.491;1.525;2024.501;-0.753;6.379
35.3;26.93;0.470;1.503;2008.246;-0.279;6.680
35.3;26.93;0.461;1.488;2013.077;-0.092;6.877
35.3;26.93;0.444;1.471;2006.620;0.171;6.978
35.3;26.93;0.459;1.479;2000.847;-0.052;6.999
35.3;26.93;0.480;1.507;2008.003;-0.457;6.604
35.2;26.93;0.473;1.505;2003.879;-0.286;6.781
35.2;26.93;0.460;1.478;2011.691;-0.028;6.999
35.3;26.93;0.454;1.485;2013.381;0.045;6.851
35.3;26.93;0.474;1.501;2004.093;-0.411;6.685
35.3;26.93;0.490;1.520;1992.899;-0.680;6.461
35.2;26.87;0.500;1.529;2007.235;-0.955;6.318
35.2;26.87;0.447;1.553;1999.283;-0.217;5.945
35.3;26.87;0.458;1.552;1998.459;-0.327;5.989
35.3;26.87;0.497;1.525;2009.136;-0.792;6.383
35.3;26.87;0.478;1.516;2016.059;-0.469;6.492
35.3;26.87;0.493;1.527;1999.913;-0.764;6.389
35.3;26.87;0.490;1.539;2002.954;-0.856;6.193
35.3;26.87;0.490;1.523;2006.577;-0.669;6.389
35.3;26.87;0.467;1.490;2017.492;-0.187;6.877
35.3;26.87;0.449;1.486;2013.079;0.125;6.849
35.4;26.87;0.445;1.474;2001.115;0.174;7.001
35.4;26.87;0.453;1.472;1989.916;0.070;7.034
35.3;26.87;0.466;1.489;2005.691;-0.203;6.875
35.3;26.87;0.482;1.519;2009.144;-0.556;6.453
35.3;26.87;0.483;1.516;2011.722;-0.485;6.538
35.2;26.87;0.442;1.481;2005.111;0.303;6.864
35.2;26.87;0.442;1.472;1997.973;0.229;6.979
35.3;26.87;0.473;1.503;1998.735;-0.340;6.701
35.3;26.87;0.486;1.516;2006.905;-0.622;6.506
35.3;26.87;0.478;1.508;2006.150;-0.386;6.598
35.3;26.87;0.469;1.486;2013.344;-0.157;6.935
35.3;26.87;0.453;1.484;2008.602;0.074;6.940
35.3;26.87;0.443;1.470;2001.381;0.190;7.022
35.3;26.87;0.439;1.469;1992.294;0.312;7.066
35.3;26.87;0.472;1.492;2007.434;-0.312;6.845
35.4;26.87;0.482;1.516;2013.701;-0.511;6.540
35.4;26.87;0.474;1.502;2005.366;-0.283;6.758
35.4;26.87;0.452;1.484;2012.741;0.122;6.882
35.4;26.87;0.448;1.469;2003.098;0.114;7.064
35.4;26.87;0.479;1.509;1991.359;-0.424;6.643
35.4;26.87;0.487;1.515;2004.280;-0.620;6.568
35.4;26.87;0.485;1.516;2014.180;-0.558;6.536
35.4;26.87;0.480;1.519;2010.121;-0.443;6.534
35.4;26.87;0.475;1.506;2017.653;-0.315;6.693
35.4;26.87;0.457;1.482;2007.078;-0.060;6.962
35.4;26.87;0.451;1.473;2001.419;0.142;7.033
35.4;26.87;0.465;1.492;2006.665;-0.158;6.880
35.4;26.87;0.471;1.504;2013.071;-0.298;6.719
35.4;26.87;0.447;1.475;2003.004;0.219;7.091
35.4;26.87;0.428;1.490;2009.270;0.465;6.615
35.4;26.87;0.417;1.498;2001.866;0.575;6.413
35.4;26.87;0.429;1.480;1986.912;0.461;6.833
35.5;26.87;0.434;1.478;1993.494;0.360;6.950
35.5;26.87;0.441;1.476;2002.404;0.248;6.952
35.5;26.87;0.453;1.477;2005.058;0.092;7.035
35.6;26.87;0.438;1.480;2008.186;0.317;6.877
35.6;26.87;0.421;1.490;1991.077;0.483;6.571
35.5;26.87;0.438;1.471;1988.009;0.324;7.016
35.5;26.87;0.476;1.505;2011.178;-0.341;6.725
35.5;26.87;0.479;1.513;2007.204;-0.502;6.570
35.4;26.87;0.472;1.493;2005.199;-0.246;6.878
35.4;26.87;0.455;1.486;2010.918;0.031;6.940
35.4;26.87;0.451;1.486;2015.030;0.089;6.900
35.4;26.87;0.457;1.482;1997.694;-0.001;7.031
35.4;26.87;0.466;1.490;2000.800;-0.174;6.939
35.3;26.87;0.472;1.500;2010.732;-0.282;6.775
35.3;26.87;0.467;1.494;2013.308;-0.201;6.909
35.3;26.87;0.450;1.477;2012.017;0.132;6.988
35.3;26.87;0.417;1.505;1996.627;0.595;6.308
35.3;26.87;0.430;1.477;1985.028;0.440;6.875
35.3;26.87;0.469;1.496;2007.968;-0.245;6.876
35.3;26.87;0.468;1.492;2006.803;-0.238;6.867
35.3;26.87;0.452;1.480;1999.888;0.082;7.001
35.3;26.87;0.453;1.479;2012.277;0.049;7.038
35.3;26.87;0.448;1.478;2007.469;0.137;6.984
35.3;26.87;0.438;1.472;1992.777;0.322;7.065
35.3;26.87;0.438;1.475;2000.064;0.273;7.037
35.3;26.87;0.457;1.479;2012.160;0.007;6.997
35.3;26.87;0.444;1.477;2008.909;0.220;7.035
35.3;26.87;0.411;1.519;1996.795;0.654;6.094
35.3;26.87;0.406;1.534;1995.323;0.683;5.842
35.3;26.87;0.408;1.533;1988.941;0.632;5.875
35.3;26.87;0.415;1.493;1990.901;0.600;6.592
35.3;26.87;0.441;1.474;1993.994;0.251;6.969
35.3;26.87;0.438;1.473;1996.220;0.307;7.046
35.4;26.87;0.444;1.482;2011.345;0.240;6.923
35.4;26.87;0.421;1.488;1994.897;0.552;6.723
35.4;26.87;0.434;1.466;1980.979;0.357;7.141
35.4;26.87;0.465;1.491;2002.508;-0.229;6.941
35.4;26.87;0.477;1.513;2012.396;-0.392;6.636
35.3;26.87;0.484;1.524;2002.699;-0.572;6.566
35.3;26.87;0.459;1.491;2013.096;-0.005;6.878
35.4;26.87;0.448;1.479;2002.136;0.159;7.008
35.4;26.87;0.432;1.481;2004.146;0.430;6.896
35.4;26.87;0.430;1.487;2003.517;0.419;6.785
35.4;26.87;0.436;1.475;1992.575;0.333;6.941
35.4;26.87;0.432;1.480;1999.982;0.425;6.880
35.4;26.87;0.422;1.499;2009.258;0.547;6.519
35.4;26.87;0.406;1.530;1994.546;0.588;5.900
35.4;26.87;0.407;1.525;1974.847;0.640;6.000
35.4;26.87;0.424;1.494;1991.474;0.486;6.601
35.4;26.87;0.446;1.476;2008.446;0.202;6.960
35.4;26.87;0.436;1.476;1992.029;0.337;7.072
35.4;26.87;0.442;1.478;1999.313;0.253;6.987
35.4;26.87;0.434;1.483;2010.001;0.408;6.856
35.4;26.87;0.417;1.505;1992.671;0.628;6.337
35.4;26.87;0.421;1.503;1999.033;0.516;6.482
35.3;26.87;0.425;1.489;1989.076;0.521;6.679
35.3;26.87;0.421;1.494;2002.945;0.588;6.630
35.3;26.87;0.418;1.507;2005.912;0.546;6.397
35.3;26.87;0.408;1.515;1988.588;0.666;6.201
35.3;26.87;0.409;1.529;1985.683;0.610;5.933
35.4;26.87;0.407;1.537;1992.908;0.664;5.879
35.4;26.87;0.434;1.482;1991.463;0.353;6.859
35.4;26.87;0.433;1.473;1994.408;0.361;7.100
35.4;26.87;0.448;1.478;2001.367;0.148;7.069
35.4;26.87;0.447;1.484;2016.134;0.177;7.005
35.4;26.87;0.424;1.487;1996.722;0.508;6.731
35.4;26.87;0.447;1.482;1990.846;0.224;7.038
35.4;26.87;0.470;1.496;2005.276;-0.200;6.866
35.3;26.87;0.461;1.491;2013.607;-0.039;7.030
35.3;26.87;0.453;1.484;2014.318;0.073;7.005
35.3;26.87;0.430;1.479;1993.286;0.424;6.888
35.3;26.87;0.414;1.507;1997.876;0.675;6.374
35.3;26.87;0.406;1.540;1999.303;0.711;5.839
35.4;26.87;0.410;1.535;1987.367;0.568;5.874
35.4;26.87;0.406;1.521;1984.834;0.723;6.146
35.4;26.87;0.414;1.529;1997.877;0.581;5.992
35.4;26.87;0.410;1.541;1998.473;0.635;5.836
35.4;26.87;0.436;1.536;1992.873;0.058;5.906
35.4;26.87;0.418;1.541;1986.751;0.383;5.832
35.4;26.87;0.404;1.526;1996.261;0.730;6.072
35.5;26.87;0.406;1.533;1990.123;0.708;5.999
35.5;26.87;0.418;1.502;1986.591;0.584;6.461
35.5;26.87;0.415;1.496;1987.372;0.658;6.577
35.4;26.87;0.407;1.528;2000.759;0.748;6.021
35.4;26.87;0.412;1.537;1996.259;0.639;5.899
35.4;26.87;0.410;1.509;1987.982;0.719;6.329
35.4;26.87;0.416;1.495;1982.444;0.639;6.640
35.4;26.87;0.415;1.511;2004.396;0.602;6.316
35.5;26.87;0.413;1.506;1997.920;0.705;6.422
35.5;26.87;0.414;1.511;1992.879;0.657;6.348
35.6;26.87;0.410;1.526;1992.577;0.635;6.081
35.6;26.87;0.414;1.504;1993.096;0.683;6.458
35.6;26.87;0.426;1.485;2000.255;0.514;6.816
35.5;26.87;0.436;1.478;1993.501;0.335;6.996
35.5;26.87;0.435;1.480;2000.338;0.381;6.992
35.4;26.87;0.407;1.531;2006.805;0.738;6.006
35.4;26.87;0.410;1.543;1995.958;0.574;5.834
35.4;26.87;0.421;1.491;1983.568;0.552;6.677
35.4;26.93;0.428;1.482;1988.434;0.501;6.903
35.4;26.93;0.429;1.489;2013.921;0.431;6.842
35.5;26.93;0.414;1.520;2001.076;0.667;6.220
35.5;26.93;0.407;1.532;1992.004;0.631;5.970
35.5;26.93;0.450;1.540;2001.501;-0.188;5.908
35.4;26.93;0.460;1.540;1998.014;-0.332;5.916
35.4;26.93;0.419;1.535;1982.378;0.360;5.941
35.4;26.93;0.416;1.543;1995.050;0.462;5.808
35.4;26.93;0.439;1.543;1993.545;0.055;5.851
35.4;26.93;0.469;1.537;2010.279;-0.520;5.959
35.4;26.87;0.483;1.524;2004.790;-0.689;6.179
35.4;26.87;0.445;1.529;1973.711;-0.093;6.021
35.5;26.87;0.417;1.536;1988.201;0.439;5.930
35.5;26.87;0.411;1.534;2000.510;0.631;5.970
35.5;26.87;0.423;1.495;1994.063;0.538;6.672
35.5;26.87;0.414;1.496;1991.492;0.665;6.610
35.5;26.87;0.414;1.533;1999.797;0.605;5.983
35.5;26.87;0.410;1.513;1994.928;0.669;6.328
35.5;26.87;0.422;1.494;1986.139;0.592;6.696
35.5;26.87;0.438;1.479;1999.336;0.326;7.022
35.5;26.87;0.429;1.488;2008.743;0.484;6.842
35.5;26.87;0.404;1.526;1995.836;0.801;6.094
35.4;26.87;0.423;1.545;2001.438;0.369;5.811
35.4;26.87;0.429;1.536;1978.538;0.217;5.899
35.4;26.87;0.411;1.535;1990.449;0.593;5.957
35.4;26.87;0.409;1.543;2001.314;0.617;5.846
35.4;26.87;0.409;1.514;1990.101;0.714;6.344
35.4;26.87;0.409;1.535;1991.015;0.644;5.944
35.4;26.87;0.466;1.541;2007.903;-0.434;5.928
35.4;26.87;0.439;1.539;1989.747;0.018;5.905
35.4;26.87;0.404;1.523;1979.143;0.790;6.203
35.4;26.87;0.408;1.532;1993.823;0.666;6.069
35.3;26.87;0.413;1.534;2000.020;0.628;5.969
35.3;26.87;0.434;1.537;1998.761;0.101;5.942
35.3;26.87;0.468;1.539;2005.302;-0.433;5.996
35.4;26.87;0.478;1.516;1991.992;-0.506;6.279
35.4;26.87;0.476;1.531;1993.344;-0.583;6.048
35.4;26.87;0.444;1.541;2001.362;-0.086;5.916
35.4;26.87;0.438;1.541;1989.555;0.061;5.905
35.4;26.87;0.470;1.534;2003.196;-0.524;5.981
35.3;26.87;0.482;1.522;2010.260;-0.549;6.220
35.3;26.87;0.476;1.536;1990.190;-0.610;6.015
35.4;26.87;0.408;1.533;1970.728;0.688;6.020
35.4;26.87;0.409;1.526;1995.539;0.695;6.146
35.4;26.87;0.418;1.497;2000.587;0.605;6.644
35.5;26.87;0.418;1.503;1995.211;0.637;6.551
35.5;26.87;0.409;1.540;1991.608;0.681;5.956
35.4;26.87;0.412;1.542;1990.523;0.557;5.873
35.4;26.87;0.409;1.529;1989.914;0.668;6.124
35.4;26.87;0.414;1.506;2000.827;0.640;6.517
35.4;26.93;0.412;1.521;1990.237;0.658;6.228
35.4;26.93;0.430;1.541;2004.291;0.205;5.963
35.5;26.93;0.471;1.538;2010.540;-0.509;6.047
35.5;26.93;0.478;1.534;2002.006;-0.613;6.071
35.5;26.93;0.459;1.530;1984.398;-0.372;6.064
35.5;26.93;0.466;1.537;2004.291;-0.460;6.020
35.5;26.93;0.440;1.543;1990.720;0.031;5.887
35.5;26.93;0.426;1.535;1991.978;0.251;6.039
35.5;26.93;0.489;1.531;2007.460;-0.748;6.142
35.5;26.93;0.486;1.524;2002.135;-0.698;6.178
35.5;26.87;0.435;1.534;1986.411;0.068;6.050
35.5;26.87;0.423;1.545;2001.418;0.329;5.863
35.4;26.87;0.426;1.542;1981.055;0.307;5.891
35.4;26.87;0.441;1.540;2009.183;-0.020;5.984
35.4;26.87;0.486;1.538;2009.140;-0.713;6.041
35.4;26.87;0.487;1.525;2004.655;-0.690;6.206
35.4;26.87;0.483;1.520;1986.601;-0.676;6.213
35.4;26.87;0.466;1.537;1996.100;-0.486;6.038
35.4;26.87;0.444;1.544;1990.341;-0.044;5.924
35.4;26.87;0.423;1.543;1992.509;0.266;5.967
35.4;26.87;0.484;1.531;2007.990;-0.682;6.141
35.4;26.87;0.485;1.530;2002.712;-0.701;6.144
35.4;26.87;0.429;1.533;1980.703;0.176;6.033
35.4;26.87;0.405;1.536;1991.942;0.704;6.030
35.4;26.87;0.414;1.538;1986.748;0.570;5.955
35.4;26.87;0.408;1.541;1996.909;0.666;5.976
35.4;26.87;0.423;1.550;2004.969;0.387;5.819
35.4;26.87;0.464;1.541;1998.275;-0.403;6.003
35.4;26.87;0.463;1.529;1989.422;-0.423;6.142
35.4;26.87;0.447;1.543;1999.663;-0.112;5.954
35.4;26.87;0.432;1.548;1994.191;0.228;5.899
35.4;26.87;0.467;1.537;1998.973;-0.456;6.056
35.4;26.87;0.474;1.517;2010.521;-0.406;6.338
35.4;26.87;0.466;1.514;2011.662;-0.293;6.412
35.4;26.87;0.461;1.519;1996.558;-0.183;6.279
35.4;26.87;0.476;1.522;1998.169;-0.512;6.308
35.4;26.87;0.484;1.525;1997.740;-0.645;6.245
35.4;26.87;0.476;1.534;2003.615;-0.593;6.107
35.4;26.87;0.489;1.528;2011.914;-0.712;6.217
35.4;26.87;0.461;1.499;1999.762;-0.178;6.633
35.5;26.87;0.471;1.511;1987.270;-0.416;6.380
35.5;26.87;0.471;1.541;2000.729;-0.552;6.055
35.5;26.87;0.437;1.542;1990.833;0.046;5.977
35.5;26.87;0.429;1.537;1985.275;0.148;6.068
35.5;26.87;0.484;1.534;2010.131;-0.681;6.132
35.6;26.87;0.475;1.537;1999.229;-0.575;6.123
35.6;26.87;0.477;1.533;1997.449;-0.600;6.098
35.6;26.87;0.484;1.534;1999.252;-0.667;6.176
35.6;26.87;0.463;1.539;1989.299;-0.349;6.059
35.6;26.87;0.424;1.545;1991.069;0.236;5.981
35.6;26.87;0.465;1.540;2007.393;-0.402;6.051
35.6;26.87;0.477;1.522;1998.958;-0.441;6.395
35.6;26.87;0.477;1.525;1992.563;-0.521;6.222
35.6;26.87;0.460;1.544;1999.013;-0.324;6.074
35.6;26.87;0.461;1.540;1998.027;-0.332;6.038
35.6;26.87;0.469;1.536;1983.872;-0.503;6.066
35.6;26.87;0.479;1.537;2000.795;-0.578;6.102
35.5;26.87;0.474;1.537;2007.575;-0.552;6.121
35.5;26.87;0.478;1.531;1999.015;-0.583;6.168
35.5;26.87;0.474;1.524;2007.979;-0.438;6.319
35.5;26.87;0.481;1.524;2002.776;-0.597;6.284
35.5;26.87;0.475;1.528;2008.818;-0.498;6.217
35.5;26.87;0.464;1.499;2006.714;-0.181;6.637
35.5;26.87;0.460;1.491;1997.968;-0.105;6.743
35.5;26.87;0.451;1.489;2008.681;0.129;6.704
35.5;26.87;0.455;1.490;2003.080;-0.044;6.777
35.5;26.87;0.470;1.504;1995.211;-0.307;6.540
35.5;26.87;0.463;1.510;1993.297;-0.247;6.461
35.5;26.87;0.483;1.525;2011.111;-0.580;6.308
35.5;26.87;0.474;1.525;2004.057;-0.392;6.309
35.5;26.87;0.466;1.517;1994.305;-0.332;6.385
35.5;26.87;0.487;1.522;1993.041;-0.687;6.363
35.5;26.87;0.448;1.543;1996.013;-0.158;6.019
35.5;26.87;0.419;1.544;1985.441;0.429;5.993
35.5;26.87;0.467;1.545;2001.076;-0.389;6.016
35.5;26.87;0.487;1.532;2000.114;-0.685;6.234
35.5;26.87;0.480;1.534;2005.387;-0.597;6.147
35.5;26.87;0.486;1.528;2005.334;-0.650;6.285
35.5;26.87;0.479;1.517;1994.736;-0.516;6.403
35.5;26.87;0.480;1.524;1997.904;-0.594;6.304
35.5;26.87;0.487;1.526;2008.435;-0.582;6.286
35.5;26.87;0.474;1.514;2009.982;-0.355;6.483
35.4;26.87;0.451;1.494;1997.643;-0.044;6.717
35.4;26.87;0.463;1.503;1996.060;-0.134;6.600
35.4;26.87;0.488;1.531;2001.918;-0.652;6.306
35.5;26.87;0.476;1.528;1999.735;-0.545;6.281
35.5;26.87;0.476;1.521;1997.111;-0.474;6.390
35.6;26.87;0.475;1.530;2010.215;-0.445;6.312
35.6;26.87;0.463;1.518;2010.736;-0.245;6.408
35.6;26.87;0.471;1.515;2000.237;-0.297;6.452
35.6;26.87;0.472;1.509;1994.841;-0.351;6.553
35.6;26.87;0.467;1.517;2000.633;-0.287;6.431
35.5;26.87;0.470;1.516;2014.133;-0.273;6.477
35.5;26.87;0.456;1.490;2006.483;-0.053;6.870
35.5;26.87;0.441;1.483;1998.881;0.158;6.796
35.6;26.87;0.447;1.479;2003.387;0.135;6.931
35.6;26.87;0.468;1.504;1995.852;-0.269;6.604
35.6;26.87;0.466;1.519;1994.907;-0.303;6.374
35.6;26.87;0.484;1.521;1997.775;-0.609;6.394
35.6;26.87;0.482;1.535;2002.954;-0.621;6.244
35.6;26.87;0.474;1.520;2007.141;-0.451;6.364
35.6;26.87;0.474;1.516;1998.154;-0.408;6.489
35.5;26.87;0.487;1.535;1983.118;-0.719;6.172
35.5;26.87;0.462;1.539;1995.504;-0.345;6.149
35.5;26.87;0.459;1.543;2009.145;-0.339;6.131
35.5;26.87;0.480;1.529;2005.118;-0.527;6.317
35.5;26.87;0.468;1.525;2002.635;-0.356;6.322
35.6;26.87;0.459;1.491;2015.124;-0.052;6.837
35.6;26.87;0.460;1.497;2001.752;-0.107;6.745
35.6;26.87;0.457;1.507;1997.163;-0.138;6.609
35.5;26.87;0.461;1.502;2002.771;-0.136;6.676
35.5;26.87;0.457;1.494;2008.469;-0.038;6.805
35.5;26.87;0.433;1.483;2006.782;0.309;6.800
35.5;26.87;0.433;1.481;1991.007;0.305;6.856
35.5;26.87;0.453;1.480;1992.135;0.029;6.987
35.5;26.87;0.459;1.508;2007.082;-0.153;6.629
35.5;26.87;0.475;1.520;2002.349;-0.460;6.429
35.6;26.87;0.479;1.526;1994.619;-0.518;6.346
35.6;26.87;0.463;1.510;2013.463;-0.189;6.537
35.6;26.87;0.457;1.497;2008.326;-0.010;6.748
35.5;26.87;0.465;1.502;2006.308;-0.207;6.687
35.5;26.87;0.462;1.522;1992.256;-0.288;6.414
35.5;26.87;0.480;1.521;2012.783;-0.479;6.422
35.5;26.87;0.476;1.526;2006.570;-0.405;6.354
35.5;26.87;0.459;1.499;2008.648;-0.133;6.714
35.5;26.87;0.454;1.490;1999.314;0.008;6.869
35.5;26.87;0.452;1.482;2002.704;0.019;6.957
35.5;26.87;0.461;1.516;2001.441;-0.205;6.480
35.5;26.87;0.481;1.522;1999.573;-0.537;6.423
35.5;26.87;0.484;1.531;1989.245;-0.624;6.301
35.5;26.87;0.466;1.526;2022.152;-0.255;6.346
35.5;26.87;0.447;1.487;2004.970;0.145;6.898
35.5;26.87;0.464;1.511;1998.270;-0.235;6.616
35.5;26.87;0.477;1.530;1994.905;-0.575;6.298
35.5;26.87;0.483;1.527;2012.940;-0.529;6.357
35.5;26.87;0.477;1.533;2014.713;-0.466;6.304
35.5;26.87;0.454;1.497;2007.555;-0.036;6.772
35.5;26.87;0.445;1.482;2001.553;0.208;6.908
35.5;26.87;0.417;1.498;2002.759;0.578;6.489
35.5;26.87;0.431;1.485;1995.601;0.329;6.801
35.5;26.87;0.451;1.485;2001.471;0.100;6.900
35.5;26.87;0.446;1.477;2000.542;0.164;6.989
35.5;26.87;0.426;1.497;2013.100;0.390;6.622
35.5;26.87;0.409;1.508;1998.262;0.717;6.333
35.5;26.87;0.428;1.481;1985.397;0.388;6.799
35.5;26.87;0.435;1.483;1994.909;0.261;6.858
35.5;26.87;0.453;1.486;2002.975;0.068;6.899
35.4;26.87;0.469;1.514;2004.425;-0.272;6.578
35.4;26.87;0.455;1.514;1998.717;-0.161;6.562
35.4;26.87;0.458;1.486;2009.284;-0.014;6.930
35.5;26.87;0.448;1.490;2006.251;0.107;6.862
35.5;26.87;0.452;1.499;1996.188;-0.039;6.750
35.5;26.87;0.474;1.522;1998.895;-0.398;6.495
35.5;26.87;0.469;1.511;2008.641;-0.231;6.635
35.5;26.87;0.447;1.496;2013.430;0.076;6.800
35.5;26.87;0.447;1.490;2004.879;0.176;6.838
35.5;26.87;0.444;1.479;1992.077;0.182;6.989
35.5;26.87;0.448;1.487;1998.772;0.163;6.830
35.5;26.87;0.463;1.496;2006.494;-0.102;6.838
35.5;26.87;0.464;1.505;2000.393;-0.182;6.727
35.5;26.87;0.452;1.495;2007.210;-0.054;6.834
35.5;26.87;0.434;1.486;2010.946;0.380;6.801
35.5;26.87;0.425;1.484;1991.912;0.470;6.835
35.5;26.87;0.456;1.504;1993.360;-0.116;6.724
35.5;26.87;0.464;1.511;2007.591;-0.167;6.611
35.5;26.87;0.468;1.493;2011.232;-0.202;6.894
35.5;26.87;0.441;1.496;2020.600;0.179;6.766
35.5;26.87;0.426;1.488;1999.228;0.474;6.814
35.5;26.87;0.406;1.518;1991.502;0.701;6.189
35.5;26.87;0.405;1.523;1998.534;0.687;6.069
35.5;26.87;0.429;1.487;1997.209;0.423;6.798
35.5;26.87;0.429;1.483;1997.330;0.400;6.902
35.5;26.87;0.418;1.501;2002.679;0.495;6.537
35.5;26.87;0.408;1.540;2005.157;0.654;5.814
35.5;26.87;0.410;1.538;1990.846;0.481;5.845
35.5;26.87;0.427;1.486;1985.569;0.366;6.804
35.5;26.87;0.447;1.486;2003.316;0.115;6.962
35.5;26.87;0.450;1.485;2005.158;0.094;6.955
35.5;26.87;0.453;1.501;2006.016;-0.028;6.777
35.5;26.87;0.468;1.510;2009.400;-0.189;6.659
35.5;26.87;0.447;1.485;1999.880;0.188;7.015
35.5;26.87;0.452;1.495;2003.321;0.000;6.831
35.5;26.87;0.460;1.510;2004.367;-0.112;6.738
35.5;26.87;0.468;1.512;1998.898;-0.242;6.644
35.5;26.87;0.438;1.488;2008.331;0.241;6.892
35.5;26.87;0.431;1.492;2006.767;0.426;6.740
35.5;26.87;0.419;1.500;1994.721;0.572;6.547
35.5;26.87;0.419;1.489;1988.864;0.476;6.773
35.5;26.87;0.443;1.486;1996.631;0.227;6.970
35.5;26.87;0.442;1.483;2003.298;0.222;6.957
35.5;26.87;0.449;1.493;2004.186;0.051;6.862
35.5;26.87;0.443;1.487;2004.286;0.217;6.938
35.5;26.87;0.410;1.514;1994.971;0.689;6.308
35.5;26.87;0.426;1.488;1996.444;0.405;6.810
35.5;26.87;0.457;1.500;2005.909;-0.087;6.842
35.5;26.87;0.460;1.488;1996.900;-0.066;6.988
35.5;26.87;0.438;1.497;2009.940;0.276;6.765
35.5;26.87;0.410;1.521;1999.152;0.717;6.204
35.5;26.87;0.406;1.517;1998.236;0.705;6.278
35.5;26.87;0.399;1.532;1983.982;0.695;5.924
35.6;26.87;0.399;1.526;1995.183;0.783;6.099
35.6;26.87;0.414;1.504;1990.357;0.646;6.454
35.7;26.87;0.424;1.495;2001.450;0.431;6.694
35.7;26.87;0.409;1.520;1993.462;0.730;6.202
35.7;26.87;0.421;1.547;1998.897;0.323;5.794
35.7;26.87;0.404;1.526;1986.781;0.661;6.064
35.7;26.87;0.452;1.492;1998.146;0.045;6.930
35.6;26.87;0.452;1.480;1996.014;0.056;7.050
35.6;26.87;0.444;1.494;2006.683;0.122;6.859
35.6;26.87;0.452;1.492;2005.205;0.115;6.929
35.6;26.87;0.442;1.485;2001.390;0.197;7.020
35.6;26.87;0.427;1.483;1994.104;0.387;6.902
35.5;26.87;0.440;1.489;2000.576;0.287;6.908
35.5;26.87;0.451;1.487;2003.387;0.112;6.956
35.5;26.87;0.431;1.491;2004.202;0.306;6.889
35.5;26.87;0.418;1.506;1999.053;0.587;6.508
35.5;26.87;0.409;1.522;2000.879;0.647;6.206
35.5;26.87;0.405;1.550;2004.086;0.618;5.696
35.5;26.87;0.405;1.517;1986.628;0.767;6.304
35.5;26.87;0.419;1.500;1990.654;0.569;6.585
35.6;26.87;0.418;1.506;1999.968;0.522;6.543
35.6;26.87;0.434;1.489;2003.032;0.370;6.863
35.6;26.87;0.408;1.538;1997.109;0.630;5.924
35.6;26.87;0.398;1.547;1987.622;0.679;5.767
35.6;26.87;0.414;1.509;1989.383;0.661;6.467
35.7;26.87;0.435;1.489;2003.980;0.368;6.928
35.7;26.87;0.426;1.489;1993.023;0.370;6.921
35.6;26.87;0.417;1.502;2001.743;0.648;6.559
35.6;26.87;0.405;1.527;1995.498;0.733;6.135
35.6;26.87;0.402;1.547;2004.995;0.678;5.785
35.6;26.87;0.408;1.541;1979.959;0.622;5.890
35.6;26.87;0.410;1.539;1990.887;0.585;5.921
35.7;26.87;0.399;1.532;2002.021;0.756;6.061
35.7;26.87;0.410;1.509;1996.660;0.718;6.461
35.7;26.87;0.407;1.542;1990.729;0.619;5.887
35.6;26.87;0.422;1.551;1995.981;0.219;5.706
35.6;26.87;0.411;1.515;1989.816;0.690;6.380
35.6;26.87;0.418;1.501;1996.579;0.594;6.635
35.6;26.87;0.417;1.495;1987.148;0.517;6.729
35.6;26.87;0.444;1.486;2002.355;0.222;6.977
35.6;26.87;0.434;1.493;2004.389;0.341;6.881
35.6;26.87;0.407;1.518;1999.100;0.662;6.273
35.6;26.87;0.416;1.507;1989.351;0.622;6.505
35.6;26.87;0.416;1.502;1995.643;0.637;6.602
35.6;26.87;0.414;1.509;2005.993;0.579;6.485
35.6;26.87;0.414;1.518;1998.335;0.657;6.300
35.6;26.87;0.408;1.543;1987.204;0.616;5.928
35.6;26.87;0.425;1.557;2009.231;0.186;5.704
35.6;26.87;0.439;1.551;1999.092;-0.036;5.858
35.6;26.87;0.414;1.539;1987.593;0.420;5.948
35.6;26.87;0.415;1.555;1990.797;0.359;5.715
35.6;26.87;0.414;1.545;1995.149;0.472;5.838
35.6;26.87;0.408;1.546;1996.699;0.664;5.895
35.6;26.87;0.452;1.547;2003.620;-0.299;5.859
35.6;26.87;0.431;1.545;1976.781;0.138;5.884
35.6;26.87;0.407;1.521;1987.962;0.675;6.250
35.6;26.87;0.420;1.499;1997.574;0.472;6.695
35.6;26.87;0.422;1.495;1996.896;0.504;6.800
35.6;26.87;0.408;1.545;1994.432;0.664;5.895
35.6;26.87;0.411;1.559;2011.141;0.467;5.641
35.6;26.87;0.429;1.550;1996.669;0.164;5.867
35.6;26.87;0.421;1.544;1987.852;0.309;5.915
35.6;26.87;0.410;1.555;1987.891;0.475;5.723
35.6;26.87;0.407;1.537;1996.000;0.667;5.968
35.6;26.87;0.409;1.551;1998.423;0.589;5.826
35.6;26.87;0.440;1.551;2001.064;-0.126;5.867
35.6;26.87;0.430;1.546;1981.577;0.160;5.903
35.6;26.87;0.407;1.529;1996.117;0.679;6.121
35.6;26.87;0.405;1.532;1996.635;0.699;6.101
35.6;26.87;0.422;1.495;1986.582;0.520;6.783
35.6;26.87;0.418;1.502;1994.549;0.576;6.699
35.6;26.87;0.406;1.532;2009.503;0.721;6.155
35.6;26.87;0.412;1.545;1994.506;0.555;5.928
35.6;26.87;0.419;1.544;1988.135;0.345;5.921
35.6;26.87;0.411;1.553;1992.072;0.455;5.760
35.6;26.87;0.412;1.552;2005.914;0.518;5.822
35.6;26.87;0.435;1.546;1999.863;0.085;5.929
35.6;26.87;0.486;1.533;2007.246;-0.881;6.153
35.6;26.87;0.495;1.527;2005.226;-0.804;6.232
35.6;26.87;0.487;1.532;2006.181;-0.815;6.145
35.6;26.87;0.456;1.553;1999.923;-0.351;5.852
35.6;26.87;0.427;1.547;1977.179;0.205;5.895
35.6;26.87;0.415;1.549;1993.056;0.445;5.897
35.6;26.87;0.450;1.556;2017.548;-0.264;5.800
35.6;26.87;0.483;1.539;2001.234;-0.734;6.087
35.5;26.87;0.426;1.540;1976.845;0.160;6.024
35.5;26.87;0.403;1.554;1994.823;0.679;5.776
35.5;26.87;0.407;1.530;2001.050;0.718;6.189
35.5;26.87;0.404;1.546;1997.083;0.658;5.956
35.5;26.87;0.431;1.551;1998.815;0.053;5.835
35.6;26.87;0.465;1.546;2003.669;-0.578;5.992
35.6;26.87;0.464;1.544;2003.183;-0.487;6.031
35.6;26.87;0.427;1.553;1992.290;0.099;5.837
35.6;26.87;0.410;1.547;1981.730;0.582;5.915
35.6;26.87;0.415;1.548;1997.941;0.482;5.916
35.6;26.87;0.445;1.557;2018.490;-0.215;5.799
35.6;26.87;0.489;1.540;2004.809;-0.825;6.125
35.6;26.87;0.461;1.534;1977.587;-0.419;6.156
35.6;26.87;0.428;1.560;2001.183;0.158;5.796
35.6;26.87;0.411;1.549;1997.500;0.516;5.916
35.5;26.87;0.415;1.545;1982.816;0.483;5.904
35.5;26.87;0.423;1.555;2002.132;0.208;5.780
35.6;26.87;0.457;1.548;2006.903;-0.298;5.964
35.6;26.87;0.453;1.549;2001.726;-0.419;6.014
35.6;26.87;0.463;1.545;1996.985;-0.496;6.014
35.6;26.87;0.433;1.552;1991.295;0.116;5.898
35.6;26.87;0.447;1.547;2002.883;-0.144;5.951
35.6;26.87;0.492;1.542;2017.302;-0.932;6.051
35.6;26.87;0.495;1.533;2001.240;-0.845;6.226
35.6;26.87;0.493;1.524;2000.466;-0.820;6.293
35.5;26.87;0.481;1.534;2005.707;-0.783;6.203
35.5;26.87;0.456;1.549;1996.588;-0.311;5.963
35.5;26.87;0.435;1.544;1988.217;0.074;6.000
35.5;26.87;0.464;1.550;2015.889;-0.575;5.978
35.5;26.87;0.494;1.538;2008.254;-0.781;6.158
35.6;26.87;0.491;1.531;1994.922;-0.880;6.216
35.6;26.87;0.409;1.549;1977.932;0.479;5.887
35.6;26.87;0.410;1.547;1992.539;0.553;5.985
35.6;26.87;0.410;1.548;1997.638;0.617;5.902
35.6;26.87;0.449;1.558;2014.420;-0.247;5.837
35.5;26.87;0.464;1.546;1991.405;-0.443;6.035
35.5;26.87;0.495;1.534;2008.368;-0.877;6.195
35.6;26.87;0.470;1.541;2003.785;-0.620;6.078
35.6;26.87;0.450;1.550;1998.207;-0.315;5.990
35.6;26.87;0.455;1.544;1992.336;-0.287;6.026
35.5;26.87;0.498;1.537;2025.193;-0.975;6.200
35.5;26.87;0.485;1.513;2013.257;-0.527;6.549
35.5;26.87;0.480;1.508;2003.369;-0.510;6.577
35.5;26.87;0.484;1.533;1990.265;-0.841;6.203
35.5;26.87;0.484;1.543;2004.626;-0.761;6.103
35.6;26.87;0.469;1.545;1997.237;-0.485;6.064
35.6;26.87;0.477;1.544;2009.844;-0.727;6.094
35.6;26.87;0.493;1.532;1998.053;-0.760;6.249
35.6;26.87;0.495;1.527;2008.434;-0.824;6.331
35.6;26.87;0.495;1.534;2008.702;-0.958;6.249
35.6;26.87;0.470;1.547;1995.335;-0.529;6.025
35.6;26.87;0.487;1.538;2000.639;-0.781;6.141
35.6;26.87;0.498;1.534;2026.269;-0.918;6.267
35.6;26.87;0.483;1.519;2007.003;-0.527;6.466
35.6;26.87;0.481;1.512;2003.060;-0.464;6.515
35.6;26.87;0.489;1.516;2001.432;-0.656;6.435
35.6;26.87;0.495;1.537;2004.937;-0.852;6.217
35.7;26.87;0.488;1.541;2001.995;-0.798;6.147
35.7;26.87;0.484;1.540;2002.550;-0.868;6.164
35.7;26.87;0.493;1.525;2011.918;-0.716;6.371
35.7;26.87;0.485;1.517;2005.103;-0.565;6.460
35.7;26.87;0.476;1.545;2002.389;-0.715;6.069
35.5;26.87;0.427;1.557;1987.393;0.237;5.894
35.5;26.87;0.435;1.546;1995.901;0.072;6.035
35.5;26.87;0.447;1.557;2021.323;-0.216;5.887
35.5;26.87;0.493;1.535;2008.087;-0.843;6.218
35.5;26.87;0.493;1.529;2008.487;-0.758;6.339
35.6;26.87;0.479;1.515;2011.183;-0.445;6.479
35.6;26.87;0.486;1.527;2004.064;-0.654;6.378
35.6;26.87;0.489;1.528;2009.855;-0.673;6.368
35.6;26.87;0.479;1.514;2010.934;-0.494;6.545
35.6;26.87;0.469;1.493;2013.334;-0.213;6.814
35.6;26.87;0.462;1.482;2014.106;-0.092;6.941
35.6;26.87;0.475;1.508;2001.785;-0.426;6.625
35.6;26.87;0.490;1.525;1997.980;-0.732;6.442
35.6;26.87;0.494;1.523;2004.386;-0.747;6.417
35.6;26.87;0.492;1.535;2008.164;-0.923;6.255
35.6;26.87;0.486;1.539;1997.485;-0.734;6.163
35.6;26.87;0.485;1.521;2002.171;-0.546;6.466
35.6;26.87;0.486;1.519;2013.995;-0.613;6.472
35.6;26.87;0.487;1.529;2000.929;-0.694;6.368
35.6;26.87;0.494;1.536;2006.280;-0.868;6.223
35.6;26.87;0.490;1.525;2010.499;-0.718;6.412
35.6;26.87;0.478;1.499;2008.698;-0.348;6.721
35.6;26.87;0.468;1.513;2010.356;-0.278;6.585
35.6;26.87;0.469;1.499;2010.963;-0.251;6.776
35.6;26.87;0.473;1.498;2000.677;-0.343;6.824
35.6;26.87;0.488;1.522;2008.085;-0.666;6.459
35.6;26.87;0.499;1.538;2008.140;-1.000;6.243
35.6;26.87;0.495;1.538;1999.790;-0.866;6.209
35.6;26.87;0.476;1.514;2013.048;-0.370;6.587
35.6;26.87;0.476;1.514;2011.125;-0.425;6.582
35.6;26.87;0.494;1.526;1995.665;-0.855;6.435
35.6;26.87;0.475;1.544;1996.069;-0.629;6.134
35.6;26.87;0.498;1.535;2008.257;-0.956;6.287
35.6;26.87;0.486;1.518;2018.298;-0.514;6.517
35.6;26.87;0.472;1.512;2008.095;-0.336;6.618
35.6;26.87;0.468;1.493;2012.882;-0.245;6.835
35.6;26.87;0.445;1.470;2001.048;0.249;7.091
35.6;26.87;0.462;1.483;2003.971;-0.058;6.939
35.6;26.87;0.472;1.505;2014.465;-0.335;6.713
35.6;26.87;0.466;1.487;2005.384;-0.151;6.939
35.6;26.87;0.439;1.479;2006.310;0.317;6.950
35.6;26.87;0.450;1.469;2004.211;0.113;7.076
35.6;26.87;0.473;1.496;1994.592;-0.323;6.855
35.5;26.87;0.472;1.500;2003.248;-0.268;6.757
35.5;26.87;0.466;1.501;2010.268;-0.185;6.746
35.5;26.87;0.485;1.519;2006.278;-0.543;6.518
35.5;26.87;0.485;1.522;2012.583;-0.530;6.488
35.5;26.87;0.477;1.500;2005.749;-0.413;6.738
35.6;26.87;0.472;1.498;2005.290;-0.280;6.818
35.6;26.87;0.485;1.514;2005.624;-0.385;6.609
35.6;26.87;0.481;1.523;2015.742;-0.550;6.507
35.6;26.87;0.476;1.504;2003.453;-0.408;6.727
35.6;26.87;0.473;1.505;2012.272;-0.276;6.730
35.6;26.87;0.467;1.496;2017.809;-0.216;6.835
35.6;26.87;0.470;1.498;1999.636;-0.244;6.849
35.6;26.87;0.482;1.509;1998.964;-0.472;6.633
35.6;26.87;0.470;1.502;2014.060;-0.255;6.783
35.6;26.87;0.492;1.519;2002.420;-0.670;6.561
35.6;26.87;0.482;1.516;2013.961;-0.439;6.579
35.6;26.87;0.451;1.481;2007.498;0.054;6.966
35.6;26.87;0.465;1.482;2002.753;-0.117;7.060
35.6;26.87;0.492;1.523;2006.117;-0.654;6.477
35.6;26.87;0.496;1.528;2009.231;-0.887;6.449
35.6;26.87;0.480;1.506;2003.926;-0.421;6.723
35.6;26.87;0.466;1.496;2014.691;-0.157;6.846
35.7;26.87;0.462;1.485;2020.852;-0.090;6.965
35.7;26.87;0.437;1.479;1991.034;0.333;7.005
35.7;26.87;0.436;1.478;1991.136;0.385;6.903
35.6;26.87;0.453;1.484;2008.475;0.013;6.997
35.6;26.87;0.465;1.484;2008.804;-0.052;6.999
35.7;26.87;0.442;1.478;2003.609;0.240;7.014
35.7;26.87;0.413;1.501;2000.303;0.672;6.403
35.7;26.87;0.419;1.481;1991.245;0.590;6.806
35.7;26.87;0.461;1.492;2002.680;-0.106;6.909
35.7;26.87;0.466;1.496;2003.327;-0.204;6.869
35.6;26.87;0.473;1.487;2001.203;-0.279;6.995
35.6;26.87;0.467;1.506;2011.507;-0.250;6.764
35.6;26.87;0.468;1.492;2014.398;-0.172;6.898
35.6;26.87;0.472;1.492;1991.095;-0.208;6.938
35.6;26.87;0.464;1.489;2008.319;-0.157;6.971
35.6;26.87;0.475;1.516;2009.189;-0.372;6.640
35.6;26.87;0.484;1.515;2004.141;-0.513;6.637
35.6;26.87;0.466;1.494;2006.725;-0.142;6.909
35.6;26.87;0.441;1.477;2011.407;0.258;7.008
35.6;26.87;0.431;1.479;2002.963;0.439;6.932
35.6;26.87;0.442;1.480;2001.557;0.217;7.009
35.6;26.87;0.449;1.477;2003.630;0.087;7.093
35.6;26.87;0.454;1.471;1993.891;0.075;7.186
35.7;26.87;0.470;1.501;2010.641;-0.201;6.815
35.7;26.87;0.442;1.478;2012.083;0.210;7.015
35.6;26.87;0.432;1.475;1983.261;0.418;7.017
35.6;26.87;0.450;1.476;1996.832;0.104;7.100
35.6;26.87;0.473;1.502;2009.664;-0.325;6.778
35.6;26.87;0.480;1.514;2003.817;-0.449;6.678
35.6;26.87;0.466;1.491;2006.005;-0.102;6.970
35.6;26.87;0.447;1.478;2009.968;0.170;7.008
35.6;26.87;0.416;1.502;2003.220;0.659;6.499
35.6;26.87;0.423;1.494;1996.193;0.469;6.636
35.6;26.87;0.434;1.478;1993.178;0.353;6.940
35.6;26.87;0.435;1.477;1994.599;0.402;6.956
35.6;26.87;0.438;1.484;2000.540;0.360;6.875
35.6;26.87;0.409;1.512;2001.290;0.694;6.291
35.6;26.87;0.407;1.523;1978.573;0.656;6.065
35.6;26.87;0.428;1.483;1989.911;0.462;6.852
35.6;26.87;0.462;1.488;2005.578;-0.097;6.962
35.6;26.87;0.477;1.503;1993.223;-0.360;6.848
35.6;26.87;0.474;1.516;2005.516;-0.298;6.649
35.6;26.87;0.466;1.501;2022.387;-0.165;6.838
35.6;26.87;0.455;1.481;2000.736;0.083;7.092
35.6;26.87;0.456;1.487;2003.058;0.001;7.003
35.6;26.87;0.462;1.483;2003.599;-0.077;7.024
35.6;26.87;0.459;1.482;2009.756;0.027;7.092
35.6;26.87;0.456;1.486;2013.628;0.065;6.980
35.7;26.87;0.423;1.486;2004.230;0.466;6.778
35.7;26.87;0.409;1.524;1989.802;0.692;6.036
35.7;26.87;0.413;1.518;1991.049;0.628;6.153
35.7;26.87;0.435;1.478;1994.056;0.342;6.945
35.7;26.87;0.438;1.472;1986.438;0.342;7.133
35.7;26.87;0.452;1.484;2003.992;0.106;7.009
35.7;26.87;0.443;1.479;2023.991;0.249;7.065
35.7;26.87;0.413;1.511;1994.257;0.667;6.320
35.7;26.87;0.432;1.480;1985.747;0.380;6.919
35.7;26.87;0.464;1.486;2000.102;-0.026;7.030
35.6;26.87;0.458;1.486;2008.318;0.020;7.062
35.6;26.87;0.456;1.486;2011.264;0.021;7.034
35.6;26.87;0.423;1.483;2004.977;0.469;6.852
35.6;26.87;0.407;1.524;1999.511;0.734;6.114
35.6;26.87;0.424;1.543;1998.916;0.368;5.785
35.8;26.87;0.410;1.505;1989.388;0.661;6.424
35.8;26.87;0.423;1.483;1984.810;0.511;6.850
35.7;26.87;0.426;1.493;1997.639;0.543;6.704
35.7;26.87;0.420;1.501;2009.974;0.549;6.554
35.7;26.87;0.413;1.526;1991.564;0.604;6.054
35.8;26.87;0.413;1.507;1975.918;0.683;6.411
35.8;26.87;0.448;1.483;2006.221;0.151;7.038
35.7;26.87;0.455;1.483;2001.909;0.066;7.124
35.7;26.87;0.466;1.485;2000.839;-0.117;7.063
35.7;26.87;0.458;1.478;2005.083;-0.021;7.124
35.6;26.87;0.441;1.481;2005.738;0.330;6.990
35.6;26.87;0.431;1.496;2002.724;0.454;6.725
35.6;26.87;0.434;1.483;2000.279;0.386;6.956
35.6;26.87;0.443;1.476;1997.068;0.215;7.158
35.6;26.87;0.433;1.493;2008.667;0.401;6.724
35.6;26.87;0.410;1.516;2006.453;0.699;6.263
35.6;26.87;0.402;1.527;1987.797;0.814;6.119
35.7;26.87;0.414;1.539;1989.432;0.548;5.883
35.7;26.87;0.408;1.529;1991.899;0.654;6.036
35.7;26.87;0.413;1.498;1994.977;0.651;6.629
35.6;26.87;0.429;1.491;1988.509;0.476;6.747
35.6;26.87;0.410;1.509;2001.404;0.688;6.429
35.7;26.87;0.414;1.541;2008.029;0.534;5.855
35.7;26.87;0.431;1.540;1993.188;0.234;5.892
35.7;26.87;0.419;1.496;1986.713;0.558;6.632
35.6;26.87;0.424;1.480;1991.709;0.536;6.984
35.6;26.87;0.442;1.478;2003.561;0.315;7.004
35.6;26.87;0.420;1.498;2014.982;0.553;6.666
35.6;26.87;0.410;1.528;1983.045;0.663;6.082
35.6;26.87;0.413;1.538;1994.575;0.597;5.940
35.7;26.87;0.414;1.520;2000.919;0.594;6.163
35.7;26.87;0.408;1.506;1984.729;0.743;6.450
35.7;26.87;0.433;1.491;1991.074;0.422;6.779
35.7;26.87;0.419;1.500;2003.515;0.589;6.635
35.7;26.87;0.409;1.539;2003.815;0.662;5.912
35.7;26.87;0.446;1.539;1995.960;-0.019;5.950
35.7;26.87;0.405;1.523;1981.106;0.687;6.162
35.7;26.87;0.411;1.504;1995.211;0.684;6.541
35.7;26.87;0.431;1.504;2000.954;0.484;6.518
35.7;26.87;0.425;1.492;2004.548;0.461;6.824
35.7;26.87;0.423;1.491;1984.609;0.560;6.760
35.7;26.87;0.409;1.526;1998.520;0.727;6.161
35.7;26.87;0.414;1.512;1999.698;0.616;6.408
35.7;26.87;0.415;1.502;1986.670;0.657;6.577
35.7;26.87;0.426;1.500;1995.380;0.520;6.583
35.7;26.87;0.405;1.541;2008.420;0.702;5.926
35.7;26.87;0.413;1.536;1991.540;0.526;5.962
35.8;26.87;0.429;1.545;2000.715;0.241;5.861
35.8;26.87;0.451;1.537;1984.120;-0.212;5.960
35.8;26.87;0.429;1.540;1992.126;0.217;5.946
35.6;26.87;0.429;1.545;1998.664;0.269;5.866
35.6;26.87;0.408;1.536;1992.236;0.620;5.992
35.6;26.87;0.417;1.537;1991.726;0.442;5.948
35.6;26.87;0.449;1.543;1999.383;-0.101;5.938
35.6;26.87;0.418;1.537;1985.804;0.416;5.946
35.7;26.87;0.412;1.506;1985.375;0.682;6.546
35.7;26.87;0.425;1.504;1992.014;0.511;6.571
35.8;26.87;0.423;1.502;2012.180;0.542;6.672
35.8;26.87;0.409;1.534;1993.875;0.685;6.002
35.8;26.87;0.410;1.533;1997.116;0.669;6.069
35.8;26.87;0.430;1.541;1987.139;0.235;5.883
35.8;26.87;0.420;1.547;1994.928;0.424;5.860
35.8;26.87;0.417;1.550;1995.579;0.526;5.791
35.8;26.87;0.407;1.531;1991.881;0.680;6.110
35.8;26.87;0.419;1.539;1995.597;0.422;5.931
35.7;26.93;0.465;1.541;2007.830;-0.374;6.008
35.7;26.93;0.449;1.540;1990.701;-0.168;5.936
35.7;26.93;0.404;1.529;1978.990;0.717;6.136
35.7;26.93;0.411;1.535;1994.010;0.671;6.026
35.7;26.93;0.411;1.534;2000.713;0.637;6.089
35.7;26.93;0.411;1.516;1994.763;0.711;6.355
35.7;26.93;0.409;1.544;1993.003;0.660;5.932
35.7;26.93;0.422;1.543;1996.002;0.362;5.888
35.7;26.93;0.403;1.536;1991.359;0.731;6.024
35.7;26.93;0.414;1.535;1993.211;0.612;6.002
35.7;26.87;0.418;1.540;1991.995;0.432;5.971
35.7;26.87;0.441;1.540;2003.284;-0.036;5.965
35.8;26.87;0.474;1.536;2007.180;-0.527;6.105
35.8;26.87;0.484;1.534;2003.862;-0.694;6.106
35.8;26.87;0.467;1.535;1984.359;-0.506;6.064
35.8;26.87;0.459;1.539;2001.216;-0.313;6.032
35.8;26.87;0.454;1.542;1995.805;-0.279;5.983
35.8;26.87;0.417;1.540;1983.352;0.456;5.986
35.8;26.87;0.454;1.543;1997.467;-0.196;5.995
35.8;26.87;0.454;1.539;1997.679;-0.291;6.025
35.9;26.87;0.415;1.536;1988.509;0.459;6.053
35.9;26.87;0.421;1.508;1995.412;0.568;6.517
35.9;26.87;0.414;1.512;1989.213;0.673;6.465
35.9;26.87;0.409;1.540;1998.787;0.677;5.995
35.9;26.87;0.423;1.548;1994.597;0.395;5.903
35.9;26.87;0.438;1.549;2001.720;0.078;5.852
35.9;26.87;0.466;1.534;1984.634;-0.479;6.078
35.8;26.87;0.466;1.534;1999.851;-0.385;6.109
35.8;26.87;0.446;1.544;1992.324;-0.070;5.944
35.8;26.87;0.433;1.539;1992.478;0.109;5.996
35.7;26.87;0.479;1.536;2004.525;-0.608;6.127
35.7;26.87;0.485;1.528;2005.591;-0.612;6.227
35.7;26.87;0.458;1.533;1987.195;-0.345;6.114
35.7;26.87;0.431;1.541;1994.493;0.143;5.990
35.7;26.87;0.434;1.547;1984.338;0.129;5.927
35.7;26.87;0.409;1.538;1992.545;0.640;6.014
35.7;26.87;0.421;1.554;2005.123;0.350;5.840
35.7;26.87;0.462;1.538;1998.207;-0.381;6.079
35.7;26.87;0.469;1.530;1988.350;-0.504;6.147
35.7;26.87;0.475;1.535;1996.491;-0.549;6.114
35.7;26.87;0.430;1.546;1991.652;0.249;5.949
35.7;26.87;0.445;1.533;1989.487;-0.105;6.097
35.7;26.87;0.482;1.534;2003.423;-0.655;6.198
35.7;26.87;0.482;1.535;2011.913;-0.638;6.130
35.7;26.87;0.478;1.529;2001.239;-0.514;6.195
35.7;26.87;0.476;1.530;1990.705;-0.639;6.205
35.7;26.87;0.469;1.538;1991.987;-0.458;6.080
35.8;26.87;0.416;1.542;1986.878;0.445;6.022
35.8;26.87;0.418;1.551;1997.184;0.467;5.878
35.8;26.87;0.484;1.535;2001.477;-0.708;6.156
35.8;26.87;0.481;1.526;1987.830;-0.656;6.221
35.8;26.87;0.432;1.545;1991.159;0.172;5.957
35.8;26.87;0.407;1.538;1989.843;0.676;6.071
35.8;26.87;0.409;1.536;1987.317;0.632;6.090
35.8;26.87;0.451;1.551;2007.069;-0.163;5.904
35.8;26.87;0.468;1.544;2000.554;-0.462;5.974
35.8;26.87;0.479;1.529;2006.726;-0.528;6.215
35.9;26.87;0.475;1.524;1995.528;-0.450;6.323
35.9;26.87;0.483;1.539;1996.140;-0.684;6.124
35.9;26.87;0.460;1.534;1995.697;-0.331;6.141
35.7;26.87;0.476;1.537;2006.316;-0.601;6.146
35.7;26.87;0.478;1.517;2006.413;-0.461;6.402
35.7;26.87;0.463;1.506;2000.834;-0.209;6.542
35.7;26.87;0.484;1.528;1996.098;-0.642;6.287
35.7;26.87;0.476;1.540;1994.464;-0.586;6.087
35.7;26.87;0.471;1.528;1987.882;-0.567;6.233
35.7;26.87;0.470;1.538;2000.430;-0.457;6.159
35.7;26.87;0.469;1.547;2007.480;-0.471;5.996
35.7;26.87;0.478;1.537;1992.078;-0.584;6.091
35.7;26.87;0.486;1.521;1999.606;-0.651;6.387
35.7;26.87;0.471;1.544;1993.993;-0.527;6.085
35.7;26.87;0.441;1.540;2000.263;-0.036;6.056
35.8;26.87;0.477;1.538;1999.647;-0.567;6.113
35.8;26.87;0.483;1.526;2000.873;-0.559;6.281
35.8;26.87;0.467;1.518;2005.937;-0.304;6.408
35.8;26.87;0.479;1.525;2001.751;-0.568;6.321
35.8;26.87;0.485;1.538;1994.452;-0.735;6.162
35.8;26.87;0.476;1.527;1989.533;-0.570;6.247
35.8;26.87;0.470;1.540;2004.158;-0.487;6.109
35.8;26.87;0.479;1.544;2007.357;-0.625;6.073
35.8;26.87;0.474;1.517;1993.237;-0.420;6.385
35.8;26.87;0.483;1.526;1990.672;-0.662;6.324
35.7;26.87;0.431;1.546;1992.087;0.098;5.984
35.7;26.87;0.421;1.538;1991.837;0.383;6.089
35.7;26.87;0.450;1.550;1999.524;-0.126;5.990
35.7;26.87;0.485;1.541;2002.747;-0.687;6.115
35.7;26.87;0.478;1.532;2009.912;-0.534;6.240
35.7;26.87;0.471;1.518;2002.304;-0.404;6.462
35.7;26.87;0.480;1.525;1992.200;-0.546;6.322
35.7;26.87;0.476;1.526;2000.535;-0.552;6.273
35.7;26.87;0.486;1.530;2007.869;-0.581;6.265
35.7;26.87;0.467;1.516;2012.620;-0.216;6.501
35.8;26.87;0.441;1.482;1999.061;0.173;6.827
35.8;26.87;0.459;1.484;1997.730;-0.099;6.871
35.8;26.87;0.486;1.528;1998.822;-0.697;6.287
35.8;26.87;0.479;1.536;1997.530;-0.646;6.210
35.8;26.87;0.487;1.527;1989.314;-0.694;6.342
35.7;26.87;0.489;1.539;2009.823;-0.753;6.151
35.7;26.87;0.476;1.535;2001.489;-0.498;6.182
35.7;26.87;0.485;1.527;2002.089;-0.641;6.354
35.8;26.87;0.488;1.525;1989.037;-0.755;6.328
35.8;26.87;0.466;1.545;1997.766;-0.447;6.021
35.8;26.87;0.484;1.539;2006.881;-0.631;6.172
35.8;26.87;0.473;1.521;2008.629;-0.388;6.473
35.8;26.87;0.457;1.498;2000.504;-0.082;6.695
35.7;26.87;0.458;1.495;2008.855;-0.055;6.749
35.7;26.87;0.471;1.508;1999.106;-0.362;6.589
35.7;26.87;0.478;1.528;1995.982;-0.562;6.292
35.7;26.87;0.489;1.524;1991.247;-0.676;6.357
35.7;26.87;0.489;1.536;2011.156;-0.756;6.225
35.8;26.87;0.469;1.519;2012.914;-0.335;6.413
35.8;26.87;0.475;1.517;1996.681;-0.381;6.485
35.9;26.87;0.482;1.534;1982.768;-0.682;6.238
35.9;26.87;0.462;1.545;1998.854;-0.348;6.056
35.9;26.87;0.448;1.547;1997.055;-0.083;6.062
35.7;26.87;0.483;1.538;2012.760;-0.593;6.244
35.7;26.87;0.462;1.510;2002.935;-0.191;6.554
35.8;26.87;0.459;1.496;2014.800;-0.046;6.807
35.8;26.87;0.459;1.496;2003.071;-0.085;6.777
35.8;26.87;0.457;1.509;1999.452;-0.147;6.584
35.9;26.87;0.465;1.510;2001.513;-0.169;6.599
35.9;26.87;0.465;1.511;2015.915;-0.242;6.634
35.7;26.87;0.448;1.485;2005.668;0.098;6.828
35.7;26.87;0.444;1.482;1988.176;0.164;6.930
35.7;26.87;0.468;1.507;1990.929;-0.243;6.652
35.7;26.87;0.481;1.534;2006.572;-0.627;6.259
35.7;26.87;0.484;1.531;1998.575;-0.643;6.309
35.6;26.87;0.486;1.532;1996.838;-0.707;6.320
35.6;26.87;0.475;1.525;2007.901;-0.432;6.339
35.6;26.87;0.472;1.522;2011.287;-0.330;6.488
35.7;26.87;0.478;1.530;2002.207;-0.523;6.345
35.7;26.87;0.475;1.533;1995.696;-0.565;6.299
35.8;26.87;0.479;1.529;2009.827;-0.485;6.368
35.8;26.87;0.476;1.531;2009.763;-0.446;6.367
35.8;26.87;0.462;1.508;2000.385;-0.157;6.580
35.8;26.87;0.457;1.500;1996.853;-0.072;6.756
35.8;26.87;0.460;1.493;1997.694;-0.071;6.871
35.7;26.87;0.466;1.516;2002.907;-0.283;6.539
35.7;26.87;0.479;1.520;2001.797;-0.466;6.457
35.7;26.87;0.481;1.523;1995.162;-0.526;6.445
35.8;26.87;0.464;1.509;2017.788;-0.209;6.611
35.8;26.87;0.458;1.499;2004.626;-0.058;6.749
35.8;26.87;0.468;1.513;1998.355;-0.291;6.588
35.8;26.87;0.474;1.527;1996.572;-0.522;6.354
35.8;26.87;0.467;1.520;2012.611;-0.239;6.502
35.8;26.87;0.479;1.530;2011.155;-0.428;6.348
35.8;26.87;0.453;1.495;2001.079;-0.023;6.771
35.8;26.87;0.452;1.490;2001.659;0.053;6.868
35.8;26.87;0.437;1.476;2002.263;0.330;6.958
35.8;26.87;0.445;1.484;1998.473;0.100;6.922
35.7;26.87;0.459;1.500;2000.558;-0.092;6.783
35.7;26.87;0.454;1.486;2002.339;-0.008;6.956
35.7;26.87;0.443;1.490;2011.891;0.141;6.798
35.7;26.87;0.433;1.488;2004.309;0.363;6.845
35.7;26.87;0.447;1.476;1992.107;0.094;7.049
35.7;26.87;0.451;1.498;1997.162;-0.037;6.777
35.7;26.87;0.465;1.504;2005.986;-0.124;6.700
35.8;26.87;0.473;1.524;2003.022;-0.356;6.475
35.8;26.87;0.475;1.522;1995.968;-0.480;6.447
35.8;26.87;0.466;1.514;2011.815;-0.203;6.594
35.8;26.87;0.468;1.512;2009.606;-0.286;6.614
35.8;26.87;0.476;1.521;1998.052;-0.461;6.477
35.8;26.87;0.477;1.528;2005.500;-0.459;6.379
35.8;26.87;0.465;1.505;2011.748;-0.170;6.725
35.8;26.87;0.461;1.504;2012.446;-0.155;6.688
35.7;26.87;0.465;1.504;2009.158;-0.152;6.749
35.7;26.87;0.442;1.484;1997.414;0.216;6.924
35.8;26.87;0.440;1.485;1999.701;0.234;6.889
35.8;26.87;0.454;1.496;2010.022;0.005;6.839
35.8;26.87;0.459;1.500;1997.599;-0.080;6.843
35.8;26.87;0.456;1.498;1998.513;-0.081;6.779
35.8;26.87;0.438;1.489;2016.939;0.252;6.852
35.7;26.87;0.424;1.488;1996.904;0.453;6.758
35.7;26.87;0.452;1.490;1994.020;0.000;6.894
35.7;26.87;0.465;1.514;1995.589;-0.164;6.595
35.7;26.87;0.465;1.512;2008.581;-0.196;6.698
35.7;26.87;0.454;1.495;2016.754;-0.024;6.833
35.7;26.87;0.450;1.486;2000.468;0.124;6.961
35.7;26.87;0.434;1.480;2005.436;0.344;6.878
35.7;26.87;0.425;1.498;2004.440;0.407;6.598
35.8;26.87;0.445;1.486;1995.332;0.194;6.907
35.8;26.87;0.456;1.487;2003.978;-0.041;6.987
35.8;26.87;0.442;1.482;2004.759;0.166;6.923
35.8;26.87;0.435;1.490;2011.706;0.317;6.804
35.8;26.87;0.426;1.491;2000.036;0.442;6.684
35.8;26.87;0.444;1.491;1994.770;0.088;6.893
35.8;26.87;0.463;1.500;1999.924;-0.122;6.813
35.7;26.87;0.464;1.502;2007.942;-0.157;6.810
35.7;26.87;0.476;1.525;2002.194;-0.336;6.536
35.7;26.87;0.474;1.528;2001.719;-0.364;6.469
35.7;26.87;0.463;1.497;2011.309;-0.134;6.834
35.7;26.87;0.453;1.490;2006.772;-0.008;6.891
35.7;26.87;0.464;1.504;2003.655;-0.129;6.785
35.7;26.87;0.470;1.509;2003.307;-0.272;6.689
35.7;26.87;0.447;1.490;2008.556;0.060;6.892
35.8;26.87;0.439;1.488;2005.578;0.286;6.906
35.8;26.87;0.423;1.499;2004.325;0.535;6.578
35.8;26.87;0.413;1.507;1991.639;0.543;6.451
35.8;26.87;0.426;1.486;1996.101;0.432;6.809
35.8;26.87;0.427;1.486;1998.605;0.449;6.872
35.8;26.87;0.452;1.489;1999.241;0.017;6.891
35.8;26.87;0.446;1.491;2004.745;0.170;6.929
35.8;26.87;0.411;1.523;2004.085;0.637;6.132
35.8;26.87;0.413;1.503;1991.870;0.586;6.533
35.8;26.87;0.461;1.486;1999.498;-0.110;7.023
35.8;26.87;0.466;1.504;1995.009;-0.230;6.812
35.8;26.87;0.450;1.492;2016.815;0.035;6.891
35.8;26.87;0.440;1.488;2001.122;0.300;6.905
35.8;26.87;0.434;1.487;2008.242;0.395;6.813
35.8;26.87;0.406;1.516;1991.098;0.667;6.273
35.7;26.87;0.416;1.501;1993.098;0.616;6.528
35.7;26.87;0.440;1.482;1997.521;0.244;6.996
35.7;26.87;0.445;1.490;2001.811;0.097;6.922
35.7;26.87;0.441;1.486;1998.312;0.260;6.992
35.7;26.87;0.409;1.515;2006.685;0.711;6.323
35.8;26.87;0.402;1.513;1987.276;0.752;6.343
35.8;26.87;0.459;1.487;1993.571;-0.059;6.992
35.7;26.87;0.456;1.485;1996.177;-0.014;7.050
35.7;26.87;0.450;1.495;2006.863;0.041;6.863
35.7;26.87;0.468;1.507;2009.342;-0.158;6.780
35.7;26.87;0.445;1.482;2011.797;0.157;7.019
35.7;26.87;0.426;1.488;1996.200;0.403;6.777
35.8;26.87;0.428;1.493;1998.493;0.450;6.722
35.8;26.87;0.444;1.482;1993.855;0.205;7.027
35.8;26.87;0.441;1.490;2002.749;0.160;6.921
35.8;26.87;0.421;1.498;2000.839;0.559;6.629
35.8;26.87;0.405;1.529;2003.003;0.720;6.048
35.8;26.87;0.403;1.546;2000.108;0.591;5.761
35.8;26.87;0.404;1.525;1982.617;0.782;6.190
35.8;26.87;0.415;1.505;1987.306;0.691;6.502
35.8;26.87;0.419;1.499;1999.693;0.501;6.660
35.8;26.87;0.436;1.488;1999.204;0.319;6.962
35.8;26.87;0.412;1.509;2003.595;0.633;6.437
35.8;26.87;0.402;1.546;1989.569;0.658;5.761
35.8;26.87;0.424;1.486;1988.590;0.487;6.859
35.8;26.87;0.452;1.494;1999.999;0.098;6.988
35.8;26.87;0.449;1.497;1997.395;0.028;6.896
35.8;26.87;0.444;1.493;2011.565;0.200;6.933
35.8;26.87;0.424;1.495;2002.273;0.499;6.758
35.8;26.87;0.413;1.514;2000.523;0.621;6.382
35.7;26.87;0.417;1.495;1985.362;0.599;6.677
35.7;26.87;0.433;1.483;1996.599;0.379;6.965
35.8;26.87;0.434;1.488;2004.090;0.318;6.924
35.8;26.87;0.444;1.483;2000.474;0.228;7.058
35.8;26.87;0.412;1.517;2002.091;0.637;6.341
35.9;26.87;0.417;1.555;2002.332;0.349;5.654
35.9;26.87;0.414;1.509;1986.240;0.614;6.455
35.9;26.87;0.441;1.480;1992.858;0.265;7.081
35.9;26.87;0.425;1.486;1994.903;0.402;6.898
35.9;26.87;0.441;1.489;1997.758;0.263;6.967
35.8;26.87;0.427;1.493;2009.672;0.443;6.840
35.8;26.87;0.407;1.519;1992.763;0.662;6.245
35.8;26.87;0.411;1.513;1982.140;0.676;6.387
35.8;26.87;0.419;1.500;1992.972;0.562;6.671
35.8;26.87;0.427;1.492;2003.136;0.408;6.819
35.8;26.87;0.423;1.500;1991.567;0.560;6.628
35.8;26.87;0.411;1.544;1997.334;0.501;5.856
35.8;26.87;0.431;1.553;2008.524;0.097;5.701
35.8;26.87;0.427;1.547;1991.340;0.225;5.865
35.8;26.87;0.404;1.535;1985.179;0.689;5.987
35.8;26.87;0.396;1.536;1989.645;0.734;5.962
35.8;26.87;0.416;1.508;1993.095;0.614;6.534
35.8;26.87;0.409;1.522;2003.981;0.683;6.280
35.8;26.87;0.421;1.551;1995.904;0.281;5.753
35.8;26.87;0.405;1.526;1966.130;0.706;6.172
35.8;26.87;0.441;1.480;1992.994;0.262;7.109
35.8;26.87;0.447;1.492;2008.722;0.087;6.952
35.9;26.87;0.457;1.497;1995.773;0.013;6.899
35.9;26.87;0.423;1.500;2007.229;0.508;6.704
35.9;26.87;0.409;1.521;2004.751;0.677;6.267
35.8;26.87;0.405;1.543;1996.999;0.713;5.954
35.8;26.87;0.406;1.531;1986.844;0.670;6.096
35.8;26.87;0.401;1.532;1993.792;0.721;6.057
35.8;26.87;0.406;1.533;1996.047;0.772;6.114
35.8;26.87;0.408;1.547;2001.557;0.597;5.885
35.9;26.87;0.452;1.547;1999.594;-0.282;5.911
35.9;26.87;0.444;1.541;1986.426;-0.141;6.024
35.9;26.87;0.402;1.536;1991.972;0.722;6.021
35.9;26.87;0.399;1.528;1996.863;0.791;6.146
35.9;26.87;0.415;1.509;1978.408;0.617;6.516
35.9;26.87;0.410;1.514;1997.867;0.691;6.431
35.9;26.87;0.405;1.535;2006.300;0.751;6.034
35.8;26.87;0.409;1.545;1989.086;0.574;5.937
35.8;26.87;0.408;1.543;1983.570;0.570;5.888
35.8;26.87;0.405;1.539;1996.807;0.639;5.928
35.8;26.87;0.410;1.549;2003.039;0.618;5.881
35.8;26.87;0.426;1.551;2004.919;0.200;5.903
35.8;26.87;0.445;1.548;1994.076;-0.201;5.868
35.8;26.87;0.473;1.540;1995.733;-0.581;6.042
35.8;26.87;0.434;1.549;1994.185;0.059;5.857
35.8;26.87;0.408;1.552;1994.090;0.487;5.793
35.8;26.87;0.407;1.539;1977.568;0.688;6.035
35.9;26.87;0.403;1.527;1998.886;0.731;6.231
35.9;26.87;0.405;1.537;2011.517;0.710;6.024
35.9;26.87;0.409;1.548;1988.777;0.570;5.913
35.9;26.87;0.404;1.523;1975.126;0.706;6.219
35.9;26.87;0.427;1.496;2000.828;0.438;6.814
35.9;26.87;0.435;1.492;2004.607;0.371;7.003
35.9;26.87;0.417;1.505;2000.801;0.608;6.638
35.9;26.87;0.408;1.548;1995.049;0.575;5.812
35.9;26.87;0.431;1.557;2003.433;0.170;5.800
35.9;26.87;0.434;1.547;1998.032;0.063;5.896
35.9;26.87;0.441;1.550;1999.853;-0.122;5.886
35.9;26.87;0.429;1.548;1985.652;0.204;5.911
35.9;26.87;0.424;1.551;2003.018;0.227;5.928
35.9;26.87;0.466;1.547;2011.191;-0.502;5.920
35.9;26.87;0.502;1.537;2002.151;-0.992;6.149
35.9;26.87;0.455;1.535;1980.129;-0.310;6.124
35.9;26.87;0.430;1.558;2006.244;0.118;5.772
35.9;26.87;0.423;1.553;1996.738;0.297;5.868
35.9;26.87;0.411;1.547;1983.071;0.457;5.919
35.9;26.87;0.432;1.552;1997.325;0.113;5.804
35.9;26.87;0.442;1.552;1998.736;-0.047;5.894
35.9;26.87;0.437;1.552;2001.329;0.012;5.874
35.9;26.87;0.435;1.551;1992.872;-0.002;5.904
35.9;26.87;0.424;1.548;1992.476;0.294;5.904
35.9;26.87;0.419;1.554;2004.323;0.357;5.849
35.9;26.87;0.432;1.549;1998.498;0.077;5.873
35.9;26.87;0.454;1.548;1995.405;-0.259;5.981
35.9;26.87;0.471;1.539;1993.402;-0.560;6.103
35.8;26.87;0.431;1.554;2002.216;0.106;5.856
35.8;26.87;0.417;1.550;1992.315;0.430;5.915
35.8;26.87;0.405;1.545;1980.323;0.577;5.971
35.8;26.87;0.404;1.553;2006.023;0.621;5.767
35.8;26.87;0.429;1.558;2004.966;0.170;5.815
35.9;26.87;0.440;1.549;1997.961;-0.023;5.946
35.9;26.87;0.405;1.547;1980.416;0.566;5.908
35.9;26.87;0.405;1.540;1990.533;0.707;6.041
35.9;26.87;0.408;1.544;2000.444;0.662;6.007
35.9;26.87;0.437;1.556;2008.848;0.010;5.798
35.8;26.87;0.451;1.551;1984.165;-0.205;5.954
35.8;26.87;0.491;1.536;2014.079;-0.853;6.151
35.8;26.87;0.487;1.536;2009.444;-0.859;6.165
35.8;26.87;0.474;1.542;1994.986;-0.603;6.087
35.8;26.87;0.451;1.545;1993.403;-0.275;6.027
35.9;26.87;0.485;1.539;2020.555;-0.857;6.105
35.9;26.87;0.495;1.534;2010.442;-0.788;6.289
35.9;26.87;0.484;1.509;2007.586;-0.554;6.515
35.9;26.87;0.492;1.531;1991.571;-0.970;6.227
35.9;26.87;0.478;1.544;2000.238;-0.627;6.027
35.9;26.87;0.465;1.546;1998.017;-0.418;6.059
35.9;26.87;0.441;1.549;1995.669;-0.133;5.959
35.8;26.87;0.461;1.549;1993.945;-0.366;6.037
35.8;26.87;0.477;1.543;2009.517;-0.659;6.061
35.8;26.87;0.454;1.550;2008.576;-0.336;5.954
35.8;26.87;0.442;1.548;1986.389;-0.047;5.983
35.8;26.87;0.432;1.552;1991.605;0.156;5.917
35.9;26.87;0.444;1.557;2016.875;-0.174;5.814
35.9;26.87;0.463;1.550;1999.266;-0.424;6.028
35.9;26.87;0.483;1.539;2003.298;-0.733;6.164
35.9;26.87;0.486;1.536;1995.463;-0.827;6.204
35.9;26.87;0.454;1.551;1995.874;-0.290;5.995
35.8;26.87;0.431;1.552;1995.398;0.136;5.969
35.8;26.87;0.412;1.556;1991.757;0.445;5.821
35.8;26.87;0.463;1.551;2008.742;-0.547;6.070
35.7;26.87;0.493;1.531;2015.714;-0.836;6.301
35.7;26.87;0.484;1.542;1998.782;-0.827;6.127
35.8;26.87;0.425;1.552;1986.702;0.246;5.935
35.8;26.87;0.439;1.549;1998.513;0.008;5.963
35.8;26.87;0.434;1.561;2011.476;0.025;5.815
35.8;26.87;0.473;1.545;1999.657;-0.560;6.127
35.8;26.87;0.495;1.530;2009.049;-0.834;6.307
35.7;26.87;0.475;1.507;2008.069;-0.367;6.602
35.7;26.87;0.489;1.524;2002.679;-0.668;6.429
35.7;26.87;0.493;1.535;2005.226;-0.862;6.259
35.7;26.87;0.493;1.531;2007.065;-0.913;6.290
35.7;26.87;0.486;1.520;2010.962;-0.543;6.498
35.8;26.87;0.472;1.495;2017.412;-0.296;6.749
35.8;26.87;0.474;1.508;2004.103;-0.392;6.597
35.8;26.87;0.494;1.538;1989.806;-0.886;6.253
35.8;26.87;0.486;1.540;2005.901;-0.762;6.186
35.8;26.87;0.441;1.550;2000.944;-0.127;5.976
35.9;26.87;0.428;1.557;1992.121;0.179;5.902
35.9;26.87;0.476;1.546;2000.346;-0.622;6.076
35.9;26.87;0.489;1.540;2003.427;-0.923;6.202
35.9;26.87;0.464;1.548;1997.647;-0.399;6.078
35.9;26.87;0.436;1.549;1994.598;0.026;6.035
35.9;26.87;0.467;1.543;1997.585;-0.551;6.099
35.9;26.87;0.494;1.541;2009.130;-0.890;6.187
35.9;26.87;0.494;1.539;2015.452;-0.869;6.224
35.8;26.87;0.481;1.517;2012.109;-0.549;6.519
35.8;26.87;0.493;1.524;1997.802;-0.721;6.456
35.8;26.87;0.494;1.535;2010.112;-0.849;6.282
35.8;26.87;0.475;1.537;2000.873;-0.654;6.181
35.8;26.87;0.451;1.552;1990.032;-0.204;6.030
35.7;26.87;0.490;1.527;2019.177;-0.664;6.389
35.7;26.87;0.479;1.516;2008.149;-0.484;6.524
35.8;26.87;0.480;1.539;1990.917;-0.705;6.200
35.8;26.87;0.443;1.550;1994.677;-0.094;6.040
35.8;26.87;0.483;1.542;2003.196;-0.784;6.137
35.9;26.87;0.499;1.539;2014.824;-0.874;6.228
35.9;26.87;0.481;1.520;2016.381;-0.517;6.515
35.8;26.87;0.466;1.488;2014.104;-0.194;6.898
35.8;26.87;0.461;1.475;1997.047;-0.062;7.092
35.8;26.87;0.476;1.503;2009.393;-0.378;6.725
35.8;26.87;0.483;1.518;2012.496;-0.538;6.472
35.8;26.87;0.485;1.513;2002.382;-0.495;6.639
35.8;26.87;0.461;1.486;2020.165;-0.089;6.939
35.8;26.87;0.459;1.486;2003.401;-0.062;6.931
35.8;26.87;0.495;1.521;1993.838;-0.792;6.472
35.9;26.87;0.486;1.539;1993.633;-0.784;6.200
35.9;26.87;0.496;1.533;2007.590;-0.960;6.324
35.8;26.87;0.464;1.549;2000.165;-0.407;6.113
35.8;26.87;0.463;1.549;2010.649;-0.458;6.091
35.8;26.87;0.493;1.528;2003.758;-0.851;6.358
35.8;26.87;0.494;1.526;2003.268;-0.754;6.462
35.8;26.87;0.492;1.546;1998.653;-0.867;6.103
35.8;26.87;0.476;1.547;2009.556;-0.677;6.107
35.8;26.87;0.498;1.529;2003.426;-0.810;6.393
35.8;26.87;0.480;1.508;2017.123;-0.425;6.691
35.7;26.87;0.471;1.498;2015.215;-0.283;6.773
35.7;26.87;0.478;1.505;2001.237;-0.399;6.725
35.7;26.87;0.489;1.511;1993.467;-0.617;6.621
35.7;26.87;0.490;1.527;2013.088;-0.711;6.413
35.7;26.87;0.501;1.539;2003.345;-0.921;6.311
35.8;26.87;0.485;1.523;2021.023;-0.589;6.512
35.8;26.87;0.458;1.479;2002.170;-0.027;6.996
35.9;26.87;0.469;1.493;1997.148;-0.227;6.907
35.9;26.87;0.496;1.532;1997.048;-0.846;6.378
35.9;26.87;0.491;1.537;2011.819;-0.840;6.309
35.8;26.87;0.487;1.518;2003.384;-0.516;6.553
35.8;26.87;0.466;1.493;2013.087;-0.134;6.907
35.7;26.87;0.464;1.491;2016.944;-0.157;6.898
35.7;26.87;0.458;1.482;2000.024;-0.039;7.061
35.7;26.87;0.470;1.493;2003.276;-0.215;6.874
35.8;26.87;0.480;1.510;2008.237;-0.468;6.625
35.8;26.87;0.492;1.530;2001.362;-0.697;6.445
35.9;26.87;0.480;1.516;2010.609;-0.453;6.575
35.9;26.87;0.458;1.475;2009.122;0.021;7.063
35.9;26.87;0.469;1.491;1992.762;-0.198;6.969
35.9;26.87;0.496;1.536;2002.954;-0.898;6.328
35.9;26.87;0.493;1.529;2009.917;-0.799;6.416
35.9;26.87;0.488;1.521;1995.982;-0.579;6.556
35.9;26.87;0.497;1.530;2014.895;-0.829;6.407
35.9;26.87;0.483;1.521;2012.577;-0.569;6.513
35.9;26.87;0.482;1.518;1997.968;-0.498;6.645
35.9;26.87;0.486;1.518;2007.918;-0.531;6.569
35.9;26.87;0.490;1.527;2014.962;-0.744;6.480
35.9;26.87;0.492;1.528;2005.100;-0.669;6.462
35.9;26.87;0.466;1.498;2011.746;-0.161;6.849
35.9;26.87;0.451;1.478;2011.693;0.103;7.029
35.9;26.87;0.433;1.477;2000.044;0.382;7.043
35.9;26.87;0.453;1.479;2003.948;0.105;7.038
35.9;26.87;0.452;1.475;2007.417;-0.010;7.120
35.9;26.87;0.450;1.473;1995.501;0.149;7.156
35.9;26.87;0.462;1.490;2014.689;-0.091;6.939
35.9;26.87;0.443;1.479;2009.925;0.214;6.956
35.9;26.87;0.432;1.474;1985.326;0.407;7.044
35.9;26.87;0.456;1.478;2001.103;0.032;7.098
35.9;26.87;0.477;1.510;2016.363;-0.425;6.692
35.9;26.87;0.485;1.516;1996.914;-0.506;6.608
35.9;26.87;0.469;1.489;2014.197;-0.188;7.032
35.9;26.87;0.460;1.489;2011.221;-0.053;6.904
35.9;26.87;0.457;1.489;2007.621;0.073;6.999
35.9;26.87;0.463;1.479;2003.257;-0.108;7.095
35.9;26.87;0.457;1.483;2001.850;-0.042;7.056
35.9;26.87;0.468;1.490;2002.303;-0.167;6.998
35.9;26.87;0.474;1.501;2014.317;-0.289;6.877
35.9;26.87;0.457;1.486;2011.846;-0.010;6.998
35.9;26.87;0.437;1.470;1990.489;0.333;7.142
35.8;26.87;0.464;1.483;2001.609;-0.114;7.063
35.8;26.87;0.479;1.520;2014.892;-0.480;6.604
35.8;26.87;0.476;1.515;1996.734;-0.327;6.685
35.8;26.87;0.478;1.514;2005.862;-0.403;6.729
35.8;26.87;0.475;1.508;2020.666;-0.357;6.721
35.9;26.87;0.463;1.496;2004.868;-0.079;6.972
35.9;26.87;0.467;1.499;2001.390;-0.198;6.910
35.9;26.87;0.462;1.482;2008.279;-0.112;7.054
35.9;26.87;0.461;1.482;2007.357;-0.042;7.093
35.9;26.87;0.443;1.486;2009.496;0.263;6.977
35.9;26.87;0.425;1.490;1998.987;0.490;6.732
35.9;26.87;0.402;1.526;1995.680;0.782;6.062
35.9;26.87;0.411;1.528;1991.920;0.646;5.993
35.9;26.87;0.427;1.488;1990.928;0.460;6.763
35.9;26.87;0.429;1.479;1986.701;0.438;6.961
35.9;26.87;0.433;1.484;2001.776;0.413;6.901
35.9;26.87;0.445;1.480;2016.075;0.207;7.009
35.9;26.87;0.416;1.497;1991.683;0.648;6.653
35.9;26.87;0.444;1.475;1988.127;0.188;7.086
35.9;26.87;0.467;1.495;1999.396;-0.176;6.931
35.9;26.87;0.475;1.513;2007.801;-0.296;6.732
35.9;26.87;0.475;1.512;2012.059;-0.326;6.754
35.9;26.87;0.449;1.477;2002.857;0.143;7.094
35.9;26.87;0.442;1.481;2005.979;0.268;7.068
35.9;26.87;0.430;1.498;2006.600;0.453;6.603
35.9;26.87;0.429;1.484;1997.199;0.437;6.907
35.9;26.87;0.444;1.473;1989.566;0.245;7.111
36.0;26.87;0.443;1.484;2007.960;0.229;7.015
36.0;26.87;0.442;1.481;2014.625;0.221;7.015
36.0;26.87;0.422;1.494;1994.787;0.572;6.693
36.0;26.87;0.431;1.487;1987.524;0.412;6.785
36.0;26.87;0.448;1.488;2008.166;0.113;6.997
35.9;26.87;0.454;1.483;2004.456;0.115;7.123
35.9;26.87;0.464;1.490;1998.301;-0.146;7.031
35.9;26.87;0.465;1.487;2005.091;-0.148;7.024
36.0;26.87;0.444;1.483;2008.073;0.285;7.069
36.0;26.87;0.435;1.481;2003.223;0.392;6.943
36.0;26.87;0.436;1.481;2005.749;0.297;7.022
36.0;26.87;0.435;1.475;1991.106;0.367;7.082
36.0;26.87;0.428;1.493;2008.421;0.476;6.790
36.0;26.87;0.420;1.499;2008.802;0.557;6.565
36.0;26.87;0.406;1.527;1987.024;0.747;6.120
36.0;26.87;0.421;1.541;1989.178;0.423;5.874
36.0;26.87;0.409;1.536;1991.504;0.626;5.937
36.0;26.87;0.416;1.493;1995.034;0.649;6.752
35.9;26.87;0.431;1.483;1990.248;0.459;6.964
35.9;26.87;0.446;1.479;2001.115;0.171;7.048
35.9;26.87;0.424;1.495;2008.214;0.671;6.555
35.9;26.87;0.414;1.531;1994.707;0.643;6.054
35.9;26.87;0.429;1.480;1994.784;0.392;7.025
35.9;26.93;0.445;1.475;1995.428;0.220;7.217
35.9;26.93;0.455;1.486;2010.647;0.083;7.067
35.9;26.93;0.457;1.485;2015.145;0.000;7.058
35.9;26.93;0.436;1.481;1991.218;0.375;7.075
35.9;26.93;0.424;1.513;2008.678;0.575;6.394
35.9;26.93;0.412;1.518;1998.589;0.690;6.299
35.9;26.93;0.413;1.497;1978.840;0.694;6.635
35.9;26.93;0.438;1.481;1996.205;0.339;7.054
35.9;26.93;0.433;1.487;2003.197;0.381;6.834
35.9;26.93;0.407;1.522;2002.470;0.777;6.267
35.9;26.87;0.421;1.544;2002.596;0.297;5.865
35.9;26.87;0.410;1.530;1982.215;0.589;6.040
35.9;26.87;0.404;1.517;1997.700;0.746;6.297
35.9;26.87;0.412;1.528;1998.136;0.675;6.140
35.9;26.87;0.421;1.500;1990.893;0.571;6.619
35.9;26.87;0.404;1.519;1986.682;0.792;6.305
35.9;26.87;0.419;1.545;2004.900;0.428;5.848
35.9;26.87;0.410;1.541;1991.147;0.603;5.909
35.9;26.87;0.406;1.532;1982.331;0.705;6.027
35.9;26.87;0.414;1.510;1988.790;0.682;6.467
35.9;26.87;0.414;1.528;2006.540;0.613;6.143
35.9;26.87;0.409;1.541;1994.794;0.614;5.954
35.9;26.87;0.428;1.546;1998.495;0.237;5.841
35.9;26.87;0.435;1.539;1980.746;0.103;5.944
35.9;26.87;0.409;1.537;1988.180;0.577;5.992
35.9;26.87;0.415;1.531;1997.918;0.653;6.071
35.9;26.87;0.422;1.495;1995.261;0.518;6.741
36.0;26.87;0.412;1.506;1990.563;0.702;6.572
36.0;26.87;0.413;1.545;2007.088;0.581;5.882
36.0;26.87;0.410;1.526;1981.544;0.635;6.124
36.0;26.87;0.439;1.476;1983.240;0.317;7.199
36.0;26.87;0.446;1.486;2000.967;0.236;7.055
35.9;26.87;0.450;1.486;2015.958;0.162;7.081
35.9;26.87;0.423;1.499;2000.144;0.620;6.698
35.9;26.87;0.414;1.516;1995.760;0.631;6.328
35.9;26.87;0.427;1.541;1993.219;0.292;5.942
35.9;26.87;0.412;1.539;1994.897;0.530;5.974
36.0;26.87;0.407;1.545;1994.609;0.669;5.911
36.0;26.87;0.409;1.536;1989.930;0.657;6.044
36.0;26.87;0.430;1.543;1998.821;0.214;5.930
36.0;26.87;0.487;1.537;2022.365;-0.708;6.062
36.0;26.87;0.483;1.530;1993.343;-0.619;6.172
35.9;26.87;0.417;1.535;1972.063;0.396;6.038
35.9;26.87;0.421;1.547;1996.844;0.426;5.874
35.9;26.87;0.415;1.546;2000.133;0.461;5.918
35.9;26.87;0.414;1.544;1994.445;0.587;5.900
35.9;26.87;0.435;1.550;1999.072;0.132;5.847
36.0;26.87;0.445;1.549;1994.470;-0.071;5.837
36.0;26.87;0.424;1.540;1991.393;0.276;6.007
36.0;26.87;0.415;1.544;1987.263;0.556;5.930
36.0;26.87;0.407;1.527;1990.946;0.694;6.135
36.0;26.87;0.422;1.542;1999.397;0.353;5.963
36.0;26.87;0.460;1.542;2002.769;-0.281;5.977
36.0;26.87;0.467;1.540;1996.210;-0.458;6.045
36.0;26.87;0.439;1.533;1977.286;-0.025;6.144
36.0;26.87;0.416;1.546;1995.327;0.499;5.888
36.0;26.87;0.408;1.536;1997.212;0.661;6.028
36.0;26.87;0.408;1.525;1984.701;0.784;6.279
36.0;26.87;0.416;1.547;1999.658;0.535;5.919
36.0;26.87;0.441;1.545;1999.155;0.012;5.923
36.0;26.87;0.407;1.526;1986.842;0.713;6.242
36.0;26.87;0.439;1.492;2001.333;0.335;6.971
36.0;26.87;0.426;1.487;1989.846;0.502;6.950
36.0;26.87;0.406;1.528;2008.740;0.812;6.256
36.0;26.87;0.453;1.543;2005.188;-0.191;5.995
36.0;26.87;0.463;1.544;1996.275;-0.353;6.002
36.0;26.87;0.475;1.529;1991.110;-0.611;6.191
36.0;26.87;0.485;1.530;2010.692;-0.689;6.200
36.0;26.87;0.472;1.541;1997.999;-0.535;6.014
36.0;26.87;0.462;1.540;1994.572;-0.383;6.051
35.9;26.87;0.477;1.524;2011.956;-0.458;6.296
35.9;26.87;0.466;1.509;2009.988;-0.236;6.521
36.0;26.87;0.484;1.530;1991.401;-0.743;6.165
36.0;26.87;0.447;1.539;1991.747;-0.105;6.023
36.0;26.87;0.450;1.538;1990.149;-0.180;6.098
36.0;26.87;0.423;1.542;1991.432;0.332;5.994
36.0;26.87;0.426;1.552;2003.325;0.302;5.864
36.0;26.87;0.457;1.537;1994.814;-0.286;6.104
36.0;26.87;0.447;1.531;1984.983;-0.163;6.203
36.0;26.87;0.427;1.542;1994.239;0.293;5.987
36.0;26.87;0.413;1.542;1995.748;0.567;6.018
36.0;26.87;0.413;1.540;1983.107;0.525;6.045
36.0;26.87;0.451;1.546;2002.400;-0.145;5.976
36.0;26.87;0.445;1.550;1995.299;-0.176;5.956
36.0;26.87;0.459;1.538;1999.183;-0.318;6.084
36.0;26.87;0.436;1.542;1986.217;0.097;6.003
36.0;26.87;0.421;1.549;1992.956;0.371;5.866
36.1;26.87;0.407;1.546;1991.620;0.642;5.976
36.1;26.87;0.413;1.547;1999.141;0.585;5.965
36.1;26.87;0.472;1.541;1995.634;-0.470;6.055
36.1;26.87;0.475;1.531;1993.114;-0.580;6.162
36.1;26.87;0.431;1.548;1993.022;0.196;5.924
36.2;26.87;0.423;1.551;1997.919;0.380;5.895
36.2;26.87;0.427;1.536;1982.315;0.228;6.108
36.2;26.87;0.487;1.532;2019.623;-0.695;6.243
36.1;26.87;0.485;1.530;1998.976;-0.607;6.215
36.1;26.87;0.470;1.521;2010.685;-0.386;6.315
36.0;26.87;0.467;1.501;1997.706;-0.199;6.623
36.0;26.87;0.476;1.519;1999.734;-0.421;6.391
36.0;26.87;0.477;1.533;1999.908;-0.586;6.216
36.0;26.87;0.483;1.531;2009.155;-0.639;6.239
36.0;26.87;0.470;1.503;1999.468;-0.254;6.601
36.0;26.87;0.455;1.504;1997.993;-0.120;6.581
36.0;26.87;0.486;1.531;1993.446;-0.660;6.203
36.0;26.87;0.469;1.543;1994.446;-0.470;6.078
36.0;26.87;0.468;1.531;1986.003;-0.490;6.208
36.0;26.87;0.444;1.547;1999.285;-0.053;6.004
36.0;26.87;0.426;1.549;1998.755;0.306;5.927
36.0;26.87;0.440;1.539;1990.259;-0.010;6.106
36.0;26.87;0.444;1.542;1992.163;-0.032;6.057
36.0;26.87;0.430;1.549;1994.079;0.219;5.966
36.0;26.87;0.417;1.545;1993.620;0.474;6.007
36.1;26.87;0.438;1.543;1994.680;0.097;6.058
36.1;26.87;0.468;1.543;1994.036;-0.418;6.048
36.1;26.87;0.481;1.538;2007.747;-0.643;6.146
36.1;26.87;0.488;1.530;2004.732;-0.691;6.289
36.1;26.87;0.463;1.536;1983.662;-0.408;6.180
36.0;26.87;0.475;1.536;1996.601;-0.584;6.137
36.0;26.87;0.473;1.540;2009.629;-0.558;6.149
36.0;26.87;0.483;1.540;2009.099;-0.698;6.106
36.0;26.87;0.460;1.516;2001.080;-0.169;6.463
36.0;26.87;0.476;1.518;1990.754;-0.386;6.434
36.0;26.87;0.473;1.540;2000.393;-0.577;6.158
36.0;26.87;0.469;1.539;1997.524;-0.513;6.111
36.0;26.87;0.482;1.539;2002.205;-0.625;6.163
35.9;26.87;0.475;1.517;2003.723;-0.410;6.448
35.9;26.87;0.464;1.524;2014.457;-0.281;6.342
36.0;26.87;0.466;1.504;2005.128;-0.184;6.643
36.0;26.87;0.458;1.500;1995.933;-0.144;6.728
36.0;26.87;0.467;1.513;1994.938;-0.311;6.471
36.0;26.87;0.477;1.527;2012.267;-0.445;6.335
36.0;26.87;0.474;1.514;2003.356;-0.364;6.494
36.0;26.87;0.454;1.493;1999.621;-0.051;6.770
36.0;26.87;0.467;1.504;1997.062;-0.257;6.647
36.0;26.87;0.482;1.540;1995.174;-0.643;6.156
36.0;26.87;0.471;1.536;1991.367;-0.519;6.146
36.0;26.87;0.464;1.534;1981.603;-0.390;6.221
36.0;26.87;0.439;1.546;1991.976;0.065;6.013
36.0;26.87;0.446;1.552;1998.575;-0.084;5.984
36.0;26.87;0.469;1.540;2004.543;-0.513;6.153
36.0;26.87;0.464;1.543;1990.961;-0.424;6.095
36.0;26.87;0.454;1.535;1991.954;-0.230;6.171
36.0;26.87;0.470;1.546;2006.164;-0.462;6.101
36.0;26.87;0.484;1.537;2006.335;-0.651;6.210
36.0;26.87;0.461;1.514;2007.136;-0.226;6.524
35.9;26.87;0.462;1.495;2008.416;-0.097;6.777
35.9;26.87;0.464;1.497;2003.726;-0.168;6.784
35.9;26.87;0.458;1.511;2001.789;-0.153;6.526
35.9;26.87;0.470;1.513;1990.857;-0.257;6.581
35.9;26.87;0.483;1.525;2008.892;-0.552;6.387
35.9;26.87;0.454;1.498;2017.011;-0.069;6.745
35.9;26.87;0.453;1.486;2002.568;0.035;6.869
35.9;26.87;0.467;1.495;1988.077;-0.250;6.779
35.9;26.87;0.481;1.532;2003.678;-0.607;6.235
35.9;26.87;0.487;1.535;2004.306;-0.671;6.311
35.9;26.87;0.470;1.513;2004.860;-0.308;6.555
35.9;26.87;0.458;1.499;2002.557;-0.116;6.714
36.0;26.87;0.449;1.485;2019.979;0.095;6.872
36.0;26.87;0.450;1.485;1997.376;0.091;6.924
36.0;26.87;0.455;1.498;1992.440;-0.087;6.717
36.0;26.87;0.467;1.515;2001.225;-0.270;6.548
36.0;26.87;0.475;1.528;2009.503;-0.418;6.369
36.0;26.87;0.460;1.515;2006.479;-0.177;6.505
36.0;26.87;0.459;1.491;1997.921;-0.075;6.839
36.0;26.87;0.470;1.522;1986.625;-0.352;6.468
36.0;26.87;0.470;1.544;1999.449;-0.463;6.091
36.0;26.87;0.468;1.544;1997.365;-0.469;6.158
35.9;26.87;0.462;1.539;1990.285;-0.367;6.187
35.9;26.87;0.482;1.541;2008.038;-0.644;6.180
35.9;26.87;0.477;1.528;2017.962;-0.437;6.359
36.0;26.87;0.473;1.516;2003.985;-0.331;6.543
36.0;26.87;0.462;1.509;1998.690;-0.209;6.623
36.0;26.87;0.471;1.524;2010.287;-0.304;6.461
36.0;26.87;0.472;1.515;2011.020;-0.334;6.575
36.0;26.87;0.445;1.491;2005.671;0.122;6.797
36.0;26.87;0.431;1.486;1999.983;0.369;6.743
36.0;26.87;0.419;1.489;1990.773;0.555;6.573
36.0;26.87;0.433;1.490;2001.623;0.251;6.825
36.0;26.87;0.451;1.488;1997.808;0.072;6.899
36.0;26.87;0.457;1.485;1993.724;-0.053;6.926
36.0;26.87;0.449;1.491;2015.584;0.082;6.829
36.0;26.87;0.429;1.489;2006.889;0.388;6.713
36.0;26.87;0.434;1.482;1987.668;0.316;6.927
36.0;26.87;0.455;1.496;1990.931;-0.124;6.778
36.0;26.87;0.465;1.509;2007.746;-0.212;6.639
36.0;26.87;0.479;1.523;2008.613;-0.478;6.467
36.0;26.87;0.452;1.498;2005.578;0.021;6.772
36.0;26.87;0.452;1.484;2005.832;0.062;6.933
36.0;26.87;0.435;1.479;1998.720;0.329;6.986
36.0;26.87;0.456;1.499;1999.788;-0.104;6.777
36.0;26.87;0.465;1.517;2000.112;-0.207;6.558
36.0;26.87;0.470;1.507;2000.039;-0.272;6.695
36.0;26.87;0.460;1.505;2014.818;-0.107;6.685
36.0;26.87;0.452;1.492;2013.046;0.054;6.870
36.0;26.87;0.449;1.481;1986.696;0.080;7.049
35.9;26.87;0.461;1.505;1998.268;-0.170;6.674
35.9;26.87;0.474;1.517;2015.743;-0.334;6.593
36.0;26.87;0.476;1.527;1997.923;-0.445;6.440
36.0;26.87;0.469;1.524;2002.325;-0.301;6.453
36.0;26.87;0.457;1.496;2018.953;-0.041;6.839
36.1;26.87;0.449;1.486;2006.581;0.100;6.986
36.1;26.87;0.450;1.486;2001.051;0.030;6.923
36.0;26.87;0.462;1.508;1995.232;-0.123;6.706
36.0;26.87;0.448;1.487;2009.626;0.121;6.923
36.0;26.87;0.434;1.492;2014.069;0.341;6.738
36.1;26.87;0.418;1.499;2004.268;0.536;6.588
36.1;26.87;0.403;1.525;1987.092;0.720;6.061
36.1;26.87;0.407;1.526;1992.735;0.646;6.018
36.1;26.87;0.435;1.484;1999.812;0.358;6.880
36.1;26.87;0.437;1.481;1998.287;0.285;7.016
36.1;26.87;0.431;1.493;1997.745;0.326;6.744
36.1;26.87;0.410;1.520;2012.097;0.673;6.203
36.1;26.87;0.409;1.510;1986.727;0.641;6.324
36.1;26.87;0.446;1.489;1991.468;0.097;6.890
36.1;26.87;0.469;1.512;1996.253;-0.275;6.621
36.0;26.87;0.463;1.513;2007.205;-0.168;6.654
36.0;26.87;0.460;1.517;2013.279;-0.162;6.616
36.0;26.87;0.455;1.493;2008.811;-0.019;6.899
36.0;26.87;0.447;1.481;2001.813;0.161;6.987
36.0;26.87;0.438;1.490;2006.012;0.241;6.833
36.0;26.87;0.453;1.491;2000.896;0.059;6.930
36.0;26.87;0.459;1.493;2003.376;-0.058;6.898
36.1;26.87;0.441;1.488;1999.958;0.194;6.919
36.1;26.87;0.427;1.499;2013.803;0.495;6.669
36.1;26.87;0.409;1.528;1992.805;0.686;6.038
36.0;26.87;0.431;1.486;1989.177;0.308;6.864
36.0;26.87;0.453;1.488;1998.406;0.058;6.965
36.0;26.87;0.446;1.483;2006.203;0.153;7.049
36.0;26.87;0.452;1.491;2002.519;0.024;6.893
36.0;26.87;0.456;1.491;2006.383;-0.028;6.931
36.0;26.87;0.420;1.491;1996.109;0.571;6.716
36.0;26.87;0.421;1.491;2003.684;0.502;6.771
36.0;26.87;0.437;1.488;1999.830;0.308;6.935
36.0;26.87;0.440;1.482;1999.220;0.242;6.990
36.0;26.87;0.405;1.531;1997.987;0.720;5.955
36.0;26.87;0.409;1.542;1999.938;0.591;5.839
36.0;26.87;0.414;1.541;1996.617;0.517;5.854
36.0;26.87;0.411;1.550;1996.334;0.426;5.704
36.0;26.87;0.405;1.533;1984.108;0.670;5.968
36.0;26.87;0.407;1.512;1998.368;0.715;6.356
36.0;26.87;0.426;1.492;1995.932;0.428;6.720
36.0;26.87;0.427;1.488;1997.684;0.438;6.830
36.0;26.87;0.407;1.523;1998.046;0.719;6.137
36.0;26.87;0.414;1.503;1991.385;0.580;6.518
36.0;26.87;0.464;1.501;1999.441;-0.168;6.844
36.0;26.87;0.465;1.510;1995.264;-0.207;6.733
36.0;26.87;0.460;1.503;2010.892;-0.113;6.773
36.0;26.87;0.444;1.492;2011.123;0.224;6.902
36.0;26.87;0.436;1.483;1999.827;0.324;6.992
36.0;26.87;0.414;1.497;1994.945;0.669;6.505
36.1;26.87;0.417;1.508;1999.819;0.570;6.459
36.1;26.87;0.425;1.492;1999.554;0.442;6.775
36.1;26.87;0.427;1.495;1998.643;0.422;6.727
36.1;26.87;0.410;1.515;1994.306;0.709;6.378
36.1;26.87;0.420;1.547;2003.161;0.365;5.791
36.1;26.87;0.406;1.549;1992.459;0.508;5.745
36.1;26.87;0.422;1.496;1986.065;0.544;6.663
36.1;26.87;0.409;1.514;1994.236;0.683;6.348
36.1;26.87;0.402;1.544;2003.790;0.695;5.783
36.1;26.87;0.413;1.513;1997.799;0.661;6.406
36.0;26.87;0.410;1.524;1998.557;0.651;6.157
36.0;26.87;0.405;1.548;1990.457;0.540;5.780
36.0;26.87;0.415;1.544;1994.228;0.481;5.838
36.0;26.87;0.405;1.538;1996.068;0.640;5.923
36.0;26.87;0.402;1.552;1999.768;0.597;5.745
36.0;26.87;0.423;1.552;1990.070;0.294;5.811
36.0;26.87;0.428;1.545;1998.268;0.188;5.864
36.0;26.87;0.432;1.551;2002.807;-0.023;5.761
36.0;26.87;0.409;1.539;1980.941;0.623;5.915
36.0;26.87;0.404;1.529;1990.446;0.637;5.967
36.0;26.87;0.399;1.535;1997.784;0.776;6.009
36.0;26.87;0.433;1.489;1996.082;0.359;6.929
36.0;26.87;0.413;1.508;1994.671;0.651;6.458
36.0;26.87;0.402;1.544;1993.711;0.703;5.843
36.0;26.87;0.422;1.500;1989.981;0.555;6.634
36.0;26.87;0.442;1.484;1998.398;0.196;7.082
36.0;26.87;0.440;1.484;1996.344;0.221;7.018
36.0;26.87;0.425;1.502;2011.431;0.504;6.681
36.0;26.87;0.405;1.526;1995.273;0.723;6.177
36.0;26.87;0.398;1.547;2008.337;0.763;5.840
35.9;26.87;0.414;1.543;1986.826;0.458;5.886
35.9;26.87;0.419;1.548;1993.128;0.356;5.827
36.0;26.87;0.405;1.551;1999.651;0.624;5.732
36.0;26.87;0.411;1.550;1998.996;0.505;5.836
36.0;26.87;0.446;1.541;1996.636;-0.165;5.970
36.0;26.87;0.499;1.531;2016.034;-0.964;6.156
36.0;26.87;0.462;1.541;1990.436;-0.424;6.001
36.1;26.87;0.420;1.545;1987.837;0.333;5.935
36.1;26.87;0.449;1.540;1996.427;-0.219;5.961
36.1;26.87;0.431;1.542;1992.627;0.128;5.972
36.0;26.87;0.421;1.547;1998.491;0.308;5.844
36.0;26.87;0.441;1.546;1997.941;-0.126;5.921
36.0;26.87;0.432;1.547;1978.944;0.145;5.868
36.0;26.87;0.426;1.545;1994.287;0.199;5.944
36.0;26.87;0.412;1.550;2001.453;0.449;5.784
36.0;26.87;0.406;1.539;1989.951;0.641;6.014
36.0;26.87;0.420;1.543;1989.609;0.309;5.921
36.0;26.87;0.436;1.558;2010.918;-0.003;5.725
36.0;26.87;0.446;1.550;1990.438;-0.072;5.858
36.0;26.87;0.414;1.547;1988.303;0.417;5.877
36.0;26.87;0.408;1.550;1995.281;0.496;5.815
36.0;26.87;0.409;1.541;1988.447;0.672;5.976
36.0;26.87;0.413;1.517;1997.637;0.627;6.323
36.0;26.87;0.426;1.557;2002.599;0.164;5.755
36.0;26.87;0.428;1.550;1984.321;0.165;5.867
36.0;26.87;0.405;1.533;1988.704;0.664;6.085
36.0;26.87;0.409;1.514;2003.152;0.613;6.435
36.0;26.87;0.424;1.503;1984.936;0.540;6.687
36.0;26.87;0.418;1.550;2001.300;0.461;5.812
36.0;26.87;0.439;1.553;2010.484;-0.088;5.832
36.1;26.87;0.480;1.542;2006.431;-0.645;6.031
36.1;26.87;0.492;1.533;1998.271;-0.862;6.157
36.0;26.87;0.486;1.536;2005.246;-0.887;6.083
36.0;26.87;0.488;1.540;2010.073;-0.782;6.062
36.0;26.87;0.492;1.533;2010.136;-0.867;6.141
35.9;26.87;0.478;1.513;2015.418;-0.531;6.447
35.9;26.87;0.469;1.487;1998.355;-0.239;6.786
36.0;26.87;0.493;1.525;2004.229;-0.821;6.265
36.0;26.87;0.489;1.532;2007.836;-0.940;6.162
36.0;26.87;0.455;1.542;1974.712;-0.297;6.062
36.0;26.87;0.429;1.546;1996.778;0.197;5.939
36.0;26.87;0.435;1.560;2011.582;0.024;5.745
36.0;26.87;0.451;1.546;1993.330;-0.202;5.954
36.0;26.87;0.443;1.543;1990.893;-0.114;6.040
36.0;26.87;0.431;1.547;1996.372;0.068;5.873
36.0;26.87;0.410;1.546;1989.577;0.649;5.973
36.0;26.87;0.411;1.549;1999.716;0.525;5.888
35.9;26.87;0.449;1.550;2002.187;-0.270;5.927
35.9;26.87;0.491;1.538;2005.341;-0.845;6.149
35.9;26.87;0.474;1.537;1994.340;-0.641;6.133
35.9;26.87;0.436;1.551;1995.587;-0.048;5.867
35.9;26.87;0.420;1.552;1979.390;0.375;5.900
36.0;26.87;0.407;1.543;1993.560;0.671;5.963
36.0;26.87;0.416;1.564;2015.138;0.365;5.679
36.0;26.87;0.479;1.537;1999.181;-0.646;6.146
36.0;26.87;0.442;1.543;1976.864;-0.122;6.023
36.0;26.87;0.426;1.558;2007.060;0.173;5.724
36.0;26.87;0.427;1.554;1999.810;0.257;5.878
36.0;26.87;0.441;1.545;1999.042;-0.094;6.036
36.0;26.87;0.497;1.527;2014.615;-0.945;6.311
36.0;26.87;0.476;1.509;2016.541;-0.357;6.556
36.0;26.87;0.470;1.488;2005.653;-0.248;6.782
36.0;26.87;0.472;1.497;2002.262;-0.306;6.743
36.0;26.87;0.484;1.514;1998.293;-0.559;6.529
36.0;26.87;0.480;1.515;2017.195;-0.503;6.454
36.0;26.87;0.473;1.509;2015.381;-0.343;6.547
36.0;26.87;0.463;1.482;2003.349;-0.104;6.906
36.1;26.87;0.469;1.501;1989.981;-0.275;6.644
36.1;26.87;0.496;1.537;2010.056;-0.957;6.154
36.1;26.87;0.478;1.547;1994.453;-0.642;6.038
36.1;26.87;0.442;1.538;1985.296;-0.131;6.094
36.1;26.87;0.453;1.546;2004.122;-0.366;6.029
36.0;26.87;0.469;1.551;2009.743;-0.528;5.967
36.0;26.87;0.466;1.546;1997.710;-0.460;5.985
36.0;26.87;0.465;1.545;2001.875;-0.527;6.030
36.0;26.87;0.433;1.550;1987.633;0.107;5.972
36.0;26.87;0.430;1.550;2007.242;0.125;5.950
36.0;26.87;0.487;1.543;2013.154;-0.840;6.056
36.0;26.87;0.493;1.529;2002.370;-0.803;6.299
36.0;26.87;0.490;1.520;2005.813;-0.676;6.421
36.0;26.87;0.498;1.534;2016.612;-0.981;6.249
36.0;26.87;0.478;1.539;1997.570;-0.629;6.156
36.0;26.87;0.455;1.540;1987.210;-0.362;6.107
36.0;26.87;0.496;1.539;2015.261;-0.955;6.155
36.0;26.87;0.486;1.517;2020.684;-0.532;6.486
36.0;26.87;0.472;1.505;2004.778;-0.324;6.612
36.0;26.87;0.497;1.523;1991.469;-0.938;6.380
36.0;26.87;0.486;1.537;2002.659;-0.772;6.219
36.0;26.87;0.481;1.541;2011.491;-0.753;6.119
36.0;26.87;0.485;1.520;2016.046;-0.559;6.412
36.0;26.87;0.470;1.489;2000.060;-0.238;6.876
36.0;26.87;0.454;1.482;2012.664;0.035;6.880
36.0;26.87;0.465;1.499;2014.493;-0.219;6.692
36.0;26.87;0.485;1.517;1998.192;-0.576;6.490
36.0;26.87;0.497;1.521;1994.771;-0.836;6.373
36.0;26.87;0.490;1.524;2017.553;-0.699;6.344
36.0;26.87;0.475;1.500;2016.685;-0.273;6.756
36.0;26.87;0.466;1.485;1999.762;-0.181;6.875
36.0;26.87;0.495;1.512;1996.632;-0.911;6.545
36.0;26.87;0.474;1.542;2000.612;-0.562;6.139
36.0;26.87;0.469;1.547;2006.290;-0.549;6.045
36.0;26.87;0.463;1.548;1998.306;-0.478;6.025
36.0;26.87;0.486;1.540;2002.328;-0.774;6.193
36.0;26.87;0.488;1.535;2002.218;-0.795;6.270
36.0;26.87;0.478;1.540;2010.229;-0.748;6.187
36.0;26.87;0.461;1.548;1986.211;-0.364;6.001
36.0;26.87;0.457;1.539;2003.986;-0.335;6.166
36.0;26.87;0.494;1.538;2020.966;-0.891;6.191
36.0;26.87;0.488;1.524;2009.481;-0.652;6.440
36.0;26.87;0.475;1.502;2007.819;-0.332;6.694
36.0;26.87;0.463;1.484;2003.607;-0.169;6.868
36.0;26.87;0.479;1.505;2003.301;-0.386;6.672
36.0;26.87;0.480;1.517;2011.280;-0.457;6.523
36.0;26.87;0.474;1.513;2012.407;-0.370;6.566
36.0;26.87;0.457;1.477;2011.788;0.049;7.061
36.0;26.87;0.442;1.478;2008.023;0.240;6.902
36.0;26.87;0.456;1.474;2004.360;-0.038;7.026
36.0;26.87;0.482;1.508;1991.305;-0.474;6.669
36.0;26.87;0.480;1.512;2003.599;-0.424;6.574
36.0;26.87;0.483;1.524;2026.441;-0.577;6.414
36.0;26.87;0.463;1.483;2009.863;-0.090;6.968
36.0;26.87;0.467;1.491;1998.871;-0.154;6.846
36.0;26.87;0.455;1.479;2010.889;0.089;6.965
36.0;26.87;0.467;1.489;2003.413;-0.154;6.905
36.0;26.87;0.474;1.502;2008.933;-0.323;6.726
36.0;26.87;0.476;1.505;2006.752;-0.392;6.654
36.0;26.87;0.463;1.488;2013.161;-0.125;6.940
36.1;26.87;0.464;1.490;2009.661;-0.134;6.876
36.1;26.87;0.467;1.506;2003.330;-0.265;6.665
36.1;26.87;0.496;1.533;1984.349;-0.849;6.300
36.2;26.87;0.498;1.540;2008.264;-0.831;6.235
36.2;26.87;0.494;1.540;2011.187;-0.950;6.237
36.1;26.87;0.478;1.542;1999.596;-0.670;6.203
36.1;26.87;0.498;1.532;1997.645;-0.857;6.304
36.1;26.87;0.496;1.531;2018.562;-0.807;6.360
36.0;26.87;0.496;1.530;2006.288;-0.647;6.440
36.0;26.87;0.489;1.525;2005.264;-0.687;6.457
36.0;26.87;0.473;1.501;2012.340;-0.315;6.746
36.0;26.87;0.453;1.485;2014.409;0.087;6.968
36.0;26.87;0.447;1.480;2009.507;0.211;6.977
36.0;26.87;0.423;1.490;2005.390;0.505;6.670
36.0;26.87;0.427;1.476;1988.712;0.473;6.815
36.0;26.87;0.441;1.478;2005.819;0.267;6.937
36.0;26.87;0.442;1.472;2000.922;0.204;7.042
36.0;26.87;0.452;1.471;1996.891;0.103;7.125
36.0;26.87;0.434;1.482;2002.772;0.433;6.784
36.0;26.87;0.428;1.476;2000.139;0.418;6.950
36.0;26.87;0.470;1.493;2000.390;-0.247;6.909
36.0;26.87;0.479;1.517;2005.967;-0.486;6.586
36.0;26.87;0.471;1.500;2006.135;-0.291;6.747
36.0;26.87;0.467;1.493;2017.465;-0.139;6.909
36.0;26.87;0.464;1.484;2003.469;-0.073;6.971
36.1;26.87;0.449;1.479;2012.671;0.095;7.027
36.1;26.87;0.443;1.468;1992.879;0.262;7.100
36.1;26.87;0.463;1.488;2006.952;-0.133;6.938
36.0;26.87;0.473;1.501;2012.261;-0.190;6.746
36.0;26.87;0.474;1.505;1997.497;-0.312;6.791
36.0;26.87;0.468;1.488;2013.763;-0.134;6.939
36.0;26.87;0.452;1.482;2016.992;0.028;7.000
36.0;26.87;0.476;1.498;1995.654;-0.333;6.852
36.1;26.87;0.478;1.509;2002.877;-0.395;6.667
36.1;26.87;0.475;1.507;2011.991;-0.360;6.656
36.0;26.87;0.489;1.534;2008.306;-0.616;6.472
36.0;26.87;0.488;1.518;2010.348;-0.582;6.578
36.0;26.87;0.455;1.483;2011.709;0.022;6.994
36.1;26.87;0.450;1.476;2006.470;0.134;7.066
36.1;26.87;0.449;1.479;2005.973;0.108;7.011
36.1;26.87;0.453;1.479;2004.412;0.103;7.005
36.1;26.87;0.435;1.475;1993.521;0.358;6.992
36.1;26.87;0.415;1.512;1997.198;0.666;6.284
36.2;26.87;0.402;1.533;2002.784;0.761;5.928
36.2;26.87;0.413;1.525;1989.310;0.566;5.987
36.0;26.87;0.407;1.517;1982.341;0.706;6.156
36.0;26.87;0.414;1.502;1995.679;0.680;6.403
36.0;26.87;0.438;1.475;1996.536;0.300;7.073
36.0;26.87;0.439;1.476;2004.045;0.282;7.043
36.0;26.87;0.409;1.517;1992.684;0.689;6.164
36.1;26.87;0.414;1.497;1979.587;0.648;6.460
36.1;26.87;0.455;1.482;1998.013;0.056;7.003
36.1;26.87;0.466;1.494;2000.826;-0.174;6.901
36.2;26.87;0.468;1.494;1998.683;-0.193;6.943
36.2;26.87;0.457;1.488;2010.857;-0.012;6.971
36.1;26.87;0.453;1.486;2012.994;0.071;6.995
36.1;26.87;0.441;1.475;1998.075;0.295;6.994
36.1;26.87;0.432;1.486;1996.414;0.382;6.791
36.1;26.87;0.460;1.484;2006.889;-0.030;6.995
36.1;26.87;0.466;1.489;2008.222;-0.139;7.030
36.1;26.87;0.460;1.483;2012.376;-0.061;7.010
36.1;26.87;0.417;1.495;2002.260;0.617;6.576
36.1;26.87;0.417;1.497;1993.334;0.614;6.503
36.1;26.87;0.450;1.483;1996.221;0.115;7.098
36.1;26.87;0.444;1.473;2003.966;0.217;7.106
36.1;26.87;0.435;1.471;1989.472;0.413;7.050
36.1;26.87;0.450;1.482;2008.178;0.155;7.007
36.1;26.87;0.434;1.485;2013.956;0.359;6.899
36.0;26.87;0.411;1.513;1988.666;0.642;6.235
36.0;26.87;0.408;1.536;1999.545;0.702;5.936
36.0;26.87;0.415;1.500;1994.196;0.627;6.519
36.0;26.87;0.432;1.483;1995.168;0.409;6.905
36.0;26.87;0.414;1.517;2000.484;0.638;6.198
36.0;26.87;0.411;1.541;1997.581;0.574;5.836
36.0;26.87;0.422;1.538;1994.369;0.336;5.871
36.0;26.87;0.410;1.537;1992.294;0.597;5.929
36.0;26.87;0.407;1.528;1988.000;0.613;5.993
36.0;26.87;0.409;1.520;1986.360;0.673;6.159
36.0;26.87;0.431;1.485;2004.891;0.441;6.845
36.0;26.87;0.412;1.507;2002.331;0.719;6.448
36.1;26.87;0.409;1.518;1981.582;0.627;6.147
36.1;26.87;0.427;1.486;1987.003;0.456;6.853
36.1;26.87;0.461;1.494;2014.112;-0.124;6.961
36.0;26.87;0.478;1.507;1997.647;-0.331;6.852
36.0;26.87;0.459;1.485;2008.410;0.025;7.035
36.0;26.87;0.436;1.480;2009.962;0.307;7.015
36.0;26.87;0.424;1.491;2004.774;0.576;6.741
36.0;26.87;0.426;1.497;1988.047;0.525;6.626
36.0;26.87;0.425;1.482;1991.037;0.447;6.818
36.0;26.87;0.433;1.480;1995.460;0.389;6.997
36.0;26.87;0.429;1.494;2005.733;0.476;6.699
36.0;26.87;0.411;1.540;2002.856;0.632;5.861
36.0;26.87;0.452;1.529;1988.819;-0.205;6.017
36.1;26.87;0.419;1.539;1984.388;0.411;5.880
36.1;26.87;0.421;1.495;2004.243;0.516;6.624
36.1;26.87;0.415;1.506;1984.087;0.656;6.422
36.1;26.87;0.408;1.520;1990.749;0.700;6.231
36.1;26.87;0.406;1.536;2001.885;0.721;5.933
36.1;26.87;0.410;1.535;1991.307;0.572;5.946
36.1;26.87;0.412;1.535;1988.436;0.577;5.942
36.1;26.87;0.413;1.534;1988.037;0.474;5.892
36.1;26.87;0.412;1.515;1987.834;0.654;6.083
36.1;26.87;0.416;1.541;2001.197;0.560;5.902
36.1;26.87;0.436;1.539;1995.515;0.065;5.940
36.1;26.87;0.449;1.532;1996.554;-0.195;6.009
36.1;26.87;0.459;1.535;1993.992;-0.281;6.013
36.1;26.87;0.410;1.530;1990.091;0.574;5.982
36.1;26.87;0.405;1.506;1978.288;0.770;6.447
36.0;26.87;0.425;1.501;1989.363;0.541;6.569
36.0;26.87;0.426;1.490;2005.975;0.490;6.818
36.0;26.87;0.403;1.527;1993.738;0.738;6.117
36.0;26.87;0.420;1.500;1977.438;0.559;6.552
36.0;26.87;0.448;1.477;2002.598;0.103;7.153
36.1;26.87;0.458;1.484;2002.033;0.041;7.123
36.1;26.87;0.468;1.495;2008.749;-0.151;7.001
36.0;26.87;0.418;1.501;2014.113;0.595;6.561
36.0;26.87;0.407;1.534;1987.553;0.655;5.992
36.0;26.87;0.439;1.546;2000.833;0.122;5.847
36.0;26.87;0.412;1.542;1996.469;0.433;5.878
36.0;26.87;0.412;1.536;1980.156;0.528;5.974
36.0;26.87;0.431;1.541;1993.800;0.237;5.907
36.0;26.87;0.433;1.546;2006.292;-0.101;5.836
36.0;26.87;0.471;1.532;2000.635;-0.520;6.061
36.0;26.87;0.482;1.524;1981.906;-0.619;6.217
36.0;26.87;0.437;1.538;1988.284;0.032;5.923
36.0;26.87;0.411;1.539;1991.445;0.601;5.956
36.0;26.87;0.407;1.542;1991.542;0.611;5.892
36.0;26.87;0.413;1.541;1990.628;0.520;5.853
36.0;26.87;0.438;1.539;2004.307;0.045;5.943
36.0;26.87;0.468;1.535;1996.170;-0.428;6.035
36.1;26.87;0.426;1.537;1990.303;0.225;5.950
36.1;26.87;0.407;1.534;1980.378;0.646;6.049
36.1;26.87;0.420;1.550;2002.604;0.426;5.816
36.1;26.87;0.417;1.539;1994.478;0.493;5.880
36.1;26.87;0.422;1.535;1985.189;0.347;5.984
36.1;26.87;0.459;1.534;1992.529;-0.293;6.069
36.1;26.87;0.442;1.538;1994.887;-0.080;5.961
36.1;26.87;0.407;1.518;1984.870;0.728;6.294
36.1;26.87;0.413;1.524;1989.936;0.608;6.197
36.1;26.87;0.411;1.523;1993.706;0.659;6.183
36.1;26.87;0.407;1.539;2001.791;0.705;5.965
36.1;26.87;0.436;1.547;1993.478;0.116;5.881
36.1;26.87;0.406;1.528;1988.423;0.648;6.131
36.1;26.87;0.412;1.502;1982.811;0.740;6.596
36.1;26.87;0.415;1.517;2003.344;0.691;6.334
36.0;26.87;0.409;1.529;2005.576;0.692;6.137
36.0;26.87;0.432;1.537;1990.618;0.121;6.031
36.0;26.87;0.476;1.538;2001.255;-0.537;6.034
36.1;26.87;0.481;1.534;2006.088;-0.659;6.118
36.1;26.87;0.475;1.527;1990.498;-0.562;6.110
36.1;26.87;0.476;1.533;1995.515;-0.600;6.111
36.1;26.87;0.484;1.536;1999.748;-0.704;6.043
36.1;26.87;0.480;1.530;2015.641;-0.627;6.130
36.0;26.87;0.464;1.513;2004.399;-0.183;6.399
36.0;26.87;0.484;1.519;1984.853;-0.674;6.270
36.0;26.87;0.469;1.531;1994.887;-0.506;6.101
36.0;26.87;0.478;1.537;2006.197;-0.636;6.051
36.0;26.87;0.446;1.546;1984.491;-0.082;5.927
36.0;26.87;0.428;1.531;1982.084;0.208;6.089
36.0;26.87;0.454;1.544;2006.349;-0.210;5.963
36.1;26.87;0.437;1.545;1991.667;0.046;5.958
36.1;26.87;0.431;1.539;1990.370;0.204;5.963
36.1;26.87;0.421;1.540;1989.753;0.357;5.982
36.1;26.87;0.435;1.552;2000.829;0.155;5.783
36.1;26.87;0.429;1.542;1993.314;0.206;5.982
36.1;26.87;0.444;1.547;1998.183;-0.043;5.896
36.1;26.87;0.468;1.537;1996.765;-0.488;6.029
36.1;26.87;0.453;1.532;1989.606;-0.208;6.094
36.1;26.87;0.446;1.546;1999.583;-0.037;5.914
36.1;26.87;0.429;1.543;1989.098;0.187;5.948
36.1;26.87;0.420;1.536;1989.116;0.335;6.080
36.1;26.87;0.485;1.535;2012.838;-0.654;6.113
36.1;26.87;0.481;1.531;1999.675;-0.676;6.133
36.1;26.87;0.419;1.539;1980.548;0.320;6.025
36.1;26.87;0.432;1.545;1990.255;0.123;5.935
36.1;26.87;0.438;1.549;2007.410;0.095;5.869
36.1;26.87;0.472;1.540;2013.401;-0.544;6.056
36.1;26.87;0.483;1.527;2000.232;-0.595;6.236
36.1;26.87;0.468;1.508;2007.432;-0.275;6.499
36.1;26.87;0.456;1.502;2011.491;-0.099;6.516
36.2;26.87;0.469;1.515;1995.586;-0.288;6.424
36.2;26.87;0.478;1.524;1999.975;-0.547;6.304
36.2;26.87;0.461;1.515;2009.536;-0.216;6.385
36.2;26.87;0.460;1.495;2015.351;-0.083;6.658
36.2;26.87;0.462;1.493;2004.139;-0.179;6.709
36.2;26.87;0.481;1.520;1980.255;-0.622;6.287
36.2;26.87;0.486;1.532;2006.268;-0.656;6.205
36.2;26.87;0.479;1.534;2001.838;-0.627;6.123
36.2;26.87;0.426;1.539;1986.772;0.188;6.051
36.2;26.87;0.442;1.545;1990.368;0.041;5.949
36.2;26.87;0.473;1.540;2005.724;-0.538;6.072
36.2;26.87;0.450;1.540;1995.954;-0.197;6.038
36.2;26.87;0.440;1.545;1994.828;0.039;5.985
36.2;26.87;0.437;1.544;1988.511;0.062;5.924
36.2;26.87;0.459;1.544;2001.575;-0.311;5.991
36.1;26.87;0.486;1.529;2009.127;-0.642;6.222
36.1;26.87;0.474;1.522;2011.109;-0.416;6.353
36.1;26.87;0.467;1.512;1989.407;-0.362;6.433
36.1;26.87;0.474;1.524;2005.923;-0.366;6.336
36.1;26.87;0.483;1.527;2005.855;-0.645;6.239
36.2;26.87;0.467;1.537;1990.858;-0.478;6.101
36.2;26.87;0.486;1.531;2003.864;-0.603;6.235
36.2;26.87;0.467;1.507;2014.745;-0.242;6.572
36.3;26.87;0.463;1.511;1997.966;-0.253;6.455
36.3;26.87;0.483;1.532;1996.364;-0.691;6.226
36.1;26.87;0.488;1.532;1996.296;-0.758;6.164
36.1;26.87;0.480;1.535;2010.437;-0.590;6.135
36.1;26.87;0.469;1.512;2002.632;-0.243;6.454
36.1;26.87;0.460;1.499;2012.980;-0.167;6.716
36.1;26.87;0.430;1.477;1994.542;0.331;6.769
36.1;26.87;0.445;1.480;2002.355;0.147;6.843
36.1;26.87;0.457;1.487;1998.108;-0.070;6.805
36.1;26.87;0.463;1.509;1999.388;-0.242;6.519
36.2;26.87;0.461;1.495;2008.711;-0.093;6.720
36.2;26.87;0.439;1.482;2007.448;0.276;6.831
36.2;26.87;0.449;1.482;1996.176;0.028;6.861
36.2;26.87;0.477;1.525;1989.141;-0.575;6.369
36.2;26.87;0.487;1.526;1997.256;-0.711;6.285
36.3;26.87;0.471;1.540;1999.101;-0.505;6.064
36.3;26.87;0.466;1.539;2000.942;-0.386;6.123
36.3;26.87;0.484;1.533;1996.224;-0.672;6.238
36.3;26.87;0.470;1.516;2000.940;-0.367;6.399
36.3;26.87;0.480;1.528;2006.865;-0.514;6.274
36.1;26.87;0.488;1.531;1993.717;-0.741;6.215
36.1;26.87;0.480;1.534;1994.536;-0.624;6.200
36.2;26.87;0.469;1.516;2017.289;-0.282;6.476
36.2;26.87;0.460;1.501;2013.506;-0.111;6.689
36.2;26.87;0.454;1.483;2006.183;-0.019;6.829
36.2;26.87;0.459;1.495;1993.884;-0.113;6.753
36.2;26.87;0.465;1.499;2007.513;-0.199;6.689
36.2;26.87;0.465;1.519;2002.889;-0.246;6.437
36.2;26.87;0.470;1.516;2005.889;-0.297;6.456
36.2;26.87;0.444;1.480;2005.581;0.159;6.925
36.2;26.87;0.423;1.488;1999.538;0.451;6.618
36.2;26.87;0.462;1.491;1996.879;-0.158;6.808
36.1;26.87;0.469;1.513;2005.923;-0.289;6.535
36.1;26.87;0.463;1.512;1989.733;-0.252;6.522
36.1;26.87;0.463;1.503;2020.390;-0.144;6.663
36.1;26.87;0.442;1.480;2005.667;0.194;6.953
36.1;26.87;0.429;1.484;2005.937;0.354;6.742
36.2;26.87;0.438;1.476;1983.940;0.307;6.912
36.2;26.87;0.448;1.480;2002.603;0.098;6.955
36.2;26.87;0.451;1.497;2002.913;0.017;6.715
36.2;26.87;0.463;1.508;2006.966;-0.216;6.580
36.2;26.87;0.449;1.482;2002.170;0.115;6.862
36.2;26.87;0.439;1.475;2003.101;0.230;6.892
36.2;26.87;0.464;1.510;1999.136;-0.175;6.591
36.2;26.87;0.479;1.526;1998.810;-0.505;6.363
36.2;26.87;0.470;1.516;1991.506;-0.346;6.474
36.2;26.87;0.488;1.529;2011.166;-0.670;6.338
36.2;26.87;0.479;1.529;2008.968;-0.510;6.334
36.2;26.87;0.456;1.497;2006.066;-0.085;6.719
36.2;26.87;0.460;1.494;1998.362;-0.107;6.785
36.2;26.87;0.466;1.512;2004.000;-0.251;6.586
36.2;26.87;0.467;1.523;2004.145;-0.312;6.396
36.2;26.87;0.464;1.509;2006.786;-0.167;6.605
36.2;26.87;0.438;1.482;2005.202;0.268;6.867
36.2;26.87;0.416;1.504;2011.610;0.573;6.329
36.2;26.87;0.418;1.495;1990.836;0.553;6.615
36.2;26.87;0.432;1.478;1991.019;0.351;6.870
36.2;26.87;0.430;1.485;1997.727;0.354;6.772
36.2;26.87;0.438;1.481;2006.659;0.255;6.903
36.2;26.87;0.430;1.485;2004.896;0.419;6.780
36.3;26.87;0.403;1.541;1994.458;0.604;5.664
36.3;26.87;0.414;1.495;1976.742;0.625;6.551
36.2;26.87;0.452;1.479;2003.344;0.011;7.018
36.2;26.87;0.458;1.503;2002.265;-0.109;6.662
36.2;26.87;0.462;1.501;1999.057;-0.093;6.778
36.1;26.87;0.437;1.486;2010.889;0.279;6.790
36.1;26.87;0.425;1.491;2004.456;0.429;6.676
36.2;26.87;0.430;1.483;1992.437;0.393;6.858
36.2;26.87;0.429;1.478;1991.841;0.356;6.929
36.2;26.87;0.445;1.488;2002.278;0.108;6.828
36.2;26.87;0.460;1.492;2003.054;-0.037;6.839
36.2;26.87;0.444;1.483;2010.924;0.159;6.926
36.2;26.87;0.407;1.508;1995.054;0.667;6.344
36.2;26.87;0.427;1.485;1984.958;0.439;6.776
36.2;26.87;0.459;1.491;2007.425;-0.138;6.895
36.2;26.87;0.457;1.492;2001.044;-0.105;6.864
36.2;26.87;0.459;1.491;1990.272;-0.091;6.904
36.2;26.87;0.461;1.496;2012.029;-0.087;6.841
36.2;26.87;0.452;1.494;2011.885;0.000;6.799
36.2;26.87;0.447;1.484;1997.264;0.153;6.932
36.2;26.87;0.442;1.475;1998.781;0.186;6.990
36.2;26.87;0.440;1.487;1997.283;0.189;6.828
36.3;26.87;0.443;1.486;2007.947;0.204;6.939
36.3;26.87;0.411;1.507;2000.604;0.653;6.358
36.3;26.87;0.405;1.540;1996.795;0.569;5.732
36.3;26.87;0.426;1.545;1996.143;0.222;5.788
36.3;26.87;0.409;1.536;1991.745;0.560;5.819
36.3;26.87;0.403;1.525;1991.711;0.692;6.013
36.3;26.87;0.408;1.513;1985.607;0.689;6.241
36.3;26.87;0.415;1.507;2001.907;0.623;6.390
36.3;26.87;0.403;1.524;2007.777;0.697;6.062
36.3;26.87;0.404;1.528;1979.242;0.717;5.992
36.2;26.87;0.429;1.474;1984.703;0.370;6.965
36.2;26.87;0.456;1.498;2008.403;-0.028;6.737
36.2;26.87;0.463;1.507;2005.192;-0.182;6.728
36.2;26.87;0.454;1.490;2006.401;-0.015;6.925
36.2;26.87;0.425;1.486;1999.588;0.419;6.776
36.2;26.87;0.435;1.489;2000.813;0.377;6.772
36.2;26.87;0.427;1.489;2002.732;0.417;6.789
36.2;26.87;0.422;1.494;1993.655;0.428;6.620
36.2;26.87;0.432;1.484;1988.420;0.377;6.879
36.2;26.87;0.441;1.484;2005.859;0.253;6.928
36.2;26.87;0.414;1.502;2007.499;0.566;6.506
36.2;26.87;0.401;1.531;1985.550;0.736;5.963
36.2;26.87;0.420;1.487;1987.734;0.505;6.709
36.2;26.87;0.447;1.492;2008.606;0.104;6.830
36.2;26.87;0.444;1.488;2003.694;0.158;6.931
36.2;26.87;0.442;1.475;1989.581;0.235;7.049
36.2;26.87;0.432;1.490;2012.948;0.311;6.800
36.2;26.87;0.422;1.495;2002.995;0.557;6.664
36.2;26.87;0.415;1.499;1997.646;0.593;6.549
36.2;26.87;0.399;1.523;1988.120;0.767;6.143
36.2;26.87;0.405;1.529;1996.494;0.720;6.073
36.2;26.87;0.410;1.543;1999.801;0.599;5.774
36.2;26.87;0.431;1.545;2003.636;0.005;5.762
36.3;26.87;0.451;1.545;1986.641;-0.198;5.827
36.3;26.87;0.452;1.536;1999.562;-0.284;5.955
36.2;26.87;0.409;1.544;1993.642;0.478;5.746
36.2;26.87;0.405;1.539;1989.588;0.667;5.866
36.2;26.87;0.406;1.529;1984.481;0.635;5.993
36.2;26.87;0.406;1.527;2006.219;0.655;6.030
36.2;26.87;0.409;1.536;1993.141;0.638;5.910
36.2;26.87;0.406;1.511;1987.982;0.692;6.308
36.2;26.87;0.432;1.480;1987.525;0.276;6.984
36.2;26.87;0.443;1.487;2000.809;0.193;6.992
36.3;26.87;0.460;1.491;2011.011;-0.073;6.924
36.3;26.87;0.422;1.495;2005.867;0.493;6.683
36.2;26.87;0.422;1.490;1987.199;0.527;6.770
36.2;26.87;0.404;1.526;2008.789;0.740;6.101
36.2;26.87;0.405;1.515;1997.668;0.690;6.270
36.2;26.87;0.419;1.498;1988.913;0.582;6.646
36.2;26.87;0.419;1.497;1989.935;0.573;6.584
36.2;26.87;0.407;1.527;2012.658;0.688;6.119
36.2;26.87;0.410;1.550;1994.916;0.563;5.762
36.2;26.87;0.410;1.542;1986.416;0.439;5.850
36.1;26.87;0.406;1.530;1989.178;0.677;5.961
36.1;26.87;0.403;1.530;2002.843;0.746;6.063
36.1;26.87;0.410;1.514;1993.432;0.661;6.283
36.1;26.87;0.402;1.527;1993.733;0.757;6.083
36.1;26.87;0.423;1.547;1999.409;0.345;5.809
36.2;26.87;0.425;1.549;2003.506;0.170;5.793
36.2;26.87;0.416;1.548;2001.047;0.329;5.717
36.2;26.87;0.414;1.543;1988.456;0.448;5.851
36.2;26.87;0.419;1.546;2001.374;0.317;5.772
36.2;26.87;0.419;1.559;2008.650;0.290;5.653
36.2;26.87;0.437;1.546;1993.931;0.031;5.859
36.2;26.87;0.448;1.538;1993.730;-0.248;5.944
36.2;26.87;0.444;1.545;1996.234;-0.167;5.779
36.2;26.87;0.406;1.544;1996.895;0.614;5.888
36.2;26.87;0.404;1.534;1991.449;0.709;5.977
36.2;26.87;0.400;1.521;1992.695;0.728;6.182
36.2;26.87;0.407;1.548;2005.510;0.676;5.811
36.2;26.87;0.422;1.547;2001.895;0.267;5.810
36.2;26.87;0.403;1.522;1988.695;0.685;6.150
36.2;26.87;0.438;1.484;1990.010;0.315;7.025
36.2;26.87;0.437;1.488;2007.376;0.318;6.876
36.2;26.87;0.431;1.494;2012.161;0.344;6.832
36.2;26.87;0.415;1.505;1990.544;0.683;6.358
36.2;26.87;0.408;1.545;1998.762;0.587;5.840
36.2;26.87;0.442;1.544;2005.599;-0.140;5.849
36.2;26.87;0.410;1.548;1984.230;0.575;5.818
36.2;26.87;0.408;1.542;1994.926;0.617;5.867
36.2;26.87;0.421;1.548;1996.529;0.242;5.784
36.2;26.87;0.460;1.545;2006.638;-0.376;5.922
36.2;26.87;0.495;1.529;2011.665;-0.850;6.176
36.2;26.87;0.494;1.527;1994.143;-0.950;6.163
36.2;26.87;0.471;1.541;1992.915;-0.561;6.009
36.2;26.87;0.454;1.541;2000.172;-0.279;5.970
36.2;26.87;0.407;1.552;1994.615;0.473;5.711
36.2;26.87;0.419;1.546;1986.204;0.413;5.820
36.2;26.87;0.463;1.539;2004.852;-0.441;5.986
36.2;26.87;0.475;1.537;2012.872;-0.686;6.002
36.1;26.87;0.447;1.547;1987.435;-0.173;5.919
36.1;26.87;0.415;1.542;1989.554;0.385;5.905
36.1;26.87;0.435;1.546;1999.849;-0.004;5.850
36.1;26.87;0.449;1.550;1999.903;-0.183;5.847
36.1;26.87;0.467;1.542;2007.580;-0.506;5.979
36.3;26.87;0.477;1.535;2003.111;-0.744;6.057
36.3;26.87;0.461;1.539;1987.548;-0.397;6.078
36.3;26.87;0.417;1.549;1995.301;0.379;5.804
36.2;26.87;0.404;1.526;1989.044;0.648;6.147
36.2;26.87;0.407;1.516;1988.633;0.738;6.358
36.2;26.87;0.436;1.550;2006.841;0.064;5.839
36.2;26.87;0.429;1.552;1997.561;0.049;5.783
36.2;26.87;0.409;1.510;1984.663;0.708;6.501
36.2;26.87;0.418;1.499;1989.363;0.550;6.676
36.2;26.87;0.405;1.526;1999.087;0.705;6.179
36.2;26.87;0.409;1.553;2004.154;0.609;5.772
36.2;26.87;0.435;1.548;2000.518;0.049;5.874
36.2;26.87;0.495;1.527;2013.488;-0.963;6.180
36.1;26.87;0.489;1.520;2000.145;-0.664;6.315
36.1;26.87;0.489;1.530;2003.509;-0.840;6.145
36.2;26.87;0.483;1.541;2008.184;-0.808;6.000
36.2;26.87;0.497;1.529;2006.199;-0.847;6.180
36.2;26.87;0.472;1.502;2022.521;-0.285;6.572
36.2;26.87;0.457;1.478;2007.416;-0.116;6.807
36.2;26.87;0.490;1.534;1983.056;-0.841;6.152
36.1;26.87;0.488;1.528;1996.882;-0.808;6.165
36.1;26.87;0.485;1.535;2004.645;-0.832;6.108
36.1;26.87;0.442;1.547;1996.112;-0.028;5.929
36.1;26.87;0.455;1.549;2006.541;-0.315;5.918
36.1;26.87;0.487;1.527;2004.437;-0.862;6.192
36.1;26.87;0.475;1.544;1995.845;-0.611;5.981
36.1;26.87;0.438;1.541;1993.829;-0.052;5.893
36.1;26.87;0.423;1.555;1999.640;0.190;5.775
36.1;26.87;0.466;1.543;1997.689;-0.461;6.034
36.1;26.87;0.486;1.539;2012.749;-0.779;6.080
36.1;26.87;0.492;1.526;2011.848;-0.955;6.243
36.1;26.87;0.471;1.546;1984.056;-0.538;6.012
36.1;26.87;0.441;1.539;1989.172;-0.061;6.001
36.2;26.87;0.432;1.552;2003.224;0.056;5.802
36.2;26.87;0.404;1.544;1989.906;0.689;5.968
36.2;26.87;0.436;1.550;2004.437;0.024;5.857
36.2;26.87;0.494;1.524;2014.955;-0.927;6.254
36.2;26.87;0.458;1.540;1982.830;-0.327;6.061
36.2;26.87;0.408;1.540;1994.475;0.600;5.989
36.2;26.87;0.407;1.551;1992.163;0.545;5.795
36.3;26.87;0.444;1.550;2004.736;-0.035;5.930
36.3;26.87;0.496;1.535;2017.829;-0.869;6.145
36.3;26.87;0.478;1.509;2020.807;-0.480;6.451
36.2;26.87;0.473;1.496;1989.147;-0.282;6.698
36.2;26.87;0.473;1.502;2008.106;-0.376;6.607
36.2;26.87;0.475;1.513;2016.349;-0.434;6.454
36.2;26.87;0.485;1.511;2005.600;-0.560;6.492
36.2;26.87;0.466;1.486;2006.583;-0.178;6.814
36.2;26.87;0.440;1.471;2010.274;0.218;6.832
36.2;26.87;0.465;1.482;1987.484;-0.148;6.908
36.2;26.87;0.494;1.530;2002.708;-0.913;6.218
36.2;26.87;0.491;1.525;2004.465;-0.837;6.294
36.2;26.87;0.495;1.528;1997.625;-0.866;6.283
36.2;26.87;0.487;1.539;2007.370;-0.871;6.195
36.2;26.87;0.490;1.531;2009.711;-0.876;6.193
36.1;26.87;0.492;1.535;1981.504;-0.828;6.169
36.1;26.87;0.478;1.537;2002.202;-0.674;6.143
36.1;26.87;0.434;1.553;2002.384;-0.016;5.886
36.1;26.87;0.441;1.551;1994.222;-0.057;5.912
36.1;26.87;0.490;1.538;2002.845;-0.852;6.106
36.1;26.87;0.495;1.521;2016.263;-0.841;6.378
36.1;26.87;0.495;1.530;2006.281;-0.785;6.282
36.1;26.87;0.484;1.535;1999.628;-0.784;6.184
36.1;26.87;0.490;1.533;2004.781;-0.855;6.183
36.1;26.87;0.494;1.538;2004.503;-0.877;6.147
36.2;26.87;0.489;1.541;2010.568;-0.825;6.094
36.2;26.87;0.469;1.499;2016.543;-0.270;6.658
36.2;26.87;0.469;1.484;1987.540;-0.200;6.909
36.2;26.87;0.490;1.517;2002.215;-0.727;6.419
36.2;26.87;0.494;1.527;2014.595;-0.907;6.288
36.2;26.87;0.493;1.529;1993.182;-0.780;6.318
36.2;26.87;0.469;1.501;2014.256;-0.202;6.641
36.2;26.87;0.459;1.480;2012.967;-0.099;6.868
36.2;26.87;0.456;1.474;2007.276;0.013;7.031
36.2;26.87;0.451;1.479;2001.871;0.044;6.940
36.2;26.87;0.455;1.473;2007.975;-0.002;6.965
36.2;26.87;0.458;1.476;2002.568;-0.030;6.968
36.2;26.87;0.467;1.493;2007.948;-0.199;6.753
36.2;26.87;0.447;1.472;2010.805;0.091;6.943
36.2;26.87;0.438;1.470;1985.373;0.316;6.970
36.2;26.87;0.474;1.501;2003.162;-0.383;6.636
36.2;26.87;0.494;1.523;2006.408;-0.885;6.348
36.2;26.87;0.493;1.531;1988.680;-0.891;6.280
36.3;26.87;0.478;1.539;1999.453;-0.631;6.123
36.3;26.87;0.482;1.543;2016.158;-0.785;6.102
36.3;26.87;0.497;1.534;1995.992;-0.930;6.235
36.3;26.87;0.473;1.539;1994.340;-0.616;6.150
36.3;26.87;0.490;1.534;2005.785;-0.881;6.206
36.2;26.87;0.487;1.541;2005.751;-0.783;6.157
36.2;26.87;0.489;1.540;2007.913;-0.837;6.161
36.2;26.87;0.479;1.516;2011.013;-0.499;6.457
36.2;26.87;0.465;1.484;2013.166;-0.096;6.907
36.2;26.87;0.464;1.481;2007.559;-0.142;6.907
36.2;26.87;0.466;1.491;1998.742;-0.165;6.751
36.2;26.87;0.466;1.488;2002.136;-0.186;6.908
36.3;26.87;0.470;1.501;2011.424;-0.281;6.691
36.3;26.87;0.468;1.501;2020.762;-0.262;6.715
36.3;26.87;0.451;1.473;1995.640;0.106;7.034
36.2;26.87;0.456;1.478;1995.567;-0.021;6.940
36.2;26.87;0.473;1.502;2008.526;-0.348;6.657
36.3;26.87;0.475;1.500;2002.991;-0.310;6.794
36.3;26.87;0.479;1.501;2011.125;-0.437;6.692
36.3;26.87;0.444;1.472;2002.774;0.203;6.964
36.3;26.87;0.444;1.472;2004.940;0.264;7.006
36.3;26.87;0.437;1.473;2007.383;0.292;6.904
36.2;26.87;0.439;1.471;1995.310;0.262;6.929
36.2;26.87;0.445;1.473;1993.229;0.197;7.028
36.2;26.87;0.458;1.482;2008.910;-0.044;6.940
36.2;26.87;0.465;1.489;2013.788;-0.167;6.836
36.2;26.87;0.446;1.468;2000.827;0.170;7.094
36.2;26.87;0.458;1.479;1991.525;-0.085;6.970
36.2;26.87;0.489;1.520;2009.402;-0.603;6.415
36.2;26.87;0.495;1.530;2001.937;-0.745;6.363
36.3;26.87;0.492;1.529;1994.321;-0.867;6.320
36.3;26.87;0.493;1.532;2008.706;-0.917;6.242
36.3;26.87;0.502;1.534;2016.427;-0.886;6.288
36.3;26.87;0.486;1.519;2008.794;-0.599;6.490
36.3;26.87;0.477;1.513;2007.303;-0.400;6.515
36.3;26.87;0.474;1.505;2003.492;-0.330;6.707
36.3;26.87;0.473;1.501;2022.727;-0.305;6.691
36.3;26.87;0.459;1.489;2013.453;-0.079;6.838
36.3;26.87;0.441;1.471;1997.426;0.290;7.035
36.3;26.87;0.415;1.504;2000.891;0.620;6.305
36.3;26.87;0.429;1.480;2002.210;0.428;6.755
36.3;26.87;0.436;1.467;1997.906;0.311;7.052
36.3;26.87;0.445;1.469;1989.531;0.190;6.992
36.3;26.87;0.451;1.476;2012.220;0.071;7.007
36.3;26.87;0.429;1.482;2010.500;0.485;6.719
36.2;26.87;0.411;1.516;1995.648;0.660;6.141
36.2;26.87;0.439;1.469;1988.749;0.215;6.996
36.3;26.87;0.454;1.474;2002.959;0.048;7.093
36.3;26.87;0.470;1.491;2010.526;-0.228;6.813
36.3;26.87;0.456;1.487;2015.890;-0.053;6.869
36.2;26.87;0.439;1.471;1987.033;0.392;7.042
36.2;26.87;0.425;1.485;2012.987;0.439;6.735
36.1;26.87;0.433;1.470;2006.650;0.337;6.945
36.1;26.87;0.441;1.469;1988.061;0.224;7.126
36.1;26.87;0.471;1.488;1996.930;-0.255;6.936
36.2;26.87;0.464;1.496;2015.864;-0.169;6.809
36.2;26.87;0.456;1.478;2011.555;0.072;7.031
36.3;26.87;0.429;1.486;2007.955;0.406;6.753
36.3;26.87;0.450;1.468;1985.672;0.057;7.093
36.3;26.87;0.467;1.494;2010.159;-0.186;6.878
36.2;26.87;0.474;1.502;2008.735;-0.324;6.724
36.2;26.87;0.477;1.514;2006.213;-0.441;6.577
36.2;26.87;0.477;1.496;2003.729;-0.288;6.844
36.2;26.87;0.452;1.486;2018.938;0.092;6.951
36.2;26.87;0.446;1.473;2008.943;0.157;7.036
36.3;26.87;0.443;1.471;1996.759;0.217;7.126
36.3;26.87;0.454;1.481;2000.826;0.077;6.946
36.3;26.87;0.444;1.479;2013.627;0.236;6.944
36.3;26.87;0.421;1.497;2000.473;0.560;6.496
36.3;26.87;0.407;1.531;1997.840;0.657;5.871
36.3;26.87;0.417;1.528;1984.514;0.408;5.867
36.3;26.87;0.403;1.523;1988.806;0.760;6.030
36.3;26.87;0.417;1.503;1997.147;0.605;6.358
36.3;26.87;0.429;1.471;1993.879;0.383;7.000
36.3;26.87;0.413;1.498;2001.710;0.706;6.490
36.3;26.87;0.410;1.535;2005.181;0.656;5.838
36.3;26.87;0.409;1.511;1986.194;0.653;6.168
36.3;26.87;0.439;1.467;1977.319;0.299;7.158
36.3;26.87;0.457;1.485;2006.020;0.024;6.942
36.3;26.87;0.469;1.500;2021.890;-0.258;6.835
36.3;26.87;0.450;1.473;2002.492;0.158;7.069
36.3;26.87;0.443;1.480;2003.966;0.232;6.953
36.3;26.87;0.424;1.491;1995.490;0.495;6.570
36.3;26.87;0.433;1.474;1997.772;0.413;6.988
36.3;26.87;0.449;1.477;2004.964;0.150;7.040
36.3;26.87;0.452;1.480;2004.046;0.044;7.026
36.3;26.87;0.434;1.477;2010.373;0.389;6.983
36.3;26.87;0.413;1.524;2008.059;0.655;6.066
36.3;26.87;0.415;1.506;1989.153;0.591;6.269
36.3;26.87;0.439;1.476;1982.512;0.285;7.010
36.3;26.87;0.437;1.483;2012.050;0.320;6.870
36.3;26.87;0.450;1.474;2006.884;0.111;7.096
36.3;26.87;0.449;1.474;2000.804;0.149;7.099
36.3;26.87;0.423;1.494;2000.262;0.526;6.587
36.3;26.87;0.413;1.506;2000.029;0.666;6.322
36.3;26.87;0.415;1.499;1994.843;0.668;6.509
36.3;26.87;0.429;1.481;2001.263;0.409;6.847
36.3;26.87;0.416;1.497;1995.166;0.629;6.513
36.3;26.87;0.405;1.536;2007.699;0.664;5.836
36.3;26.87;0.441;1.541;2002.350;0.054;5.806
36.3;26.87;0.455;1.531;1994.667;-0.286;5.954
36.3;26.87;0.431;1.532;1980.313;0.114;5.942
36.2;26.87;0.411;1.537;1999.908;0.535;5.825
36.2;26.87;0.409;1.506;1983.474;0.705;6.331
36.2;26.87;0.427;1.484;1988.849;0.485;6.761
36.3;26.87;0.410;1.536;2005.890;0.612;5.868
36.3;26.87;0.412;1.531;1991.365;0.558;5.900
36.3;26.87;0.442;1.474;1990.920;0.263;7.107
36.3;26.87;0.467;1.492;2005.993;-0.237;6.937
36.3;26.87;0.468;1.493;2002.365;-0.186;6.898
36.3;26.87;0.465;1.486;2017.975;-0.063;6.999
36.3;26.87;0.433;1.487;2007.486;0.408;6.839
36.3;26.87;0.416;1.500;1999.571;0.616;6.449
36.3;26.87;0.407;1.526;1984.955;0.676;6.003
36.3;26.87;0.415;1.506;2002.805;0.613;6.384
36.3;26.87;0.425;1.484;1996.488;0.480;6.772
36.3;26.87;0.418;1.488;1992.663;0.593;6.719
36.3;26.87;0.413;1.546;2007.835;0.579;5.752
36.3;26.87;0.435;1.541;1995.973;0.088;5.816
36.3;26.87;0.412;1.504;1981.674;0.652;6.389
36.3;26.87;0.429;1.481;1998.906;0.392;6.857
36.3;26.87;0.413;1.507;1999.761;0.665;6.370
36.3;26.87;0.427;1.487;1998.500;0.514;6.783
36.3;26.87;0.413;1.509;2004.011;0.632;6.404
36.3;26.87;0.414;1.540;1994.207;0.451;5.802
36.3;26.87;0.419;1.529;1985.141;0.418;5.986
36.3;26.87;0.416;1.538;1995.557;0.416;5.836
36.3;26.87;0.413;1.534;1993.726;0.561;5.913
36.3;26.87;0.424;1.534;1988.646;0.268;5.936
36.3;26.87;0.451;1.543;2005.213;-0.220;5.840
36.3;26.87;0.461;1.534;2001.604;-0.357;5.952
36.3;26.87;0.455;1.534;1995.651;-0.276;5.913
36.3;26.87;0.429;1.535;1984.434;0.176;5.905
36.3;26.87;0.409;1.532;1992.156;0.636;5.936
36.3;26.87;0.415;1.498;1989.566;0.673;6.622
36.3;26.87;0.418;1.497;1997.653;0.592;6.662
36.3;26.87;0.412;1.539;1991.656;0.319;5.869
36.3;26.87;0.408;1.519;1981.792;0.669;6.124
36.3;26.87;0.442;1.482;2001.766;0.246;6.987
36.3;26.87;0.447;1.477;1999.617;0.183;7.081
36.2;26.87;0.421;1.486;1993.400;0.551;6.842
36.2;26.87;0.410;1.534;2009.644;0.703;5.944
36.2;26.87;0.410;1.527;1988.371;0.628;6.032
36.2;26.87;0.425;1.535;1988.777;0.260;5.936
36.2;26.87;0.435;1.542;2001.035;0.072;5.878
36.3;26.87;0.420;1.544;1994.405;0.368;5.816
36.3;26.87;0.408;1.534;1991.512;0.626;5.929
36.3;26.87;0.424;1.538;1996.777;0.281;5.901
36.3;26.87;0.479;1.531;2004.954;-0.647;6.033
36.3;26.87;0.475;1.526;1991.412;-0.574;6.084
36.3;26.87;0.436;1.541;1993.045;0.075;5.878
36.3;26.87;0.438;1.541;1986.758;0.041;5.851
36.3;26.87;0.440;1.534;1992.369;-0.055;5.971
36.3;26.87;0.425;1.546;2004.233;0.278;5.803
36.3;26.87;0.423;1.544;1995.249;0.366;5.795
36.2;26.87;0.442;1.534;1981.610;-0.017;5.963
36.2;26.87;0.442;1.538;2003.119;-0.228;5.967
36.2;26.87;0.427;1.545;1987.646;0.285;5.836
36.2;26.87;0.423;1.536;1991.403;0.298;5.909
36.2;26.87;0.443;1.538;1991.536;-0.010;5.895
36.3;26.87;0.443;1.538;1991.424;-0.055;5.927
36.3;26.87;0.450;1.538;2000.908;-0.149;5.927
36.2;26.87;0.436;1.539;1996.724;0.036;5.913
36.2;26.87;0.415;1.538;1980.504;0.421;5.879
36.2;26.87;0.416;1.535;1994.304;0.439;5.985
36.2;26.87;0.410;1.536;1999.511;0.657;5.975
36.2;26.87;0.417;1.543;1996.579;0.488;5.832
36.3;26.87;0.442;1.530;1984.689;-0.067;6.039
36.3;26.87;0.419;1.542;1996.369;0.387;5.881
36.3;26.87;0.413;1.506;1992.580;0.685;6.463
36.4;26.87;0.412;1.502;1990.727;0.683;6.574
