stm32_time_ms;d6t_temp_c;ds18b20_temp_c;motor_ud_v;motor_uq_v;motor_speed_mech_rpm;motor_id_a;motor_iq_a
43769;24.8;26.18;0.000;0.000;0.000;0.000;0.000
43861;24.8;26.18;0.000;0.000;0.000;0.000;0.000
43961;24.8;26.18;0.000;0.000;0.000;0.000;0.000
44061;24.8;26.18;0.000;0.000;0.000;0.000;0.000
44161;24.8;26.18;0.000;0.000;0.000;0.000;0.000
44261;24.8;26.18;0.000;0.000;0.000;0.000;0.000
44361;24.8;26.18;0.000;0.000;0.000;0.000;0.000
44461;24.8;26.18;0.000;0.000;0.000;0.000;0.000
44561;24.8;26.18;0.000;0.000;0.000;0.000;0.000
44661;24.8;26.18;0.000;0.000;0.000;0.000;0.000
44761;24.8;26.18;0.000;0.000;0.000;0.000;0.000
44861;24.8;26.18;0.000;0.000;0.000;0.000;0.000
44961;24.8;26.18;0.000;0.000;0.000;0.000;0.000
45061;24.8;26.18;0.000;0.000;0.000;0.000;0.000
45161;24.8;26.18;0.000;0.000;0.000;0.000;0.000
45261;24.8;26.18;0.000;0.000;0.000;0.000;0.000
45361;24.8;26.18;0.000;0.000;0.000;0.000;0.000
45461;24.8;26.18;0.000;0.000;0.000;0.000;0.000
45561;24.9;26.18;0.000;0.000;0.000;0.000;0.000
45661;24.9;26.18;0.000;0.000;0.000;0.000;0.000
45761;24.9;26.18;0.000;0.000;0.000;0.000;0.000
45861;24.9;26.18;0.000;0.000;0.000;0.000;0.000
45961;24.9;26.18;0.000;0.000;0.000;0.000;0.000
46061;24.8;26.18;0.000;0.000;0.000;0.000;0.000
46161;24.8;26.18;0.000;0.000;0.000;0.000;0.000
46261;24.8;26.18;0.000;0.000;0.000;0.000;0.000
46361;24.8;26.18;0.000;0.000;0.000;0.000;0.000
46461;24.8;26.18;0.000;0.000;0.000;0.000;0.000
46561;24.8;26.18;0.000;0.000;0.000;0.000;0.000
46661;24.8;26.18;0.000;0.000;0.000;0.000;0.000
46761;24.8;26.18;0.000;0.000;0.000;0.000;0.000
46861;24.8;26.18;0.000;0.000;0.000;0.000;0.000
46961;24.8;26.18;0.000;0.000;0.000;0.000;0.000
47061;24.8;26.18;0.000;0.000;0.000;0.000;0.000
47161;24.8;26.18;0.000;0.000;0.000;0.000;0.000
47261;24.8;26.18;0.000;0.000;0.000;0.000;0.000
47361;24.8;26.18;0.000;0.000;0.000;0.000;0.000
47461;24.8;26.18;0.000;0.000;0.000;0.000;0.000
47561;24.8;26.18;0.000;0.000;0.000;0.000;0.000
47661;24.8;26.18;0.000;0.000;0.000;0.000;0.000
47761;24.8;26.18;0.000;0.000;0.000;0.000;0.000
47861;24.8;26.18;0.000;0.000;0.000;0.000;0.000
47961;24.8;26.18;0.000;0.000;0.000;0.000;0.000
48061;24.8;26.18;0.000;0.000;0.000;0.000;0.000
48161;24.8;26.18;0.000;0.000;0.000;0.000;0.000
48261;24.9;26.18;0.000;0.000;0.000;0.000;0.000
48361;24.9;26.18;0.000;0.000;0.000;0.000;0.000
48461;24.9;26.18;0.000;0.000;0.000;0.000;0.000
48561;24.9;26.18;0.000;0.000;0.000;0.000;0.000
48661;24.9;26.18;0.000;0.000;0.000;0.000;0.000
48761;24.8;26.18;0.000;0.000;0.000;0.000;0.000
48861;24.8;26.18;0.000;0.000;0.000;0.000;0.000
48961;24.8;26.18;0.000;0.000;0.000;0.000;0.000
49061;24.8;26.18;0.000;0.000;0.000;0.000;0.000
49161;24.8;26.18;0.000;0.000;0.000;0.000;0.000
49261;24.8;26.18;0.000;0.000;0.000;0.000;0.000
49361;24.8;26.18;0.000;0.000;0.000;0.000;0.000
49461;24.8;26.18;0.000;0.000;0.000;0.000;0.000
49561;24.8;26.18;0.000;0.000;0.000;0.000;0.000
49661;24.8;26.18;0.000;0.000;0.000;0.000;0.000
49761;24.9;26.18;0.000;0.000;0.000;0.000;0.000
49861;24.9;26.18;0.000;0.000;0.000;0.000;0.000
49961;24.9;26.18;0.000;0.000;0.000;0.000;0.000
50061;24.8;26.18;0.000;0.000;0.000;0.000;0.000
50161;24.8;26.18;0.000;0.000;0.000;0.000;0.000
50261;24.8;26.18;0.000;0.000;0.000;0.000;0.000
50361;24.8;26.18;0.000;0.000;0.000;0.000;0.000
50461;24.8;26.18;0.000;0.000;0.000;0.000;0.000
50561;24.8;26.18;0.000;0.000;0.000;0.000;0.000
50661;24.8;26.18;0.000;0.000;0.000;0.000;0.000
50761;24.8;26.18;0.000;0.000;0.000;0.000;0.000
50861;24.8;26.18;0.000;0.000;0.000;0.000;0.000
50961;24.8;26.18;0.000;0.000;0.000;0.000;0.000
51061;24.8;26.18;0.000;0.000;0.000;0.000;0.000
51161;24.8;26.18;0.000;0.000;0.000;0.000;0.000
51261;24.8;26.18;0.000;0.000;0.000;0.000;0.000
51361;24.8;26.18;0.000;0.000;0.000;0.000;0.000
51461;24.8;26.18;0.000;0.000;0.000;0.000;0.000
51561;24.8;26.18;0.000;0.000;0.000;0.000;0.000
51661;24.8;26.18;0.000;0.000;0.000;0.000;0.000
51761;24.8;26.18;0.000;0.000;0.000;0.000;0.000
51861;24.8;26.18;0.000;0.000;0.000;0.000;0.000
51961;24.8;26.18;0.000;0.000;0.000;0.000;0.000
52061;24.8;26.18;0.000;0.000;0.000;0.000;0.000
52161;24.8;26.18;0.000;0.000;0.000;0.000;0.000
52261;24.8;26.18;0.000;0.000;0.000;0.000;0.000
52361;24.8;26.18;0.000;0.000;0.000;0.000;0.000
52461;24.8;26.18;0.000;0.000;0.000;0.000;0.000
52561;24.8;26.18;0.000;0.000;0.000;0.000;0.000
52661;24.8;26.18;0.000;0.000;0.000;0.000;0.000
52761;24.8;26.18;0.000;0.000;0.000;0.000;0.000
52861;24.8;26.18;0.000;0.000;0.000;0.000;0.000
52961;24.8;26.18;0.000;0.000;0.000;0.000;0.000
53061;24.8;26.18;0.000;0.000;0.000;0.000;0.000
53161;24.8;26.18;0.000;0.000;0.000;0.000;0.000
53261;24.8;26.18;0.000;0.000;0.000;0.000;0.000
53361;24.8;26.18;0.000;0.000;0.000;0.000;0.000
53461;24.8;26.18;0.000;0.000;0.000;0.000;0.000
53561;24.8;26.18;0.000;0.000;0.000;0.000;0.000
53661;24.8;26.18;0.000;0.000;0.000;0.000;0.000
53761;24.8;26.18;0.000;0.000;0.000;0.000;0.000
53861;24.8;26.18;0.000;0.000;0.000;0.000;0.000
53961;24.8;26.18;0.000;0.000;0.000;0.000;0.000
54061;24.7;26.18;0.000;0.000;0.000;0.000;0.000
54161;24.7;26.18;0.000;0.000;0.000;0.000;0.000
54261;24.7;26.18;0.000;0.000;0.000;0.000;0.000
54361;24.7;26.18;0.000;0.000;0.000;0.000;0.000
54461;24.7;26.18;0.000;0.000;0.000;0.000;0.000
54561;24.7;26.18;0.000;0.000;0.000;0.000;0.000
54661;24.7;26.18;0.000;0.000;0.000;0.000;0.000
54761;24.7;26.18;0.000;0.000;0.000;0.000;0.000
54861;24.7;26.18;0.000;0.000;0.000;0.000;0.000
54961;24.7;26.18;0.000;0.000;0.000;0.000;0.000
55061;24.8;26.18;0.000;0.000;0.000;0.000;0.000
55161;24.8;26.18;0.000;0.000;0.000;0.000;0.000
55261;24.8;26.18;0.000;0.000;0.000;0.000;0.000
55361;24.8;26.18;0.000;0.000;0.000;0.000;0.000
55461;24.8;26.18;0.000;0.000;0.000;0.000;0.000
55561;24.7;26.18;0.000;0.000;0.000;0.000;0.000
55661;24.7;26.18;0.000;0.000;0.000;0.000;0.000
55761;24.7;26.18;0.000;0.000;0.000;0.000;0.000
55861;24.7;26.18;0.000;0.000;0.000;0.000;0.000
55961;24.7;26.18;0.000;0.000;0.000;0.000;0.000
56061;24.8;26.18;0.000;0.000;0.000;0.000;0.000
56161;24.8;26.18;0.000;0.000;0.000;0.000;0.000
56261;24.7;26.18;0.000;0.000;0.000;0.000;0.000
56361;24.7;26.18;0.000;0.000;0.000;0.000;0.000
56461;24.7;26.18;0.000;0.000;0.000;0.000;0.000
56561;24.7;26.18;0.000;0.000;0.000;0.000;0.000
56661;24.7;26.18;0.000;0.000;0.000;0.000;0.000
56761;24.8;26.18;0.000;0.000;0.000;0.000;0.000
56861;24.8;26.18;0.000;0.000;0.000;0.000;0.000
56961;24.8;26.18;0.000;0.000;0.000;0.000;0.000
57061;24.7;26.18;0.000;0.000;0.000;0.000;0.000
57161;24.7;26.18;0.000;0.000;0.000;0.000;0.000
57261;24.7;26.18;0.000;0.000;0.000;0.000;0.000
57361;24.7;26.18;0.000;0.000;0.000;0.000;0.000
57461;24.7;26.18;0.000;0.000;0.000;0.000;0.000
57561;24.7;26.18;0.000;0.000;0.000;0.000;0.000
57661;24.7;26.18;0.000;0.000;0.000;0.000;0.000
57761;24.8;26.18;0.000;0.000;0.000;0.000;0.000
57861;24.8;26.18;0.000;0.000;0.000;0.000;0.000
57961;24.8;26.18;0.000;0.000;0.000;0.000;0.000
58061;24.8;26.18;0.000;0.000;0.000;0.000;0.000
58161;24.8;26.18;0.000;0.000;0.000;0.000;0.000
58261;24.8;26.18;0.000;0.000;0.000;0.000;0.000
58361;24.8;26.18;0.000;0.000;0.000;0.000;0.000
58461;24.8;26.18;0.000;0.000;0.000;0.000;0.000
58561;24.8;26.18;0.000;0.000;0.000;0.000;0.000
58661;24.8;26.18;0.000;0.000;0.000;0.000;0.000
58761;24.8;26.18;0.000;0.000;0.000;0.000;0.000
58861;24.8;26.18;0.000;0.000;0.000;0.000;0.000
58961;24.8;26.18;0.000;0.000;0.000;0.000;0.000
59061;24.8;26.18;0.000;0.000;0.000;0.000;0.000
59161;24.8;26.18;0.000;0.000;0.000;0.000;0.000
59261;24.8;26.18;0.000;0.000;0.000;0.000;0.000
59361;24.8;26.18;0.000;0.000;0.000;0.000;0.000
59461;24.8;26.18;0.000;0.000;0.000;0.000;0.000
59561;24.8;26.18;0.000;0.000;0.000;0.000;0.000
59661;24.8;26.18;0.000;0.000;0.000;0.000;0.000
59761;24.8;26.18;0.000;0.000;0.000;0.000;0.000
59861;24.8;26.18;0.000;0.000;0.000;0.000;0.000
59961;24.8;26.18;0.000;0.000;0.000;0.000;0.000
60061;24.8;26.18;0.000;0.000;0.000;0.000;0.000
60161;24.8;26.18;0.000;0.000;0.000;0.000;0.000
60261;24.8;26.18;0.000;0.000;0.000;0.000;0.000
60361;24.8;26.18;0.000;0.000;0.000;0.000;0.000
60461;24.8;26.18;0.000;0.000;0.000;0.000;0.000
60561;24.9;26.18;0.000;0.000;0.000;0.000;0.000
60661;24.9;26.18;0.000;0.000;0.000;0.000;0.000
60761;24.7;26.18;0.000;0.000;0.000;0.000;0.000
60861;24.7;26.18;0.000;0.000;0.000;0.000;0.000
60961;24.7;26.18;0.000;0.000;0.000;0.000;0.000
61061;24.7;26.18;0.000;0.000;0.000;0.000;0.000
61161;24.7;26.18;0.000;0.000;0.000;0.000;0.000
61261;24.7;26.18;0.000;0.000;0.000;0.000;0.000
61361;24.7;26.18;0.000;0.000;0.000;0.000;0.000
61461;24.7;26.18;0.000;0.000;0.000;0.000;0.000
61561;24.8;26.18;0.000;0.000;0.000;0.000;0.000
61661;24.8;26.18;0.000;0.000;0.000;0.000;0.000
61761;24.8;26.18;0.000;0.000;0.000;0.000;0.000
61861;24.8;26.18;0.000;0.000;0.000;0.000;0.000
61961;24.8;26.18;0.000;0.000;0.000;0.000;0.000
62061;24.7;26.18;0.000;0.000;0.000;0.000;0.000
62161;24.7;26.18;0.000;0.000;0.000;0.000;0.000
62261;24.7;26.18;0.000;0.000;0.000;0.000;0.000
62361;24.7;26.18;0.000;0.000;0.000;0.000;0.000
62461;24.7;26.18;0.000;0.000;0.000;0.000;0.000
62561;24.8;26.18;0.000;0.000;0.000;0.000;0.000
62661;24.8;26.18;0.000;0.000;0.000;0.000;0.000
62761;24.8;26.18;0.000;0.000;0.000;0.000;0.000
62861;24.8;26.18;0.000;0.000;0.000;0.000;0.000
62961;24.8;26.18;0.000;0.000;0.000;0.000;0.000
63061;24.8;26.18;0.000;0.000;0.000;0.000;0.000
63161;24.8;26.18;0.000;0.000;0.000;0.000;0.000
63261;24.7;26.18;0.000;0.000;0.000;0.000;0.000
63361;24.7;26.18;0.000;0.000;0.000;0.000;0.000
63461;24.7;26.18;0.000;0.000;0.000;0.000;0.000
63561;24.8;26.18;0.000;0.000;0.000;0.000;0.000
63661;24.8;26.18;0.000;0.000;0.000;0.000;0.000
63761;24.7;26.18;0.000;0.000;0.000;0.000;0.000
63861;24.7;26.18;0.000;0.000;0.000;0.000;0.000
63961;24.7;26.18;0.000;0.000;0.000;0.000;0.000
64061;24.6;26.18;0.000;0.000;0.000;0.000;0.000
64161;24.6;26.18;0.000;0.000;0.000;0.000;0.000
64261;24.7;26.18;0.000;0.000;0.000;0.000;0.000
64361;24.7;26.18;0.000;0.000;0.000;0.000;0.000
64461;24.7;26.18;0.000;0.000;0.000;0.000;0.000
64561;24.7;26.18;0.000;0.000;0.000;0.000;0.000
64661;24.7;26.18;0.000;0.000;0.000;0.000;0.000
64761;24.7;26.18;0.000;0.000;0.000;0.000;0.000
64861;24.7;26.18;0.000;0.000;0.000;0.000;0.000
64961;24.7;26.18;0.000;0.000;0.000;0.000;0.000
65061;24.7;26.18;0.000;0.000;0.000;0.000;0.000
65161;24.7;26.18;0.000;0.000;0.000;0.000;0.000
65261;24.8;26.18;0.000;0.000;0.000;0.000;0.000
65361;24.8;26.18;0.000;0.000;0.000;0.000;0.000
65461;24.8;26.18;0.000;0.000;0.000;0.000;0.000
65561;24.8;26.18;0.000;0.000;0.000;0.000;0.000
65661;24.8;26.18;0.000;0.000;0.000;0.000;0.000
65761;24.8;26.18;0.000;0.000;0.000;0.000;0.000
65861;24.8;26.18;0.000;0.000;0.000;0.000;0.000
65961;24.8;26.18;0.000;0.000;0.000;0.000;0.000
66061;24.9;26.18;0.000;0.000;0.000;0.000;0.000
66161;24.9;26.18;0.000;0.000;0.000;0.000;0.000
66261;24.8;26.18;0.000;0.000;0.000;0.000;0.000
66361;24.8;26.18;0.000;0.000;0.000;0.000;0.000
66461;24.8;26.18;0.000;0.000;0.000;0.000;0.000
66561;24.8;26.18;0.000;0.000;0.000;0.000;0.000
66661;24.8;26.18;0.000;0.000;0.000;0.000;0.000
66761;24.8;26.18;0.000;0.000;0.000;0.000;0.000
66861;24.8;26.12;0.000;0.000;0.000;0.000;0.000
66961;24.8;26.12;0.000;0.000;0.000;0.000;0.000
67061;24.8;26.12;0.000;0.000;0.000;0.000;0.000
67161;24.8;26.12;0.000;0.000;0.000;0.000;0.000
67261;24.7;26.12;0.000;0.000;0.000;0.000;0.000
67361;24.7;26.12;0.000;0.000;0.000;0.000;0.000
67461;24.7;26.12;0.000;0.000;0.000;0.000;0.000
67561;24.8;26.12;0.000;0.000;0.000;0.000;0.000
67661;24.8;26.12;0.000;0.000;0.000;0.000;0.000
67761;24.9;26.12;0.000;0.000;0.000;0.000;0.000
67861;24.9;26.18;0.000;0.000;0.000;0.000;0.000
67961;24.9;26.18;0.000;0.000;0.000;0.000;0.000
68061;24.8;26.18;0.000;0.000;0.000;0.000;0.000
68161;24.8;26.18;0.000;0.000;0.000;0.000;0.000
68261;24.8;26.18;0.000;0.000;0.000;0.000;0.000
68361;24.8;26.18;0.000;0.000;0.000;0.000;0.000
68461;24.8;26.18;0.000;0.000;0.000;0.000;0.000
68561;24.9;26.18;0.000;0.000;0.000;0.000;0.000
68661;24.9;26.18;0.000;0.000;0.000;0.000;0.000
68761;24.8;26.18;0.000;0.000;0.000;0.000;0.000
68861;24.8;26.18;0.000;0.000;0.000;0.000;0.000
68961;24.8;26.18;0.000;0.000;0.000;0.000;0.000
69061;24.8;26.18;0.000;0.000;0.000;0.000;0.000
69161;24.8;26.18;0.000;0.000;0.000;0.000;0.000
69261;24.8;26.18;0.000;0.000;0.000;0.000;0.000
69361;24.8;26.18;0.000;0.000;0.000;0.000;0.000
69461;24.8;26.18;0.000;0.000;0.000;0.000;0.000
69561;24.8;26.18;0.000;0.000;0.000;0.000;0.000
69661;24.8;26.18;0.000;0.000;0.000;0.000;0.000
69761;24.8;26.18;0.000;0.000;0.000;0.000;0.000
69861;24.8;26.18;0.000;0.000;0.000;0.000;0.000
69961;24.8;26.18;0.000;0.000;0.000;0.000;0.000
70061;24.8;26.18;0.000;0.000;0.000;0.000;0.000
70161;24.8;26.18;0.000;0.000;0.000;0.000;0.000
70261;24.8;26.18;0.000;0.000;0.000;0.000;0.000
70361;24.8;26.18;0.000;0.000;0.000;0.000;0.000
70461;24.8;26.18;0.000;0.000;0.000;0.000;0.000
70561;24.7;26.18;0.000;0.000;0.000;0.000;0.000
70661;24.7;26.18;0.000;0.000;0.000;0.000;0.000
70761;24.7;26.18;0.000;0.000;0.000;0.000;0.000
70861;24.7;26.18;0.000;0.000;0.000;0.000;0.000
70961;24.7;26.18;0.000;0.000;0.000;0.000;0.000
71061;24.8;26.18;0.000;0.000;0.000;0.000;0.000
71161;24.8;26.18;0.000;0.000;0.000;0.000;0.000
71261;24.8;26.18;0.000;0.000;0.000;0.000;0.000
71361;24.8;26.18;0.000;0.000;0.000;0.000;0.000
71461;24.8;26.18;0.000;0.000;0.000;0.000;0.000
71561;24.7;26.18;0.000;0.000;0.000;0.000;0.000
71661;24.7;26.18;0.000;0.000;0.000;0.000;0.000
71761;24.7;26.18;0.000;0.000;0.000;0.000;0.000
71861;24.7;26.18;0.000;0.000;0.000;0.000;0.000
71961;24.7;26.18;0.000;0.000;0.000;0.000;0.000
72061;24.7;26.18;0.000;0.000;0.000;0.000;0.000
72161;24.7;26.18;0.000;0.000;0.000;0.000;0.000
72261;24.7;26.18;0.000;0.000;0.000;0.000;0.000
72361;24.7;26.18;0.000;0.000;0.000;0.000;0.000
72461;24.7;26.18;0.000;0.000;0.000;0.000;0.000
72561;24.8;26.18;0.000;0.000;0.000;0.000;0.000
72661;24.8;26.18;0.000;0.000;0.000;0.000;0.000
72761;24.7;26.18;0.000;0.000;0.000;0.000;0.000
72861;24.7;26.18;0.000;0.000;0.000;0.000;0.000
72961;24.7;26.18;0.000;0.000;0.000;0.000;0.000
73061;24.8;26.18;0.000;0.000;0.000;0.000;0.000
73161;24.8;26.18;0.000;0.000;0.000;0.000;0.000
73261;24.8;26.18;0.000;0.000;0.000;0.000;0.000
73361;24.8;26.18;0.000;0.000;0.000;0.000;0.000
73461;24.8;26.18;0.000;0.000;0.000;0.000;0.000
73561;24.7;26.18;0.000;0.000;0.000;0.000;0.000
73661;24.7;26.18;0.000;0.000;0.000;0.000;0.000
73761;24.7;26.18;0.000;0.000;0.000;0.000;0.000
73861;24.7;26.18;0.000;0.000;0.000;0.000;0.000
73961;24.7;26.18;0.000;0.000;0.000;0.000;0.000
74061;24.7;26.18;0.000;0.000;0.000;0.000;0.000
74161;24.7;26.18;0.000;0.000;0.000;0.000;0.000
74261;24.7;26.18;0.000;0.000;0.000;0.000;0.000
74361;24.7;26.18;0.000;0.000;0.000;0.000;0.000
74461;24.7;26.18;0.000;0.000;0.000;0.000;0.000
74561;24.8;26.18;0.000;0.000;0.000;0.000;0.000
74661;24.8;26.18;0.000;0.000;0.000;0.000;0.000
74761;24.7;26.18;0.000;0.000;0.000;0.000;0.000
74861;24.7;26.18;0.000;0.000;0.000;0.000;0.000
74961;24.7;26.18;0.000;0.000;0.000;0.000;0.000
75061;24.7;26.18;0.000;0.000;0.000;0.000;0.000
75161;24.7;26.18;0.000;0.000;0.000;0.000;0.000
75261;24.8;26.18;0.000;0.000;0.000;0.000;0.000
75361;24.8;26.18;0.000;0.000;0.000;0.000;0.000
75461;24.8;26.18;0.000;0.000;0.000;0.000;0.000
75561;24.8;26.18;0.000;0.000;0.000;0.000;0.000
75661;24.8;26.18;0.000;0.000;0.000;0.000;0.000
75761;24.8;26.18;0.000;0.000;0.000;0.000;0.000
75861;24.8;26.18;0.000;0.000;0.000;0.000;0.000
75961;24.8;26.18;0.000;0.000;0.000;0.000;0.000
76061;24.8;26.18;0.000;0.000;0.000;0.000;0.000
76161;24.8;26.18;0.000;0.000;0.000;0.000;0.000
76261;24.9;26.18;0.000;0.000;0.000;0.000;0.000
76361;24.9;26.18;0.000;0.000;0.000;0.000;0.000
76461;24.9;26.18;0.000;0.000;0.000;0.000;0.000
76561;24.8;26.18;0.000;0.000;0.000;0.000;0.000
76661;24.8;26.18;0.000;0.000;0.000;0.000;0.000
76761;24.8;26.18;0.000;0.000;0.000;0.000;0.000
76861;24.8;26.18;0.000;0.000;0.000;0.000;0.000
76961;24.8;26.18;0.000;0.000;0.000;0.000;0.000
77061;24.7;26.18;0.000;0.000;0.000;0.000;0.000
77161;24.7;26.18;0.000;0.000;0.000;0.000;0.000
77261;24.6;26.18;0.000;0.000;0.000;0.000;0.000
77361;24.6;26.18;0.000;0.000;0.000;0.000;0.000
77461;24.6;26.18;0.000;0.000;0.000;0.000;0.000
77561;24.6;26.18;0.000;0.000;0.000;0.000;0.000
77661;24.6;26.18;0.000;0.000;0.000;0.000;0.000
77761;24.6;26.18;0.000;0.000;0.000;0.000;0.000
77861;24.6;26.18;0.000;0.000;0.000;0.000;0.000
77961;24.6;26.18;0.000;0.000;0.000;0.000;0.000
78061;24.6;26.18;0.000;0.000;0.000;0.000;0.000
78161;24.6;26.18;0.000;0.000;0.000;0.000;0.000
78261;24.7;26.18;0.000;0.000;0.000;0.000;0.000
78361;24.7;26.18;0.000;0.000;0.000;0.000;0.000
78461;24.7;26.18;0.000;0.000;0.000;0.000;0.000
78561;24.8;26.18;0.000;0.000;0.000;0.000;0.000
78661;24.8;26.18;0.000;0.000;0.000;0.000;0.000
78761;24.8;26.18;0.000;0.000;0.000;0.000;0.000
78861;24.8;26.18;0.000;0.000;0.000;0.000;0.000
78961;24.8;26.18;0.000;0.000;0.000;0.000;0.000
79061;24.7;26.18;0.000;0.000;0.000;0.000;0.000
79161;24.7;26.18;0.000;0.000;0.000;0.000;0.000
79261;24.8;26.18;0.000;0.000;0.000;0.000;0.000
79361;24.8;26.18;0.000;0.000;0.000;0.000;0.000
79461;24.8;26.18;0.000;0.000;0.000;0.000;0.000
79561;24.7;26.18;0.000;0.000;0.000;0.000;0.000
79661;24.7;26.18;0.000;0.000;0.000;0.000;0.000
79761;24.7;26.18;0.000;0.000;0.000;0.000;0.000
79861;24.7;26.18;0.000;0.000;0.000;0.000;0.000
79961;24.7;26.18;0.000;0.000;0.000;0.000;0.000
80061;24.7;26.18;0.000;0.000;0.000;0.000;0.000
80161;24.7;26.18;0.000;0.000;0.000;0.000;0.000
80261;24.6;26.18;0.000;0.000;0.000;0.000;0.000
80361;24.6;26.18;0.000;0.000;0.000;0.000;0.000
80461;24.6;26.18;0.000;0.000;0.000;0.000;0.000
80561;24.8;26.18;0.000;0.000;0.000;0.000;0.000
80661;24.8;26.18;0.000;0.000;0.000;0.000;0.000
80761;24.8;26.18;0.000;0.000;0.000;0.000;0.000
80861;24.8;26.18;0.000;0.000;0.000;0.000;0.000
80961;24.8;26.18;0.000;0.000;0.000;0.000;0.000
81061;24.7;26.18;0.000;0.000;0.000;0.000;0.000
81161;24.7;26.18;0.000;0.000;0.000;0.000;0.000
81261;24.8;26.18;0.000;0.000;0.000;0.000;0.000
81361;24.8;26.18;0.000;0.000;0.000;0.000;0.000
81461;24.8;26.18;0.000;0.000;0.000;0.000;0.000
81561;24.8;26.18;0.000;0.000;0.000;0.000;0.000
81661;24.8;26.18;0.000;0.000;0.000;0.000;0.000
81761;24.8;26.18;0.000;0.000;0.000;0.000;0.000
81861;24.8;26.12;0.000;0.000;0.000;0.000;0.000
81961;24.8;26.12;0.000;0.000;0.000;0.000;0.000
82061;24.8;26.12;0.000;0.000;0.000;0.000;0.000
82161;24.8;26.12;0.000;0.000;0.000;0.000;0.000
82261;24.7;26.12;0.000;0.000;0.000;0.000;0.000
82361;24.7;26.12;0.000;0.000;0.000;0.000;0.000
82461;24.7;26.12;0.000;0.000;0.000;0.000;0.000
82561;24.8;26.12;0.000;0.000;0.000;0.000;0.000
82661;24.8;26.12;0.000;0.000;0.000;0.000;0.000
82761;24.8;26.12;0.000;0.000;0.000;0.000;0.000
82861;24.8;26.12;0.000;0.000;0.000;0.000;0.000
82961;24.8;26.12;0.000;0.000;0.000;0.000;0.000
83061;24.8;26.12;0.000;0.000;0.000;0.000;0.000
83161;24.8;26.12;0.000;0.000;0.000;0.000;0.000
83261;24.8;26.12;0.000;0.000;0.000;0.000;0.000
83361;24.8;26.12;0.000;0.000;0.000;0.000;0.000
83461;24.8;26.12;0.000;0.000;0.000;0.000;0.000
83561;24.8;26.12;0.000;0.000;0.000;0.000;0.000
83661;24.8;26.12;0.000;0.000;0.000;0.000;0.000
83761;24.8;26.12;0.000;0.000;0.000;0.000;0.000
83861;24.8;26.18;0.000;0.000;0.000;0.000;0.000
83961;24.8;26.18;0.000;0.000;0.000;0.000;0.000
84061;24.8;26.18;0.000;0.000;0.000;0.000;0.000
84161;24.8;26.18;0.000;0.000;0.000;0.000;0.000
84261;24.7;26.18;0.000;0.000;0.000;0.000;0.000
84361;24.7;26.18;0.000;0.000;0.000;0.000;0.000
84461;24.7;26.18;0.000;0.000;0.000;0.000;0.000
84561;24.7;26.18;0.000;0.000;0.000;0.000;0.000
84661;24.7;26.18;0.000;0.000;0.000;0.000;0.000
84761;24.7;26.18;0.000;0.000;0.000;0.000;0.000
84861;24.7;26.18;0.000;0.000;0.000;0.000;0.000
84961;24.7;26.18;0.000;0.000;0.000;0.000;0.000
85061;24.8;26.18;0.000;0.000;0.000;0.000;0.000
85161;24.8;26.18;0.000;0.000;0.000;0.000;0.000
85261;24.8;26.18;0.000;0.000;0.000;0.000;0.000
85361;24.8;26.18;0.000;0.000;0.000;0.000;0.000
85461;24.8;26.18;0.000;0.000;0.000;0.000;0.000
85561;24.8;26.18;0.000;0.000;0.000;0.000;0.000
85661;24.8;26.18;0.000;0.000;0.000;0.000;0.000
85761;24.7;26.18;0.000;0.000;0.000;0.000;0.000
85861;24.7;26.12;0.000;0.000;0.000;0.000;0.000
85961;24.7;26.12;0.000;0.000;0.000;0.000;0.000
86061;24.7;26.12;0.000;0.000;0.000;0.000;0.000
86161;24.7;26.12;0.000;0.000;0.000;0.000;0.000
86261;24.8;26.12;0.000;0.000;0.000;0.000;0.000
86361;24.8;26.12;0.000;0.000;0.000;0.000;0.000
86461;24.8;26.12;0.000;0.000;0.000;0.000;0.000
86561;24.8;26.12;0.000;0.000;0.000;0.000;0.000
86661;24.8;26.12;0.000;0.000;0.000;0.000;0.000
86761;24.7;26.12;0.000;0.000;0.000;0.000;0.000
86861;24.7;26.12;0.000;0.000;0.000;0.000;0.000
86961;24.7;26.12;0.000;0.000;0.000;0.000;0.000
87061;24.7;26.12;0.000;0.000;0.000;0.000;0.000
87161;24.7;26.12;0.000;0.000;0.000;0.000;0.000
87261;24.8;26.12;0.000;0.000;0.000;0.000;0.000
87361;24.8;26.12;0.000;0.000;0.000;0.000;0.000
87461;24.8;26.12;0.000;0.000;0.000;0.000;0.000
87561;24.8;26.12;0.000;0.000;0.000;0.000;0.000
87661;24.8;26.12;0.000;0.000;0.000;0.000;0.000
87761;24.8;26.12;0.000;0.000;0.000;0.000;0.000
87861;24.8;26.18;0.000;0.000;0.000;0.000;0.000
87961;24.8;26.18;0.000;0.000;0.000;0.000;0.000
88061;24.8;26.18;0.000;0.000;0.000;0.000;0.000
88161;24.8;26.18;0.000;0.000;0.000;0.000;0.000
88261;24.7;26.18;0.000;0.000;0.000;0.000;0.000
88361;24.7;26.18;0.000;0.000;0.000;0.000;0.000
88461;24.7;26.18;0.000;0.000;0.000;0.000;0.000
88561;24.7;26.18;0.000;0.000;0.000;0.000;0.000
88661;24.7;26.18;0.000;0.000;0.000;0.000;0.000
88761;24.7;26.18;0.000;0.000;0.000;0.000;0.000
88861;24.7;26.12;0.000;0.000;0.000;0.000;0.000
88961;24.7;26.12;0.000;0.000;0.000;0.000;0.000
89061;24.8;26.12;0.000;0.000;0.000;0.000;0.000
89161;24.8;26.12;0.000;0.000;0.000;0.000;0.000
89261;24.9;26.12;0.000;0.000;0.000;0.000;0.000
89361;24.9;26.12;0.000;0.000;0.000;0.000;0.000
89461;24.9;26.12;0.000;0.000;0.000;0.000;0.000
89561;24.8;26.12;0.000;0.000;0.000;0.000;0.000
89661;24.8;26.12;0.000;0.000;0.000;0.000;0.000
89761;24.8;26.12;0.000;0.000;0.000;0.000;0.000
89861;24.8;26.12;0.000;0.000;0.000;0.000;0.000
89961;24.8;26.12;0.000;0.000;0.000;0.000;0.000
90061;24.7;26.12;0.000;0.000;0.000;0.000;0.000
90161;24.7;26.12;0.000;0.000;0.000;0.000;0.000
90261;24.8;26.12;0.000;0.000;0.000;0.000;0.000
90361;24.8;26.12;0.000;0.000;0.000;0.000;0.000
90461;24.8;26.12;0.000;0.000;0.000;0.000;0.000
90561;24.8;26.12;0.000;0.000;0.000;0.000;0.000
90661;24.8;26.12;0.000;0.000;0.000;0.000;0.000
90761;24.8;26.12;0.000;0.000;0.000;0.000;0.000
90861;24.8;26.12;0.000;0.000;0.000;0.000;0.000
90961;24.8;26.12;0.000;0.000;0.000;0.000;0.000
91061;24.8;26.12;0.000;0.000;0.000;0.000;0.000
91161;24.8;26.12;0.000;0.000;0.000;0.000;0.000
91261;24.7;26.12;0.000;0.000;0.000;0.000;0.000
91361;24.7;26.12;0.000;0.000;0.000;0.000;0.000
91461;24.7;26.12;0.000;0.000;0.000;0.000;0.000
91561;24.7;26.12;0.000;0.000;0.000;0.000;0.000
91661;24.7;26.12;0.000;0.000;0.000;0.000;0.000
91761;24.8;26.12;0.000;0.000;0.000;0.000;0.000
91861;24.8;26.18;0.000;0.000;0.000;0.000;0.000
91961;24.8;26.18;0.000;0.000;0.000;0.000;0.000
92061;24.8;26.18;0.000;0.000;0.000;0.000;0.000
92161;24.8;26.18;0.000;0.000;0.000;0.000;0.000
92261;24.8;26.18;0.000;0.000;0.000;0.000;0.000
92361;24.8;26.18;0.000;0.000;0.000;0.000;0.000
92461;24.8;26.18;0.000;0.000;0.000;0.000;0.000
92561;24.8;26.18;0.000;0.000;0.000;0.000;0.000
92661;24.8;26.18;0.000;0.000;0.000;0.000;0.000
92761;24.8;26.18;0.000;0.000;0.000;0.000;0.000
92861;24.8;26.18;0.000;0.000;0.000;0.000;0.000
92961;24.8;26.18;0.000;0.000;0.000;0.000;0.000
93061;24.7;26.18;0.000;0.000;0.000;0.000;0.000
93161;24.7;26.18;0.000;0.000;0.000;0.000;0.000
93261;24.8;26.18;0.000;0.000;0.000;0.000;0.000
93361;24.8;26.18;0.000;0.000;0.000;0.000;0.000
93461;24.8;26.18;0.000;0.000;0.000;0.000;0.000
93561;24.8;26.18;0.000;0.000;0.000;0.000;0.000
93661;24.8;26.18;0.000;0.000;0.000;0.000;0.000
93761;24.7;26.18;0.000;0.000;0.000;0.000;0.000
93861;24.7;26.18;0.000;0.000;0.000;0.000;0.000
93961;24.7;26.18;0.000;0.000;0.000;0.000;0.000
94061;24.8;26.18;0.000;0.000;0.000;0.000;0.000
94161;24.8;26.18;0.000;0.000;0.000;0.000;0.000
94261;24.8;26.18;0.000;0.000;0.000;0.000;0.000
94361;24.8;26.18;0.000;0.000;0.000;0.000;0.000
94461;24.8;26.18;0.000;0.000;0.000;0.000;0.000
94561;24.8;26.18;0.000;0.000;0.000;0.000;0.000
94661;24.8;26.18;0.000;0.000;0.000;0.000;0.000
94761;24.7;26.18;0.000;0.000;0.000;0.000;0.000
94861;24.7;26.18;0.000;0.000;0.000;0.000;0.000
94961;24.7;26.18;0.000;0.000;0.000;0.000;0.000
95061;24.8;26.18;0.000;0.000;0.000;0.000;0.000
95161;24.8;26.18;0.000;0.000;0.000;0.000;0.000
95261;24.8;26.18;0.000;0.000;0.000;0.000;0.000
95361;24.8;26.18;0.000;0.000;0.000;0.000;0.000
95461;24.8;26.18;0.000;0.000;0.000;0.000;0.000
95561;24.7;26.18;0.000;0.000;0.000;0.000;0.000
95661;24.7;26.18;0.000;0.000;0.000;0.000;0.000
95761;24.8;26.18;0.000;0.000;0.000;0.000;0.000
95861;24.8;26.18;0.000;0.000;0.000;0.000;0.000
95961;24.8;26.18;0.000;0.000;0.000;0.000;0.000
96061;24.8;26.18;0.000;0.000;0.000;0.000;0.000
96161;24.8;26.18;0.000;0.000;0.000;0.000;0.000
96261;24.8;26.18;0.000;0.000;0.000;0.000;0.000
96361;24.8;26.18;0.000;0.000;0.000;0.000;0.000
96461;24.8;26.18;0.000;0.000;0.000;0.000;0.000
96561;24.8;26.18;0.000;0.000;0.000;0.000;0.000
96661;24.8;26.18;0.000;0.000;0.000;0.000;0.000
96761;24.7;26.18;0.000;0.000;0.000;0.000;0.000
96861;24.7;26.18;0.000;0.000;0.000;0.000;0.000
96961;24.7;26.18;0.000;0.000;0.000;0.000;0.000
97061;24.6;26.18;0.000;0.000;0.000;0.000;0.000
97161;24.6;26.18;0.000;0.000;0.000;0.000;0.000
97261;24.6;26.18;0.000;0.000;0.000;0.000;0.000
97361;24.6;26.18;0.000;0.000;0.000;0.000;0.000
97461;24.6;26.18;0.000;0.000;0.000;0.000;0.000
97561;24.7;26.18;0.000;0.000;0.000;0.000;0.000
97661;24.7;26.18;0.000;0.000;0.000;0.000;0.000
97761;24.8;26.18;0.000;0.000;0.000;0.000;0.000
97861;24.8;26.18;0.000;0.000;0.000;0.000;0.000
97961;24.8;26.18;0.000;0.000;0.000;0.000;0.000
98061;24.8;26.18;0.000;0.000;0.000;0.000;0.000
98161;24.8;26.18;0.000;0.000;0.000;0.000;0.000
98261;24.8;26.18;0.000;0.000;0.000;0.000;0.000
98361;24.8;26.18;0.000;0.000;0.000;0.000;0.000
98461;24.8;26.18;0.000;0.000;0.000;0.000;0.000
98561;24.8;26.18;0.000;0.000;0.000;0.000;0.000
98661;24.8;26.18;0.000;0.000;0.000;0.000;0.000
98761;24.8;26.18;0.000;0.000;0.000;0.000;0.000
98861;24.8;26.18;0.000;0.000;0.000;0.000;0.000
98961;24.8;26.18;0.000;0.000;0.000;0.000;0.000
99061;24.8;26.18;0.000;0.000;0.000;0.000;0.000
99161;24.8;26.18;0.000;0.000;0.000;0.000;0.000
99261;24.8;26.18;0.000;0.000;0.000;0.000;0.000
99361;24.8;26.18;0.000;0.000;0.000;0.000;0.000
99461;24.8;26.18;0.000;0.000;0.000;0.000;0.000
99561;24.8;26.18;0.000;0.000;0.000;0.000;0.000
99661;24.8;26.18;0.000;0.000;0.000;0.000;0.000
99761;24.8;26.18;0.000;0.000;0.000;0.000;0.000
99861;24.8;26.18;0.000;0.000;0.000;0.000;0.000
99961;24.8;26.18;0.000;0.000;0.000;0.000;0.000
100061;24.8;26.18;0.000;0.000;0.000;0.000;0.000
100161;24.8;26.18;0.000;0.000;0.000;0.000;0.000
100261;24.8;26.18;0.000;0.000;0.000;0.000;0.000
100361;24.8;26.18;0.000;0.000;0.000;0.000;0.000
100461;24.8;26.18;0.000;0.000;0.000;0.000;0.000
100561;24.8;26.18;0.000;0.000;0.000;0.000;0.000
100661;24.8;26.18;0.000;0.000;0.000;0.000;0.000
100761;24.8;26.18;0.000;0.000;0.000;0.000;0.000
100861;24.8;26.18;0.000;0.000;0.000;0.000;0.000
100961;24.8;26.18;0.000;0.000;0.000;0.000;0.000
101061;24.8;26.18;0.000;0.000;0.000;0.000;0.000
101161;24.8;26.18;0.000;0.000;0.000;0.000;0.000
101261;24.9;26.18;0.000;0.000;0.000;0.000;0.000
101361;24.9;26.18;0.000;0.000;0.000;0.000;0.000
101461;24.9;26.18;0.000;0.000;0.000;0.000;0.000
101561;24.8;26.18;0.000;0.000;0.000;0.000;0.000
101661;24.8;26.18;0.000;0.000;0.000;0.000;0.000
101761;24.8;26.18;0.000;0.000;0.000;0.000;0.000
101861;24.8;26.18;0.000;0.000;0.000;0.000;0.000
101961;24.8;26.18;0.000;0.000;0.000;0.000;0.000
102061;24.8;26.18;0.000;0.000;0.000;0.000;0.000
102161;24.8;26.18;0.000;0.000;0.000;0.000;0.000
102261;24.8;26.18;0.000;0.000;0.000;0.000;0.000
102361;24.8;26.18;0.000;0.000;0.000;0.000;0.000
102461;24.8;26.18;0.000;0.000;0.000;0.000;0.000
102561;24.8;26.18;0.000;0.000;0.000;0.000;0.000
102661;24.8;26.18;0.000;0.000;0.000;0.000;0.000
102761;24.8;26.18;0.000;0.000;0.000;0.000;0.000
102861;24.8;26.12;0.000;0.000;0.000;0.000;0.000
102961;24.8;26.12;0.000;0.000;0.000;0.000;0.000
103061;24.8;26.12;0.000;0.000;0.000;0.000;0.000
103161;24.8;26.12;0.000;0.000;0.000;0.000;0.000
103261;24.7;26.12;0.000;0.000;0.000;0.000;0.000
103361;24.7;26.12;0.000;0.000;0.000;0.000;0.000
103461;24.7;26.12;0.000;0.000;0.000;0.000;0.000
103561;24.7;26.12;0.000;0.000;0.000;0.000;0.000
103661;24.7;26.12;0.000;0.000;0.000;0.000;0.000
103761;24.6;26.12;0.000;0.000;0.000;0.000;0.000
103861;24.6;26.12;0.000;0.000;0.000;0.000;0.000
103961;24.6;26.12;0.000;0.000;0.000;0.000;0.000
104061;24.6;26.12;0.000;0.000;0.000;0.000;0.000
104161;24.6;26.12;0.000;0.000;0.000;0.000;0.000
104261;24.8;26.12;0.000;0.000;0.000;0.000;0.000
104361;24.8;26.12;0.000;0.000;0.000;0.000;0.000
104461;24.8;26.12;0.000;0.000;0.000;0.000;0.000
104561;24.8;26.12;0.000;0.000;0.000;0.000;0.000
104661;24.8;26.12;0.000;0.000;0.000;0.000;0.000
104761;24.8;26.12;0.000;0.000;0.000;0.000;0.000
104861;24.8;26.18;0.000;0.000;0.000;0.000;0.000
104961;24.8;26.18;0.000;0.000;0.000;0.000;0.000
105061;24.8;26.18;0.000;0.000;0.000;0.000;0.000
105161;24.8;26.18;0.000;0.000;0.000;0.000;0.000
105261;24.8;26.18;0.000;0.000;0.000;0.000;0.000
105361;24.8;26.18;0.000;0.000;0.000;0.000;0.000
105461;24.8;26.18;0.000;0.000;0.000;0.000;0.000
105561;24.8;26.18;0.000;0.000;0.000;0.000;0.000
105661;24.8;26.18;0.000;0.000;0.000;0.000;0.000
105761;24.8;26.18;0.000;0.000;0.000;0.000;0.000
105861;24.8;26.18;0.000;0.000;0.000;0.000;0.000
105961;24.8;26.18;0.000;0.000;0.000;0.000;0.000
106061;24.8;26.18;0.000;0.000;0.000;0.000;0.000
106161;24.8;26.18;0.000;0.000;0.000;0.000;0.000
106261;24.8;26.18;0.000;0.000;0.000;0.000;0.000
106361;24.8;26.18;0.000;0.000;0.000;0.000;0.000
106461;24.8;26.18;0.000;0.000;0.000;0.000;0.000
106561;24.8;26.18;0.000;0.000;0.000;0.000;0.000
106661;24.8;26.18;0.000;0.000;0.000;0.000;0.000
106761;24.8;26.18;0.000;0.000;0.000;0.000;0.000
106861;24.8;26.18;0.000;0.000;0.000;0.000;0.000
106961;24.8;26.18;0.000;0.000;0.000;0.000;0.000
107061;24.8;26.18;0.000;0.000;0.000;0.000;0.000
107161;24.8;26.18;0.000;0.000;0.000;0.000;0.000
107261;24.9;26.18;0.000;0.000;0.000;0.000;0.000
107361;24.9;26.18;0.000;0.000;0.000;0.000;0.000
107461;24.9;26.18;0.000;0.000;0.000;0.000;0.000
107561;24.8;26.18;0.000;0.000;0.000;0.000;0.000
107661;24.8;26.18;0.000;0.000;0.000;0.000;0.000
107761;24.8;26.18;0.000;0.000;0.000;0.000;0.000
107861;24.8;26.18;0.000;0.000;0.000;0.000;0.000
107961;24.8;26.18;0.000;0.000;0.000;0.000;0.000
108061;24.7;26.18;0.000;0.000;0.000;0.000;0.000
108161;24.7;26.18;0.000;0.000;0.000;0.000;0.000
108261;24.6;26.18;0.000;0.000;0.000;0.000;0.000
108361;24.6;26.18;0.000;0.000;0.000;0.000;0.000
108461;24.6;26.18;0.000;0.000;0.000;0.000;0.000
108561;24.7;26.18;0.000;0.000;0.000;0.000;0.000
108661;24.7;26.18;0.000;0.000;0.000;0.000;0.000
108761;24.8;26.18;0.000;0.000;0.000;0.000;0.000
108861;24.8;26.18;0.000;0.000;0.000;0.000;0.000
108961;24.8;26.18;0.000;0.000;0.000;0.000;0.000
109061;24.7;26.18;0.000;0.000;0.000;0.000;0.000
109161;24.7;26.18;0.000;0.000;0.000;0.000;0.000
109261;24.9;26.18;0.000;0.000;0.000;0.000;0.000
109361;24.9;26.18;0.000;0.000;0.000;0.000;0.000
109461;24.9;26.18;0.000;0.000;0.000;0.000;0.000
109561;24.9;26.18;0.000;0.000;0.000;0.000;0.000
109661;24.9;26.18;0.000;0.000;0.000;0.000;0.000
109761;24.8;26.18;0.000;0.000;0.000;0.000;0.000
109861;24.8;26.18;0.000;0.000;0.000;0.000;0.000
109961;24.8;26.18;0.000;0.000;0.000;0.000;0.000
110061;24.8;26.18;0.000;0.000;0.000;0.000;0.000
110161;24.8;26.18;0.000;0.000;0.000;0.000;0.000
110261;24.8;26.18;0.000;0.000;0.000;0.000;0.000
110361;24.8;26.18;0.000;0.000;0.000;0.000;0.000
110461;24.8;26.18;0.000;0.000;0.000;0.000;0.000
110561;24.8;26.18;0.000;0.000;0.000;0.000;0.000
110661;24.8;26.18;0.000;0.000;0.000;0.000;0.000
110761;24.8;26.18;0.000;0.000;0.000;0.000;0.000
110861;24.8;26.18;0.000;0.000;0.000;0.000;0.000
110961;24.8;26.18;0.000;0.000;0.000;0.000;0.000
111061;24.8;26.18;0.000;0.000;0.000;0.000;0.000
111161;24.8;26.18;0.000;0.000;0.000;0.000;0.000
111261;24.8;26.18;0.000;0.000;0.000;0.000;0.000
111361;24.8;26.18;0.000;0.000;0.000;0.000;0.000
111461;24.8;26.18;0.000;0.000;0.000;0.000;0.000
111561;24.8;26.18;0.000;0.000;0.000;0.000;0.000
111661;24.8;26.18;0.000;0.000;0.000;0.000;0.000
111761;24.8;26.18;0.000;0.000;0.000;0.000;0.000
111861;24.8;26.18;0.000;0.000;0.000;0.000;0.000
111961;24.8;26.18;0.000;0.000;0.000;0.000;0.000
112061;24.8;26.18;0.000;0.000;0.000;0.000;0.000
112161;24.8;26.18;0.000;0.000;0.000;0.000;0.000
112261;24.8;26.18;0.000;0.000;0.000;0.000;0.000
112361;24.8;26.18;0.000;0.000;0.000;0.000;0.000
112461;24.8;26.18;0.000;0.000;0.000;0.000;0.000
112561;24.8;26.18;0.000;0.000;0.000;0.000;0.000
112661;24.8;26.18;0.000;0.000;0.000;0.000;0.000
112761;24.8;26.18;0.000;0.000;0.000;0.000;0.000
112861;24.8;26.18;0.000;0.000;0.000;0.000;0.000
112961;24.8;26.18;0.000;0.000;0.000;0.000;0.000
113061;24.8;26.18;0.000;0.000;0.000;0.000;0.000
113161;24.8;26.18;0.000;0.000;0.000;0.000;0.000
113261;24.8;26.18;0.000;0.000;0.000;0.000;0.000
113361;24.8;26.18;0.000;0.000;0.000;0.000;0.000
113461;24.8;26.18;0.000;0.000;0.000;0.000;0.000
113561;24.8;26.18;0.000;0.000;0.000;0.000;0.000
113661;24.8;26.18;0.000;0.000;0.000;0.000;0.000
113761;24.8;26.18;0.000;0.000;0.000;0.000;0.000
113861;24.8;26.12;0.000;0.000;0.000;0.000;0.000
113961;24.8;26.12;0.000;0.000;0.000;0.000;0.000
114061;24.8;26.12;0.000;0.000;0.000;0.000;0.000
114161;24.8;26.12;0.000;0.000;0.000;0.000;0.000
114261;24.8;26.12;0.000;0.000;0.000;0.000;0.000
114361;24.8;26.12;0.000;0.000;0.000;0.000;0.000
114461;24.8;26.12;0.000;0.000;0.000;0.000;0.000
114561;24.8;26.12;0.000;0.000;0.000;0.000;0.000
114661;24.8;26.12;0.000;0.000;0.000;0.000;0.000
114761;24.7;26.12;0.000;0.000;0.000;0.000;0.000
114861;24.7;26.18;0.000;0.000;0.000;0.000;0.000
114961;24.7;26.18;0.000;0.000;0.000;0.000;0.000
115061;24.8;26.18;0.000;0.000;0.000;0.000;0.000
115161;24.8;26.18;0.000;0.000;0.000;0.000;0.000
115261;24.8;26.18;0.000;0.000;0.000;0.000;0.000
115361;24.8;26.18;0.000;0.000;0.000;0.000;0.000
115461;24.8;26.18;0.000;0.000;0.000;0.000;0.000
115561;24.8;26.18;0.000;0.000;0.000;0.000;0.000
115661;24.8;26.18;0.000;0.000;0.000;0.000;0.000
115761;24.8;26.18;0.000;0.000;0.000;0.000;0.000
115861;24.8;26.18;0.000;0.000;0.000;0.000;0.000
115961;24.8;26.18;0.000;0.000;0.000;0.000;0.000
116061;24.8;26.18;0.000;0.000;0.000;0.000;0.000
116161;24.8;26.18;0.000;0.000;0.000;0.000;0.000
116261;24.8;26.18;0.000;0.000;0.000;0.000;0.000
116361;24.8;26.18;0.000;0.000;0.000;0.000;0.000
116461;24.8;26.18;0.000;0.000;0.000;0.000;0.000
116561;24.8;26.18;0.000;0.000;0.000;0.000;0.000
116661;24.8;26.18;0.000;0.000;0.000;0.000;0.000
116761;24.8;26.18;0.000;0.000;0.000;0.000;0.000
116861;24.8;26.12;0.000;0.000;0.000;0.000;0.000
116961;24.8;26.12;0.000;0.000;0.000;0.000;0.000
117061;24.8;26.12;0.000;0.000;0.000;0.000;0.000
117161;24.8;26.12;0.000;0.000;0.000;0.000;0.000
117261;24.8;26.12;0.000;0.000;0.000;0.000;0.000
117361;24.8;26.12;0.000;0.000;0.000;0.000;0.000
117461;24.8;26.12;0.000;0.000;0.000;0.000;0.000
117561;24.8;26.12;0.000;0.000;0.000;0.000;0.000
117661;24.8;26.12;0.000;0.000;0.000;0.000;0.000
117761;24.8;26.12;0.000;0.000;0.000;0.000;0.000
117861;24.8;26.18;0.000;0.000;0.000;0.000;0.000
117961;24.8;26.18;0.000;0.000;0.000;0.000;0.000
118061;24.8;26.18;0.000;0.000;0.000;0.000;0.000
118161;24.8;26.18;0.000;0.000;0.000;0.000;0.000
118261;24.8;26.18;0.000;0.000;0.000;0.000;0.000
118361;24.8;26.18;0.000;0.000;0.000;0.000;0.000
118461;24.8;26.18;0.000;0.000;0.000;0.000;0.000
118561;24.9;26.18;0.000;0.000;0.000;0.000;0.000
118661;24.9;26.18;0.000;0.000;0.000;0.000;0.000
118761;24.9;26.18;0.000;0.000;0.000;0.000;0.000
118861;24.9;26.18;0.000;0.000;0.000;0.000;0.000
118961;24.9;26.18;0.000;0.000;0.000;0.000;0.000
119061;24.8;26.18;0.000;0.000;0.000;0.000;0.000
119161;24.8;26.18;0.000;0.000;0.000;0.000;0.000
119261;24.8;26.18;0.000;0.000;0.000;0.000;0.000
119361;24.8;26.18;0.000;0.000;0.000;0.000;0.000
119461;24.8;26.18;0.000;0.000;0.000;0.000;0.000
119561;24.8;26.18;0.000;0.000;0.000;0.000;0.000
119661;24.8;26.18;0.000;0.000;0.000;0.000;0.000
119761;24.9;26.18;0.000;0.000;0.000;0.000;0.000
119861;24.9;26.18;0.000;0.000;0.000;0.000;0.000
119961;24.9;26.18;0.000;0.000;0.000;0.000;0.000
120061;24.9;26.18;0.000;0.000;0.000;0.000;0.000
120161;24.9;26.18;0.000;0.000;0.000;0.000;0.000
120261;24.8;26.18;0.000;0.000;0.000;0.000;0.000
120361;24.8;26.18;0.000;0.000;0.000;0.000;0.000
120461;24.8;26.18;0.000;0.000;0.000;0.000;0.000
120561;24.9;26.18;0.000;0.000;0.000;0.000;0.000
120661;24.9;26.18;0.000;0.000;0.000;0.000;0.000
120761;24.9;26.18;0.000;0.000;0.000;0.000;0.000
120861;24.9;26.18;0.000;0.000;0.000;0.000;0.000
120961;24.9;26.18;0.000;0.000;0.000;0.000;0.000
121061;24.8;26.18;0.000;0.000;0.000;0.000;0.000
121161;24.8;26.18;0.000;0.000;0.000;0.000;0.000
121261;24.8;26.18;0.000;0.000;0.000;0.000;0.000
121361;24.8;26.18;0.000;0.000;0.000;0.000;0.000
121461;24.8;26.18;0.000;0.000;0.000;0.000;0.000
121561;24.8;26.18;0.000;0.000;0.000;0.000;0.000
121661;24.8;26.18;0.000;0.000;0.000;0.000;0.000
121761;24.8;26.18;0.000;0.000;0.000;0.000;0.000
121861;24.8;26.18;0.000;0.000;0.000;0.000;0.000
121961;24.8;26.18;0.000;0.000;0.000;0.000;0.000
122061;24.9;26.18;0.000;0.000;0.000;0.000;0.000
122161;24.9;26.18;0.000;0.000;0.000;0.000;0.000
122261;24.9;26.18;0.000;0.000;0.000;0.000;0.000
122361;24.9;26.18;0.000;0.000;0.000;0.000;0.000
122461;24.9;26.18;0.000;0.000;0.000;0.000;0.000
122561;24.9;26.18;0.000;0.000;0.000;0.000;0.000
122661;24.9;26.18;0.000;0.000;0.000;0.000;0.000
122761;24.9;26.18;0.000;0.000;0.000;0.000;0.000
122861;24.9;26.18;0.000;0.000;0.000;0.000;0.000
122961;24.9;26.18;0.000;0.000;0.000;0.000;0.000
123061;25.0;26.18;0.000;0.000;0.000;0.000;0.000
123161;25.0;26.18;0.000;0.000;0.000;0.000;0.000
123261;24.8;26.18;0.000;0.000;0.000;0.000;0.000
123361;24.8;26.18;0.000;0.000;0.000;0.000;0.000
123461;24.8;26.18;0.000;0.000;0.000;0.000;0.000
123561;25.0;26.18;0.000;0.000;0.000;0.000;0.000
123661;25.0;26.18;0.000;0.000;0.000;0.000;0.000
123761;25.0;26.18;0.000;0.000;0.000;0.000;0.000
123861;25.0;26.18;0.000;0.000;0.000;0.000;0.000
123961;25.0;26.18;0.000;0.000;0.000;0.000;0.000
124061;24.9;26.18;0.000;0.000;0.000;0.000;0.000
124161;24.9;26.18;0.000;0.000;0.000;0.000;0.000
124261;24.9;26.18;0.000;0.000;0.000;0.000;0.000
124361;24.9;26.18;0.000;0.000;0.000;0.000;0.000
124461;24.9;26.18;0.000;0.000;0.000;0.000;0.000
124561;24.8;26.18;0.000;0.000;0.000;0.000;0.000
124661;24.8;26.18;0.000;0.000;0.000;0.000;0.000
124761;24.8;26.18;0.000;0.000;0.000;0.000;0.000
124861;24.8;26.18;0.000;0.000;0.000;0.000;0.000
124961;24.8;26.18;0.000;0.000;0.000;0.000;0.000
125061;24.9;26.18;0.000;0.000;0.000;0.000;0.000
125161;24.9;26.18;0.000;0.000;0.000;0.000;0.000
125261;24.9;26.18;0.000;0.000;0.000;0.000;0.000
125361;24.9;26.18;0.000;0.000;0.000;0.000;0.000
125461;24.9;26.18;0.000;0.000;0.000;0.000;0.000
125561;24.9;26.18;0.000;0.000;0.000;0.000;0.000
125661;24.9;26.18;0.000;0.000;0.000;0.000;0.000
125761;24.9;26.18;0.000;0.000;0.000;0.000;0.000
125861;24.9;26.18;0.000;0.000;0.000;0.000;0.000
125961;24.9;26.18;0.000;0.000;0.000;0.000;0.000
126061;24.9;26.18;0.000;0.000;0.000;0.000;0.000
126161;24.9;26.18;0.000;0.000;0.000;0.000;0.000
126261;24.9;26.18;0.000;0.000;0.000;0.000;0.000
126361;24.9;26.18;0.000;0.000;0.000;0.000;0.000
126461;24.9;26.18;0.000;0.000;0.000;0.000;0.000
126561;24.8;26.18;0.000;0.000;0.000;0.000;0.000
126661;24.8;26.18;0.000;0.000;0.000;0.000;0.000
126761;24.7;26.18;0.000;0.000;0.000;0.000;0.000
126861;24.7;26.18;0.000;0.000;0.000;0.000;0.000
126961;24.7;26.18;0.000;0.000;0.000;0.000;0.000
127061;24.8;26.18;0.000;0.000;0.000;0.000;0.000
127161;24.8;26.18;0.000;0.000;0.000;0.000;0.000
127261;24.9;26.18;0.000;0.000;0.000;0.000;0.000
127361;24.9;26.18;0.000;0.000;0.000;0.000;0.000
127461;24.9;26.18;0.000;0.000;0.000;0.000;0.000
127561;24.9;26.18;0.000;0.000;0.000;0.000;0.000
127661;24.9;26.18;0.000;0.000;0.000;0.000;0.000
127761;25.0;26.18;0.000;0.000;0.000;0.000;0.000
127861;25.0;26.18;0.000;0.000;0.000;0.000;0.000
127961;25.0;26.18;0.000;0.000;0.000;0.000;0.000
128061;25.0;26.18;0.000;0.000;0.000;0.000;0.000
128161;25.0;26.18;0.000;0.000;0.000;0.000;0.000
128261;24.9;26.18;0.000;0.000;0.000;0.000;0.000
128361;24.9;26.18;0.000;0.000;0.000;0.000;0.000
128461;24.9;26.18;0.000;0.000;0.000;0.000;0.000
128561;24.8;26.18;0.000;0.000;0.000;0.000;0.000
128661;24.8;26.18;0.000;0.000;0.000;0.000;0.000
128761;24.8;26.18;0.000;0.000;0.000;0.000;0.000
128861;24.8;26.18;0.000;0.000;0.000;0.000;0.000
128961;24.8;26.18;0.000;0.000;0.000;0.000;0.000
129061;24.8;26.18;0.000;0.000;0.000;0.000;0.000
129161;24.8;26.18;0.000;0.000;0.000;0.000;0.000
129261;24.8;26.18;0.000;0.000;0.000;0.000;0.000
129361;24.8;26.18;0.000;0.000;0.000;0.000;0.000
129461;24.8;26.18;0.000;0.000;0.000;0.000;0.000
129561;24.8;26.18;0.000;0.000;0.000;0.000;0.000
129661;24.8;26.18;0.000;0.000;0.000;0.000;0.000
129761;24.9;26.18;0.000;0.000;0.000;0.000;0.000
129861;24.9;26.18;0.000;0.000;0.000;0.000;0.000
129961;24.9;26.18;0.000;0.000;0.000;0.000;0.000
130061;24.9;26.18;0.000;0.000;0.000;0.000;0.000
130161;24.9;26.18;0.000;0.000;0.000;0.000;0.000
130261;24.9;26.18;0.000;0.000;0.000;0.000;0.000
130361;24.9;26.18;0.000;0.000;0.000;0.000;0.000
130461;24.9;26.18;0.000;0.000;0.000;0.000;0.000
130561;25.0;26.18;0.000;0.000;0.000;0.000;0.000
130661;25.0;26.18;0.000;0.000;0.000;0.000;0.000
130761;24.9;26.18;0.000;0.000;0.000;0.000;0.000
130861;24.9;26.18;0.000;0.000;0.000;0.000;0.000
130961;24.9;26.18;0.000;0.000;0.000;0.000;0.000
131061;24.8;26.18;0.000;0.000;0.000;0.000;0.000
131161;24.8;26.18;0.000;0.000;0.000;0.000;0.000
131261;24.9;26.18;0.000;0.000;0.000;0.000;0.000
131361;24.9;26.18;0.000;0.000;0.000;0.000;0.000
131461;24.9;26.18;0.000;0.000;0.000;0.000;0.000
131561;24.9;26.18;0.000;0.000;0.000;0.000;0.000
131661;24.9;26.18;0.000;0.000;0.000;0.000;0.000
131761;24.9;26.18;0.000;0.000;0.000;0.000;0.000
131861;24.9;26.18;0.000;0.000;0.000;0.000;0.000
131961;24.9;26.18;0.000;0.000;0.000;0.000;0.000
132061;24.9;26.18;0.000;0.000;0.000;0.000;0.000
132161;24.9;26.18;0.000;0.000;0.000;0.000;0.000
132261;24.9;26.18;0.000;0.000;0.000;0.000;0.000
132361;24.9;26.18;0.000;0.000;0.000;0.000;0.000
132461;24.9;26.18;0.000;0.000;0.000;0.000;0.000
132561;24.9;26.18;0.000;0.000;0.000;0.000;0.000
132661;24.9;26.18;0.000;0.000;0.000;0.000;0.000
132761;24.8;26.18;0.000;0.000;0.000;0.000;0.000
132861;24.8;26.18;0.000;0.000;0.000;0.000;0.000
132961;24.8;26.18;0.000;0.000;0.000;0.000;0.000
133061;24.8;26.18;0.000;0.000;0.000;0.000;0.000
133161;24.8;26.18;0.000;0.000;0.000;0.000;0.000
133261;24.9;26.18;0.000;0.000;0.000;0.000;0.000
133361;24.9;26.18;0.000;0.000;0.000;0.000;0.000
133461;24.9;26.18;0.000;0.000;0.000;0.000;0.000
133561;24.9;26.18;0.000;0.000;0.000;0.000;0.000
133661;24.9;26.18;0.000;0.000;0.000;0.000;0.000
133761;24.8;26.18;0.000;0.000;0.000;0.000;0.000
133861;24.8;26.18;0.000;0.000;0.000;0.000;0.000
133961;24.8;26.18;0.000;0.000;0.000;0.000;0.000
134061;24.8;26.18;0.000;0.000;0.000;0.000;0.000
134161;24.8;26.18;0.000;0.000;0.000;0.000;0.000
134261;24.8;26.18;0.000;0.000;0.000;0.000;0.000
134361;24.8;26.18;0.000;0.000;0.000;0.000;0.000
134461;24.8;26.18;0.000;0.000;0.000;0.000;0.000
134561;24.8;26.18;0.000;0.000;0.000;0.000;0.000
134661;24.8;26.18;0.000;0.000;0.000;0.000;0.000
134761;24.8;26.18;0.000;0.000;0.000;0.000;0.000
134861;24.8;26.18;0.000;0.000;0.000;0.000;0.000
134961;24.8;26.18;0.000;0.000;0.000;0.000;0.000
135061;24.9;26.18;0.000;0.000;0.000;0.000;0.000
135161;24.9;26.18;0.000;0.000;0.000;0.000;0.000
135261;24.9;26.18;0.000;0.000;0.000;0.000;0.000
135361;24.9;26.18;0.000;0.000;0.000;0.000;0.000
135461;24.9;26.18;0.000;0.000;0.000;0.000;0.000
135561;24.8;26.18;0.000;0.000;0.000;0.000;0.000
135661;24.8;26.18;0.000;0.000;0.000;0.000;0.000
135761;24.8;26.18;0.000;0.000;0.000;0.000;0.000
135861;24.8;26.18;0.000;0.000;0.000;0.000;0.000
135961;24.8;26.18;0.000;0.000;0.000;0.000;0.000
136061;24.8;26.18;0.000;0.000;0.000;0.000;0.000
136161;24.8;26.18;0.000;0.000;0.000;0.000;0.000
136261;24.8;26.18;0.000;0.000;0.000;0.000;0.000
136361;24.8;26.18;0.000;0.000;0.000;0.000;0.000
136461;24.8;26.18;0.000;0.000;0.000;0.000;0.000
136561;24.9;26.18;0.000;0.000;0.000;0.000;0.000
136661;24.9;26.18;0.000;0.000;0.000;0.000;0.000
136761;24.9;26.18;0.000;0.000;0.000;0.000;0.000
136861;24.9;26.18;0.000;0.000;0.000;0.000;0.000
136961;24.9;26.18;0.000;0.000;0.000;0.000;0.000
137061;24.9;26.18;0.000;0.000;0.000;0.000;0.000
137161;24.9;26.18;0.000;0.000;0.000;0.000;0.000
137261;24.9;26.18;0.000;0.000;0.000;0.000;0.000
137361;24.9;26.18;0.000;0.000;0.000;0.000;0.000
137461;24.9;26.18;0.000;0.000;0.000;0.000;0.000
137561;24.8;26.18;0.000;0.000;0.000;0.000;0.000
137661;24.8;26.18;0.000;0.000;0.000;0.000;0.000
137761;24.8;26.18;0.000;0.000;0.000;0.000;0.000
137861;24.8;26.18;0.000;0.000;0.000;0.000;0.000
137961;24.8;26.18;0.000;0.000;0.000;0.000;0.000
138061;24.8;26.18;0.000;0.000;0.000;0.000;0.000
138161;24.8;26.18;0.000;0.000;0.000;0.000;0.000
138261;24.8;26.18;0.000;0.000;0.000;0.000;0.000
138361;24.8;26.18;0.000;0.000;0.000;0.000;0.000
138461;24.8;26.18;0.000;0.000;0.000;0.000;0.000
138561;24.8;26.18;0.000;0.000;0.000;0.000;0.000
138661;24.8;26.18;0.000;0.000;0.000;0.000;0.000
138761;24.8;26.18;0.000;0.000;0.000;0.000;0.000
138861;24.8;26.18;0.000;0.000;0.000;0.000;0.000
138961;24.8;26.18;0.000;0.000;0.000;0.000;0.000
139061;24.9;26.18;0.000;0.000;0.000;0.000;0.000
139161;24.9;26.18;0.000;0.000;0.000;0.000;0.000
139261;24.8;26.18;0.000;0.000;0.000;0.000;0.000
139361;24.8;26.18;0.000;0.000;0.000;0.000;0.000
139461;24.8;26.18;0.000;0.000;0.000;0.000;0.000
139561;24.8;26.18;0.000;0.000;0.000;0.000;0.000
139661;24.8;26.18;0.000;0.000;0.000;0.000;0.000
139761;24.8;26.18;0.000;0.000;0.000;0.000;0.000
139861;24.8;26.18;0.000;0.000;0.000;0.000;0.000
139961;24.8;26.18;0.000;0.000;0.000;0.000;0.000
140061;24.9;26.18;0.000;0.000;0.000;0.000;0.000
140161;24.9;26.18;0.000;0.000;0.000;0.000;0.000
140261;24.8;26.18;0.000;0.000;0.000;0.000;0.000
140361;24.8;26.18;0.000;0.000;0.000;0.000;0.000
140461;24.8;26.18;0.000;0.000;0.000;0.000;0.000
140561;24.8;26.18;0.000;0.000;0.000;0.000;0.000
140661;24.8;26.18;0.000;0.000;0.000;0.000;0.000
140761;24.8;26.18;0.000;0.000;0.000;0.000;0.000
140861;24.8;26.18;0.000;0.000;0.000;0.000;0.000
140961;24.8;26.18;0.000;0.000;0.000;0.000;0.000
141061;24.8;26.18;0.000;0.000;0.000;0.000;0.000
141161;24.8;26.18;0.000;0.000;0.000;0.000;0.000
141261;24.9;26.18;0.000;0.000;0.000;0.000;0.000
141361;24.9;26.18;0.000;0.000;0.000;0.000;0.000
141461;24.9;26.18;0.000;0.000;0.000;0.000;0.000
141561;24.9;26.18;0.000;0.000;0.000;0.000;0.000
141661;24.9;26.18;0.000;0.000;0.000;0.000;0.000
141761;24.7;26.18;0.000;0.000;0.000;0.000;0.000
141861;24.7;26.18;0.000;0.000;0.000;0.000;0.000
141961;24.7;26.18;0.000;0.000;0.000;0.000;0.000
142061;24.7;26.18;0.000;0.000;0.000;0.000;0.000
142161;24.7;26.18;0.000;0.000;0.000;0.000;0.000
142261;24.7;26.18;0.000;0.000;0.000;0.000;0.000
142361;24.7;26.18;0.000;0.000;0.000;0.000;0.000
142461;24.7;26.18;0.000;0.000;0.000;0.000;0.000
142561;24.8;26.18;0.000;0.000;0.000;0.000;0.000
142661;24.8;26.18;0.000;0.000;0.000;0.000;0.000
142761;24.9;26.18;0.000;0.000;0.000;0.000;0.000
142861;24.9;26.18;0.000;0.000;0.000;0.000;0.000
142961;24.9;26.18;0.000;0.000;0.000;0.000;0.000
143061;24.9;26.18;0.000;0.000;0.000;0.000;0.000
143161;24.9;26.18;0.000;0.000;0.000;0.000;0.000
143261;24.8;26.18;0.000;0.000;0.000;0.000;0.000
143361;24.8;26.18;0.000;0.000;0.000;0.000;0.000
143461;24.8;26.18;0.000;0.000;0.000;0.000;0.000
143561;24.7;26.18;0.000;0.000;0.000;0.000;0.000
143661;24.7;26.18;0.000;0.000;0.000;0.000;0.000
143761;24.8;26.18;0.000;0.000;0.000;0.000;0.000
143861;24.8;26.18;0.000;0.000;0.000;0.000;0.000
143961;24.8;26.18;0.000;0.000;0.000;0.000;0.000
144061;24.9;26.18;0.000;0.000;0.000;0.000;0.000
144161;24.9;26.18;0.000;0.000;0.000;0.000;0.000
144261;24.8;26.18;0.000;0.000;0.000;0.000;0.000
144361;24.8;26.18;0.000;0.000;0.000;0.000;0.000
144461;24.8;26.18;0.000;0.000;0.000;0.000;0.000
144561;24.9;26.18;0.000;0.000;0.000;0.000;0.000
144661;24.9;26.18;0.000;0.000;0.000;0.000;0.000
144761;24.9;26.18;0.000;0.000;0.000;0.000;0.000
144861;24.9;26.18;0.000;0.000;0.000;0.000;0.000
144961;24.9;26.18;0.000;0.000;0.000;0.000;0.000
145061;24.8;26.18;0.000;0.000;0.000;0.000;0.000
145161;24.8;26.18;0.000;0.000;0.000;0.000;0.000
145261;24.8;26.18;0.000;0.000;0.000;0.000;0.000
145361;24.8;26.18;0.000;0.000;0.000;0.000;0.000
145461;24.8;26.18;0.000;0.000;0.000;0.000;0.000
145561;24.8;26.18;0.000;0.000;0.000;0.000;0.000
145661;24.8;26.18;0.000;0.000;0.000;0.000;0.000
145761;24.8;26.18;0.000;0.000;0.000;0.000;0.000
145861;24.8;26.18;0.000;0.000;0.000;0.000;0.000
145961;24.8;26.18;0.000;0.000;0.000;0.000;0.000
146061;24.8;26.18;0.000;0.000;0.000;0.000;0.000
146161;24.8;26.18;0.000;0.000;0.000;0.000;0.000
146261;24.8;26.18;0.000;0.000;0.000;0.000;0.000
146361;24.8;26.18;0.000;0.000;0.000;0.000;0.000
146461;24.8;26.18;0.000;0.000;0.000;0.000;0.000
146561;24.9;26.18;0.000;0.000;0.000;0.000;0.000
146661;24.9;26.18;0.000;0.000;0.000;0.000;0.000
146761;24.8;26.18;0.000;0.000;0.000;0.000;0.000
146861;24.8;26.18;0.000;0.000;0.000;0.000;0.000
146961;24.8;26.18;0.000;0.000;0.000;0.000;0.000
147061;24.9;26.18;0.000;0.000;0.000;0.000;0.000
147161;24.9;26.18;0.000;0.000;0.000;0.000;0.000
147261;24.8;26.18;0.000;0.000;0.000;0.000;0.000
147361;24.8;26.18;0.000;0.000;0.000;0.000;0.000
147461;24.8;26.18;0.000;0.000;0.000;0.000;0.000
147561;24.8;26.18;0.000;0.000;0.000;0.000;0.000
147661;24.8;26.18;0.000;0.000;0.000;0.000;0.000
147761;24.8;26.18;0.000;0.000;0.000;0.000;0.000
147861;24.8;26.18;0.000;0.000;0.000;0.000;0.000
147961;24.8;26.18;0.000;0.000;0.000;0.000;0.000
148061;24.9;26.18;0.000;0.000;0.000;0.000;0.000
148161;24.9;26.18;0.000;0.000;0.000;0.000;0.000
148261;24.9;26.18;0.000;0.000;0.000;0.000;0.000
148361;24.9;26.18;0.000;0.000;0.000;0.000;0.000
148461;24.9;26.18;0.000;0.000;0.000;0.000;0.000
148561;24.9;26.18;0.000;0.000;0.000;0.000;0.000
148661;24.9;26.18;0.000;0.000;0.000;0.000;0.000
148761;24.8;26.18;0.000;0.000;0.000;0.000;0.000
148861;24.8;26.18;0.000;0.000;0.000;0.000;0.000
148961;24.8;26.18;0.000;0.000;0.000;0.000;0.000
149061;24.9;26.18;0.000;0.000;0.000;0.000;0.000
149161;24.9;26.18;0.000;0.000;0.000;0.000;0.000
149261;24.9;26.18;0.000;0.000;0.000;0.000;0.000
149361;24.9;26.18;0.000;0.000;0.000;0.000;0.000
149461;24.9;26.18;0.000;0.000;0.000;0.000;0.000
149561;24.9;26.18;0.000;0.000;0.000;0.000;0.000
149661;24.9;26.18;0.000;0.000;0.000;0.000;0.000
149761;24.9;26.18;0.000;0.000;0.000;0.000;0.000
149861;24.9;26.18;0.000;0.000;0.000;0.000;0.000
149961;24.9;26.18;0.000;0.000;0.000;0.000;0.000
150061;24.9;26.18;0.000;0.000;0.000;0.000;0.000
150161;24.9;26.18;0.000;0.000;0.000;0.000;0.000
150261;24.9;26.18;0.000;0.000;0.000;0.000;0.000
150361;24.9;26.18;0.000;0.000;0.000;0.000;0.000
150461;24.9;26.18;0.000;0.000;0.000;0.000;0.000
150561;24.8;26.18;0.000;0.000;0.000;0.000;0.000
150661;24.8;26.18;0.000;0.000;0.000;0.000;0.000
150761;24.8;26.18;0.000;0.000;0.000;0.000;0.000
150861;24.8;26.18;0.000;0.000;0.000;0.000;0.000
150961;24.8;26.18;0.000;0.000;0.000;0.000;0.000
151061;24.9;26.18;0.000;0.000;0.000;0.000;0.000
151161;24.9;26.18;0.000;0.000;0.000;0.000;0.000
151261;24.9;26.18;0.000;0.000;0.000;0.000;0.000
151361;24.9;26.18;0.000;0.000;0.000;0.000;0.000
151461;24.9;26.18;0.000;0.000;0.000;0.000;0.000
151561;24.9;26.18;0.000;0.000;0.000;0.000;0.000
151661;24.9;26.18;0.000;0.000;0.000;0.000;0.000
151761;24.8;26.18;0.000;0.000;0.000;0.000;0.000
151861;24.8;26.18;0.000;0.000;0.000;0.000;0.000
151961;24.8;26.18;0.000;0.000;0.000;0.000;0.000
152061;24.9;26.18;0.000;0.000;0.000;0.000;0.000
152161;24.9;26.18;0.000;0.000;0.000;0.000;0.000
152261;24.9;26.18;0.000;0.000;0.000;0.000;0.000
152361;24.9;26.18;0.000;0.000;0.000;0.000;0.000
152461;24.9;26.18;0.000;0.000;0.000;0.000;0.000
152561;24.8;26.18;0.000;0.000;0.000;0.000;0.000
152661;24.8;26.18;0.000;0.000;0.000;0.000;0.000
152761;24.8;26.18;0.000;0.000;0.000;0.000;0.000
152861;24.8;26.18;0.000;0.000;0.000;0.000;0.000
152961;24.8;26.18;0.000;0.000;0.000;0.000;0.000
153061;24.9;26.18;0.000;0.000;0.000;0.000;0.000
153161;24.9;26.18;0.000;0.000;0.000;0.000;0.000
153261;24.9;26.18;0.000;0.000;0.000;0.000;0.000
153361;24.9;26.18;0.000;0.000;0.000;0.000;0.000
153461;24.9;26.18;0.000;0.000;0.000;0.000;0.000
153561;24.9;26.18;0.000;0.000;0.000;0.000;0.000
153661;24.9;26.18;0.000;0.000;0.000;0.000;0.000
153761;24.9;26.18;0.000;0.000;0.000;0.000;0.000
153861;24.9;26.18;0.000;0.000;0.000;0.000;0.000
153961;24.9;26.18;0.000;0.000;0.000;0.000;0.000
154061;24.9;26.18;0.000;0.000;0.000;0.000;0.000
154161;24.9;26.18;0.000;0.000;0.000;0.000;0.000
154261;24.9;26.18;0.000;0.000;0.000;0.000;0.000
154361;24.9;26.18;0.000;0.000;0.000;0.000;0.000
154461;24.9;26.18;0.000;0.000;0.000;0.000;0.000
154561;24.9;26.18;0.000;0.000;0.000;0.000;0.000
154661;24.9;26.18;0.000;0.000;0.000;0.000;0.000
154761;24.9;26.18;0.000;0.000;0.000;0.000;0.000
154861;24.9;26.18;0.000;0.000;0.000;0.000;0.000
154961;24.9;26.18;0.000;0.000;0.000;0.000;0.000
155061;24.9;26.18;0.000;0.000;0.000;0.000;0.000
155161;24.9;26.18;0.000;0.000;0.000;0.000;0.000
155261;24.8;26.18;0.000;0.000;0.000;0.000;0.000
155361;24.8;26.18;0.000;0.000;0.000;0.000;0.000
155461;24.8;26.18;0.000;0.000;0.000;0.000;0.000
155561;24.9;26.18;0.000;0.000;0.000;0.000;0.000
155661;24.9;26.18;0.000;0.000;0.000;0.000;0.000
155761;24.9;26.18;0.000;0.000;0.000;0.000;0.000
155861;24.9;26.18;0.000;0.000;0.000;0.000;0.000
155961;24.9;26.18;0.000;0.000;0.000;0.000;0.000
156061;24.8;26.18;0.000;0.000;0.000;0.000;0.000
156161;24.8;26.18;0.000;0.000;0.000;0.000;0.000
156261;24.7;26.18;0.000;0.000;0.000;0.000;0.000
156361;24.7;26.18;0.000;0.000;0.000;0.000;0.000
156461;24.7;26.18;0.000;0.000;0.000;0.000;0.000
156561;24.8;26.18;0.000;0.000;0.000;0.000;0.000
156661;24.8;26.18;0.000;0.000;0.000;0.000;0.000
156761;24.8;26.18;0.000;0.000;0.000;0.000;0.000
156861;24.8;26.18;0.000;0.000;0.000;0.000;0.000
156961;24.8;26.18;0.000;0.000;0.000;0.000;0.000
157061;24.9;26.18;0.000;0.000;0.000;0.000;0.000
157161;24.9;26.18;0.000;0.000;0.000;0.000;0.000
157261;24.9;26.18;0.000;0.000;0.000;0.000;0.000
157361;24.9;26.18;0.000;0.000;0.000;0.000;0.000
157461;24.9;26.18;0.000;0.000;0.000;0.000;0.000
157561;24.8;26.18;0.000;0.000;0.000;0.000;0.000
157661;24.8;26.18;0.000;0.000;0.000;0.000;0.000
157761;24.8;26.18;0.000;0.000;0.000;0.000;0.000
157861;24.8;26.18;0.000;0.000;0.000;0.000;0.000
157961;24.8;26.18;0.000;0.000;0.000;0.000;0.000
158061;25.0;26.18;0.000;0.000;0.000;0.000;0.000
158161;25.0;26.18;0.000;0.000;0.000;0.000;0.000
158261;25.0;26.18;0.000;0.000;0.000;0.000;0.000
158361;25.0;26.18;0.000;0.000;0.000;0.000;0.000
158461;25.0;26.18;0.000;0.000;0.000;0.000;0.000
158561;24.9;26.18;0.000;0.000;0.000;0.000;0.000
158661;24.9;26.18;0.000;0.000;0.000;0.000;0.000
158761;24.9;26.18;0.000;0.000;0.000;0.000;0.000
158861;24.9;26.18;0.000;0.000;0.000;0.000;0.000
158961;24.9;26.18;0.000;0.000;0.000;0.000;0.000
159061;24.9;26.18;0.000;0.000;0.000;0.000;0.000
159161;24.9;26.18;0.000;0.000;0.000;0.000;0.000
159261;25.0;26.18;0.000;0.000;0.000;0.000;0.000
159361;25.0;26.18;0.000;0.000;0.000;0.000;0.000
159461;25.0;26.18;0.000;0.000;0.000;0.000;0.000
159561;24.9;26.18;0.000;0.000;0.000;0.000;0.000
159661;24.9;26.18;0.000;0.000;0.000;0.000;0.000
159761;24.8;26.18;0.000;0.000;0.000;0.000;0.000
159861;24.8;26.18;0.000;0.000;0.000;0.000;0.000
159961;24.8;26.18;0.000;0.000;0.000;0.000;0.000
160061;24.8;26.18;0.000;0.000;0.000;0.000;0.000
160161;24.8;26.18;0.000;0.000;0.000;0.000;0.000
160261;24.8;26.18;0.000;0.000;0.000;0.000;0.000
160361;24.8;26.18;0.000;0.000;0.000;0.000;0.000
160461;24.8;26.18;0.000;0.000;0.000;0.000;0.000
160561;24.9;26.18;0.000;0.000;0.000;0.000;0.000
160661;24.9;26.18;0.000;0.000;0.000;0.000;0.000
160761;24.8;26.18;0.000;0.000;0.000;0.000;0.000
160861;24.8;26.18;0.000;0.000;0.000;0.000;0.000
160961;24.8;26.18;0.000;0.000;0.000;0.000;0.000
161061;24.8;26.18;0.000;0.000;0.000;0.000;0.000
161161;24.8;26.18;0.000;0.000;0.000;0.000;0.000
161261;24.8;26.18;0.000;0.000;0.000;0.000;0.000
161361;24.8;26.18;0.000;0.000;0.000;0.000;0.000
161461;24.8;26.18;0.000;0.000;0.000;0.000;0.000
161561;24.9;26.18;0.000;0.000;0.000;0.000;0.000
161661;24.9;26.18;0.000;0.000;0.000;0.000;0.000
161761;24.9;26.18;0.000;0.000;0.000;0.000;0.000
161861;24.9;26.12;0.000;0.000;0.000;0.000;0.000
161961;24.9;26.12;0.000;0.000;0.000;0.000;0.000
162061;24.9;26.12;0.000;0.000;0.000;0.000;0.000
162161;24.9;26.12;0.000;0.000;0.000;0.000;0.000
162261;25.0;26.12;0.000;0.000;0.000;0.000;0.000
162361;25.0;26.12;0.000;0.000;0.000;0.000;0.000
162461;25.0;26.12;0.000;0.000;0.000;0.000;0.000
162561;24.9;26.12;0.000;0.000;0.000;0.000;0.000
162661;24.9;26.12;0.000;0.000;0.000;0.000;0.000
162761;24.9;26.12;0.000;0.000;0.000;0.000;0.000
162861;24.9;26.12;0.000;0.000;0.000;0.000;0.000
162961;24.9;26.12;0.000;0.000;0.000;0.000;0.000
163061;24.9;26.12;0.000;0.000;0.000;0.000;0.000
163161;24.9;26.12;0.000;0.000;0.000;0.000;0.000
163261;25.0;26.12;0.000;0.000;0.000;0.000;0.000
163361;25.0;26.12;0.000;0.000;0.000;0.000;0.000
163461;25.0;26.12;0.000;0.000;0.000;0.000;0.000
163561;25.0;26.12;0.000;0.000;0.000;0.000;0.000
163661;25.0;26.12;0.000;0.000;0.000;0.000;0.000
163761;24.9;26.12;0.000;0.000;0.000;0.000;0.000
163861;24.9;26.12;0.000;0.000;0.000;0.000;0.000
163961;24.9;26.12;0.000;0.000;0.000;0.000;0.000
164061;24.9;26.12;0.000;0.000;0.000;0.000;0.000
164161;24.9;26.12;0.000;0.000;0.000;0.000;0.000
164261;24.9;26.12;0.000;0.000;0.000;0.000;0.000
164361;24.9;26.12;0.000;0.000;0.000;0.000;0.000
164461;24.9;26.12;0.000;0.000;0.000;0.000;0.000
164561;24.9;26.12;0.000;0.000;0.000;0.000;0.000
164661;24.9;26.12;0.000;0.000;0.000;0.000;0.000
164761;24.9;26.12;0.000;0.000;0.000;0.000;0.000
164861;24.9;26.12;0.000;0.000;0.000;0.000;0.000
164961;24.9;26.12;0.000;0.000;0.000;0.000;0.000
165061;24.9;26.12;0.000;0.000;0.000;0.000;0.000
165161;24.9;26.12;0.000;0.000;0.000;0.000;0.000
165261;24.9;26.12;0.000;0.000;0.000;0.000;0.000
165361;24.9;26.12;0.000;0.000;0.000;0.000;0.000
165461;24.9;26.12;0.000;0.000;0.000;0.000;0.000
165561;24.9;26.12;0.000;0.000;0.000;0.000;0.000
165661;24.9;26.12;0.000;0.000;0.000;0.000;0.000
165761;24.9;26.12;0.000;0.000;0.000;0.000;0.000
165861;24.9;26.12;0.000;0.000;0.000;0.000;0.000
165961;24.9;26.12;0.000;0.000;0.000;0.000;0.000
166061;24.9;26.12;0.000;0.000;0.000;0.000;0.000
166161;24.9;26.12;0.000;0.000;0.000;0.000;0.000
166261;24.9;26.12;0.000;0.000;0.000;0.000;0.000
166361;24.9;26.12;0.000;0.000;0.000;0.000;0.000
166461;24.9;26.12;0.000;0.000;0.000;0.000;0.000
166561;24.9;26.12;0.000;0.000;0.000;0.000;0.000
166661;24.9;26.12;0.000;0.000;0.000;0.000;0.000
166761;24.9;26.12;0.000;0.000;0.000;0.000;0.000
166861;24.9;26.12;0.000;0.000;0.000;0.000;0.000
166961;24.9;26.12;0.000;0.000;0.000;0.000;0.000
167061;24.9;26.12;0.000;0.000;0.000;0.000;0.000
167161;24.9;26.12;0.000;0.000;0.000;0.000;0.000
167261;24.9;26.12;0.000;0.000;0.000;0.000;0.000
167361;24.9;26.12;0.000;0.000;0.000;0.000;0.000
167461;24.9;26.12;0.000;0.000;0.000;0.000;0.000
167561;24.9;26.12;0.000;0.000;0.000;0.000;0.000
167661;24.9;26.12;0.000;0.000;0.000;0.000;0.000
167761;24.8;26.12;0.000;0.000;0.000;0.000;0.000
167861;24.8;26.18;0.000;0.000;0.000;0.000;0.000
167961;24.8;26.18;0.000;0.000;0.000;0.000;0.000
168061;24.8;26.18;0.000;0.000;0.000;0.000;0.000
168161;24.8;26.18;0.000;0.000;0.000;0.000;0.000
168261;24.9;26.18;0.000;0.000;0.000;0.000;0.000
168361;24.9;26.18;0.000;0.000;0.000;0.000;0.000
168461;24.9;26.18;0.000;0.000;0.000;0.000;0.000
168561;24.9;26.18;0.000;0.000;0.000;0.000;0.000
168661;24.9;26.18;0.000;0.000;0.000;0.000;0.000
168761;24.9;26.18;0.000;0.000;0.000;0.000;0.000
168861;24.9;26.18;0.000;0.000;0.000;0.000;0.000
168961;24.9;26.18;0.000;0.000;0.000;0.000;0.000
169061;24.9;26.18;0.000;0.000;0.000;0.000;0.000
169161;24.9;26.18;0.000;0.000;0.000;0.000;0.000
169261;24.9;26.18;0.000;0.000;0.000;0.000;0.000
169361;24.9;26.18;0.000;0.000;0.000;0.000;0.000
169461;24.9;26.18;0.000;0.000;0.000;0.000;0.000
169561;24.9;26.18;0.000;0.000;0.000;0.000;0.000
169661;24.9;26.18;0.000;0.000;0.000;0.000;0.000
169761;24.8;26.18;0.000;0.000;0.000;0.000;0.000
169861;24.8;26.18;0.000;0.000;0.000;0.000;0.000
169961;24.8;26.18;0.000;0.000;0.000;0.000;0.000
170061;24.8;26.18;0.000;0.000;0.000;0.000;0.000
170161;24.8;26.18;0.000;0.000;0.000;0.000;0.000
170261;24.8;26.18;0.000;0.000;0.000;0.000;0.000
170361;24.8;26.18;0.000;0.000;0.000;0.000;0.000
170461;24.8;26.18;0.000;0.000;0.000;0.000;0.000
170561;24.8;26.18;0.000;0.000;0.000;0.000;0.000
170661;24.8;26.18;0.000;0.000;0.000;0.000;0.000
170761;24.9;26.18;0.000;0.000;0.000;0.000;0.000
170861;24.9;26.18;0.000;0.000;0.000;0.000;0.000
170961;24.9;26.18;0.000;0.000;0.000;0.000;0.000
171061;24.8;26.18;0.000;0.000;0.000;0.000;0.000
171161;24.8;26.18;0.000;0.000;0.000;0.000;0.000
171261;24.8;26.18;0.000;0.000;0.000;0.000;0.000
171361;24.8;26.18;0.000;0.000;0.000;0.000;0.000
171461;24.8;26.18;0.000;0.000;0.000;0.000;0.000
171561;24.9;26.18;0.000;0.000;0.000;0.000;0.000
171661;24.9;26.18;0.000;0.000;0.000;0.000;0.000
171761;24.9;26.18;0.000;0.000;0.000;0.000;0.000
171861;24.9;26.18;0.000;0.000;0.000;0.000;0.000
171961;24.9;26.18;0.000;0.000;0.000;0.000;0.000
172061;24.9;26.18;0.000;0.000;0.000;0.000;0.000
172161;24.9;26.18;0.000;0.000;0.000;0.000;0.000
172261;24.9;26.18;0.000;0.000;0.000;0.000;0.000
172361;24.9;26.18;0.000;0.000;0.000;0.000;0.000
172461;24.9;26.18;0.000;0.000;0.000;0.000;0.000
172561;24.8;26.18;0.000;0.000;0.000;0.000;0.000
172661;24.8;26.18;0.000;0.000;0.000;0.000;0.000
172761;24.9;26.18;0.000;0.000;0.000;0.000;0.000
172861;24.9;26.12;0.000;0.000;0.000;0.000;0.000
172961;24.9;26.12;0.000;0.000;0.000;0.000;0.000
173061;24.9;26.12;0.000;0.000;0.000;0.000;0.000
173161;24.9;26.12;0.000;0.000;0.000;0.000;0.000
173261;24.9;26.12;0.000;0.000;0.000;0.000;0.000
173361;24.9;26.12;0.000;0.000;0.000;0.000;0.000
173461;24.9;26.12;0.000;0.000;0.000;0.000;0.000
173561;24.8;26.12;0.000;0.000;0.000;0.000;0.000
173661;24.8;26.12;0.000;0.000;0.000;0.000;0.000
173761;24.8;26.12;0.000;0.000;0.000;0.000;0.000
173861;24.8;26.12;0.000;0.000;0.000;0.000;0.000
173961;24.8;26.12;0.000;0.000;0.000;0.000;0.000
174061;24.8;26.12;0.000;0.000;0.000;0.000;0.000
174161;24.8;26.12;0.000;0.000;0.000;0.000;0.000
174261;24.9;26.12;0.000;0.000;0.000;0.000;0.000
174361;24.9;26.12;0.000;0.000;0.000;0.000;0.000
174461;24.9;26.12;0.000;0.000;0.000;0.000;0.000
174561;24.9;26.12;0.000;0.000;0.000;0.000;0.000
174661;24.9;26.12;0.000;0.000;0.000;0.000;0.000
174761;24.9;26.12;0.000;0.000;0.000;0.000;0.000
174861;24.9;26.18;0.000;0.000;0.000;0.000;0.000
174961;24.9;26.18;0.000;0.000;0.000;0.000;0.000
175061;24.9;26.18;0.000;0.000;0.000;0.000;0.000
175161;24.9;26.18;0.000;0.000;0.000;0.000;0.000
175261;24.9;26.18;0.000;0.000;0.000;0.000;0.000
175361;24.9;26.18;0.000;0.000;0.000;0.000;0.000
175461;24.9;26.18;0.000;0.000;0.000;0.000;0.000
175561;24.9;26.18;0.000;0.000;0.000;0.000;0.000
175661;24.9;26.18;0.000;0.008;-16.212;0.024;0.085
175761;24.9;26.18;0.004;0.050;75.996;-0.012;0.827
175861;24.9;26.12;0.004;0.083;231.625;-0.098;1.186
175961;24.9;26.12;-0.009;0.148;364.854;-0.044;1.645
176061;24.8;26.12;-0.045;0.193;475.590;0.256;2.141
176161;24.8;26.12;0.000;0.170;840.957;-0.120;1.212
176261;24.9;26.12;-0.003;0.896;1504.224;3.733;-0.453
176361;24.9;26.12;0.338;1.155;1397.460;-0.072;1.216
176461;24.9;26.12;0.296;0.965;1413.771;-0.748;0.147
176561;24.9;26.12;0.341;0.946;1423.089;-1.081;0.449
176661;24.9;26.12;0.091;1.011;1467.784;3.045;0.529
176761;24.9;26.12;0.339;1.125;1705.144;-1.676;0.457
176861;24.9;26.18;0.250;1.149;1773.840;1.695;1.190
176961;24.9;26.18;0.427;1.237;1945.842;-0.881;1.352
177061;24.9;26.18;0.431;1.283;2047.015;-1.402;0.940
177161;24.9;26.18;0.409;1.289;2019.419;-0.914;0.858
177261;24.9;26.18;0.414;1.295;2034.739;-1.715;0.769
177361;24.9;26.18;0.431;1.278;2037.469;-1.248;0.991
177461;24.9;26.18;0.415;1.287;2014.908;-1.003;0.918
177561;24.9;26.18;0.427;1.280;2002.003;-1.088;1.041
177661;24.9;26.18;0.435;1.279;2041.655;-1.444;1.023
177761;24.9;26.18;0.432;1.280;2012.434;-1.460;0.989
177861;24.9;26.18;0.423;1.272;2018.738;-0.981;1.050
177961;24.9;26.18;0.426;1.276;2045.490;-1.188;1.027
178061;25.0;26.18;0.410;1.291;2015.621;-0.945;0.900
178161;25.0;26.18;0.424;1.280;2010.014;-1.053;1.026
178261;25.1;26.18;0.397;1.301;1993.458;-1.222;0.819
178361;25.1;26.18;0.423;1.290;2011.823;-1.196;0.944
178461;25.1;26.18;0.433;1.282;2014.792;-1.231;0.999
178561;25.1;26.18;0.439;1.293;2033.780;-1.676;0.990
178661;25.1;26.18;0.423;1.306;1996.888;-1.478;0.874
178761;25.1;26.18;0.400;1.320;2003.442;-2.064;0.710
178861;25.1;26.18;0.394;1.318;2024.629;-1.464;0.808
178961;25.1;26.18;0.392;1.313;1986.927;-1.156;0.842
179061;25.1;26.18;0.405;1.307;2005.202;-1.419;0.866
179161;25.1;26.18;0.391;1.323;2022.974;-1.446;0.765
179261;25.1;26.18;0.276;1.329;1977.797;0.695;0.441
179361;25.1;26.18;0.424;1.317;1992.805;-1.865;0.859
179461;25.1;26.18;0.403;1.322;2020.634;-1.767;0.757
179561;25.2;26.18;0.403;1.320;1987.851;-1.465;0.790
179661;25.2;26.18;0.407;1.309;2009.683;-1.466;0.898
179761;25.1;26.18;0.206;1.339;1964.284;1.992;0.352
179861;25.1;26.18;0.398;1.315;1986.951;-1.290;0.876
179961;25.1;26.18;0.413;1.317;1997.855;-1.673;0.815
180061;25.1;26.18;0.421;1.334;2010.576;-2.285;0.684
180161;25.1;26.18;0.415;1.328;1965.832;-1.706;0.749
180261;25.2;26.18;0.148;1.311;1987.536;3.189;1.019
180361;25.2;26.18;0.383;1.344;1995.675;-1.598;0.527
180461;25.2;26.18;0.171;1.317;1959.766;2.434;0.733
180561;25.2;26.18;0.162;1.315;1981.614;3.093;0.934
180661;25.2;26.18;0.127;1.328;1993.943;3.453;0.778
180761;25.2;26.18;0.310;1.287;1993.085;1.322;1.537
180861;25.2;26.18;0.166;1.311;1973.508;3.092;1.000
180961;25.2;26.18;0.168;1.343;1995.640;2.580;0.551
181061;25.2;26.18;0.217;1.295;1962.699;2.401;1.396
181161;25.2;26.18;0.171;1.304;1978.123;3.045;1.170
181261;25.2;26.18;0.286;1.287;1968.401;1.461;1.607
181361;25.2;26.18;0.191;1.302;1968.367;2.744;1.248
181461;25.2;26.18;0.176;1.323;1983.852;2.716;0.752
181561;25.2;26.18;0.216;1.345;1991.102;1.710;0.505
181661;25.2;26.18;0.174;1.314;1973.087;2.912;1.073
181761;25.2;26.18;0.288;1.296;1988.647;1.496;1.499
181861;25.2;26.18;0.140;1.338;1994.706;3.130;0.666
181961;25.2;26.18;0.197;1.303;1961.425;2.689;1.279
182061;25.3;26.18;0.184;1.301;1975.452;2.917;1.260
182161;25.3;26.18;0.186;1.308;1988.991;2.729;1.298
182261;25.3;26.18;0.315;1.299;1988.407;1.399;1.482
182361;25.3;26.18;0.315;1.290;1981.452;1.294;1.737
182461;25.3;26.18;0.299;1.314;1994.057;1.575;1.492
182561;25.3;26.18;0.324;1.326;1968.759;1.503;1.366
182661;25.3;26.18;0.330;1.316;1995.829;1.445;1.409
182761;25.3;26.18;0.427;1.321;1983.046;-0.153;1.383
182861;25.3;26.18;0.370;1.342;1970.131;0.924;1.113
182961;25.3;26.18;0.379;1.330;2002.455;0.773;1.155
183061;25.2;26.18;0.437;1.326;2002.156;-0.438;1.481
183161;25.2;26.18;0.450;1.318;1976.664;-0.432;1.562
183261;25.2;26.18;0.442;1.307;2004.775;-0.534;1.689
183361;25.2;26.18;0.407;1.334;1996.312;0.154;1.257
183461;25.2;26.18;0.424;1.328;1974.849;0.071;1.341
183561;25.2;26.18;0.409;1.321;2008.694;0.263;1.324
183661;25.2;26.18;0.435;1.327;2001.675;-0.339;1.412
183761;25.3;26.18;0.459;1.297;2030.280;-0.791;1.867
183861;25.3;26.18;0.445;1.311;2007.183;-0.358;1.583
183961;25.3;26.18;0.378;1.344;2007.204;0.708;1.011
184061;25.2;26.18;0.396;1.334;1974.502;0.489;1.257
184161;25.2;26.18;0.457;1.310;2005.141;-0.532;1.640
184261;25.2;26.18;0.468;1.319;1997.094;-1.040;1.737
184361;25.2;26.18;0.456;1.313;1991.211;-0.595;1.843
184461;25.2;26.18;0.473;1.303;2032.534;-0.984;1.961
184561;25.3;26.18;0.458;1.324;2014.684;-0.873;1.781
184661;25.3;26.18;0.476;1.324;2001.737;-1.063;1.848
184761;25.3;26.18;0.463;1.366;2005.776;-1.652;1.252
184861;25.3;26.18;0.459;1.353;2018.715;-1.092;1.503
184961;25.3;26.18;0.469;1.346;2007.567;-1.133;1.591
185061;25.3;26.18;0.477;1.347;2049.246;-1.472;1.567
185161;25.3;26.18;0.459;1.347;2012.779;-1.054;1.598
185261;25.3;26.18;0.479;1.362;2036.800;-2.095;1.336
185361;25.3;26.18;0.479;1.361;2044.453;-1.612;1.401
185461;25.3;26.18;0.470;1.365;2013.992;-1.515;1.415
185561;25.3;26.18;0.475;1.365;2009.073;-1.583;1.428
185661;25.3;26.18;0.480;1.369;2045.465;-1.906;1.387
185761;25.3;26.18;0.453;1.373;1969.340;-1.927;1.214
185861;25.3;26.12;0.472;1.364;1999.533;-1.348;1.467
185961;25.3;26.12;0.487;1.363;2042.194;-1.900;1.441
186061;25.3;26.12;0.466;1.374;2005.212;-1.546;1.354
186161;25.3;26.12;0.479;1.371;2000.930;-1.745;1.404
186261;25.2;26.12;0.414;1.380;2000.604;-1.054;1.176
186361;25.2;26.12;0.472;1.372;2008.098;-1.661;1.356
186461;25.2;26.12;0.479;1.368;2001.228;-1.742;1.464
186561;25.2;26.12;0.457;1.385;2032.952;-1.833;1.258
186661;25.2;26.12;0.413;1.393;1985.315;-0.943;1.207
186761;25.3;26.12;0.190;1.441;2004.528;2.498;0.286
186861;25.3;26.12;0.425;1.397;2021.338;-1.730;1.232
186961;25.3;26.12;0.425;1.393;1985.083;-1.400;1.256
187061;25.3;26.12;0.423;1.388;1990.442;-1.256;1.281
187161;25.3;26.12;0.413;1.392;2027.971;-1.301;1.217
187261;25.2;26.12;0.325;1.403;1964.913;0.430;0.900
187361;25.2;26.12;0.419;1.390;1987.712;-1.156;1.240
187461;25.2;26.12;0.423;1.396;2016.268;-1.570;1.217
187561;25.2;26.12;0.412;1.392;1989.984;-1.036;1.284
187661;25.2;26.12;0.423;1.387;1992.630;-1.143;1.264
187761;25.3;26.12;0.222;1.409;1960.254;2.327;0.822
187861;25.3;26.12;0.401;1.397;1983.889;-0.781;1.202
187961;25.3;26.12;0.427;1.388;1986.362;-1.324;1.306
188061;25.3;26.12;0.420;1.397;2023.069;-1.550;1.230
188161;25.3;26.12;0.428;1.393;1979.691;-1.394;1.263
188261;25.3;26.12;0.109;1.425;2004.599;3.972;0.611
188361;25.3;26.12;0.420;1.395;2018.591;-1.609;1.296
188461;25.3;26.12;0.414;1.397;1972.869;-1.220;1.287
188561;25.3;26.12;0.432;1.390;1977.037;-1.554;1.317
188661;25.3;26.12;0.421;1.401;2006.754;-1.785;1.254
188761;25.6;26.12;0.226;1.391;1975.378;2.366;1.120
188861;25.6;26.12;0.436;1.391;1984.856;-1.533;1.316
188961;25.6;26.12;0.422;1.393;2014.629;-1.528;1.330
189061;25.6;26.12;0.422;1.398;1979.318;-1.316;1.208
189161;25.6;26.12;0.437;1.390;1983.542;-1.673;1.305
189261;25.4;26.12;0.259;1.402;1964.639;1.741;1.058
189361;25.4;26.12;0.426;1.393;1982.383;-1.344;1.305
189461;25.4;26.12;0.424;1.393;1992.099;-1.222;1.268
189561;25.4;26.12;0.416;1.395;2024.577;-1.298;1.232
189661;25.4;26.12;0.410;1.397;1989.227;-1.003;1.270
189761;25.5;26.12;0.235;1.408;1991.959;1.858;0.944
189861;25.5;26.12;0.155;1.465;2007.446;2.999;0.169
189961;25.5;26.12;0.203;1.419;1961.532;2.706;0.875
190061;25.4;26.12;0.313;1.405;1965.771;0.833;1.083
190161;25.4;26.12;0.201;1.410;1989.642;2.608;1.120
190261;25.4;26.12;0.350;1.350;1982.104;1.452;2.193
190361;25.4;26.12;0.308;1.353;1975.383;1.798;2.142
190461;25.4;26.12;0.305;1.370;1991.309;1.691;2.103
190561;25.4;26.12;0.352;1.357;1967.468;1.344;2.302
190661;25.4;26.12;0.343;1.354;1980.699;1.462;2.281
190761;25.5;26.12;0.390;1.391;1971.521;1.190;1.694
190861;25.5;26.18;0.354;1.357;1964.424;1.401;2.343
190961;25.5;26.18;0.357;1.355;1985.568;1.392;2.293
191061;25.5;26.18;0.335;1.389;1998.255;1.686;1.925
191161;25.5;26.18;0.358;1.376;1976.456;1.474;2.091
191261;25.5;26.18;0.425;1.396;2003.212;0.383;1.706
191361;25.5;26.18;0.332;1.374;1998.883;1.497;2.120
191461;25.5;26.18;0.354;1.370;1964.748;1.458;2.157
191561;25.4;26.18;0.356;1.365;1990.946;1.481;2.163
191661;25.4;26.18;0.335;1.399;1994.253;1.714;1.802
191761;25.4;26.18;0.491;1.355;2006.611;-0.498;2.252
191861;25.4;26.12;0.357;1.357;1986.068;1.460;2.311
191961;25.4;26.12;0.325;1.379;1997.399;1.718;2.088
192061;25.5;26.12;0.376;1.385;1963.437;1.407;2.025
192161;25.5;26.12;0.443;1.389;1996.545;0.427;1.940
192261;25.5;26.12;0.513;1.380;2012.249;-1.280;2.343
192361;25.5;26.12;0.505;1.368;1997.958;-0.870;2.562
192461;25.5;26.12;0.514;1.366;2036.172;-1.076;2.587
192561;25.6;26.12;0.491;1.382;2015.774;-0.820;2.383
192661;25.6;26.12;0.505;1.374;2001.035;-0.846;2.475
192761;25.7;26.12;0.497;1.411;2020.310;-1.352;2.044
192861;25.7;26.18;0.500;1.392;2020.907;-1.180;2.409
192961;25.7;26.18;0.519;1.388;2016.064;-1.306;2.389
193061;25.6;26.18;0.522;1.397;2048.823;-1.570;2.339
193161;25.6;26.18;0.498;1.404;2019.728;-1.163;2.282
193261;25.6;26.18;0.507;1.440;2031.871;-2.161;1.747
193361;25.6;26.18;0.525;1.420;2052.665;-1.801;2.057
193461;25.6;26.18;0.495;1.439;2004.467;-1.515;1.893
193561;25.5;26.18;0.525;1.435;2008.621;-2.050;1.901
193661;25.5;26.18;0.502;1.446;2036.090;-2.050;1.800
193761;25.5;26.18;0.217;1.497;1976.255;2.832;0.749
193861;25.5;26.18;0.443;1.460;1989.914;-1.039;1.635
193961;25.5;26.18;0.434;1.468;1993.382;-1.502;1.712
194061;25.5;26.18;0.273;1.466;1945.510;2.081;1.640
194161;25.5;26.18;0.203;1.434;1974.883;3.676;2.090
194261;25.5;26.18;0.379;1.420;1969.384;1.504;2.591
194361;25.5;26.18;0.287;1.418;1954.983;2.457;2.533
194461;25.5;26.18;0.247;1.420;1976.847;3.082;2.344
194561;25.6;26.18;0.290;1.422;1983.041;2.267;2.560
194661;25.6;26.18;0.367;1.413;1965.348;1.515;2.866
194761;25.5;26.18;0.406;1.453;2004.141;1.227;2.128
194861;25.5;26.12;0.335;1.418;1992.439;1.768;2.699
194961;25.5;26.12;0.339;1.412;1967.035;1.834;2.719
195061;25.7;26.12;0.308;1.411;1975.319;2.468;2.559
195161;25.7;26.12;0.310;1.418;1985.742;2.037;2.656
195261;25.8;26.12;0.530;1.405;2018.040;-0.703;2.876
195361;25.8;26.12;0.397;1.418;1995.612;1.382;2.746
195461;25.8;26.12;0.390;1.454;2000.735;1.487;2.299
195561;25.7;26.12;0.463;1.450;1972.268;0.625;2.415
195661;25.7;26.12;0.529;1.415;2019.157;-0.610;2.912
195761;25.7;26.12;0.548;1.445;2007.467;-1.473;2.894
195861;25.7;26.12;0.549;1.426;1998.339;-1.077;3.172
195961;25.7;26.12;0.560;1.432;2044.968;-1.601;3.150
196061;25.6;26.12;0.532;1.473;2015.780;-1.442;2.706
196161;25.6;26.12;0.547;1.476;2019.650;-1.558;2.583
196261;25.7;26.12;0.495;1.513;2000.412;-1.522;2.021
196361;25.7;26.12;0.533;1.496;2006.730;-1.635;2.362
196461;25.7;26.12;0.545;1.500;2006.343;-1.769;2.369
196561;25.6;26.12;0.554;1.509;2044.861;-2.394;2.242
196661;25.6;26.12;0.483;1.522;1988.291;-1.276;2.084
196761;25.6;26.12;0.143;1.584;1986.519;4.121;0.883
196861;25.6;26.12;0.440;1.533;2013.443;-1.075;2.036
196961;25.6;26.12;0.287;1.557;1954.615;1.993;1.537
197061;25.7;26.12;0.279;1.519;1953.673;0.209;2.030
197161;25.7;26.12;0.229;1.494;1981.066;3.531;2.720
197261;25.7;26.12;0.407;1.451;1985.432;1.553;3.295
197361;25.7;26.12;0.295;1.467;1973.484;2.809;2.956
197461;25.7;26.12;0.269;1.488;1980.098;2.927;2.866
197561;25.7;26.12;0.303;1.468;1948.529;2.714;3.100
197661;25.7;26.12;0.334;1.461;1972.151;2.338;3.135
197761;25.8;26.12;0.423;1.475;1968.239;1.488;3.124
197861;25.8;26.12;0.350;1.466;1948.732;2.145;3.240
197961;25.8;26.12;0.258;1.479;1975.453;3.299;2.764
198061;25.8;26.12;0.195;1.534;1990.914;3.687;1.929
198161;25.8;26.12;0.200;1.506;1953.613;4.056;2.377
198261;25.8;26.12;0.373;1.469;1980.458;1.680;3.252
198361;25.8;26.12;0.264;1.488;1987.177;3.013;2.800
198461;25.8;26.12;0.345;1.464;1949.300;2.174;3.220
198561;25.8;26.12;0.331;1.470;1971.234;2.370;3.029
198661;25.8;26.12;0.315;1.478;1987.699;2.351;3.043
198761;25.7;26.12;0.421;1.460;1987.205;1.443;3.274
198861;25.7;26.12;0.367;1.465;1968.565;1.974;3.183
198961;25.7;26.12;0.368;1.477;1987.457;1.766;3.285
199061;25.8;26.12;0.410;1.470;1957.238;1.538;3.364
199161;25.8;26.12;0.406;1.461;1986.733;1.582;3.397
199261;25.9;26.12;0.453;1.492;1986.649;1.192;2.871
199361;25.9;26.12;0.398;1.466;1958.888;1.603;3.399
199461;25.9;26.12;0.400;1.460;1978.570;1.636;3.408
199561;25.7;26.12;0.375;1.477;1994.670;1.703;3.324
199661;25.7;26.12;0.417;1.471;1958.898;1.520;3.326
199761;25.8;26.12;0.474;1.509;2007.727;0.634;2.741
199861;25.8;26.12;0.377;1.480;1988.500;1.712;3.252
199961;25.8;26.12;0.392;1.462;1962.243;1.666;3.394
200061;25.8;26.12;0.368;1.468;1983.465;1.913;3.138
200161;25.8;26.12;0.349;1.479;1983.475;1.937;3.199
200261;25.8;26.12;0.422;1.463;2000.091;1.427;3.281
200361;25.8;26.12;0.323;1.472;1978.410;2.472;2.991
200461;25.8;26.12;0.156;1.525;1991.496;4.485;2.158
200561;25.8;26.12;0.365;1.518;1950.741;0.899;2.214
200661;25.8;26.12;0.305;1.533;1960.409;1.930;1.894
200761;25.9;26.12;0.366;1.465;1952.798;1.922;3.241
200861;25.9;26.12;0.211;1.496;1950.187;3.989;2.614
200961;25.9;26.12;0.270;1.480;1967.450;3.199;2.854
201061;25.9;26.12;0.180;1.510;1988.761;4.223;2.496
201161;25.9;26.12;0.249;1.486;1954.169;3.489;2.833
201261;25.9;26.12;0.380;1.483;1986.756;1.722;3.111
201361;25.9;26.12;0.343;1.475;1976.405;2.054;3.255
201461;25.9;26.12;0.404;1.463;1956.199;1.616;3.456
201561;25.9;26.12;0.403;1.461;1988.899;1.633;3.385
201661;25.9;26.12;0.375;1.479;1991.792;1.661;3.258
201761;25.9;26.12;0.449;1.480;2000.869;1.209;3.126
201861;25.9;26.12;0.332;1.471;1976.955;2.379;3.066
201961;25.9;26.12;0.324;1.485;1983.719;2.236;3.066
202061;25.9;26.12;0.391;1.469;1956.607;1.703;3.350
202161;25.9;26.12;0.395;1.464;1978.288;1.668;3.341
202261;26.0;26.12;0.432;1.479;1970.131;1.493;3.168
202361;26.0;26.12;0.374;1.466;1954.757;1.893;3.340
202461;26.0;26.12;0.369;1.474;1983.697;1.899;3.119
202561;26.0;26.12;0.351;1.487;1987.096;1.909;3.163
202661;26.0;26.12;0.389;1.464;1957.492;1.726;3.404
202761;26.0;26.12;0.420;1.507;2002.771;1.434;2.797
202861;26.0;26.12;0.336;1.482;1991.604;2.093;3.093
202961;26.0;26.12;0.341;1.474;1952.106;2.292;3.139
203061;26.1;26.12;0.206;1.517;1972.349;3.936;2.203
203161;26.1;26.12;0.112;1.560;1991.563;4.993;1.595
203261;26.0;26.12;0.360;1.464;1981.406;1.967;3.105
203361;26.0;26.12;0.384;1.525;1969.254;0.508;2.121
203461;26.0;26.12;0.454;1.529;1995.709;-1.376;2.171
203561;25.9;26.12;0.172;1.554;1953.885;4.252;1.681
203661;25.9;26.12;0.180;1.552;1966.044;4.102;1.634
203761;26.0;26.12;0.395;1.458;1950.375;1.648;3.428
203861;26.0;26.18;0.285;1.479;1950.713;3.016;3.029
203961;26.0;26.18;0.340;1.469;1976.061;2.247;3.215
204061;25.9;26.18;0.342;1.483;1985.267;2.061;3.167
204161;25.9;26.18;0.356;1.471;1960.594;2.088;3.235
204261;25.9;26.18;0.393;1.493;1995.495;1.670;3.058
204361;25.9;26.18;0.346;1.485;1991.357;2.159;3.144
204461;25.9;26.18;0.396;1.467;1946.369;1.719;3.472
204561;25.9;26.18;0.386;1.465;1978.309;1.769;3.368
204661;25.9;26.18;0.343;1.482;1992.888;2.046;3.147
204761;26.0;26.18;0.440;1.471;2003.833;1.337;3.207
204861;26.0;26.12;0.299;1.478;1969.435;2.817;3.006
204961;26.0;26.12;0.254;1.496;1977.361;3.206;2.870
205061;26.1;26.12;0.341;1.473;1948.138;2.290;3.254
205161;26.1;26.12;0.363;1.473;1980.370;1.993;3.212
205261;26.0;26.12;0.432;1.489;1977.136;1.441;3.119
205361;26.0;26.12;0.332;1.473;1959.301;2.359;3.206
205461;26.0;26.12;0.231;1.492;1969.622;3.799;2.679
205561;26.0;26.12;0.193;1.508;1992.241;4.054;2.595
205661;26.0;26.12;0.245;1.488;1952.996;3.538;2.869
205761;26.1;26.12;0.373;1.478;1986.774;1.691;3.270
205861;26.1;26.12;0.247;1.546;1997.530;2.685;1.910
205961;26.1;26.12;0.363;1.529;1950.775;1.004;2.141
206061;26.1;26.12;0.505;1.518;1978.538;-1.833;2.292
206161;26.1;26.12;0.184;1.592;2006.417;3.311;1.184
206261;26.1;26.12;0.319;1.468;1967.549;2.514;3.079
206361;26.1;26.12;0.366;1.533;1963.896;0.877;2.049
206461;26.1;26.12;0.383;1.554;1981.276;0.201;1.867
206561;26.1;26.12;0.415;1.531;1952.485;-0.008;2.204
206661;26.1;26.12;0.310;1.544;1971.902;1.850;1.861
206761;26.1;26.12;0.402;1.464;1956.399;1.611;3.420
206861;26.1;26.12;0.296;1.477;1943.655;2.864;3.173
206961;26.1;26.12;0.353;1.475;1967.795;2.161;3.160
207061;26.1;26.12;0.334;1.488;1986.305;2.175;3.133
207161;26.1;26.12;0.347;1.481;1955.094;2.219;3.219
207261;26.1;26.12;0.382;1.482;1989.184;1.681;3.169
207361;26.1;26.12;0.199;1.507;1981.099;4.017;2.716
207461;26.1;26.12;0.332;1.477;1945.643;2.389;3.228
207561;26.1;26.12;0.363;1.475;1972.830;2.037;3.185
207661;26.1;26.12;0.326;1.493;1987.846;2.221;3.088
207761;26.0;26.12;0.411;1.465;1981.962;1.581;3.348
207861;26.0;26.12;0.220;1.500;1972.983;3.943;2.625
207961;26.0;26.12;0.344;1.545;1988.917;0.957;1.980
208061;26.0;26.12;0.195;1.519;1943.826;4.193;2.451
208161;26.0;26.12;0.211;1.525;1964.410;3.928;2.220
208261;26.0;26.12;0.373;1.468;1959.756;1.895;3.325
208361;26.0;26.12;0.407;1.533;1949.948;0.173;2.216
208461;26.0;26.12;0.281;1.572;1980.699;2.100;1.447
208561;26.1;26.12;0.455;1.541;1998.861;-1.382;2.209
208661;26.1;26.12;0.476;1.532;1965.057;-1.391;2.299
208761;26.0;26.12;0.321;1.484;1985.398;2.257;3.050
208861;26.0;26.12;0.099;1.575;1992.353;5.067;1.543
208961;26.0;26.12;0.225;1.559;1958.116;3.195;1.770
209061;26.1;26.12;0.157;1.565;1969.598;4.450;1.593
209161;26.1;26.12;0.456;1.541;1986.368;-1.340;2.207
209261;26.1;26.12;0.377;1.461;1969.058;1.902;3.308
209361;26.1;26.12;0.217;1.528;1967.049;3.774;2.249
209461;26.1;26.12;0.151;1.531;1987.103;4.581;2.303
209561;26.1;26.12;0.199;1.508;1945.051;4.210;2.546
209661;26.1;26.12;0.252;1.551;1978.021;2.895;1.785
209761;26.1;26.12;0.348;1.468;1951.081;2.186;3.312
209861;26.1;26.12;0.197;1.522;1951.691;4.164;2.437
209961;26.1;26.12;0.201;1.513;1965.573;4.169;2.482
210061;26.2;26.12;0.217;1.508;1983.097;3.770;2.755
210161;26.2;26.12;0.277;1.489;1953.143;3.172;3.032
210261;26.2;26.12;0.343;1.485;1994.019;2.052;3.120
210361;26.2;26.12;0.428;1.550;1979.381;-0.567;2.050
210461;26.2;26.12;0.203;1.524;1947.871;4.056;2.380
210561;26.1;26.12;0.239;1.498;1971.282;3.712;2.762
210661;26.1;26.12;0.188;1.513;1985.204;4.154;2.671
210761;26.2;26.12;0.361;1.466;1977.351;2.027;3.247
210861;26.2;26.12;0.492;1.522;1972.378;-1.625;2.360
210961;26.2;26.12;0.455;1.545;2006.557;-1.466;2.179
211061;26.3;26.12;0.457;1.529;1967.732;-1.005;2.349
211161;26.3;26.12;0.475;1.531;1978.186;-1.316;2.316
211261;26.2;26.12;0.211;1.523;1944.892;3.839;2.264
211361;26.2;26.12;0.461;1.532;1967.265;-1.075;2.333
211461;26.2;26.12;0.478;1.534;1984.348;-1.342;2.255
211561;26.1;26.12;0.446;1.543;2015.236;-1.109;2.200
211661;26.1;26.12;0.458;1.534;1958.874;-0.875;2.263
211761;26.2;26.12;0.223;1.505;1988.605;3.597;2.731
211861;26.2;26.12;0.423;1.544;1981.448;-0.718;2.198
211961;26.2;26.12;0.407;1.535;1948.100;0.244;2.208
212061;26.2;26.12;0.156;1.565;1973.190;4.559;1.659
212161;26.2;26.12;0.452;1.544;1990.106;-1.241;2.187
212261;26.1;26.12;0.361;1.472;1976.445;2.015;3.157
212361;26.1;26.12;0.484;1.526;1972.594;-1.491;2.424
212461;26.1;26.12;0.468;1.541;1994.741;-1.593;2.242
212561;26.1;26.12;0.168;1.561;1957.812;4.402;1.808
212661;26.1;26.12;0.485;1.527;1973.918;-1.513;2.397
212761;26.2;26.12;0.265;1.486;1948.857;3.309;2.994
212861;26.2;26.12;0.362;1.543;1956.024;0.721;2.129
212961;26.2;26.12;0.417;1.529;1971.989;0.012;2.236
213061;26.3;26.12;0.435;1.547;1990.418;-0.737;2.089
213161;26.3;26.12;0.215;1.531;1943.179;3.839;2.337
213261;26.3;26.12;0.365;1.483;1996.681;1.787;3.246
213361;26.3;26.12;0.489;1.546;2000.976;-1.890;2.184
213461;26.3;26.12;0.483;1.527;1956.640;-1.393;2.444
213561;26.3;26.12;0.257;1.584;1967.388;2.679;1.395
213661;26.3;26.12;0.182;1.605;2006.764;-1.440;2.262
213761;26.2;26.12;0.199;1.513;1976.716;4.148;2.394
213861;26.2;26.12;0.464;1.537;1995.805;-1.011;2.244
213961;26.2;26.12;0.445;1.552;2025.101;-0.915;2.076
214061;26.2;26.12;0.448;1.547;1981.716;-0.622;2.096
214161;26.2;26.12;0.472;1.542;2004.237;-1.062;2.129
214261;26.3;26.12;0.220;1.525;1947.827;3.591;2.207
214361;26.3;26.12;0.447;1.545;1973.590;-0.740;2.187
214461;26.3;26.12;0.475;1.540;1985.968;-1.312;2.279
214561;26.3;26.12;0.457;1.549;2015.158;-1.337;2.202
214661;26.3;26.12;0.463;1.533;1963.470;-1.075;2.349
214761;26.3;26.12;0.203;1.505;1982.517;3.961;2.685
214861;26.3;26.12;0.174;1.611;1993.089;3.783;1.119
214961;26.3;26.12;0.152;1.567;1950.426;4.625;1.748
215061;26.3;26.12;0.499;1.529;1980.379;-1.703;2.381
215161;26.3;26.12;0.241;1.599;2006.601;2.384;1.289
215261;26.3;26.12;0.239;1.528;1970.295;3.288;2.187
215361;26.3;26.12;0.467;1.532;1978.223;-1.199;2.425
215461;26.3;26.12;0.196;1.608;1995.105;3.407;1.183
215561;26.3;26.12;0.249;1.583;1958.409;2.832;1.512
215661;26.3;26.12;0.267;1.584;1981.374;2.408;1.473
215761;26.3;26.12;0.270;1.491;1950.611;3.232;2.937
215861;26.3;26.12;0.450;1.541;1959.632;-0.833;2.323
215961;26.3;26.12;0.465;1.537;1972.225;-0.999;2.297
216061;26.3;26.12;0.457;1.552;2010.031;-1.573;2.246
216161;26.3;26.12;0.292;1.580;1957.006;2.044;1.586
216261;26.3;26.12;0.182;1.519;1985.527;4.234;2.539
216361;26.3;26.12;0.447;1.553;2029.785;-1.051;2.112
216461;26.3;26.12;0.449;1.547;1987.203;-0.717;2.156
216561;26.2;26.12;0.468;1.548;1996.243;-0.953;2.120
216661;26.2;26.12;0.446;1.558;2018.974;-0.885;2.096
216761;26.2;26.12;0.448;1.527;1974.355;-0.786;2.272
216861;26.2;26.18;0.459;1.548;1998.011;-0.790;2.057
216961;26.2;26.18;0.451;1.555;2028.604;-1.082;2.079
217061;26.3;26.18;0.462;1.553;1992.581;-0.859;2.081
217161;26.3;26.18;0.502;1.546;2005.183;-1.457;2.133
217261;26.3;26.18;0.478;1.524;1950.426;-1.316;2.406
217361;26.3;26.18;0.439;1.553;1964.632;-0.569;2.181
217461;26.3;26.18;0.465;1.540;1982.229;-0.946;2.263
217561;26.3;26.18;0.455;1.553;2018.877;-1.264;2.212
217661;26.3;26.18;0.436;1.552;1978.368;-0.519;2.143
217761;26.3;26.18;0.418;1.547;1976.586;-0.367;2.093
217861;26.3;26.12;0.451;1.552;2023.306;-1.202;2.221
217961;26.3;26.12;0.453;1.539;1966.592;-0.910;2.364
218061;26.3;26.12;0.222;1.593;1970.863;3.410;1.298
218161;26.3;26.12;0.194;1.606;1997.499;3.372;1.306
218261;26.3;26.12;0.215;1.526;1969.610;3.859;2.219
218361;26.3;26.12;0.476;1.539;1991.463;-1.212;2.303
218461;26.3;26.12;0.462;1.556;2007.826;-1.367;2.228
218561;26.3;26.12;0.466;1.543;1964.724;-1.191;2.310
218661;26.3;26.12;0.468;1.542;1988.664;-1.045;2.267
218761;26.3;26.12;0.170;1.569;1960.286;4.234;1.642
218861;26.3;26.12;0.446;1.554;1988.933;-0.593;2.114
218961;26.3;26.12;0.499;1.549;1997.394;-1.363;2.145
219061;26.3;26.12;0.480;1.563;2034.126;-1.432;2.034
219161;26.3;26.12;0.452;1.555;1982.174;-0.705;2.107
219261;26.3;26.12;0.475;1.543;1992.281;-1.733;2.246
219361;26.3;26.12;0.453;1.563;2033.096;-1.053;2.058
219461;26.3;26.12;0.464;1.555;1996.999;-0.893;2.129
219561;26.4;26.12;0.508;1.543;2006.729;-1.503;2.190
219661;26.4;26.12;0.467;1.567;2020.416;-1.228;2.027
219761;26.4;26.12;0.495;1.527;1961.177;-1.596;2.432
219861;26.4;26.12;0.457;1.550;2000.187;-0.794;2.175
219961;26.4;26.12;0.448;1.557;2030.366;-1.027;2.155
220061;26.3;26.12;0.447;1.552;1988.979;-0.651;2.160
220161;26.3;26.12;0.502;1.545;2002.185;-1.388;2.236
220261;26.3;26.12;0.280;1.575;1955.176;2.213;1.550
220361;26.3;26.12;0.451;1.556;1990.151;-0.786;2.136
220461;26.3;26.12;0.458;1.550;1981.211;-0.752;2.245
220561;26.4;26.12;0.446;1.560;2026.370;-1.031;2.164
220661;26.4;26.12;0.441;1.554;1987.857;-0.533;2.138
220761;26.4;26.12;0.203;1.607;2002.885;3.199;1.118
220861;26.4;26.18;0.451;1.554;2014.892;-1.143;2.252
220961;26.4;26.18;0.448;1.550;1972.929;-0.693;2.240
221061;26.4;26.18;0.481;1.545;1978.263;-1.316;2.316
221161;26.4;26.18;0.465;1.553;2022.600;-1.484;2.289
221261;26.5;26.18;0.174;1.570;1964.605;4.294;1.652
221361;26.5;26.18;0.469;1.555;1997.713;-0.933;2.098
221461;26.5;26.18;0.498;1.551;2040.387;-1.703;2.228
221561;26.4;26.18;0.464;1.557;1985.499;-0.850;2.155
221661;26.4;26.18;0.506;1.550;2006.316;-1.447;2.214
221761;26.4;26.18;0.436;1.552;1983.699;-0.547;2.123
221861;26.4;26.18;0.532;1.543;2015.134;-1.851;2.301
221961;26.4;26.18;0.566;1.528;2013.295;-2.044;2.508
222061;26.4;26.18;0.562;1.538;2043.173;-2.467;2.478
222161;26.4;26.18;0.510;1.549;2000.462;-1.574;2.248
222261;26.5;26.18;0.475;1.550;2010.253;-1.739;2.244
222361;26.5;26.18;0.485;1.560;2033.679;-1.416;2.109
222461;26.5;26.18;0.488;1.553;1990.996;-1.236;2.200
222561;26.5;26.18;0.540;1.538;2006.867;-1.906;2.386
222661;26.5;26.18;0.530;1.550;2039.581;-2.076;2.289
222761;26.5;26.18;0.200;1.514;1966.352;4.186;2.454
222861;26.5;26.18;0.465;1.554;1991.129;-0.888;2.195
222961;26.5;26.18;0.467;1.562;2034.439;-1.232;2.131
223061;26.5;26.18;0.477;1.557;2000.053;-1.071;2.175
223161;26.5;26.18;0.521;1.547;2012.128;-1.692;2.257
223261;26.5;26.18;0.460;1.541;1965.409;-1.076;2.310
223361;26.5;26.18;0.470;1.557;1988.335;-0.999;2.178
223461;26.5;26.18;0.473;1.547;1995.808;-0.957;2.257
223561;26.5;26.18;0.449;1.566;2018.474;-0.968;2.089
223661;26.5;26.18;0.453;1.557;1989.356;-0.751;2.192
223761;26.4;26.18;0.485;1.547;2014.547;-1.894;2.273
223861;26.4;26.18;0.506;1.556;2043.974;-1.790;2.190
223961;26.4;26.18;0.448;1.562;1989.364;-0.680;2.160
224061;26.4;26.18;0.488;1.548;2000.780;-1.214;2.250
224161;26.4;26.18;0.475;1.566;2035.386;-1.358;2.065
224261;26.5;26.18;0.477;1.538;1979.306;-1.265;2.313
224361;26.5;26.18;0.547;1.541;2011.734;-2.018;2.385
224461;26.5;26.18;0.570;1.533;2049.281;-2.460;2.533
224561;26.4;26.18;0.552;1.533;2015.797;-2.070;2.505
224661;26.4;26.18;0.551;1.539;2005.187;-2.000;2.417
224761;26.5;26.18;0.444;1.553;1988.595;-0.659;2.121
224861;26.5;26.18;0.538;1.544;2011.957;-1.836;2.419
224961;26.5;26.18;0.568;1.521;2014.695;-1.894;2.605
225061;26.5;26.18;0.575;1.530;2055.787;-2.351;2.587
225161;26.5;26.18;0.534;1.547;1997.220;-1.895;2.386
225261;26.5;26.18;0.443;1.552;2020.130;-1.047;2.245
225361;26.5;26.18;0.529;1.551;2047.104;-2.065;2.329
225461;26.5;26.18;0.494;1.562;1997.690;-1.306;2.176
225561;26.4;26.18;0.553;1.540;2007.672;-2.025;2.442
225661;26.4;26.18;0.564;1.540;2052.075;-2.432;2.511
225761;26.5;26.18;0.461;1.538;1982.679;-0.883;2.336
225861;26.5;26.18;0.493;1.558;1994.946;-1.197;2.225
225961;26.5;26.18;0.493;1.563;2040.387;-1.586;2.171
226061;26.5;26.18;0.491;1.557;1997.033;-1.280;2.216
226161;26.5;26.18;0.535;1.541;2012.305;-1.831;2.391
226261;26.5;26.18;0.435;1.548;1977.120;-0.510;2.240
226361;26.5;26.18;0.515;1.557;1996.398;-1.635;2.300
226461;26.5;26.18;0.535;1.548;2002.743;-1.798;2.341
226561;26.5;26.18;0.534;1.558;2055.326;-2.171;2.223
226661;26.5;26.18;0.491;1.561;1997.396;-1.267;2.223
226761;26.5;26.18;0.452;1.558;2030.540;-1.046;2.141
226861;26.5;26.18;0.575;1.531;2057.578;-2.440;2.601
226961;26.5;26.18;0.548;1.541;2014.320;-2.008;2.445
227061;26.5;26.18;0.570;1.529;2012.795;-2.107;2.602
227161;26.5;26.18;0.572;1.540;2050.107;-2.542;2.527
227261;26.5;26.18;0.474;1.550;1996.149;-0.988;2.168
227361;26.5;26.18;0.563;1.532;2014.693;-2.019;2.590
227461;26.5;26.18;0.582;1.526;2057.342;-2.430;2.662
227561;26.5;26.18;0.547;1.539;2010.083;-1.819;2.519
227661;26.5;26.18;0.569;1.530;2004.334;-1.924;2.646
227761;26.6;26.18;0.448;1.560;1987.256;-0.623;2.096
227861;26.6;26.18;0.548;1.540;2014.630;-1.900;2.529
227961;26.6;26.18;0.569;1.524;2012.645;-1.885;2.668
228061;26.6;26.18;0.586;1.512;2061.754;-2.248;2.842
228161;26.6;26.18;0.552;1.531;2018.710;-1.768;2.617
228261;26.6;26.18;0.451;1.558;2015.844;-1.014;2.172
228361;26.6;26.18;0.568;1.541;2042.825;-2.435;2.562
228461;26.6;26.18;0.518;1.559;1998.284;-1.650;2.301
228561;26.5;26.18;0.549;1.542;2014.486;-1.990;2.438
228661;26.5;26.18;0.578;1.536;2048.490;-2.521;2.573
228761;26.5;26.18;0.466;1.554;1984.537;-0.870;2.142
228861;26.5;26.18;0.541;1.547;2002.230;-1.899;2.408
228961;26.5;26.18;0.521;1.562;2045.363;-1.928;2.262
229061;26.5;26.18;0.498;1.563;2001.363;-1.411;2.195
229161;26.5;26.18;0.557;1.541;2007.911;-2.043;2.519
229261;26.6;26.18;0.463;1.556;1997.995;-0.898;2.167
229361;26.6;26.18;0.552;1.534;2022.319;-1.853;2.608
229461;26.6;26.18;0.567;1.529;2015.729;-1.872;2.633
229561;26.5;26.18;0.581;1.525;2056.315;-2.331;2.725
229661;26.5;26.18;0.552;1.533;2018.473;-1.770;2.615
229761;26.5;26.18;0.502;1.556;2047.331;-1.765;2.167
229861;26.5;26.18;0.582;1.500;2058.753;-2.064;3.040
229961;26.5;26.18;0.550;1.521;2018.025;-1.608;2.783
230061;26.5;26.18;0.575;1.518;2018.627;-1.852;2.777
230161;26.5;26.18;0.581;1.531;2058.853;-2.373;2.666
230261;26.5;26.18;0.473;1.553;1992.125;-0.974;2.210
230361;26.5;26.18;0.577;1.527;2013.999;-1.943;2.690
230461;26.5;26.18;0.584;1.525;2063.582;-2.273;2.705
230561;26.5;26.18;0.546;1.526;2028.183;-1.590;2.711
230661;26.5;26.18;0.569;1.509;2010.905;-1.649;2.972
230761;26.5;26.18;0.470;1.563;1989.665;-0.966;2.090
230861;26.5;26.18;0.556;1.531;2017.637;-1.819;2.644
230961;26.5;26.18;0.569;1.519;2017.233;-1.729;2.843
231061;26.6;26.18;0.587;1.493;2063.491;-2.049;3.158
231161;26.6;26.18;0.550;1.518;2017.133;-1.563;2.890
231261;26.7;26.18;0.452;1.565;2020.360;-1.023;2.116
231361;26.7;26.18;0.578;1.539;2045.971;-2.446;2.620
231461;26.7;26.18;0.538;1.554;2012.028;-1.907;2.393
231561;26.7;26.18;0.555;1.543;2014.273;-2.006;2.516
231661;26.7;26.18;0.580;1.533;2063.372;-2.452;2.664
231761;26.7;26.18;0.518;1.554;2007.956;-1.632;2.239
231861;26.7;26.18;0.574;1.527;2011.871;-1.910;2.719
231961;26.7;26.18;0.580;1.535;2054.968;-2.484;2.658
232061;26.6;26.18;0.549;1.544;2018.007;-1.946;2.504
232161;26.6;26.18;0.570;1.534;2023.268;-1.925;2.639
232261;26.7;26.18;0.483;1.562;1993.375;-1.149;2.139
232361;26.7;26.18;0.559;1.492;2033.321;-1.519;3.162
232461;26.7;26.18;0.581;1.474;2012.984;-1.525;3.381
232561;26.7;26.18;0.591;1.482;2059.076;-1.990;3.347
232661;26.7;26.18;0.556;1.513;2014.816;-1.604;3.006
232761;26.7;26.18;0.548;1.546;2046.758;-2.240;2.344
232861;26.7;26.18;0.586;1.484;2063.378;-1.973;3.310
232961;26.7;26.18;0.560;1.483;2020.286;-1.465;3.365
233061;26.6;26.18;0.580;1.484;2017.346;-1.627;3.293
233161;26.6;26.18;0.588;1.493;2060.070;-2.004;3.209
233261;26.8;26.18;0.552;1.539;2010.976;-2.047;2.483
233361;26.8;26.18;0.571;1.520;2014.509;-1.761;2.883
233461;26.8;26.18;0.586;1.506;2061.739;-2.131;3.060
233561;26.7;26.18;0.552;1.510;2025.910;-1.546;3.043
233661;26.7;26.18;0.582;1.492;2017.504;-1.640;3.207
233761;26.6;26.18;0.529;1.548;1994.776;-1.766;2.413
233861;26.6;26.18;0.556;1.519;2019.866;-1.637;2.930
233961;26.6;26.18;0.571;1.512;2014.970;-1.691;2.989
234061;26.6;26.18;0.583;1.501;2063.645;-2.072;3.142
234161;26.6;26.18;0.557;1.505;2025.499;-1.596;3.109
234261;26.9;26.18;0.560;1.546;2040.349;-2.357;2.444
234361;26.9;26.18;0.583;1.513;2061.764;-2.099;2.993
234461;26.9;26.18;0.545;1.550;2013.176;-1.652;2.555
234561;26.9;26.18;0.577;1.530;2020.745;-1.998;2.739
234661;26.9;26.18;0.581;1.514;2067.824;-2.122;2.956
234761;26.8;26.18;0.576;1.528;2020.393;-2.036;2.620
234861;26.8;26.18;0.582;1.493;2016.920;-1.601;3.230
234961;26.8;26.18;0.587;1.482;2055.802;-1.873;3.409
235061;26.7;26.18;0.557;1.516;2023.316;-1.601;3.008
235161;26.7;26.18;0.573;1.507;2012.092;-1.601;3.119
235261;26.9;26.18;0.551;1.538;2021.296;-1.875;2.560
235361;26.9;26.18;0.557;1.482;2021.978;-1.359;3.409
235461;26.9;26.18;0.578;1.452;2013.144;-1.265;3.675
235561;26.8;26.18;0.587;1.459;2053.784;-1.616;3.603
235661;26.8;26.18;0.563;1.482;2023.607;-1.498;3.426
235761;26.7;26.18;0.581;1.530;2053.839;-2.510;2.683
235861;26.7;26.18;0.591;1.468;2062.905;-1.805;3.490
235961;26.7;26.18;0.563;1.478;2024.641;-1.383;3.415
236061;26.7;26.18;0.584;1.470;2003.847;-1.443;3.532
236161;26.7;26.18;0.587;1.466;2046.969;-1.684;3.606
236261;26.7;26.18;0.562;1.539;2010.003;-2.010;2.579
236361;26.7;26.18;0.577;1.503;2020.349;-1.663;3.139
236461;26.7;26.18;0.596;1.487;2064.369;-2.050;3.329
236561;26.8;26.18;0.559;1.499;2027.504;-1.469;3.210
236661;26.8;26.18;0.583;1.479;2013.795;-1.517;3.427
236761;26.8;26.18;0.546;1.546;2017.824;-1.814;2.460
236861;26.8;26.18;0.560;1.503;2020.109;-1.650;3.224
236961;26.8;26.18;0.581;1.496;2013.141;-1.650;3.285
237061;26.8;26.18;0.589;1.483;2062.474;-1.841;3.387
237161;26.8;26.18;0.557;1.489;2027.623;-1.367;3.311
237261;26.8;26.18;0.588;1.515;2058.013;-2.312;2.904
237361;26.8;26.18;0.594;1.463;2048.518;-1.717;3.618
237461;26.8;26.18;0.570;1.484;2029.396;-1.642;3.397
237561;26.8;26.18;0.581;1.492;2014.933;-1.575;3.321
237661;26.8;26.18;0.596;1.474;2059.719;-1.904;3.516
237761;26.8;26.18;0.571;1.525;2022.119;-1.799;2.665
237861;26.8;26.18;0.574;1.465;2009.952;-1.228;3.594
237961;26.8;26.18;0.584;1.454;2057.975;-1.513;3.719
238061;26.8;26.18;0.571;1.490;2018.276;-1.638;3.399
238161;26.8;26.18;0.583;1.483;2011.116;-1.546;3.393
238261;26.8;26.18;0.546;1.537;2016.502;-1.593;2.634
238361;26.8;26.18;0.557;1.482;2025.302;-1.314;3.442
238461;26.8;26.18;0.569;1.456;2001.919;-0.995;3.609
238561;26.8;26.18;0.570;1.448;2039.932;-1.060;3.635
238661;26.8;26.18;0.554;1.472;2010.659;-1.079;3.505
238761;26.8;26.18;0.587;1.505;2062.787;-2.194;3.059
238861;26.8;26.18;0.592;1.465;2048.186;-1.688;3.683
238961;26.8;26.18;0.559;1.474;2023.774;-1.192;3.486
239061;26.8;26.18;0.575;1.453;2010.324;-1.088;3.656
239161;26.8;26.18;0.589;1.459;2042.588;-1.521;3.736
239261;26.8;26.18;0.578;1.524;2010.029;-1.938;2.762
239361;26.8;26.18;0.592;1.485;2012.060;-1.597;3.406
239461;26.8;26.18;0.586;1.487;2068.982;-1.863;3.394
239561;26.9;26.18;0.562;1.497;2019.881;-1.512;3.347
239661;26.9;26.18;0.581;1.469;2012.836;-1.373;3.579
239761;26.9;26.18;0.554;1.512;2022.655;-1.626;3.001
239861;26.9;26.18;0.561;1.476;2024.978;-1.257;3.482
239961;26.9;26.18;0.583;1.471;2014.346;-1.406;3.566
240061;26.9;26.18;0.583;1.449;2045.029;-1.392;3.789
240161;26.9;26.18;0.548;1.471;2020.823;-0.920;3.419
240261;26.9;26.18;0.584;1.471;2064.433;-1.809;3.483
240361;26.9;26.18;0.563;1.453;2034.518;-0.921;3.562
240461;26.9;26.18;0.548;1.475;2012.979;-0.918;3.438
240561;26.9;26.18;0.577;1.465;2003.078;-1.176;3.667
240661;26.9;26.18;0.585;1.457;2057.180;-1.581;3.732
240761;26.8;26.18;0.554;1.541;2005.933;-1.998;2.507
240861;26.8;26.18;0.564;1.456;2009.091;-0.869;3.530
240961;26.8;26.18;0.564;1.459;2035.020;-0.942;3.536
241061;26.8;26.18;0.550;1.473;2022.365;-0.970;3.461
241161;26.8;26.18;0.581;1.465;2007.882;-1.300;3.682
241261;26.8;26.18;0.554;1.530;2016.212;-1.652;2.781
241361;26.8;26.18;0.549;1.468;2024.332;-0.940;3.525
241461;26.8;26.18;0.563;1.460;2001.538;-0.821;3.598
241561;26.8;26.18;0.573;1.449;2026.620;-0.957;3.524
241661;26.8;26.18;0.544;1.473;2013.153;-0.717;3.342
241761;26.8;26.18;0.587;1.494;2056.119;-1.941;3.267
241861;26.8;26.18;0.580;1.448;2041.131;-1.237;3.784
241961;26.8;26.18;0.561;1.474;2015.690;-1.148;3.557
242061;26.9;26.18;0.560;1.465;2005.214;-0.787;3.551
242161;26.9;26.18;0.570;1.452;2037.719;-1.032;3.660
242261;26.8;26.18;0.576;1.509;2023.011;-1.667;3.079
242361;26.8;26.18;0.575;1.463;2002.286;-1.132;3.700
242461;26.8;26.18;0.592;1.452;2044.462;-1.495;3.826
242561;26.8;26.18;0.555;1.479;2025.352;-1.101;3.459
242661;26.8;26.18;0.576;1.462;2011.111;-1.103;3.596
242761;27.0;26.18;0.560;1.491;2022.930;-1.478;3.302
242861;27.0;26.18;0.549;1.477;2013.878;-0.791;3.264
242961;27.0;26.18;0.554;1.465;1994.382;-0.614;3.475
243061;27.0;26.18;0.561;1.457;2033.638;-0.768;3.522
243161;27.0;26.18;0.544;1.481;2009.598;-0.725;3.286
243261;26.9;26.18;0.588;1.451;2052.222;-1.549;3.671
243361;26.9;26.18;0.517;1.476;2018.596;0.120;3.062
243461;26.9;26.18;0.539;1.480;2007.492;-0.662;3.314
243561;26.9;26.18;0.550;1.467;1988.211;-0.574;3.427
243661;26.9;26.18;0.571;1.448;2030.710;-0.939;3.668
243761;26.9;26.18;0.585;1.482;2016.673;-1.548;3.410
243861;26.9;26.18;0.555;1.471;2001.096;-0.640;3.453
243961;26.9;26.18;0.571;1.456;2017.736;-0.875;3.523
244061;26.9;26.18;0.541;1.479;2005.895;-0.673;3.385
244161;26.9;26.18;0.563;1.471;1993.540;-0.808;3.547
244261;26.9;26.18;0.554;1.518;2017.554;-1.595;2.977
244361;26.9;26.18;0.539;1.481;2013.457;-0.646;3.336
244461;26.9;26.18;0.565;1.467;1987.272;-0.744;3.458
244561;26.9;26.18;0.563;1.459;2024.582;-0.730;3.425
244661;26.9;26.18;0.539;1.474;2002.153;-0.532;3.270
244761;27.0;26.18;0.583;1.463;2045.679;-1.579;3.673
244861;27.0;26.18;0.575;1.452;2025.579;-0.848;3.566
244961;27.0;26.18;0.539;1.479;2011.028;-0.610;3.418
245061;27.0;26.18;0.559;1.470;1993.307;-0.708;3.459
245161;27.0;26.18;0.518;1.470;2014.725;0.105;3.205
245261;26.9;26.18;0.579;1.464;2007.989;-1.311;3.621
245361;26.9;26.18;0.569;1.469;1987.217;-0.828;3.460
245461;26.9;26.18;0.576;1.455;2029.597;-1.039;3.583
245561;26.9;26.18;0.543;1.481;2010.143;-0.678;3.280
245661;26.9;26.18;0.564;1.469;1986.727;-0.745;3.406
245761;27.0;26.18;0.557;1.473;2023.291;-1.151;3.518
245861;27.0;26.18;0.491;1.503;2005.979;0.286;2.857
245961;27.0;26.18;0.501;1.494;1980.287;0.466;2.936
246061;27.0;26.18;0.510;1.484;2017.897;0.231;3.014
246161;27.0;26.18;0.536;1.482;2007.436;-0.534;3.234
246261;27.0;26.18;0.585;1.449;2047.065;-1.432;3.774
246361;27.0;26.18;0.456;1.481;2012.243;1.152;3.004
246461;27.0;26.18;0.426;1.507;1997.768;1.404;2.739
246561;27.0;26.18;0.565;1.466;1979.760;-0.630;3.481
246661;27.0;26.18;0.567;1.458;2016.841;-0.763;3.526
246761;27.0;26.18;0.579;1.479;2014.660;-1.405;3.492
246861;27.0;26.18;0.565;1.462;1988.407;-0.797;3.488
246961;27.0;26.18;0.505;1.489;2018.050;0.362;2.891
247061;27.0;26.18;0.463;1.505;2001.606;0.818;2.759
247161;27.0;26.18;0.505;1.491;1976.043;0.420;2.989
247261;27.0;26.18;0.562;1.477;2018.715;-1.259;3.539
247361;27.0;26.18;0.541;1.477;2010.371;-0.659;3.442
247461;27.0;26.18;0.564;1.470;1983.128;-0.704;3.467
247561;27.0;26.18;0.493;1.487;2014.118;0.585;2.929
247661;27.0;26.18;0.432;1.515;2013.240;1.259;2.676
247761;27.0;26.18;0.571;1.451;2032.582;-1.008;3.650
247861;27.0;26.18;0.468;1.483;2003.567;1.030;3.033
247961;27.0;26.18;0.460;1.507;2000.596;0.844;2.780
248061;26.9;26.18;0.537;1.478;1988.535;-0.184;3.256
248161;26.9;26.18;0.455;1.485;2011.539;1.192;2.947
248261;26.9;26.18;0.569;1.462;1990.937;-0.952;3.602
248361;26.9;26.18;0.451;1.493;1971.591;1.286;3.000
248461;26.9;26.18;0.473;1.489;2015.690;0.884;2.924
248561;27.0;26.18;0.530;1.485;2002.955;-0.385;3.250
248661;27.0;26.18;0.558;1.474;1984.227;-0.568;3.383
248761;27.0;26.18;0.560;1.471;2026.270;-1.149;3.538
248861;27.0;26.18;0.414;1.505;2004.383;1.548;2.838
248961;27.0;26.18;0.448;1.494;1970.700;1.291;3.003
249061;27.0;26.18;0.449;1.476;2005.288;1.243;3.149
249161;27.0;26.18;0.430;1.509;2000.850;1.385;2.786
249261;27.0;26.18;0.579;1.447;2046.979;-1.224;3.734
249361;27.0;26.18;0.442;1.477;1999.910;1.357;3.125
249461;27.0;26.18;0.402;1.485;1994.072;1.612;3.095
249561;27.0;26.18;0.427;1.485;1959.385;1.508;3.130
249661;27.0;26.18;0.443;1.477;2008.373;1.293;3.159
249761;27.0;26.18;0.584;1.462;2005.848;-1.350;3.702
249861;27.0;26.18;0.517;1.488;1977.458;0.205;3.121
249961;27.0;26.18;0.468;1.488;2014.073;1.035;2.917
250061;27.0;26.18;0.409;1.503;2001.020;1.561;2.872
250161;27.0;26.18;0.442;1.489;1967.854;1.397;3.086
250261;27.0;26.18;0.563;1.491;2019.260;-1.412;3.408
250361;27.0;26.18;0.462;1.515;2007.185;0.814;2.690
250461;27.0;26.18;0.495;1.500;1985.094;0.579;2.955
250561;27.0;26.18;0.440;1.478;2003.942;1.370;3.156
250661;27.0;26.18;0.395;1.487;1998.997;1.656;3.071
250761;27.0;26.18;0.491;1.486;2022.273;0.488;2.897
250861;27.0;26.18;0.412;1.461;1989.013;1.535;3.342
250961;27.0;26.18;0.393;1.490;1986.500;1.679;3.091
251061;27.1;26.18;0.429;1.485;1966.254;1.477;3.190
251161;27.1;26.18;0.431;1.472;2005.538;1.370;3.239
251261;27.1;26.18;0.553;1.470;1984.227;-0.481;3.337
251361;27.1;26.18;0.421;1.478;1962.058;1.561;3.240
251461;27.1;26.18;0.430;1.468;1996.230;1.411;3.325
251561;27.1;26.18;0.415;1.498;1989.440;1.551;2.990
251661;27.1;26.18;0.472;1.501;1977.533;0.971;3.017
251761;27.2;26.18;0.546;1.477;2011.318;-0.750;3.424
251861;27.2;26.18;0.401;1.494;2005.406;1.670;3.000
251961;27.2;26.18;0.420;1.475;1973.040;1.513;3.280
252061;27.2;26.18;0.423;1.465;1995.564;1.428;3.367
252161;27.2;26.18;0.397;1.490;1987.534;1.687;3.118
252261;27.1;26.18;0.565;1.456;2023.031;-0.703;3.481
252361;27.1;26.18;0.418;1.462;1999.004;1.479;3.345
252461;27.1;26.18;0.379;1.476;1989.637;1.764;3.261
252561;27.1;26.18;0.402;1.473;1960.029;1.650;3.287
252661;27.1;26.18;0.425;1.468;1985.766;1.447;3.321
252761;27.0;26.18;0.556;1.469;1996.865;-0.664;3.484
252861;27.0;26.18;0.445;1.488;1969.646;1.374;3.179
252961;27.0;26.18;0.442;1.473;1998.196;1.330;3.239
253061;27.0;26.18;0.394;1.487;2001.463;1.685;3.094
253161;27.0;26.18;0.417;1.473;1962.403;1.554;3.366
253261;27.0;26.18;0.522;1.485;1999.156;-0.207;3.177
253361;27.0;26.18;0.404;1.500;1990.285;1.661;3.009
253461;27.0;26.18;0.428;1.485;1970.952;1.530;3.225
253561;27.0;26.18;0.419;1.465;1993.912;1.487;3.314
253661;27.0;26.18;0.375;1.476;1989.728;1.721;3.297
253761;27.1;26.18;0.439;1.477;2003.881;1.313;3.084
253861;27.1;26.18;0.379;1.462;1977.643;1.817;3.262
253961;27.1;26.18;0.376;1.472;1987.302;1.721;3.348
254061;27.1;26.18;0.411;1.474;1963.494;1.550;3.378
254161;27.1;26.18;0.416;1.462;1990.717;1.552;3.422
254261;27.2;26.18;0.478;1.503;1988.113;0.794;2.860
254361;27.2;26.18;0.397;1.473;1960.269;1.650;3.349
254461;27.2;26.18;0.411;1.461;1982.976;1.572;3.452
254561;27.2;26.18;0.391;1.491;1992.510;1.636;3.157
254661;27.2;26.18;0.424;1.486;1965.004;1.599;3.191
254761;27.2;26.18;0.541;1.478;2018.153;-0.629;3.339
254861;27.2;26.18;0.384;1.484;1988.847;1.704;3.215
254961;27.2;26.18;0.405;1.473;1958.675;1.614;3.316
255061;27.2;26.18;0.388;1.461;1985.616;1.769;3.315
255161;27.2;26.18;0.379;1.478;1989.140;1.667;3.348
255261;27.1;26.18;0.496;1.485;2018.408;0.498;3.002
255361;27.1;26.18;0.407;1.460;1988.992;1.557;3.419
255461;27.1;26.18;0.375;1.479;1993.922;1.710;3.287
255561;27.1;26.18;0.379;1.468;1955.570;1.838;3.370
255661;27.1;26.18;0.377;1.463;1973.873;1.870;3.273
255761;27.2;26.18;0.482;1.501;1975.085;0.823;2.879
255861;27.2;26.18;0.414;1.481;1960.515;1.572;3.330
255961;27.2;26.18;0.417;1.466;1993.740;1.511;3.341
256061;27.2;26.18;0.376;1.477;1993.889;1.726;3.306
256161;27.2;26.18;0.372;1.472;1961.465;1.888;3.288
256261;27.2;26.18;0.398;1.484;1993.949;1.635;3.096
256361;27.2;26.18;0.378;1.473;1976.417;1.728;3.408
256461;27.2;26.18;0.404;1.471;1964.490;1.636;3.398
256561;27.1;26.18;0.404;1.467;1991.359;1.568;3.375
256661;27.1;26.18;0.359;1.479;1991.998;1.870;3.267
256761;27.1;26.18;0.442;1.478;1998.377;1.285;3.147
256861;27.1;26.18;0.339;1.467;1973.514;2.344;3.118
256961;27.1;26.18;0.346;1.484;1983.161;2.030;3.117
257061;27.2;26.18;0.398;1.469;1957.601;1.645;3.443
257161;27.2;26.18;0.400;1.463;1976.883;1.654;3.426
257261;27.2;26.18;0.450;1.494;1980.201;1.258;3.018
257361;27.2;26.18;0.374;1.462;1964.147;1.873;3.420
257461;27.2;26.18;0.373;1.471;1978.402;1.941;3.203
257561;27.2;26.18;0.358;1.477;1978.201;1.922;3.289
257661;27.2;26.18;0.405;1.469;1951.498;1.586;3.485
257761;27.2;26.18;0.420;1.510;1998.965;1.469;2.848
257861;27.2;26.18;0.379;1.479;1991.691;1.725;3.334
257961;27.2;26.18;0.397;1.466;1959.511;1.676;3.454
258061;27.3;26.18;0.387;1.464;1974.895;1.769;3.342
258161;27.3;26.18;0.343;1.479;1984.064;2.109;3.178
258261;27.3;26.18;0.449;1.479;2008.560;1.279;3.122
258361;27.3;26.18;0.364;1.467;1986.383;2.016;3.268
258461;27.3;26.18;0.318;1.487;1989.277;2.326;3.073
258561;27.2;26.18;0.341;1.473;1957.235;2.284;3.245
258661;27.2;26.18;0.313;1.478;1969.929;2.644;3.011
258761;27.2;26.18;0.444;1.489;1966.701;1.354;3.079
258861;27.2;26.18;0.360;1.477;1954.273;2.072;3.245
258961;27.2;26.18;0.361;1.470;1973.465;2.049;3.219
259061;27.3;26.18;0.337;1.485;1983.773;2.128;3.207
259161;27.3;26.18;0.344;1.475;1955.747;2.246;3.186
259261;27.3;26.18;0.393;1.484;1990.692;1.694;3.165
259361;27.3;26.18;0.311;1.488;1987.019;2.459;3.079
259461;27.3;26.18;0.388;1.476;1955.874;1.741;3.356
259561;27.2;26.18;0.371;1.468;1979.784;1.942;3.285
259661;27.2;26.18;0.330;1.483;1984.563;2.238;3.119
259761;27.2;26.18;0.453;1.484;2011.107;1.191;3.055
259861;27.2;26.18;0.301;1.481;1973.507;2.832;2.991
259961;27.2;26.18;0.192;1.509;1978.310;4.133;2.645
260061;27.2;26.18;0.329;1.482;1945.439;2.442;3.188
260161;27.2;26.18;0.329;1.473;1969.206;2.481;3.162
260261;27.2;26.18;0.413;1.473;1970.176;1.536;3.412
260361;27.2;26.18;0.308;1.477;1953.274;2.704;3.166
260461;27.2;26.18;0.254;1.490;1967.201;3.507;2.793
260561;27.2;26.18;0.281;1.493;1987.883;2.832;2.998
260661;27.2;26.18;0.348;1.477;1951.516;2.176;3.304
260761;27.2;26.18;0.391;1.492;1988.198;1.677;3.204
260861;27.2;26.18;0.332;1.488;1985.724;2.226;3.085
260961;27.2;26.18;0.364;1.478;1956.362;2.011;3.284
261061;27.2;26.18;0.306;1.479;1971.953;2.796;3.036
261161;27.2;26.18;0.195;1.511;1988.776;4.097;2.585
261261;27.3;26.18;0.395;1.458;1979.467;1.706;3.400
261361;27.3;26.18;0.289;1.482;1969.670;2.982;3.003
261461;27.3;26.18;0.217;1.505;1976.587;4.336;2.549
261561;27.4;26.18;0.213;1.514;1955.713;3.986;2.563
261661;27.4;26.18;0.355;1.532;1970.534;1.125;2.078
261761;27.3;26.18;0.375;1.471;1962.771;1.844;3.287
261861;27.3;26.18;0.233;1.499;1947.373;3.743;2.846
261961;27.3;26.18;0.257;1.489;1965.086;3.460;2.867
262061;27.3;26.18;0.306;1.490;1982.134;2.572;3.042
262161;27.3;26.18;0.330;1.480;1957.742;2.387;3.230
262261;27.3;26.18;0.367;1.478;1990.501;1.814;3.259
262361;27.3;26.18;0.161;1.528;1982.919;4.526;2.274
262461;27.3;26.18;0.277;1.485;1948.590;3.137;3.069
262561;27.3;26.18;0.336;1.480;1972.804;2.407;3.044
262661;27.3;26.18;0.284;1.498;1982.837;2.843;2.920
262761;27.3;26.18;0.408;1.463;1988.359;1.595;3.352
262861;27.3;26.18;0.204;1.520;1969.781;4.088;2.312
262961;27.3;26.18;0.444;1.544;1983.083;-0.826;2.104
263061;27.3;26.18;0.378;1.532;1955.815;0.654;2.234
263161;27.3;26.18;0.232;1.530;1968.446;3.478;2.153
263261;27.3;26.18;0.408;1.468;1956.516;1.587;3.431
263361;27.3;26.18;0.315;1.485;1952.681;2.623;3.170
263461;27.3;26.18;0.202;1.522;1975.082;2.795;2.140
263561;27.4;26.18;0.317;1.548;1977.514;1.453;2.018
263661;27.4;26.18;0.242;1.497;1952.480;3.655;2.806
263761;27.3;26.18;0.373;1.480;1981.174;1.788;3.301
263861;27.3;26.18;0.228;1.506;1978.332;3.638;2.785
263961;27.3;26.18;0.276;1.487;1959.377;3.132;3.026
264061;27.3;26.18;0.205;1.505;1981.639;4.153;2.569
264161;27.3;26.18;0.295;1.562;1982.784;1.837;1.826
264261;27.3;26.18;0.234;1.492;1969.397;3.793;2.750
264361;27.3;26.18;0.209;1.559;1976.203;3.671;1.701
264461;27.3;26.18;0.429;1.551;1988.161;-0.590;2.020
264561;27.3;26.18;0.314;1.532;1949.939;1.874;2.298
264661;27.3;26.18;0.293;1.553;1978.556;2.025;1.812
264761;27.3;26.18;0.316;1.473;1956.478;2.596;3.134
264861;27.3;26.18;0.384;1.540;1942.910;0.622;2.195
264961;27.3;26.18;0.384;1.537;1964.304;0.657;2.146
265061;27.4;26.18;0.169;1.544;1980.168;4.270;2.155
265161;27.4;26.18;0.257;1.495;1951.779;3.443;2.966
265261;27.4;26.18;0.291;1.495;1990.243;2.695;2.959
265361;27.4;26.18;0.100;1.579;1988.807;5.102;1.538
265461;27.4;26.18;0.184;1.564;1951.066;3.987;1.773
265561;27.4;26.18;0.328;1.533;1968.559;1.683;2.193
265661;27.4;26.18;0.160;1.539;1983.589;4.474;2.236
265761;27.4;26.18;0.354;1.471;1967.311;2.158;3.204
265861;27.4;26.18;0.270;1.549;1971.707;2.639;1.912
265961;27.4;26.18;0.466;1.541;1998.772;-1.557;2.226
266061;27.4;26.18;0.159;1.566;1950.693;4.483;1.771
266161;27.4;26.18;0.448;1.533;1964.943;-0.715;2.260
266261;27.4;26.18;0.355;1.475;1946.649;2.144;3.324
266361;27.4;26.18;0.226;1.536;1953.383;3.529;2.264
266461;27.4;26.18;0.401;1.530;1965.701;0.362;2.233
266561;27.3;26.18;0.496;1.543;1989.069;-1.936;2.188
266661;27.3;26.18;0.151;1.569;1953.112;4.603;1.720
266761;27.3;26.18;0.321;1.487;1983.759;2.340;3.107
266861;27.3;26.18;0.433;1.549;1986.778;-0.627;2.096
266961;27.3;26.18;0.214;1.534;1942.189;3.807;2.327
267061;27.3;26.18;0.167;1.564;1972.659;4.425;1.660
267161;27.3;26.18;0.472;1.544;1999.441;-1.644;2.204
267261;27.3;26.18;0.281;1.483;1979.396;3.077;2.924
267361;27.3;26.18;0.236;1.588;1977.595;3.026;1.295
267461;27.3;26.18;0.495;1.546;1991.555;-2.049;2.196
267561;27.4;26.18;0.212;1.568;1954.433;3.466;1.753
267661;27.4;26.18;0.230;1.590;1983.704;3.173;1.233
267761;27.4;26.18;0.277;1.483;1949.546;3.120;3.038
267861;27.4;26.18;0.331;1.567;1960.538;1.232;1.808
267961;27.4;26.18;0.501;1.531;1983.836;-1.735;2.316
268061;27.4;26.18;0.103;1.577;1976.801;5.237;1.642
268161;27.4;26.18;0.417;1.539;1951.199;-0.008;2.266
268261;27.3;26.18;0.376;1.473;1993.998;1.702;3.343
268361;27.3;26.18;0.198;1.605;1998.779;3.308;1.194
268461;27.3;26.18;0.473;1.534;1952.528;-1.239;2.396
268561;27.4;26.18;0.499;1.526;1965.638;-1.624;2.444
268661;27.4;26.18;0.450;1.553;1986.789;-0.892;2.052
268761;27.4;26.18;0.381;1.473;1978.774;1.865;3.261
268861;27.4;26.18;0.164;1.575;1973.766;4.461;1.566
268961;27.4;26.18;0.209;1.608;1998.210;3.194;1.139
269061;27.4;26.18;0.390;1.554;1967.283;0.172;2.034
269161;27.4;26.18;0.258;1.584;1982.225;2.576;1.436
269261;27.4;26.18;0.317;1.478;1948.742;2.572;3.237
269361;27.4;26.18;0.482;1.536;1954.227;-1.375;2.374
269461;27.4;26.18;0.245;1.586;1985.953;2.790;1.369
269561;27.4;26.18;0.471;1.555;2007.606;-1.692;2.167
269661;27.4;26.18;0.451;1.541;1958.064;-0.879;2.338
269761;27.3;26.18;0.267;1.544;1981.332;2.372;2.045
269861;27.3;26.12;0.204;1.612;1993.921;3.095;1.155
269961;27.3;26.12;0.169;1.572;1943.618;4.355;1.761
270061;27.3;26.12;0.390;1.553;1982.863;0.354;1.949
270161;27.3;26.12;0.475;1.553;2004.874;-1.671;2.188
270261;27.5;26.12;0.216;1.529;1974.746;3.750;2.160
270361;27.5;26.12;0.490;1.537;1981.413;-1.559;2.317
270461;27.5;26.12;0.464;1.548;2000.989;-1.424;2.254
270561;27.4;26.12;0.428;1.547;1966.185;-0.369;2.228
270661;27.4;26.12;0.488;1.532;1989.182;-1.505;2.364
270761;27.4;26.12;0.310;1.534;1954.183;1.940;2.231
270861;27.4;26.18;0.434;1.544;1974.460;-0.442;2.254
270961;27.4;26.18;0.468;1.539;1982.138;-0.942;2.302
271061;27.4;26.18;0.477;1.554;2003.801;-1.831;2.164
271161;27.4;26.18;0.467;1.536;1945.453;-1.076;2.427
271261;27.4;26.18;0.286;1.495;1983.680;2.809;3.019
271361;27.4;26.18;0.219;1.608;2003.222;2.892;1.197
271461;27.4;26.18;0.455;1.541;1961.271;-0.910;2.364
271561;27.4;26.18;0.488;1.531;1979.474;-1.525;2.443
271661;27.4;26.18;0.190;1.610;1989.921;3.362;1.232
271761;27.5;26.18;0.312;1.482;1973.400;2.699;3.055
271861;27.5;26.18;0.248;1.588;1989.134;2.786;1.349
271961;27.5;26.18;0.481;1.551;2007.118;-1.800;2.231
272061;27.4;26.18;0.438;1.545;1979.115;-0.540;2.254
272161;27.4;26.18;0.474;1.548;2001.452;-1.015;2.155
272261;27.5;26.18;0.410;1.531;1950.726;0.171;2.278
272361;27.5;26.18;0.446;1.547;1968.911;-0.689;2.267
272461;27.5;26.18;0.468;1.538;1985.973;-1.016;2.317
272561;27.6;26.18;0.451;1.554;2014.639;-1.072;2.158
272661;27.6;26.18;0.436;1.552;1982.155;-0.481;2.166
272761;27.6;26.18;0.469;1.548;1988.074;-1.655;2.153
272861;27.6;26.18;0.443;1.555;2009.505;-0.939;2.177
272961;27.6;26.18;0.456;1.544;1968.879;-0.894;2.343
273061;27.6;26.18;0.487;1.543;1993.955;-1.501;2.287
273161;27.6;26.18;0.463;1.553;2001.812;-1.350;2.233
273261;27.5;26.18;0.184;1.568;1982.698;3.951;1.595
273361;27.5;26.18;0.461;1.548;1994.166;-0.825;2.191
273461;27.5;26.18;0.453;1.558;2019.066;-1.055;2.100
273561;27.6;26.18;0.445;1.544;1967.277;-0.676;2.322
273661;27.6;26.18;0.460;1.547;1996.867;-0.949;2.197
273761;27.5;26.18;0.157;1.564;1961.320;4.548;1.777
273861;27.5;26.18;0.439;1.548;1975.231;-0.521;2.266
273961;27.5;26.18;0.454;1.551;1998.038;-0.750;2.163
274061;27.6;26.18;0.459;1.556;2001.579;-1.346;2.241
274161;27.6;26.18;0.465;1.541;1964.480;-1.068;2.386
274261;27.6;26.18;0.175;1.527;1974.037;4.403;2.495
274361;27.6;26.18;0.473;1.557;2006.453;-1.553;2.243
274461;27.6;26.18;0.438;1.555;1976.926;-0.485;2.173
274561;27.5;26.18;0.464;1.547;1997.428;-0.905;2.208
274661;27.5;26.18;0.446;1.558;2006.349;-0.941;2.176
274761;27.4;26.18;0.211;1.528;1971.607;3.855;2.292
274861;27.4;26.18;0.464;1.541;2002.798;-0.988;2.284
274961;27.4;26.18;0.455;1.559;2026.930;-1.017;2.123
275061;27.5;26.18;0.447;1.554;1984.316;-0.566;2.204
275161;27.5;26.18;0.506;1.544;2006.560;-1.462;2.238
275261;27.5;26.18;0.452;1.538;1967.490;-0.947;2.311
275361;27.5;26.18;0.459;1.556;1983.842;-0.795;2.156
275461;27.5;26.18;0.478;1.552;2000.201;-1.059;2.160
275561;27.5;26.18;0.463;1.563;2025.355;-1.165;2.098
275661;27.5;26.18;0.465;1.558;1994.520;-0.895;2.097
275761;27.6;26.18;0.477;1.549;2006.707;-1.839;2.200
275861;27.6;26.18;0.466;1.560;2023.285;-1.167;2.132
275961;27.6;26.18;0.454;1.554;1987.165;-0.771;2.185
276061;27.5;26.18;0.465;1.551;1996.288;-0.853;2.192
276161;27.5;26.18;0.453;1.561;2021.771;-0.980;2.114
276261;27.5;26.18;0.465;1.529;1961.685;-0.994;2.406
276361;27.5;26.18;0.469;1.553;1993.939;-0.876;2.133
276461;27.5;26.18;0.464;1.562;2030.812;-1.193;2.117
276561;27.5;26.18;0.435;1.562;1976.108;-0.414;2.172
276661;27.5;26.18;0.463;1.550;1998.815;-0.862;2.196
276761;27.5;26.18;0.254;1.563;1960.084;2.693;1.882
276861;27.5;26.18;0.447;1.560;1989.647;-0.659;2.139
276961;27.5;26.18;0.497;1.553;2009.600;-1.355;2.146
277061;27.6;26.18;0.481;1.561;2023.148;-1.403;2.147
277161;27.6;26.18;0.451;1.557;1989.565;-0.699;2.153
277261;27.5;26.18;0.478;1.550;1997.526;-1.707;2.284
277361;27.5;26.18;0.453;1.554;2016.206;-1.091;2.284
277461;27.5;26.18;0.442;1.555;1984.526;-0.518;2.238
277561;27.5;26.18;0.508;1.547;2005.973;-1.483;2.230
277661;27.5;26.18;0.515;1.556;2037.208;-1.863;2.245
277761;27.6;26.18;0.208;1.522;1962.505;4.011;2.327
277861;27.6;26.18;0.477;1.558;1997.235;-0.997;2.124
277961;27.6;26.18;0.476;1.562;2037.851;-1.377;2.161
278061;27.6;26.18;0.481;1.561;1997.195;-1.294;2.212
278161;27.6;26.18;0.543;1.543;2015.374;-1.892;2.352
278261;27.6;26.18;0.441;1.557;1976.007;-0.570;2.080
278361;27.6;26.18;0.531;1.546;2003.593;-1.808;2.379
278461;27.6;26.18;0.547;1.542;2009.718;-1.963;2.400
278561;27.6;26.18;0.525;1.554;2036.278;-1.991;2.285
278661;27.6;26.18;0.504;1.558;2002.695;-1.493;2.204
278761;27.6;26.18;0.452;1.552;2022.152;-1.037;2.150
278861;27.6;26.18;0.551;1.548;2043.623;-2.294;2.355
278961;27.6;26.18;0.481;1.561;1987.363;-1.135;2.213
279061;27.6;26.18;0.489;1.553;1997.326;-1.184;2.231
279161;27.6;26.18;0.462;1.560;2020.339;-1.079;2.186
279261;27.6;26.18;0.481;1.543;1982.209;-1.348;2.305
279361;27.6;26.18;0.476;1.557;2003.675;-1.033;2.140
279461;27.6;26.18;0.498;1.561;2033.346;-1.585;2.214
279561;27.6;26.18;0.483;1.558;1990.251;-1.148;2.242
279661;27.6;26.18;0.496;1.552;2009.415;-1.339;2.224
279761;27.6;26.18;0.447;1.546;1964.958;-0.807;2.362
279861;27.6;26.18;0.495;1.555;1996.402;-1.299;2.276
279961;27.6;26.18;0.543;1.543;2012.981;-1.935;2.362
280061;27.6;26.18;0.559;1.548;2046.597;-2.402;2.491
280161;27.6;26.18;0.514;1.557;1993.329;-1.602;2.313
280261;27.6;26.18;0.451;1.556;2013.606;-1.038;2.235
280361;27.6;26.18;0.510;1.558;2032.815;-1.798;2.262
280461;27.6;26.18;0.466;1.565;1996.103;-0.881;2.173
280561;27.6;26.18;0.533;1.546;2013.716;-1.774;2.347
280661;27.6;26.18;0.558;1.544;2046.910;-2.372;2.424
280761;27.7;26.18;0.461;1.555;1993.586;-0.806;2.109
280861;27.7;26.18;0.525;1.553;2016.668;-1.735;2.278
280961;27.7;26.18;0.525;1.559;2032.935;-1.949;2.228
281061;27.7;26.18;0.517;1.559;2005.756;-1.626;2.275
281161;27.7;26.18;0.570;1.533;2016.713;-2.164;2.555
281261;27.7;26.18;0.464;1.553;1994.675;-0.899;2.201
281361;27.7;26.18;0.554;1.537;2005.977;-1.924;2.530
281461;27.7;26.18;0.582;1.524;2014.040;-2.243;2.683
281561;27.6;26.18;0.567;1.543;2043.231;-2.481;2.490
281661;27.6;26.18;0.511;1.558;1998.751;-1.555;2.284
281761;27.6;26.18;0.455;1.560;2018.657;-1.010;2.163
281861;27.6;26.18;0.571;1.540;2048.142;-2.465;2.503
281961;27.6;26.18;0.520;1.557;1999.801;-1.643;2.306
282061;27.7;26.18;0.539;1.550;2006.776;-1.852;2.343
282161;27.7;26.18;0.506;1.563;2023.811;-1.712;2.264
282261;27.7;26.18;0.268;1.588;1973.789;2.469;1.487
282361;27.7;26.18;0.513;1.552;2009.525;-1.506;2.295
282461;27.7;26.18;0.546;1.548;2045.013;-2.214;2.456
282561;27.6;26.18;0.537;1.547;2009.753;-1.896;2.431
282661;27.6;26.18;0.565;1.536;2012.660;-2.116;2.558
282761;27.7;26.18;0.439;1.554;1982.206;-0.553;2.208
282861;27.7;26.18;0.539;1.549;2010.441;-1.902;2.454
282961;27.7;26.18;0.573;1.523;2022.285;-2.088;2.701
283061;27.7;26.18;0.586;1.524;2059.367;-2.341;2.719
283161;27.7;26.18;0.551;1.523;2022.893;-1.708;2.705
283261;27.7;26.18;0.477;1.565;2030.888;-1.385;2.086
283361;27.7;26.18;0.573;1.540;2043.317;-2.486;2.557
283461;27.7;26.18;0.538;1.552;2010.890;-1.856;2.416
283561;27.6;26.18;0.576;1.526;2019.645;-2.116;2.679
283661;27.6;26.18;0.586;1.519;2052.908;-2.280;2.792
283761;27.6;26.18;0.534;1.545;2005.767;-1.820;2.324
283861;27.6;26.18;0.577;1.524;2012.929;-1.967;2.717
283961;27.6;26.18;0.575;1.538;2049.039;-2.460;2.582
284061;27.6;26.18;0.536;1.552;2004.961;-1.901;2.487
284161;27.6;26.18;0.573;1.528;2020.728;-1.967;2.653
284261;27.6;26.18;0.508;1.554;1998.165;-1.520;2.299
284361;27.6;26.18;0.544;1.534;2016.490;-1.577;2.668
284461;27.6;26.18;0.579;1.521;2013.521;-1.942;2.783
284561;27.7;26.18;0.577;1.537;2049.925;-2.515;2.653
284661;27.7;26.18;0.536;1.550;2005.931;-1.856;2.431
284761;27.7;26.18;0.452;1.566;2027.187;-0.985;2.143
284861;27.7;26.18;0.581;1.534;2054.518;-2.454;2.661
284961;27.7;26.18;0.549;1.550;2006.034;-1.893;2.490
285061;27.7;26.18;0.576;1.532;2016.182;-2.150;2.678
285161;27.7;26.18;0.562;1.549;2040.283;-2.396;2.527
285261;27.6;26.18;0.463;1.548;1989.878;-0.937;2.257
285361;27.6;26.18;0.566;1.536;2017.165;-2.061;2.584
285461;27.6;26.18;0.581;1.532;2051.592;-2.431;2.682
285561;27.6;26.18;0.550;1.539;2024.831;-1.818;2.589
285661;27.6;26.18;0.573;1.520;2016.392;-1.783;2.803
285761;27.7;26.18;0.502;1.557;1996.828;-1.430;2.295
285861;27.7;26.18;0.551;1.540;2020.711;-1.792;2.607
285961;27.7;26.18;0.567;1.527;2025.078;-1.743;2.702
286061;27.7;26.18;0.588;1.482;2058.378;-1.907;3.327
286161;27.7;26.18;0.561;1.493;2029.103;-1.551;3.207
286261;27.7;26.18;0.546;1.551;2041.510;-2.248;2.336
286361;27.7;26.18;0.579;1.509;2047.883;-2.029;3.041
286461;27.7;26.18;0.552;1.529;2021.466;-1.722;2.756
286561;27.7;26.18;0.577;1.513;2027.651;-1.830;2.853
286661;27.7;26.18;0.586;1.496;2055.469;-1.963;3.105
286761;27.7;26.18;0.552;1.541;2010.277;-2.027;2.394
286861;27.7;26.18;0.578;1.504;2010.923;-1.684;3.047
286961;27.7;26.18;0.584;1.526;2051.201;-2.315;2.785
287061;27.8;26.18;0.553;1.549;2018.904;-1.896;2.506
287161;27.8;26.18;0.579;1.534;2020.795;-2.059;2.668
287261;27.8;26.18;0.448;1.548;1978.234;-0.792;2.306
287361;27.8;26.18;0.557;1.526;2025.919;-1.686;2.879
287461;27.8;26.18;0.575;1.509;2023.779;-1.715;3.011
287561;27.7;26.18;0.583;1.508;2051.526;-2.099;3.058
287661;27.7;26.18;0.553;1.539;2015.584;-1.764;2.669
287761;27.8;26.18;0.500;1.558;2029.436;-1.598;2.238
287861;27.8;26.18;0.580;1.528;2052.998;-2.170;2.784
287961;27.8;26.18;0.561;1.519;2027.702;-1.697;2.909
288061;27.8;26.18;0.580;1.509;2016.130;-1.800;3.040
288161;27.8;26.18;0.588;1.515;2052.548;-2.208;2.937
288261;27.7;26.18;0.534;1.553;2009.580;-1.835;2.325
288361;27.7;26.18;0.574;1.523;2027.016;-1.873;2.806
288461;27.7;26.18;0.586;1.505;2053.263;-2.085;3.090
288561;27.6;26.18;0.560;1.504;2028.075;-1.596;3.091
288661;27.6;26.18;0.579;1.482;2028.952;-1.591;3.351
288761;27.6;26.18;0.554;1.539;2010.140;-1.912;2.584
288861;27.6;26.18;0.557;1.496;2021.658;-1.401;3.240
288961;27.6;26.18;0.578;1.470;2026.228;-1.444;3.454
289061;27.7;26.18;0.586;1.451;2048.211;-1.533;3.675
289161;27.7;26.18;0.556;1.469;2021.672;-1.178;3.472
289261;27.9;26.18;0.586;1.491;2044.439;-2.034;3.145
289361;27.9;26.18;0.580;1.463;2040.581;-1.561;3.640
289461;27.9;26.18;0.565;1.495;2022.345;-1.535;3.276
289561;27.7;26.18;0.583;1.494;2025.589;-1.766;3.262
289661;27.7;26.18;0.586;1.490;2053.605;-1.916;3.322
289761;27.7;26.18;0.555;1.539;2023.017;-2.100;2.460
289861;27.7;26.18;0.576;1.500;2024.927;-1.673;3.175
289961;27.7;26.18;0.586;1.505;2038.380;-1.991;3.151
290061;27.9;26.18;0.559;1.535;2023.403;-1.762;2.748
290161;27.9;26.18;0.577;1.524;2030.944;-1.918;2.815
290261;27.7;26.18;0.545;1.546;2022.313;-1.936;2.432
290361;27.7;26.18;0.562;1.501;2026.426;-1.542;3.198
290461;27.7;26.18;0.583;1.482;2020.387;-1.609;3.421
290561;27.7;26.18;0.588;1.481;2053.357;-1.825;3.394
290661;27.7;26.18;0.557;1.513;2019.926;-1.527;3.092
290761;27.7;26.18;0.565;1.543;2044.900;-2.450;2.547
290861;27.7;26.18;0.588;1.491;2056.751;-1.962;3.337
290961;27.7;26.18;0.570;1.493;2036.736;-1.638;3.280
291061;27.7;26.18;0.584;1.482;2019.046;-1.581;3.433
291161;27.7;26.18;0.584;1.476;2045.855;-1.721;3.547
291261;27.9;26.18;0.571;1.535;2023.153;-2.133;2.574
291361;27.9;26.18;0.584;1.483;2025.431;-1.617;3.397
291461;27.9;26.18;0.584;1.466;2049.806;-1.667;3.612
291561;27.9;26.18;0.562;1.472;2029.525;-1.275;3.475
291661;27.9;26.18;0.577;1.456;2018.365;-1.248;3.643
291761;28.0;26.18;0.559;1.503;2027.114;-1.596;2.994
291861;28.0;26.18;0.557;1.473;2012.227;-1.172;3.513
291961;28.0;26.18;0.573;1.450;2012.831;-1.117;3.685
292061;28.0;26.18;0.573;1.453;2030.329;-1.071;3.591
292161;28.0;26.18;0.555;1.473;2015.417;-1.015;3.429
292261;28.0;26.18;0.587;1.475;2044.171;-1.736;3.419
292361;28.0;26.18;0.581;1.440;2038.956;-1.341;3.845
292461;28.0;26.18;0.566;1.482;2023.664;-1.500;3.443
292561;28.0;26.18;0.582;1.492;2021.626;-1.621;3.318
292661;28.0;26.18;0.591;1.495;2053.272;-1.928;3.295
292761;28.0;26.18;0.579;1.536;2019.572;-2.066;2.572
292861;28.0;26.18;0.579;1.479;2016.661;-1.393;3.458
292961;28.0;26.18;0.587;1.482;2045.591;-1.750;3.433
293061;27.9;26.18;0.565;1.502;2019.741;-1.618;3.258
293161;27.9;26.18;0.576;1.502;2021.529;-1.611;3.188
293261;28.0;26.18;0.556;1.543;2019.768;-1.960;2.555
293361;28.0;26.18;0.569;1.488;2031.412;-1.512;3.381
293461;28.0;26.18;0.580;1.467;2018.564;-1.372;3.598
293561;28.0;26.18;0.581;1.445;2037.866;-1.320;3.794
293661;28.0;26.18;0.560;1.468;2024.165;-1.213;3.593
293761;28.0;26.18;0.580;1.511;2048.646;-2.017;3.006
293861;28.0;26.18;0.589;1.464;2043.276;-1.634;3.688
293961;28.0;26.18;0.557;1.469;2028.312;-1.125;3.528
294061;27.8;26.18;0.567;1.460;2004.406;-0.898;3.542
294161;27.8;26.18;0.572;1.449;2037.659;-1.138;3.703
294261;27.9;26.18;0.585;1.484;2015.265;-1.635;3.330
294361;27.9;26.18;0.570;1.456;2010.544;-1.010;3.623
294461;27.9;26.18;0.580;1.448;2040.140;-1.275;3.769
294561;28.0;26.18;0.559;1.473;2022.026;-1.175;3.567
294661;28.0;26.18;0.567;1.461;2008.657;-0.796;3.437
294761;28.0;26.18;0.563;1.496;2025.215;-1.548;3.169
294861;28.0;26.18;0.543;1.472;2016.786;-0.739;3.371
294961;28.0;26.18;0.572;1.463;2008.679;-1.073;3.624
295061;27.9;26.18;0.577;1.448;2033.976;-1.198;3.722
295161;27.9;26.18;0.550;1.470;2027.537;-0.948;3.486
295261;28.0;26.18;0.584;1.501;2056.896;-2.037;3.122
295361;28.0;26.18;0.571;1.449;2034.735;-1.059;3.689
295461;28.0;26.18;0.560;1.474;2020.039;-1.167;3.551
295561;28.0;26.18;0.584;1.468;2015.187;-1.431;3.671
295661;28.0;26.18;0.591;1.475;2046.637;-1.744;3.576
295761;28.0;26.18;0.569;1.539;2012.794;-2.152;2.620
295861;28.0;26.18;0.578;1.465;2019.563;-1.287;3.631
295961;28.0;26.18;0.585;1.455;2049.718;-1.455;3.744
296061;27.9;26.18;0.564;1.474;2024.090;-1.258;3.557
296161;27.9;26.18;0.586;1.485;2017.186;-1.535;3.493
296261;28.0;26.18;0.552;1.544;2019.612;-1.836;2.585
296361;28.0;26.18;0.559;1.471;2031.978;-1.144;3.521
296461;28.0;26.18;0.573;1.465;2019.180;-1.082;3.546
296561;28.0;26.18;0.563;1.453;2027.952;-0.857;3.529
296661;28.0;26.18;0.548;1.471;2011.828;-0.556;3.214
296761;27.7;26.18;0.591;1.481;2052.716;-1.939;3.332
296861;27.7;26.18;0.569;1.449;2023.218;-0.915;3.579
296961;27.7;26.18;0.548;1.473;2012.159;-0.780;3.351
297061;27.7;26.18;0.514;1.486;1992.022;0.168;2.959
297161;27.7;26.18;0.479;1.487;2002.245;0.796;2.859
297261;27.9;26.18;0.578;1.474;2020.328;-1.473;3.462
297361;27.9;26.18;0.567;1.462;1989.450;-0.798;3.473
297461;27.9;26.18;0.563;1.456;2018.039;-0.788;3.554
297561;28.0;26.18;0.542;1.474;2020.314;-0.690;3.326
297661;28.0;26.18;0.567;1.464;2000.166;-0.840;3.537
297761;28.0;26.18;0.568;1.479;2023.805;-1.485;3.431
297861;28.0;26.18;0.549;1.474;2011.003;-0.738;3.340
297961;28.0;26.18;0.555;1.465;1992.745;-0.596;3.442
298061;28.0;26.18;0.573;1.453;2030.673;-1.027;3.661
298161;28.0;26.18;0.549;1.472;2017.461;-0.824;3.499
298261;28.0;26.18;0.583;1.478;2050.829;-1.739;3.518
298361;28.0;26.18;0.562;1.460;2027.151;-0.786;3.464
298461;28.0;26.18;0.554;1.470;2005.578;-0.874;3.541
298561;28.0;26.18;0.574;1.458;2003.254;-1.015;3.715
298661;28.0;26.18;0.587;1.456;2035.604;-1.406;3.804
298761;28.0;26.18;0.578;1.527;2032.763;-1.887;2.859
298861;28.0;26.18;0.578;1.462;2013.448;-1.117;3.685
298961;28.0;26.18;0.557;1.462;2026.302;-0.697;3.481
299061;28.0;26.18;0.550;1.479;2007.839;-0.740;3.303
299161;28.0;26.18;0.557;1.467;2003.049;-0.680;3.518
299261;28.0;26.18;0.562;1.500;2021.739;-1.520;3.266
299361;28.0;26.18;0.550;1.476;2014.442;-0.751;3.301
299461;28.0;26.18;0.488;1.498;1993.130;0.629;2.794
299561;28.0;26.18;0.445;1.477;2004.133;1.245;3.069
299661;28.0;26.18;0.402;1.492;1989.832;1.682;2.912
299761;28.0;26.18;0.562;1.448;2024.479;-0.849;3.523
299861;28.0;26.18;0.448;1.477;2001.287;1.236;3.031
299961;28.0;26.18;0.453;1.508;2006.795;0.959;2.689
300061;27.9;26.18;0.453;1.488;1981.230;1.198;2.976
300161;27.9;26.18;0.438;1.462;2001.491;1.311;3.247
300261;27.8;26.18;0.571;1.454;2009.322;-1.085;3.695
300361;27.8;26.18;0.550;1.469;1992.724;-0.484;3.356
300461;27.8;26.18;0.581;1.453;2012.077;-1.006;3.593
300561;27.8;26.18;0.537;1.482;2012.011;-0.559;3.315
300661;27.8;26.18;0.566;1.467;1994.435;-0.779;3.456
300761;27.8;26.18;0.567;1.489;2027.865;-1.552;3.381
300861;27.8;26.18;0.548;1.477;2011.304;-0.688;3.288
300961;27.8;26.18;0.556;1.470;1984.990;-0.512;3.388
301061;27.8;26.18;0.566;1.460;2023.992;-0.818;3.534
301161;27.8;26.18;0.545;1.482;2013.655;-0.717;3.394
301261;27.8;26.18;0.582;1.459;2036.540;-1.336;3.730
301361;27.8;26.18;0.500;1.482;2013.460;0.437;3.023
301461;27.8;26.18;0.464;1.510;2003.627;0.813;2.690
301561;27.9;26.18;0.564;1.468;1995.796;-0.739;3.496
301661;27.9;26.18;0.577;1.458;2016.452;-0.932;3.567
301761;27.9;26.18;0.584;1.470;2017.986;-1.452;3.605
301861;27.9;26.18;0.562;1.465;1994.689;-0.654;3.440
301961;27.9;26.18;0.447;1.479;2005.060;1.228;3.076
302061;27.9;26.18;0.404;1.494;1998.057;1.611;2.958
302161;27.9;26.18;0.433;1.475;1967.850;1.480;3.181
302261;27.9;26.18;0.552;1.478;2016.051;-0.988;3.419
302361;27.9;26.18;0.420;1.509;2002.777;1.474;2.772
302461;27.9;26.18;0.430;1.482;1978.426;1.474;3.103
302561;27.9;26.18;0.422;1.461;1990.368;1.488;3.310
302661;27.9;26.18;0.382;1.482;1993.679;1.676;3.114
302761;27.8;26.18;0.571;1.453;2014.795;-0.949;3.526
302861;27.8;26.18;0.425;1.462;1990.813;1.416;3.276
302961;27.8;26.18;0.409;1.497;1993.910;1.573;3.016
303061;27.8;26.18;0.455;1.489;1979.484;1.251;2.949
303161;27.8;26.18;0.442;1.473;1999.211;1.309;3.232
303261;27.8;26.18;0.562;1.459;1991.431;-0.765;3.536
303361;27.8;26.18;0.440;1.487;1976.032;1.413;3.079
303461;27.8;26.18;0.479;1.488;2011.203;0.801;2.964
303561;28.1;26.18;0.544;1.481;1999.893;-0.599;3.388
303661;28.1;26.18;0.565;1.466;1985.685;-0.633;3.465
303761;28.1;26.18;0.559;1.474;2017.651;-1.083;3.559
303861;28.1;26.18;0.462;1.509;2005.776;0.844;2.780
303961;28.1;26.18;0.487;1.498;1976.412;1.073;3.005
304061;28.1;26.18;0.460;1.486;2005.293;1.100;3.030
304161;28.1;26.18;0.433;1.513;2002.315;1.312;2.717
304261;28.0;26.18;0.562;1.457;2033.363;-0.826;3.545
304361;28.0;26.18;0.433;1.473;1995.898;1.364;3.225
304461;28.0;26.18;0.390;1.485;1994.552;1.693;3.127
304561;28.0;26.18;0.417;1.473;1969.665;1.517;3.269
304661;28.0;26.18;0.421;1.464;1997.807;1.459;3.332
304761;27.9;26.18;0.564;1.465;1991.072;-0.742;3.455
304861;27.9;26.18;0.429;1.478;1970.062;1.443;3.237
304961;27.9;26.18;0.421;1.461;1991.019;1.453;3.367
305061;27.9;26.18;0.376;1.474;1992.425;1.682;3.278
305161;27.9;26.18;0.410;1.460;1954.517;1.569;3.439
305261;27.9;26.18;0.548;1.472;2010.852;-0.916;3.495
305361;27.9;26.18;0.397;1.486;1993.228;1.646;3.121
305461;27.9;26.18;0.425;1.481;1973.880;1.518;3.215
305561;28.0;26.18;0.411;1.461;1988.711;1.528;3.357
305661;28.0;26.18;0.378;1.479;1997.298;1.670;3.196
305761;27.9;26.18;0.448;1.478;2004.347;1.287;3.004
305861;27.9;26.18;0.411;1.461;1980.911;1.546;3.426
305961;27.9;26.18;0.393;1.489;1989.802;1.617;3.128
306061;27.9;26.18;0.424;1.479;1958.557;1.559;3.241
306161;27.9;26.18;0.437;1.468;1996.693;1.374;3.312
306261;27.9;26.18;0.564;1.468;1987.766;-0.684;3.414
306361;27.9;26.18;0.435;1.481;1963.177;1.443;3.242
306461;27.9;26.18;0.446;1.468;1995.421;1.296;3.289
306561;27.9;26.18;0.433;1.516;2001.768;1.304;2.759
306661;27.9;26.18;0.466;1.500;1981.119;1.088;2.993
306761;28.0;26.18;0.555;1.478;2017.643;-0.957;3.502
306861;28.0;26.18;0.413;1.501;2009.093;1.523;3.009
306961;28.0;26.18;0.427;1.476;1970.402;1.496;3.250
307061;28.1;26.18;0.417;1.461;1988.200;1.515;3.404
307161;28.1;26.18;0.388;1.489;1989.398;1.713;3.099
307261;28.0;26.18;0.445;1.472;2002.774;1.310;3.152
307361;28.0;26.18;0.391;1.460;1984.185;1.696;3.261
307461;28.0;26.18;0.345;1.481;1989.450;1.997;3.109
307561;28.1;26.18;0.356;1.465;1948.692;2.119;3.257
307661;28.1;26.18;0.374;1.466;1976.087;1.876;3.214
307761;28.1;26.18;0.423;1.475;1968.317;1.490;3.224
307861;28.1;26.18;0.405;1.466;1954.765;1.569;3.426
307961;28.1;26.18;0.395;1.458;1980.424;1.670;3.418
308061;28.0;26.18;0.351;1.477;1994.007;1.945;3.182
308161;28.0;26.18;0.378;1.470;1956.973;1.822;3.272
308261;28.2;26.18;0.405;1.499;1994.514;1.610;2.955
308361;28.2;26.18;0.381;1.481;1985.394;1.689;3.264
308461;28.2;26.18;0.410;1.472;1968.355;1.582;3.374
308561;28.2;26.18;0.410;1.463;1984.440;1.591;3.381
308661;28.2;26.18;0.379;1.474;1987.769;1.650;3.342
308761;28.2;26.18;0.440;1.471;1994.679;1.372;3.191
308861;28.2;26.12;0.379;1.464;1976.239;1.858;3.293
308961;28.2;26.12;0.378;1.481;1990.657;1.713;3.301
309061;28.1;26.12;0.422;1.478;1958.722;1.491;3.356
309161;28.1;26.12;0.426;1.466;1985.465;1.471;3.441
309261;28.1;26.12;0.501;1.496;1988.213;0.426;2.953
309361;28.1;26.12;0.406;1.468;1960.543;1.579;3.409
309461;28.1;26.12;0.411;1.460;1980.422;1.589;3.483
309561;28.1;26.12;0.387;1.483;1990.460;1.636;3.252
309661;28.1;26.12;0.418;1.473;1965.888;1.491;3.373
309761;28.1;26.12;0.485;1.505;2007.555;0.425;2.864
309861;28.1;26.18;0.376;1.480;1990.335;1.717;3.260
309961;28.1;26.18;0.374;1.470;1963.923;1.882;3.265
310061;28.1;26.18;0.323;1.473;1974.674;2.495;2.992
310161;28.1;26.18;0.295;1.486;1986.607;2.659;2.991
310261;28.1;26.18;0.427;1.460;1980.952;1.430;3.404
310361;28.1;26.18;0.322;1.472;1972.648;2.529;3.054
310461;28.1;26.18;0.272;1.497;1992.452;2.956;2.828
310561;28.1;26.18;0.269;1.484;1951.777;3.265;2.942
310661;28.1;26.18;0.211;1.496;1959.835;4.056;2.617
310761;28.2;26.18;0.404;1.469;1967.146;1.562;3.314
310861;28.2;26.18;0.357;1.474;1962.899;2.061;3.239
310961;28.2;26.18;0.383;1.471;1971.908;1.827;3.283
311061;28.1;26.18;0.337;1.482;1985.572;2.143;3.113
311161;28.1;26.18;0.337;1.472;1965.171;2.289;3.198
311261;28.1;26.18;0.387;1.479;1997.888;1.622;3.200
311361;28.1;26.18;0.340;1.483;1968.742;2.151;3.203
311461;28.1;26.18;0.400;1.470;1955.712;1.648;3.377
311561;28.1;26.18;0.397;1.465;1981.143;1.663;3.369
311661;28.1;26.18;0.367;1.482;1995.182;1.827;3.212
311761;28.2;26.18;0.429;1.468;1994.779;1.460;3.332
311861;28.2;26.18;0.350;1.470;1967.120;2.200;3.176
311961;28.2;26.18;0.327;1.485;1984.373;2.302;3.092
312061;28.1;26.18;0.395;1.472;1955.937;1.706;3.374
312161;28.1;26.18;0.395;1.466;1975.706;1.698;3.352
312261;28.1;26.18;0.429;1.481;1976.356;1.489;3.177
312361;28.1;26.18;0.352;1.470;1966.195;2.152;3.236
312461;28.1;26.18;0.312;1.475;1976.095;2.675;3.030
312561;28.1;26.18;0.306;1.486;1978.302;2.505;3.074
312661;28.1;26.18;0.344;1.478;1955.970;2.209;3.183
312761;28.2;26.18;0.377;1.481;1999.430;1.724;3.254
312861;28.2;26.18;0.292;1.488;1994.250;2.727;3.012
312961;28.2;26.18;0.279;1.482;1955.109;3.115;2.994
313061;28.1;26.18;0.209;1.505;1966.514;4.111;2.525
313161;28.1;26.18;0.430;1.539;1992.375;-0.634;2.020
313261;28.1;26.18;0.372;1.468;1981.811;1.859;3.184
313361;28.1;26.18;0.211;1.522;1962.109;3.925;2.224
313461;28.1;26.18;0.329;1.546;1998.458;1.164;1.971
313561;28.1;26.18;0.317;1.528;1953.244;1.831;2.175
313661;28.1;26.18;0.279;1.544;1966.644;2.454;1.873
313761;28.0;26.18;0.378;1.462;1951.544;1.804;3.363
313861;28.0;26.18;0.288;1.486;1938.714;3.057;3.026
313961;28.0;26.18;0.298;1.480;1974.151;2.887;2.964
314061;28.1;26.18;0.317;1.488;1985.864;2.378;3.109
314161;28.1;26.18;0.326;1.475;1956.444;2.486;3.171
314261;28.1;26.18;0.385;1.481;1989.094;1.731;3.252
314361;28.1;26.18;0.291;1.495;1984.500;2.741;2.999
314461;28.1;26.18;0.382;1.477;1950.955;1.897;3.351
314561;28.1;26.18;0.379;1.470;1974.690;1.901;3.349
314661;28.1;26.18;0.328;1.487;1988.147;2.280;3.077
314761;28.2;26.18;0.472;1.489;2015.373;0.881;2.924
314861;28.2;26.18;0.250;1.494;1975.728;3.539;2.805
314961;28.2;26.18;0.248;1.548;1985.333;2.667;1.943
315061;28.2;26.18;0.245;1.494;1946.353;3.627;2.856
315161;28.2;26.18;0.256;1.490;1970.833;3.481;2.833
315261;28.2;26.18;0.411;1.472;1961.112;1.566;3.339
315361;28.2;26.18;0.200;1.516;1953.086;4.121;2.389
315461;28.2;26.18;0.273;1.548;1971.751;2.552;1.799
315561;28.3;26.18;0.190;1.569;1992.406;3.667;1.613
315661;28.3;26.18;0.328;1.533;1949.536;1.624;2.187
315761;28.2;26.18;0.353;1.479;1981.641;1.964;3.212
315861;28.2;26.18;0.207;1.545;1985.610;3.501;2.016
315961;28.2;26.18;0.382;1.531;1950.525;0.693;2.230
316061;28.2;26.18;0.490;1.518;1976.654;-1.566;2.392
316161;28.2;26.18;0.216;1.597;2000.456;2.968;1.133
316261;28.2;26.18;0.281;1.481;1961.613;3.067;2.886
316361;28.2;26.18;0.158;1.559;1966.999;4.501;1.635
316461;28.2;26.18;0.470;1.535;1990.940;-1.634;2.232
316561;28.2;26.18;0.461;1.526;1960.260;-1.111;2.416
316661;28.2;26.18;0.505;1.529;1974.946;-1.787;2.294
316761;28.2;26.18;0.358;1.472;1955.000;2.100;3.241
316861;28.2;26.12;0.275;1.531;1945.683;2.664;2.217
316961;28.2;26.12;0.228;1.498;1965.202;3.865;2.755
317061;28.2;26.12;0.265;1.499;1984.967;3.073;2.931
317161;28.2;26.12;0.327;1.481;1950.828;2.554;3.207
317261;28.2;26.12;0.376;1.481;1989.132;1.737;3.238
317361;28.2;26.12;0.404;1.546;1984.419;-0.116;2.076
317461;28.2;26.12;0.204;1.515;1946.529;4.166;2.558
317561;28.2;26.12;0.294;1.485;1971.759;2.917;3.030
317661;28.2;26.12;0.205;1.515;1981.710;3.953;2.640
317761;28.2;26.12;0.369;1.469;1985.670;1.935;3.166
317861;28.2;26.18;0.284;1.548;1977.012;2.341;1.895
317961;28.2;26.18;0.175;1.606;1996.034;3.759;1.090
318061;28.2;26.18;0.301;1.574;1960.567;1.857;1.568
318161;28.2;26.18;0.225;1.587;1970.981;3.293;1.256
318261;28.2;26.18;0.327;1.477;1954.137;2.491;3.123
318361;28.2;26.18;0.148;1.557;1953.395;4.665;1.817
318461;28.2;26.18;0.471;1.532;1991.972;-1.356;2.278
318561;28.2;26.18;0.457;1.541;2004.596;-1.280;2.262
318661;28.2;26.18;0.451;1.534;1970.648;-0.921;2.298
318761;28.1;26.18;0.196;1.540;1980.430;3.692;2.053
318861;28.1;26.18;0.205;1.601;1992.699;3.113;1.200
318961;28.1;26.18;0.316;1.565;1967.579;1.640;1.679
319061;28.2;26.18;0.276;1.581;1977.743;2.291;1.398
319161;28.2;26.18;0.456;1.542;1999.396;-1.513;2.262
319261;28.2;26.18;0.258;1.487;1967.582;3.405;2.836
319361;28.2;26.18;0.242;1.590;1970.674;2.938;1.273
319461;28.2;26.18;0.488;1.549;1998.801;-1.918;2.110
319561;28.2;26.18;0.469;1.528;1951.799;-1.153;2.420
319661;28.2;26.18;0.226;1.588;1978.306;3.159;1.277
319761;28.2;26.18;0.257;1.486;1955.560;3.451;2.896
319861;28.2;26.18;0.169;1.567;1943.849;4.364;1.738
319961;28.2;26.18;0.160;1.568;1965.444;4.485;1.676
320061;28.1;26.18;0.378;1.553;1976.971;0.410;2.034
320161;28.1;26.18;0.378;1.536;1951.918;0.760;2.225
320261;28.1;26.18;0.230;1.508;1990.379;3.565;2.724
320361;28.1;26.18;0.185;1.603;1988.730;3.496;1.212
320461;28.1;26.18;0.319;1.567;1953.756;1.628;1.739
320561;28.2;26.18;0.263;1.560;1967.525;-1.627;2.400
320661;28.2;26.18;0.467;1.544;1994.881;-1.537;2.251
320761;28.3;26.18;0.259;1.489;1969.880;3.407;2.834
320861;28.3;26.18;0.481;1.534;1990.079;-1.424;2.269
320961;28.3;26.18;0.454;1.548;2016.438;-1.239;2.156
321061;28.3;26.18;0.439;1.545;1981.765;-0.567;2.168
321161;28.3;26.18;0.461;1.544;1998.162;-0.915;2.117
321261;28.3;26.18;0.474;1.524;1961.424;-1.314;2.368
321361;28.3;26.18;0.440;1.546;1984.996;-0.571;2.141
321461;28.3;26.18;0.460;1.542;1997.642;-0.867;2.157
321561;28.4;26.18;0.471;1.551;2026.904;-1.311;2.089
321661;28.4;26.18;0.446;1.549;1982.977;-0.681;2.141
321761;28.2;26.18;0.193;1.566;1984.430;3.649;1.653
321861;28.2;26.18;0.474;1.547;1999.988;-1.690;2.243
321961;28.2;26.18;0.456;1.538;1964.858;-1.006;2.336
322061;28.2;26.18;0.481;1.538;1984.957;-1.427;2.274
322161;28.2;26.18;0.455;1.548;2004.905;-1.289;2.252
322261;28.2;26.18;0.392;1.531;1970.550;0.460;2.132
322361;28.2;26.18;0.485;1.537;1979.050;-1.517;2.322
322461;28.2;26.18;0.455;1.549;2000.260;-1.439;2.253
322561;28.3;26.18;0.408;1.552;1966.987;-0.049;2.068
322661;28.3;26.18;0.488;1.538;1983.525;-1.470;2.273
322761;28.3;26.18;0.187;1.558;1954.435;4.052;1.762
322861;28.3;26.18;0.440;1.551;1977.688;-0.569;2.131
322961;28.3;26.18;0.479;1.537;1981.945;-1.367;2.325
323061;28.3;26.18;0.455;1.549;1995.442;-1.259;2.239
323161;28.3;26.18;0.385;1.553;1957.475;0.327;2.055
323261;28.3;26.18;0.442;1.546;1984.689;-0.743;2.004
323361;28.3;26.18;0.449;1.550;2020.519;-1.071;2.151
323461;28.3;26.18;0.442;1.549;1977.428;-0.550;2.146
323561;28.3;26.18;0.470;1.546;2001.317;-0.996;2.128
323661;28.3;26.18;0.448;1.552;2017.755;-1.050;2.161
323761;28.3;26.18;0.446;1.532;1974.229;-0.737;2.233
323861;28.3;26.18;0.468;1.546;2004.761;-0.943;2.125
323961;28.3;26.18;0.501;1.549;2044.019;-1.712;2.165
324061;28.3;26.18;0.510;1.545;2003.984;-1.562;2.215
324161;28.3;26.18;0.530;1.541;2011.989;-1.824;2.258
324261;28.2;26.18;0.174;1.553;1947.254;4.265;1.817
324361;28.2;26.18;0.474;1.549;1992.661;-1.060;2.146
324461;28.2;26.18;0.475;1.551;2005.705;-1.089;2.072
324561;28.1;26.18;0.469;1.557;2023.385;-1.250;2.122
324661;28.1;26.18;0.467;1.549;1986.828;-0.932;2.180
324761;28.2;26.18;0.487;1.544;1983.513;-1.852;2.186
324861;28.2;26.18;0.447;1.554;2016.087;-0.986;2.161
324961;28.2;26.18;0.456;1.545;1976.487;-0.900;2.279
325061;28.2;26.18;0.481;1.538;1981.875;-1.408;2.371
325161;28.2;26.18;0.457;1.552;2014.609;-1.322;2.255
325261;28.2;26.18;0.486;1.524;1981.224;-1.538;2.369
325361;28.2;26.18;0.460;1.550;1995.404;-0.867;2.158
325461;28.2;26.18;0.451;1.557;2016.924;-1.004;2.134
325561;28.1;26.18;0.445;1.554;1986.442;-0.602;2.133
325661;28.1;26.18;0.465;1.548;2000.611;-0.879;2.102
325761;28.1;26.18;0.391;1.550;1964.968;0.194;2.060
325861;28.1;26.18;0.476;1.554;1991.862;-1.055;2.114
325961;28.1;26.18;0.526;1.543;2008.006;-1.778;2.256
326061;28.2;26.18;0.484;1.554;2027.351;-1.436;2.169
326161;28.2;26.18;0.454;1.557;1988.157;-0.716;2.140
326261;28.3;26.18;0.474;1.552;2000.860;-1.712;2.193
326361;28.3;26.18;0.492;1.555;2043.545;-1.574;2.146
326461;28.3;26.18;0.512;1.547;1999.213;-1.516;2.238
326561;28.4;26.18;0.554;1.534;2012.507;-2.087;2.425
326661;28.4;26.18;0.550;1.543;2037.003;-2.311;2.339
326761;28.4;26.18;0.460;1.539;1986.701;-0.897;2.209
326861;28.4;26.18;0.517;1.546;2011.716;-1.618;2.216
326961;28.4;26.18;0.539;1.546;2041.047;-2.247;2.288
327061;28.4;26.18;0.530;1.542;2000.900;-1.713;2.304
327161;28.4;26.18;0.572;1.525;2018.013;-2.221;2.492
327261;28.3;26.18;0.439;1.545;1977.267;-0.543;2.211
327361;28.3;26.18;0.482;1.555;1985.201;-1.121;2.186
327461;28.3;26.18;0.495;1.550;2005.146;-1.322;2.162
327561;28.4;26.18;0.473;1.558;2034.128;-1.320;2.156
327661;28.4;26.18;0.478;1.550;1991.584;-1.008;2.207
327761;28.4;26.18;0.464;1.552;2000.927;-1.403;2.200
327861;28.4;26.18;0.480;1.565;2029.233;-1.384;2.056
327961;28.4;26.18;0.453;1.559;1986.883;-0.715;2.140
328061;28.4;26.18;0.461;1.550;1991.875;-0.815;2.186
328161;28.4;26.18;0.453;1.561;2023.594;-1.017;2.118
328261;28.4;26.18;0.247;1.587;1978.754;2.859;1.323
328361;28.4;26.18;0.520;1.546;2009.193;-1.634;2.280
328461;28.4;26.18;0.526;1.556;2042.846;-2.029;2.175
328561;28.4;26.18;0.494;1.551;1990.134;-1.310;2.274
328661;28.4;26.18;0.544;1.536;2014.175;-1.952;2.394
328761;28.4;26.18;0.454;1.540;1976.409;-0.860;2.219
328861;28.4;26.18;0.539;1.535;2006.449;-1.836;2.461
328961;28.4;26.18;0.574;1.526;2013.639;-2.120;2.553
329061;28.4;26.18;0.570;1.528;2043.091;-2.463;2.554
329161;28.4;26.18;0.531;1.542;2001.925;-1.784;2.383
329261;28.3;26.18;0.451;1.556;2024.630;-1.024;2.115
329361;28.3;26.18;0.561;1.542;2053.565;-2.472;2.395
329461;28.3;26.18;0.543;1.535;2013.423;-1.799;2.464
329561;28.3;26.18;0.571;1.518;2017.283;-1.976;2.651
329661;28.3;26.18;0.565;1.538;2042.229;-2.452;2.465
329761;28.3;26.18;0.466;1.534;1982.658;-1.206;2.372
329861;28.3;26.18;0.536;1.544;2007.962;-1.885;2.330
329961;28.3;26.18;0.523;1.555;2040.268;-1.950;2.258
330061;28.5;26.18;0.505;1.554;1994.912;-1.404;2.246
330161;28.5;26.18;0.562;1.530;2014.872;-2.088;2.535
330261;28.5;26.18;0.446;1.546;1970.992;-0.704;2.236
330361;28.5;26.18;0.515;1.551;1995.158;-1.571;2.250
330461;28.5;26.18;0.513;1.552;2003.419;-1.556;2.235
330561;28.5;26.18;0.525;1.558;2039.540;-2.010;2.205
330661;28.5;26.18;0.515;1.550;2005.972;-1.589;2.280
330761;28.5;26.18;0.449;1.553;2033.431;-1.035;2.114
330861;28.5;26.18;0.538;1.553;2035.235;-2.175;2.348
330961;28.5;26.18;0.516;1.550;1995.878;-1.594;2.308
331061;28.4;26.18;0.529;1.549;2011.156;-1.769;2.264
331161;28.4;26.18;0.523;1.555;2043.407;-1.966;2.260
331261;28.4;26.18;0.457;1.553;1988.914;-0.765;2.121
331361;28.4;26.18;0.572;1.522;2019.862;-2.110;2.664
331461;28.4;26.18;0.578;1.520;2057.109;-2.285;2.670
331561;28.3;26.18;0.550;1.530;2020.254;-1.746;2.570
331661;28.3;26.18;0.574;1.526;2018.470;-2.092;2.647
331761;28.3;26.18;0.519;1.543;2002.530;-1.641;2.264
331861;28.3;26.18;0.554;1.506;2028.702;-1.600;2.846
331961;28.3;26.18;0.578;1.493;2016.914;-1.721;3.041
332061;28.4;26.18;0.580;1.490;2051.135;-1.992;3.130
332161;28.4;26.18;0.550;1.525;2022.185;-1.692;2.648
332261;28.4;26.18;0.474;1.558;2025.024;-1.334;2.111
332361;28.4;26.18;0.559;1.547;2047.909;-2.406;2.414
332461;28.4;26.18;0.546;1.538;2007.162;-1.887;2.498
332561;28.4;26.18;0.570;1.523;2019.086;-1.886;2.648
332661;28.4;26.18;0.575;1.530;2054.412;-2.304;2.581
332761;28.4;26.18;0.468;1.554;1990.625;-0.904;2.188
332861;28.4;26.18;0.534;1.555;2006.483;-1.779;2.312
332961;28.4;26.18;0.542;1.551;2042.945;-2.218;2.375
333061;28.3;26.18;0.546;1.538;2018.757;-1.992;2.477
333161;28.3;26.18;0.561;1.532;2015.358;-1.987;2.615
333261;28.2;26.18;0.487;1.552;1988.273;-1.171;2.197
333361;28.2;26.18;0.553;1.536;2017.201;-1.809;2.545
333461;28.2;26.18;0.569;1.533;2016.726;-1.997;2.565
333561;28.2;26.18;0.571;1.537;2049.350;-2.408;2.557
333661;28.2;26.18;0.560;1.532;2022.948;-2.032;2.550
333761;28.3;26.18;0.446;1.548;2024.228;-0.996;2.157
333861;28.3;26.18;0.584;1.502;2055.955;-2.127;2.975
333961;28.3;26.18;0.547;1.545;2013.907;-1.773;2.458
334061;28.3;26.18;0.574;1.521;2018.091;-1.943;2.666
334161;28.3;26.18;0.582;1.525;2058.721;-2.297;2.684
334261;28.3;26.18;0.522;1.549;2005.665;-1.649;2.246
334361;28.3;26.18;0.567;1.516;2020.541;-1.709;2.831
334461;28.3;26.18;0.582;1.478;2065.370;-1.885;3.237
334561;28.3;26.18;0.560;1.484;2017.437;-1.472;3.266
334661;28.3;26.18;0.576;1.484;2018.631;-1.620;3.220
334761;28.3;26.18;0.530;1.545;2003.206;-1.777;2.314
334861;28.3;26.18;0.561;1.496;2020.407;-1.559;3.106
334961;28.3;26.18;0.577;1.484;2022.866;-1.595;3.229
335061;28.3;26.18;0.583;1.471;2060.619;-1.845;3.363
335161;28.3;26.18;0.557;1.518;2009.711;-1.714;2.886
335261;28.3;26.18;0.503;1.557;2033.581;-1.720;2.192
335361;28.3;26.18;0.582;1.529;2050.900;-2.407;2.658
335461;28.3;26.18;0.556;1.538;2015.797;-1.968;2.549
335561;28.4;26.18;0.573;1.525;2019.733;-1.951;2.709
335661;28.4;26.18;0.585;1.519;2055.152;-2.264;2.805
335761;28.4;26.18;0.507;1.549;2010.106;-1.455;2.209
335861;28.4;26.18;0.582;1.532;2014.280;-2.229;2.648
335961;28.4;26.18;0.579;1.531;2045.982;-2.447;2.692
336061;28.4;26.18;0.556;1.536;2018.925;-1.890;2.574
336161;28.4;26.18;0.574;1.513;2021.893;-1.721;2.860
336261;28.4;26.18;0.547;1.534;2015.283;-1.907;2.488
336361;28.4;26.18;0.558;1.499;2013.578;-1.541;3.119
336461;28.4;26.18;0.581;1.489;2019.543;-1.725;3.181
336561;28.4;26.18;0.588;1.485;2056.888;-1.949;3.243
336661;28.4;26.18;0.558;1.509;2024.530;-1.592;2.932
336761;28.4;26.18;0.583;1.528;2050.568;-2.495;2.602
336861;28.4;26.18;0.579;1.460;2054.479;-1.620;3.517
336961;28.4;26.18;0.558;1.482;2019.274;-1.393;3.283
337061;28.5;26.18;0.581;1.479;2023.190;-1.638;3.309
337161;28.5;26.18;0.585;1.482;2051.726;-1.845;3.388
337261;28.4;26.18;0.575;1.520;2014.713;-2.148;2.699
337361;28.4;26.18;0.582;1.483;2023.199;-1.637;3.329
337461;28.4;26.18;0.585;1.468;2056.410;-1.775;3.462
337561;28.4;26.18;0.560;1.478;2023.801;-1.412;3.307
337661;28.4;26.18;0.582;1.476;2012.973;-1.556;3.366
337761;28.5;26.18;0.557;1.529;2015.989;-1.986;2.573
337861;28.5;26.18;0.564;1.491;2017.361;-1.560;3.247
337961;28.5;26.18;0.585;1.480;2019.561;-1.641;3.346
338061;28.5;26.18;0.585;1.473;2052.714;-1.802;3.427
338161;28.5;26.18;0.560;1.492;2024.655;-1.487;3.220
338261;28.5;26.18;0.567;1.541;2052.184;-2.561;2.482
338361;28.5;26.18;0.579;1.508;2052.430;-2.025;3.044
338461;28.5;26.18;0.552;1.527;2018.265;-1.624;2.756
338561;28.4;26.18;0.574;1.518;2023.380;-1.778;2.891
338661;28.4;26.18;0.585;1.496;2054.263;-1.934;3.187
338761;28.4;26.18;0.573;1.532;2014.597;-2.139;2.588
338861;28.4;26.18;0.577;1.492;2019.364;-1.655;3.224
338961;28.4;26.18;0.583;1.510;2054.764;-2.043;2.989
339061;28.4;26.18;0.558;1.515;2018.226;-1.649;2.948
339161;28.4;26.18;0.579;1.487;2017.537;-1.592;3.310
339261;28.4;26.18;0.549;1.526;2026.871;-1.658;2.610
339361;28.4;26.18;0.557;1.469;2025.767;-1.218;3.420
339461;28.4;26.18;0.573;1.459;2013.268;-1.215;3.559
339561;28.4;26.18;0.582;1.449;2046.585;-1.474;3.716
339661;28.4;26.18;0.564;1.473;2020.577;-1.400;3.465
339761;28.4;26.18;0.573;1.531;2053.596;-2.402;2.563
339861;28.4;26.18;0.574;1.445;2043.372;-1.238;3.651
339961;28.4;26.18;0.553;1.462;2013.994;-0.984;3.476
340061;28.4;26.18;0.577;1.461;2012.792;-1.293;3.551
340161;28.4;26.18;0.585;1.459;2050.330;-1.664;3.654
340261;28.4;26.18;0.575;1.512;2008.186;-1.763;2.918
340361;28.4;26.18;0.579;1.487;2017.955;-1.597;3.311
340461;28.4;26.18;0.581;1.480;2060.898;-1.811;3.400
340561;28.5;26.18;0.569;1.481;2027.014;-1.498;3.366
340661;28.5;26.18;0.583;1.472;2010.277;-1.464;3.523
340761;28.4;26.18;0.553;1.536;2011.302;-1.871;2.578
340861;28.4;26.18;0.570;1.482;2025.510;-1.561;3.339
340961;28.4;26.18;0.585;1.482;2020.985;-1.617;3.378
341061;28.4;26.18;0.582;1.468;2059.386;-1.706;3.555
341161;28.4;26.18;0.561;1.469;2021.455;-1.228;3.456
341261;28.5;26.18;0.579;1.536;2053.971;-2.404;2.589
341361;28.5;26.18;0.590;1.471;2059.059;-1.860;3.502
341461;28.5;26.18;0.562;1.500;2013.637;-1.535;3.219
341561;28.5;26.18;0.582;1.495;2023.175;-1.654;3.221
341661;28.5;26.18;0.582;1.473;2063.558;-1.745;3.456
341761;28.5;26.18;0.575;1.519;2021.546;-1.884;2.732
341861;28.5;26.18;0.577;1.451;2006.769;-1.230;3.687
341961;28.5;26.18;0.585;1.451;2053.670;-1.591;3.689
342061;28.5;26.18;0.564;1.476;2026.939;-1.401;3.467
342161;28.5;26.18;0.584;1.467;2011.951;-1.398;3.550
342261;28.5;26.18;0.556;1.499;2024.952;-1.538;3.063
342361;28.5;26.18;0.533;1.476;2021.317;-0.687;3.237
342461;28.5;26.18;0.558;1.458;1998.812;-0.702;3.370
342561;28.5;26.18;0.567;1.450;2018.766;-0.892;3.489
342661;28.5;26.18;0.541;1.469;2009.476;-0.789;3.435
342761;28.5;26.18;0.585;1.486;2060.366;-1.953;3.260
342861;28.5;26.18;0.579;1.448;2047.323;-1.315;3.648
342961;28.5;26.18;0.548;1.462;2011.431;-0.866;3.452
343061;28.5;26.18;0.578;1.456;1999.525;-1.181;3.627
343161;28.5;26.18;0.585;1.453;2045.554;-1.512;3.722
343261;28.5;26.18;0.538;1.545;2012.125;-1.881;2.378
343361;28.5;26.18;0.584;1.481;2018.277;-1.528;3.440
343461;28.5;26.18;0.587;1.468;2053.037;-1.712;3.592
343561;28.5;26.18;0.567;1.481;2031.370;-1.423;3.399
343661;28.5;26.18;0.581;1.469;2019.302;-1.384;3.536
343761;28.5;26.18;0.546;1.534;2013.791;-1.665;2.614
343861;28.5;26.18;0.563;1.480;2013.959;-1.237;3.394
343961;28.5;26.18;0.580;1.464;2013.768;-1.324;3.636
344061;28.5;26.18;0.583;1.449;2051.802;-1.424;3.757
344161;28.5;26.18;0.546;1.470;2011.030;-0.822;3.427
344261;28.5;26.18;0.583;1.470;2050.198;-1.804;3.465
344361;28.5;26.18;0.576;1.445;2047.674;-1.273;3.772
344461;28.5;26.18;0.559;1.477;2021.315;-1.036;3.424
344561;28.4;26.18;0.583;1.459;2007.308;-1.311;3.696
344661;28.4;26.18;0.575;1.452;2046.363;-1.246;3.686
344761;28.4;26.18;0.575;1.485;2028.365;-1.573;3.240
344861;28.4;26.18;0.557;1.464;1995.643;-0.695;3.389
344961;28.4;26.18;0.565;1.454;2026.013;-0.886;3.469
345061;28.5;26.18;0.546;1.471;2012.429;-0.822;3.408
345161;28.5;26.18;0.573;1.458;2006.179;-0.988;3.519
345261;28.5;26.18;0.563;1.487;2029.145;-1.457;3.267
345361;28.5;26.18;0.543;1.473;2011.876;-0.676;3.212
345461;28.5;26.18;0.516;1.481;1986.329;0.106;2.990
345561;28.5;26.18;0.557;1.454;2019.895;-0.670;3.393
345661;28.5;26.18;0.541;1.472;2004.125;-0.651;3.298
345761;28.5;26.18;0.587;1.481;2051.785;-1.887;3.381
345861;28.5;26.18;0.567;1.452;2038.965;-0.999;3.595
345961;28.5;26.18;0.540;1.470;2022.077;-0.696;3.363
346061;28.5;26.18;0.562;1.462;1987.723;-0.759;3.556
346161;28.5;26.18;0.571;1.456;2031.377;-1.078;3.627
346261;28.5;26.18;0.579;1.511;2020.906;-1.803;2.997
346361;28.5;26.18;0.583;1.473;2017.202;-1.418;3.582
346461;28.5;26.18;0.588;1.462;2051.172;-1.456;3.780
346561;28.5;26.18;0.563;1.463;2016.431;-1.074;3.561
346661;28.5;26.18;0.559;1.459;2008.048;-0.783;3.570
346761;28.5;26.18;0.564;1.481;2023.443;-1.409;3.388
346861;28.5;26.18;0.539;1.470;2007.707;-0.659;3.465
346961;28.5;26.18;0.560;1.464;1999.735;-0.801;3.510
347061;28.5;26.18;0.558;1.464;2029.279;-0.753;3.362
347161;28.5;26.18;0.535;1.477;2009.188;-0.425;3.103
347261;28.5;26.18;0.584;1.450;2040.784;-1.471;3.641
347361;28.5;26.18;0.488;1.480;2011.304;0.612;2.949
347461;28.5;26.18;0.545;1.472;2004.289;-0.686;3.319
347561;28.5;26.18;0.558;1.463;1998.020;-0.728;3.438
347661;28.5;26.18;0.571;1.451;2023.596;-0.935;3.522
347761;28.5;26.18;0.578;1.464;2014.794;-1.353;3.510
347861;28.5;26.18;0.466;1.495;1979.255;1.001;2.823
347961;28.5;26.18;0.498;1.480;2015.665;0.459;2.948
348061;28.5;26.18;0.547;1.471;1997.147;-0.720;3.333
348161;28.5;26.18;0.552;1.464;1987.469;-0.546;3.469
348261;28.5;26.18;0.563;1.489;2022.377;-1.463;3.309
348361;28.5;26.18;0.549;1.469;2014.364;-0.736;3.308
348461;28.5;26.18;0.500;1.489;1985.192;0.437;2.881
348561;28.5;26.18;0.468;1.484;2008.007;0.943;2.890
348661;28.5;26.18;0.543;1.469;2009.360;-0.664;3.324
348761;28.5;26.18;0.587;1.470;2058.017;-1.786;3.537
348861;28.5;26.18;0.566;1.453;2030.630;-0.980;3.674
348961;28.5;26.18;0.538;1.474;2016.507;-0.635;3.357
349061;28.6;26.18;0.561;1.466;1996.540;-0.735;3.403
349161;28.6;26.18;0.572;1.452;2025.208;-0.988;3.552
349261;28.6;26.18;0.581;1.457;2008.359;-1.267;3.693
349361;28.6;26.18;0.561;1.462;2003.172;-0.733;3.488
349461;28.6;26.18;0.561;1.458;2036.363;-0.864;3.536
349561;28.5;26.18;0.535;1.483;2011.412;-0.551;3.244
349661;28.5;26.18;0.558;1.463;1993.988;-0.611;3.391
349761;28.5;26.18;0.558;1.469;2024.280;-1.174;3.492
349861;28.5;26.18;0.441;1.507;2005.508;1.149;2.698
349961;28.5;26.18;0.501;1.491;1985.368;0.420;2.954
350061;28.6;26.18;0.451;1.481;2007.450;1.215;2.932
350161;28.6;26.18;0.414;1.499;2000.987;1.559;2.796
350261;28.6;26.18;0.557;1.453;2034.230;-0.761;3.396
350361;28.6;26.18;0.434;1.466;1995.141;1.349;3.194
350461;28.6;26.18;0.409;1.489;1986.728;1.604;2.999
350561;28.6;26.18;0.453;1.491;1973.666;1.257;2.910
350661;28.6;26.18;0.492;1.487;2012.879;0.518;2.917
350761;28.6;26.18;0.576;1.467;2018.360;-1.353;3.549
350861;28.6;26.18;0.449;1.488;1979.649;1.230;2.963
350961;28.6;26.18;0.451;1.475;1997.932;1.252;3.060
351061;28.5;26.18;0.478;1.502;2004.117;0.508;2.795
351161;28.5;26.18;0.570;1.469;1986.096;-0.785;3.439
351261;28.5;26.18;0.568;1.477;2021.687;-1.407;3.463
351361;28.5;26.18;0.544;1.478;2009.700;-0.630;3.221
351461;28.5;26.18;0.549;1.470;1989.988;-0.411;3.326
351561;28.5;26.18;0.466;1.484;2010.796;0.997;2.937
351661;28.5;26.18;0.451;1.503;1995.187;1.066;2.740
351761;28.5;26.18;0.581;1.455;2043.721;-1.390;3.672
351861;28.5;26.18;0.540;1.470;2016.423;-0.288;3.249
351961;28.5;26.18;0.543;1.472;2002.921;-0.537;3.306
352061;28.5;26.18;0.485;1.496;1986.542;0.707;2.864
352161;28.5;26.18;0.447;1.477;2011.486;1.200;3.058
352261;28.5;26.18;0.572;1.458;2008.308;-0.989;3.592
352361;28.5;26.18;0.488;1.490;1975.308;0.721;2.967
352461;28.5;26.18;0.463;1.487;2010.422;1.019;2.958
352561;28.6;26.18;0.449;1.507;2001.540;1.099;2.723
352661;28.6;26.18;0.472;1.497;1978.290;0.942;2.927
352761;28.5;26.18;0.563;1.473;2021.683;-1.362;3.444
352861;28.5;26.18;0.391;1.489;1996.565;1.723;3.012
352961;28.5;26.18;0.425;1.468;1969.961;1.539;3.235
353061;28.6;26.18;0.427;1.467;2000.770;1.393;3.221
353161;28.6;26.18;0.391;1.483;1987.186;1.709;3.074
353261;28.6;26.18;0.471;1.482;2010.804;0.872;2.856
353361;28.6;26.18;0.407;1.459;1991.290;1.562;3.268
353461;28.6;26.18;0.396;1.484;1985.489;1.650;3.119
353561;28.6;26.18;0.429;1.478;1969.737;1.485;3.179
353661;28.6;26.18;0.440;1.476;1998.403;1.351;3.085
353761;28.6;26.18;0.581;1.458;2008.800;-1.168;3.632
353861;28.6;26.18;0.467;1.498;1975.781;1.078;2.932
353961;28.6;26.18;0.437;1.468;2002.173;1.320;3.243
354061;28.6;26.18;0.409;1.492;1996.864;1.596;2.966
354161;28.6;26.18;0.473;1.495;1981.087;0.937;2.964
354261;28.6;26.18;0.566;1.472;2015.149;-1.247;3.561
354361;28.6;26.18;0.534;1.486;2000.173;-0.364;3.180
354461;28.6;26.18;0.457;1.493;1979.223;1.184;2.987
354561;28.6;26.18;0.438;1.472;2007.294;1.339;3.176
354661;28.6;26.18;0.397;1.488;1991.672;1.667;3.048
354761;28.6;26.18;0.485;1.483;2011.380;0.649;2.895
354861;28.6;26.18;0.425;1.470;1999.446;1.445;3.189
354961;28.6;26.18;0.411;1.497;1998.565;1.583;2.933
355061;28.6;26.18;0.431;1.486;1974.617;1.519;3.065
355161;28.6;26.18;0.408;1.456;1994.554;1.551;3.373
355261;28.6;26.18;0.551;1.466;1987.890;-0.500;3.353
355361;28.6;26.18;0.422;1.474;1971.675;1.486;3.264
355461;28.6;26.18;0.426;1.466;1991.165;1.415;3.249
355561;28.6;26.18;0.393;1.487;1992.193;1.681;3.057
355661;28.6;26.18;0.421;1.477;1970.643;1.502;3.210
355761;28.7;26.18;0.472;1.502;2008.328;0.611;2.711
355861;28.7;26.18;0.376;1.470;1983.348;1.754;3.297
355961;28.7;26.18;0.395;1.460;1957.003;1.643;3.380
356061;28.7;26.18;0.396;1.457;1978.001;1.661;3.305
356161;28.7;26.18;0.379;1.471;1990.566;1.698;3.288
356261;28.7;26.18;0.497;1.481;2015.846;0.438;2.916
356361;28.7;26.18;0.397;1.455;1990.389;1.620;3.377
356461;28.7;26.18;0.365;1.470;1983.241;1.827;3.212
356561;28.7;26.18;0.421;1.475;1956.921;1.544;3.275
356661;28.7;26.18;0.432;1.469;1995.009;1.396;3.257
356761;28.5;26.18;0.564;1.463;1993.152;-0.769;3.573
356861;28.5;26.18;0.465;1.498;1979.691;1.069;2.935
356961;28.5;26.18;0.441;1.473;2012.689;1.247;3.235
357061;28.6;26.18;0.398;1.486;1992.180;1.606;3.149
357161;28.6;26.18;0.424;1.480;1967.095;1.527;3.181
357261;28.7;26.18;0.547;1.472;2015.083;-0.762;3.421
357361;28.7;26.18;0.417;1.501;1997.312;1.528;2.966
357461;28.7;26.18;0.428;1.480;1972.651;1.475;3.198
357561;28.7;26.18;0.404;1.461;1993.770;1.549;3.308
357661;28.7;26.18;0.364;1.470;1990.465;1.839;3.233
357761;28.6;26.18;0.435;1.468;2002.560;1.371;3.162
357861;28.6;26.18;0.386;1.464;1976.288;1.739;3.224
357961;28.6;26.18;0.375;1.473;1986.312;1.697;3.293
358061;28.7;26.18;0.402;1.464;1961.024;1.670;3.409
358161;28.7;26.18;0.392;1.458;1984.022;1.675;3.297
358261;28.8;26.18;0.434;1.481;1965.844;1.447;3.074
358361;28.8;26.18;0.392;1.467;1949.807;1.700;3.351
358461;28.8;26.18;0.378;1.463;1979.477;1.828;3.242
358561;28.7;26.18;0.360;1.475;1975.231;1.920;3.174
358661;28.7;26.18;0.406;1.465;1962.237;1.561;3.404
358761;28.7;26.18;0.432;1.507;1994.571;1.351;2.698
358861;28.7;26.18;0.368;1.475;1984.716;1.833;3.168
358961;28.7;26.18;0.384;1.467;1956.524;1.760;3.306
359061;28.6;26.18;0.381;1.458;1972.492;1.801;3.337
359161;28.6;26.18;0.374;1.469;1983.486;1.783;3.355
359261;28.6;26.18;0.449;1.479;2010.212;1.203;3.050
359361;28.6;26.18;0.402;1.463;1986.877;1.579;3.306
359461;28.6;26.18;0.369;1.475;1985.331;1.755;3.196
359561;28.6;26.18;0.408;1.463;1958.087;1.541;3.414
359661;28.6;26.18;0.419;1.466;1989.064;1.491;3.339
359761;28.6;26.18;0.572;1.466;1986.882;-0.845;3.483
359861;28.6;26.18;0.430;1.481;1966.948;1.499;3.224
359961;28.6;26.18;0.421;1.468;2001.668;1.467;3.329
360061;28.6;26.18;0.381;1.480;1986.912;1.689;3.236
360161;28.6;26.18;0.402;1.465;1954.681;1.625;3.426
360261;28.6;26.18;0.442;1.511;1994.071;1.202;2.669
360361;28.6;26.18;0.386;1.479;1988.550;1.734;3.259
360461;28.6;26.18;0.418;1.476;1961.425;1.522;3.336
360561;28.6;26.18;0.385;1.461;1982.137;1.775;3.351
360661;28.6;26.18;0.329;1.484;1984.779;2.273;2.983
360761;28.7;26.18;0.400;1.457;1986.277;1.599;3.309
360861;28.7;26.18;0.317;1.471;1974.717;2.559;3.062
360961;28.7;26.18;0.332;1.483;1972.711;2.226;3.073
361061;28.7;26.18;0.364;1.468;1959.429;2.089;3.207
361161;28.7;26.18;0.347;1.470;1985.929;2.154;3.079
361261;28.7;26.18;0.404;1.473;1966.338;1.612;3.233
361361;28.7;26.18;0.286;1.476;1949.953;3.008;3.038
361461;28.7;26.18;0.300;1.476;1972.665;2.811;2.953
361561;28.8;26.18;0.323;1.484;1979.543;2.299;3.051
361661;28.8;26.18;0.395;1.469;1950.725;1.685;3.345
361761;28.8;26.18;0.415;1.499;1997.713;1.547;2.843
361861;28.8;26.18;0.347;1.480;1984.726;2.035;3.126
361961;28.8;26.18;0.366;1.468;1956.142;1.973;3.293
362061;28.7;26.18;0.353;1.465;1978.476;2.116;3.219
362161;28.7;26.18;0.361;1.481;1980.295;1.869;3.187
362261;28.7;26.18;0.568;1.448;2030.664;-0.926;3.546
362361;28.7;26.18;0.385;1.464;1988.063;1.719;3.315
362461;28.7;26.18;0.334;1.478;1979.931;2.181;3.159
362561;28.8;26.18;0.346;1.471;1954.216;2.232;3.210
362661;28.8;26.18;0.342;1.474;1973.836;2.234;3.125
362761;28.8;26.18;0.434;1.483;1967.104;1.500;3.159
362861;28.8;26.18;0.409;1.468;1959.219;1.564;3.442
362961;28.8;26.18;0.385;1.464;1984.672;1.781;3.308
363061;28.8;26.18;0.338;1.480;1988.139;2.319;3.068
363161;28.8;26.18;0.331;1.478;1955.575;2.399;3.133
363261;28.8;26.18;0.399;1.488;1985.040;1.687;3.080
363361;28.8;26.18;0.333;1.484;1984.434;2.164;3.129
363461;28.8;26.18;0.382;1.470;1956.208;1.839;3.330
363561;28.8;26.18;0.362;1.470;1983.855;2.024;3.179
363661;28.8;26.18;0.272;1.490;1985.953;2.965;2.867
363761;28.7;26.18;0.392;1.458;1991.482;1.660;3.252
363861;28.7;26.18;0.420;1.525;1972.909;-0.063;2.119
363961;28.7;26.18;0.237;1.540;1983.014;2.940;1.958
364061;28.6;26.18;0.222;1.495;1947.048;3.901;2.763
364161;28.6;26.18;0.213;1.501;1973.708;4.007;2.575
364261;28.6;26.18;0.414;1.473;1966.320;1.544;3.266
364361;28.6;26.18;0.208;1.503;1947.195;4.069;2.608
364461;28.6;26.18;0.195;1.501;1971.691;4.234;2.555
364561;28.5;26.18;0.268;1.493;1979.067;3.044;2.922
364661;28.5;26.18;0.372;1.467;1954.458;1.935;3.397
364761;28.6;26.18;0.420;1.499;2002.522;1.470;2.922
364861;28.6;26.18;0.333;1.484;1977.043;2.211;3.138
364961;28.6;26.18;0.359;1.472;1955.299;2.104;3.267
365061;28.6;26.18;0.286;1.479;1981.549;3.020;2.945
365161;28.6;26.18;0.273;1.491;1986.257;2.940;2.948
365261;28.6;26.18;0.412;1.464;1985.601;1.527;3.369
365361;28.6;26.18;0.285;1.481;1974.471;3.019;2.956
365461;28.6;26.18;0.186;1.509;1986.421;4.240;2.528
365561;28.7;26.18;0.221;1.501;1947.522;3.937;2.711
365661;28.7;26.18;0.212;1.524;1965.471;3.872;2.193
365761;28.8;26.18;0.392;1.470;1957.861;1.676;3.363
365861;28.8;26.18;0.305;1.478;1952.379;2.765;3.089
365961;28.8;26.18;0.336;1.477;1972.079;2.367;3.132
366061;28.8;26.18;0.253;1.497;1981.285;3.298;2.843
366161;28.8;26.18;0.214;1.504;1956.939;4.006;2.588
366261;28.7;26.18;0.376;1.470;1981.936;1.741;3.298
366361;28.7;26.18;0.184;1.511;1975.756;4.252;2.568
366461;28.7;26.18;0.279;1.484;1952.333;3.155;3.002
366561;28.7;26.18;0.213;1.503;1977.355;4.013;2.565
366661;28.7;26.18;0.265;1.545;1985.547;2.471;1.995
366761;28.8;26.18;0.356;1.468;1981.161;2.069;3.095
366861;28.8;26.18;0.485;1.520;1982.862;-1.633;2.313
366961;28.8;26.18;0.463;1.533;1992.104;-1.495;2.208
367061;28.7;26.18;0.398;1.528;1953.360;0.870;2.102
367161;28.7;26.18;0.316;1.532;1964.439;1.883;2.055
367261;28.7;26.18;0.399;1.469;1956.738;1.644;3.352
367361;28.7;26.18;0.207;1.523;1956.655;3.971;2.343
367461;28.7;26.18;0.219;1.528;1969.817;3.688;2.148
367561;28.8;26.18;0.187;1.512;1976.119;4.172;2.642
367661;28.8;26.18;0.299;1.480;1942.528;2.917;3.101
367761;28.8;26.18;0.382;1.483;1987.081;1.726;3.165
367861;28.8;26.18;0.268;1.496;1982.205;3.089;2.915
367961;28.8;26.18;0.287;1.487;1954.017;3.025;3.021
368061;28.8;26.18;0.200;1.519;1974.329;4.086;2.314
368161;28.8;26.18;0.312;1.547;1984.545;1.582;1.975
368261;28.8;26.18;0.356;1.469;1981.012;2.079;3.186
368361;28.8;26.18;0.277;1.530;1973.174;2.568;2.117
368461;28.8;26.18;0.105;1.571;1992.624;5.138;1.556
368561;28.8;26.18;0.319;1.544;1956.069;1.756;2.018
368661;28.8;26.18;0.284;1.552;1975.011;2.117;1.809
368761;28.8;26.18;0.380;1.466;1945.879;1.870;3.353
368861;28.8;26.18;0.422;1.525;1949.407;-0.057;2.331
368961;28.8;26.18;0.379;1.530;1970.937;0.708;2.110
369061;28.8;26.18;0.444;1.544;1982.910;-0.812;2.071
369161;28.8;26.18;0.272;1.549;1951.997;2.598;1.954
369261;28.8;26.18;0.191;1.508;1980.430;4.169;2.525
369361;28.8;26.18;0.196;1.602;1997.586;3.377;1.066
369461;28.8;26.18;0.323;1.543;1947.721;1.685;2.027
369561;28.9;26.18;0.161;1.562;1975.386;4.432;1.641
369661;28.9;26.18;0.109;1.577;1995.843;4.918;1.497
369761;28.8;26.18;0.266;1.484;1979.076;3.250;2.779
369861;28.8;26.18;0.235;1.587;1983.256;2.915;1.230
369961;28.8;26.18;0.245;1.592;1991.259;2.378;1.318
370061;28.8;26.18;0.462;1.528;1947.180;-1.025;2.426
370161;28.8;26.18;0.175;1.559;1976.194;4.249;1.683
370261;28.8;26.18;0.406;1.471;1951.134;1.616;3.404
370361;28.8;26.18;0.336;1.533;1948.745;-0.283;2.236
370461;28.8;26.18;0.485;1.525;1982.322;-1.529;2.292
370561;28.8;26.18;0.102;1.576;1984.819;5.128;1.564
370661;28.8;26.18;0.323;1.533;1947.835;1.732;2.243
370761;28.8;26.18;0.368;1.479;1981.931;1.822;3.254
370861;28.8;26.18;0.396;1.546;1990.243;-0.011;2.069
370961;28.8;26.18;0.334;1.534;1952.910;1.577;2.220
371061;28.8;26.18;0.498;1.525;1975.254;-1.657;2.359
371161;28.8;26.18;0.193;1.608;1995.027;3.430;0.999
371261;28.8;26.18;0.294;1.478;1972.208;2.886;2.965
371361;28.8;26.18;0.487;1.527;1982.506;-1.484;2.321
371461;28.8;26.18;0.159;1.606;1992.528;4.072;1.026
371561;28.8;26.18;0.418;1.543;1952.960;-0.134;2.124
371661;28.8;26.18;0.472;1.528;1994.790;-1.329;2.294
371761;28.8;26.18;0.335;1.471;1952.512;2.323;3.174
371861;28.8;26.18;0.446;1.534;1956.400;-0.832;2.376
371961;28.8;26.18;0.466;1.526;1983.086;-1.239;2.383
372061;28.7;26.18;0.230;1.596;1999.745;2.620;1.255
372161;28.7;26.18;0.485;1.535;1966.321;-1.468;2.300
372261;28.7;26.18;0.284;1.545;1983.804;2.090;1.923
372361;28.7;26.18;0.467;1.548;2003.588;-1.406;2.154
372461;28.7;26.18;0.459;1.535;1972.188;-1.039;2.273
372561;28.8;26.18;0.395;1.548;1965.312;0.283;1.965
372661;28.8;26.18;0.495;1.543;1988.457;-1.944;2.225
372761;28.8;26.18;0.224;1.493;1970.180;3.907;2.679
372861;28.8;26.18;0.220;1.587;1988.859;3.298;1.243
372961;28.8;26.18;0.459;1.545;1999.275;-1.495;2.233
373061;28.8;26.18;0.443;1.538;1963.196;-0.639;2.281
373161;28.8;26.18;0.486;1.532;1977.641;-1.555;2.297
373261;28.9;26.18;0.283;1.484;1952.145;3.070;3.002
373361;28.9;26.18;0.469;1.532;1960.138;-1.221;2.380
373461;28.9;26.18;0.464;1.533;1988.901;-1.218;2.326
373561;28.8;26.18;0.474;1.541;2005.601;-1.717;2.261
373661;28.8;26.18;0.416;1.545;1966.807;-0.257;2.128
373761;28.8;26.18;0.154;1.523;1975.813;4.622;2.358
373861;28.8;26.18;0.185;1.608;1988.253;3.579;1.148
373961;28.8;26.18;0.374;1.547;1953.198;0.581;2.184
374061;28.8;26.18;0.221;1.585;1984.077;3.310;1.310
374161;28.8;26.18;0.475;1.546;1996.884;-1.710;2.232
374261;28.8;26.18;0.195;1.512;1977.168;4.178;2.338
374361;28.8;26.18;0.471;1.538;1984.556;-1.083;2.232
374461;28.8;26.18;0.456;1.548;2015.023;-1.200;2.152
374561;28.8;26.18;0.440;1.541;1972.945;-0.542;2.254
374661;28.8;26.18;0.461;1.542;2008.477;-0.854;2.112
374761;28.8;26.18;0.421;1.539;1962.806;-0.299;2.173
374861;28.8;26.18;0.443;1.546;1977.907;-0.528;2.176
374961;28.8;26.18;0.461;1.543;1990.402;-0.903;2.143
375061;28.8;26.18;0.453;1.545;2004.979;-1.177;2.279
375161;28.8;26.18;0.357;1.557;1964.051;0.775;1.994
375261;28.8;26.18;0.220;1.545;1980.435;3.294;2.013
375361;28.8;26.18;0.453;1.545;2007.562;-1.164;2.248
375461;28.8;26.18;0.447;1.541;1972.721;-0.734;2.276
375561;28.8;26.18;0.475;1.540;1979.583;-1.267;2.299
375661;28.8;26.18;0.195;1.598;1992.706;3.371;1.307
375761;28.8;26.18;0.210;1.504;1974.910;4.072;2.650
375861;28.8;26.18;0.478;1.537;1994.538;-1.351;2.281
375961;28.8;26.18;0.449;1.554;2014.117;-1.033;2.102
376061;28.8;26.18;0.441;1.549;1986.326;-0.600;2.145
376161;28.8;26.18;0.465;1.545;2003.176;-0.911;2.112
376261;28.8;26.18;0.397;1.532;1945.515;0.433;2.221
376361;28.8;26.18;0.444;1.545;1970.993;-0.614;2.243
376461;28.8;26.18;0.461;1.543;1993.669;-0.979;2.230
376561;28.8;26.18;0.451;1.555;2019.993;-0.991;2.063
376661;28.8;26.18;0.437;1.549;1976.839;-0.470;2.155
376761;28.8;26.18;0.465;1.542;1982.931;-1.493;2.197
376861;28.8;26.18;0.457;1.553;1999.137;-1.309;2.231
376961;28.8;26.18;0.458;1.538;1963.237;-0.877;2.325
377061;28.9;26.18;0.464;1.544;2000.833;-0.936;2.151
377161;28.9;26.18;0.452;1.555;2022.516;-0.942;2.095
377261;28.8;26.18;0.485;1.529;1987.541;-1.516;2.290
377361;28.8;26.18;0.504;1.546;2011.173;-1.467;2.133
377461;28.8;26.18;0.472;1.554;2030.560;-1.329;2.150
377561;28.8;26.18;0.456;1.551;1989.061;-0.760;2.110
377661;28.8;26.18;0.500;1.542;2010.041;-1.600;2.178
377761;28.9;26.18;0.445;1.537;1973.801;-0.711;2.210
377861;28.9;26.18;0.505;1.542;1993.644;-1.450;2.257
377961;28.9;26.18;0.487;1.545;2003.327;-1.249;2.196
378061;28.9;26.18;0.450;1.554;2002.972;-0.974;2.190
378161;28.9;26.18;0.450;1.542;1964.059;-0.769;2.326
378261;28.9;26.18;0.495;1.544;1992.756;-1.973;2.143
378361;28.9;26.18;0.457;1.560;2025.537;-1.050;2.026
378461;28.9;26.18;0.447;1.553;1976.365;-0.604;2.147
378561;28.8;26.18;0.466;1.551;1997.454;-0.897;2.118
378661;28.8;26.18;0.446;1.553;2013.028;-0.993;2.203
378761;28.8;26.18;0.158;1.565;1978.819;4.430;1.643
378861;28.8;26.18;0.462;1.547;1996.741;-0.861;2.160
378961;28.8;26.18;0.471;1.555;2024.290;-1.239;2.092
379061;28.9;26.18;0.469;1.553;1994.329;-0.965;2.160
379161;28.9;26.18;0.503;1.543;2013.314;-1.487;2.187
379261;28.8;26.18;0.335;1.563;1953.846;1.164;1.855
379361;28.8;26.18;0.447;1.553;1978.301;-0.588;2.152
379461;28.8;26.18;0.465;1.550;2004.052;-0.894;2.156
379561;28.9;26.18;0.472;1.559;2026.804;-1.287;2.103
379661;28.9;26.18;0.501;1.546;1999.079;-1.568;2.253
379761;28.9;26.18;0.478;1.544;1999.655;-1.735;2.206
379861;28.9;26.18;0.500;1.553;2028.482;-1.671;2.177
379961;28.9;26.18;0.460;1.555;1980.196;-0.816;2.178
380061;28.9;26.18;0.502;1.547;2012.457;-1.438;2.214
380161;28.9;26.18;0.522;1.546;2034.044;-1.948;2.292
380261;28.9;26.18;0.316;1.565;1988.828;1.481;1.640
380361;28.9;26.18;0.558;1.528;2023.158;-2.164;2.470
380461;28.9;26.18;0.538;1.547;2032.543;-2.134;2.336
380561;28.9;26.18;0.504;1.546;2001.862;-1.477;2.247
380661;28.9;26.18;0.539;1.538;2018.999;-1.943;2.356
380761;28.9;26.18;0.446;1.542;1973.565;-0.699;2.241
380861;28.9;26.18;0.528;1.540;2006.746;-1.829;2.348
380961;28.9;26.18;0.550;1.530;2014.958;-2.047;2.453
381061;28.9;26.18;0.506;1.554;2032.487;-1.737;2.222
381161;28.9;26.18;0.465;1.553;1986.665;-0.833;2.166
381261;28.9;26.18;0.496;1.545;1985.750;-1.986;2.175
381361;28.9;26.18;0.494;1.557;2033.837;-1.548;2.123
381461;28.9;26.18;0.494;1.548;1997.301;-1.314;2.271
381561;28.9;26.18;0.511;1.549;2011.403;-1.581;2.226
381661;28.9;26.18;0.506;1.556;2023.657;-1.738;2.188
381761;28.9;26.18;0.469;1.539;1984.722;-1.223;2.313
381861;28.9;26.18;0.470;1.553;2004.419;-0.947;2.154
381961;28.9;26.18;0.501;1.552;2033.548;-1.668;2.212
382061;28.9;26.18;0.508;1.551;2000.709;-1.503;2.237
382161;28.9;26.18;0.560;1.528;2020.353;-2.119;2.509
382261;28.9;26.18;0.439;1.547;1986.965;-0.594;2.134
382361;28.9;26.18;0.530;1.547;2000.204;-1.783;2.339
382461;28.9;26.18;0.560;1.527;2022.522;-2.109;2.545
382561;28.9;26.18;0.567;1.538;2049.399;-2.482;2.383
382661;28.9;26.18;0.548;1.537;2015.150;-1.911;2.458
382761;28.9;26.18;0.473;1.558;2019.795;-1.287;2.068
382861;28.9;26.18;0.571;1.536;2041.978;-2.452;2.465
382961;28.9;26.18;0.530;1.548;2002.179;-1.781;2.311
383061;28.9;26.18;0.547;1.539;2015.541;-1.972;2.408
383161;28.9;26.18;0.554;1.543;2035.359;-2.320;2.380
383261;28.9;26.18;0.469;1.548;2005.088;-0.988;2.100
383361;28.9;26.18;0.568;1.532;2022.129;-2.157;2.460
383461;28.9;26.18;0.562;1.536;2051.886;-2.403;2.440
383561;28.9;26.18;0.522;1.544;2000.881;-1.671;2.402
383661;28.9;26.18;0.574;1.525;2024.620;-2.246;2.592
383761;28.9;26.18;0.438;1.553;1978.346;-0.498;2.076
383861;28.9;26.18;0.541;1.543;2012.133;-1.845;2.385
383961;28.9;26.18;0.579;1.518;2020.813;-2.107;2.677
384061;29.0;26.18;0.568;1.536;2040.783;-2.334;2.553
384161;29.0;26.18;0.530;1.544;1996.998;-1.800;2.401
384261;28.9;26.18;0.449;1.551;2018.893;-1.080;2.222
384361;28.9;26.18;0.544;1.546;2036.352;-2.167;2.403
384461;28.9;26.18;0.531;1.545;2012.814;-1.781;2.341
384561;28.9;26.18;0.567;1.532;2021.948;-2.218;2.528
384661;28.9;26.18;0.549;1.547;2042.426;-2.256;2.371
384761;28.9;26.18;0.464;1.543;1993.878;-1.035;2.233
384861;28.9;26.18;0.550;1.538;2017.590;-2.071;2.433
384961;28.9;26.18;0.562;1.541;2048.460;-2.321;2.447
385061;28.9;26.18;0.550;1.539;2009.843;-1.888;2.476
385161;28.9;26.18;0.570;1.514;2030.060;-1.887;2.730
385261;29.0;26.18;0.501;1.544;2005.527;-1.452;2.215
385361;29.0;26.18;0.551;1.507;2027.634;-1.619;2.859
385461;29.0;26.18;0.567;1.524;2008.961;-1.801;2.663
385561;28.9;26.18;0.581;1.521;2047.807;-2.269;2.683
385661;28.9;26.18;0.551;1.526;2018.042;-1.727;2.626
385761;28.9;26.18;0.506;1.551;2031.702;-1.738;2.156
385861;28.9;26.18;0.582;1.522;2045.203;-2.322;2.663
385961;28.9;26.18;0.554;1.530;2016.394;-1.939;2.608
386061;28.9;26.18;0.574;1.528;2018.338;-2.167;2.612
386161;28.9;26.18;0.551;1.549;2040.116;-2.205;2.398
386261;28.9;26.18;0.463;1.556;1999.546;-0.930;2.068
386361;28.9;26.18;0.571;1.520;2025.807;-1.962;2.656
386461;28.9;26.18;0.579;1.518;2055.013;-2.183;2.708
386561;29.0;26.18;0.549;1.533;2021.080;-1.714;2.548
386661;29.0;26.18;0.576;1.523;2017.742;-2.018;2.684
386761;29.0;26.18;0.487;1.551;1993.946;-1.220;2.209
386861;29.0;26.18;0.555;1.530;2025.627;-1.877;2.558
386961;29.0;26.18;0.576;1.505;2032.578;-1.911;2.843
387061;29.0;26.18;0.585;1.517;2045.131;-2.290;2.805
387161;29.0;26.18;0.549;1.541;2012.710;-1.883;2.507
387261;29.0;26.18;0.453;1.557;2016.559;-0.992;2.146
387361;29.0;26.18;0.553;1.551;2038.237;-2.273;2.404
387461;29.0;26.18;0.543;1.542;2010.399;-1.854;2.478
387561;29.0;26.18;0.571;1.517;2031.695;-1.831;2.730
387661;29.0;26.18;0.582;1.500;2050.911;-2.025;3.001
387761;29.0;26.18;0.538;1.538;2009.372;-1.898;2.409
387861;29.0;26.18;0.577;1.517;2023.979;-1.920;2.727
387961;29.0;26.18;0.577;1.522;2053.192;-2.119;2.756
388061;28.9;26.18;0.549;1.508;2027.360;-1.516;2.858
388161;28.9;26.18;0.580;1.485;2031.380;-1.724;3.122
388261;29.0;26.18;0.540;1.536;2009.111;-1.835;2.409
388361;29.0;26.18;0.554;1.491;2014.103;-1.385;3.226
388461;29.0;26.18;0.582;1.477;2024.179;-1.635;3.271
388561;29.0;26.18;0.580;1.512;2058.649;-2.152;2.957
388661;29.0;26.18;0.549;1.522;2007.811;-1.555;2.763
388761;29.0;26.18;0.562;1.541;2046.684;-2.405;2.388
388861;29.0;26.18;0.585;1.491;2057.993;-2.016;3.179
388961;29.0;26.18;0.549;1.520;2016.291;-1.581;2.847
389061;28.9;26.18;0.576;1.507;2023.533;-1.752;2.902
389161;28.9;26.18;0.581;1.514;2056.038;-2.186;2.886
389261;29.0;26.18;0.514;1.547;2015.821;-1.620;2.206
389361;29.0;26.18;0.572;1.517;2021.925;-1.806;2.765
389461;29.0;26.18;0.588;1.493;2054.772;-2.040;3.142
389561;29.0;26.18;0.547;1.517;2015.503;-1.492;2.918
389661;29.0;26.18;0.576;1.504;2024.648;-1.717;2.987
389761;29.0;26.18;0.438;1.558;1973.822;-0.449;2.114
389861;29.0;26.18;0.555;1.520;2021.393;-1.694;2.773
389961;29.0;26.18;0.574;1.504;2029.689;-1.725;2.960
390061;28.9;26.18;0.585;1.491;2052.691;-1.974;3.204
390161;28.9;26.18;0.549;1.518;2010.737;-1.546;2.890
390261;29.0;26.18;0.538;1.555;2031.492;-2.118;2.254
390361;29.0;26.18;0.584;1.505;2054.412;-2.123;3.020
390461;29.0;26.18;0.552;1.538;2020.691;-1.724;2.585
390561;29.0;26.18;0.575;1.495;2031.083;-1.659;3.079
390661;29.0;26.18;0.586;1.471;2051.003;-1.774;3.442
390761;29.0;26.18;0.577;1.524;2020.333;-2.141;2.628
390861;29.0;26.18;0.579;1.501;2012.772;-1.707;3.075
390961;29.0;26.18;0.590;1.494;2051.185;-2.097;3.190
391061;29.0;26.18;0.554;1.510;2028.300;-1.555;2.975
391161;29.0;26.18;0.579;1.480;2018.995;-1.544;3.297
391261;29.1;26.18;0.545;1.537;2022.708;-1.766;2.478
391361;29.1;26.18;0.557;1.470;2016.527;-1.277;3.458
391461;29.1;26.18;0.587;1.461;2010.104;-1.499;3.488
391561;29.1;26.18;0.582;1.473;2057.340;-1.770;3.402
391661;29.1;26.18;0.556;1.496;2023.374;-1.506;3.215
391761;29.1;26.18;0.582;1.518;2046.907;-2.151;2.777
391861;29.1;26.18;0.582;1.454;2048.672;-1.523;3.601
391961;29.1;26.18;0.558;1.469;2019.374;-1.288;3.475
392061;29.1;26.18;0.579;1.485;2020.050;-1.619;3.279
392161;29.1;26.18;0.590;1.495;2051.146;-2.053;3.198
392261;29.0;26.18;0.552;1.544;2015.924;-2.067;2.360
392361;29.0;26.18;0.580;1.505;2029.167;-1.779;3.030
392461;29.0;26.18;0.588;1.496;2052.223;-2.001;3.209
392561;29.0;26.18;0.559;1.502;2021.589;-1.565;3.147
392661;29.0;26.18;0.581;1.484;2023.675;-1.634;3.293
392761;29.0;26.18;0.543;1.543;2005.146;-1.969;2.434
392861;29.0;26.18;0.560;1.503;2023.691;-1.589;3.112
392961;29.0;26.18;0.574;1.475;2020.193;-1.387;3.440
393061;28.9;26.18;0.577;1.445;2048.251;-1.356;3.703
393161;28.9;26.18;0.558;1.470;2023.628;-1.231;3.415
393261;28.9;26.18;0.576;1.532;2045.503;-2.292;2.592
393361;28.9;26.18;0.583;1.473;2049.729;-1.737;3.499
393461;28.9;26.18;0.557;1.494;2022.706;-1.449;3.202
393561;29.0;26.18;0.581;1.483;2029.439;-1.620;3.297
393661;29.0;26.18;0.589;1.454;2040.431;-1.611;3.659
393761;29.0;26.18;0.567;1.510;2023.649;-1.681;2.930
393861;29.0;26.18;0.581;1.464;2017.228;-1.409;3.507
393961;29.0;26.18;0.584;1.491;2052.488;-1.868;3.268
394061;29.0;26.18;0.565;1.498;2021.415;-1.622;3.216
394161;29.0;26.18;0.585;1.470;2022.503;-1.529;3.456
394261;29.0;26.18;0.544;1.520;2025.127;-1.549;2.767
394361;29.0;26.18;0.550;1.464;2022.727;-0.961;3.426
394461;29.0;26.18;0.573;1.450;2001.945;-1.064;3.626
394561;29.0;26.18;0.578;1.447;2034.481;-1.298;3.706
394661;29.0;26.18;0.559;1.480;2016.065;-1.281;3.416
394761;29.0;26.18;0.580;1.512;2057.332;-2.154;2.865
394861;29.0;26.18;0.587;1.454;2043.050;-1.526;3.639
394961;29.0;26.18;0.559;1.469;2016.739;-1.174;3.492
395061;29.0;26.18;0.581;1.472;2015.185;-1.463;3.505
395161;29.0;26.18;0.584;1.481;2050.018;-1.800;3.446
395261;29.0;26.18;0.557;1.541;2012.784;-2.090;2.497
395361;29.0;26.18;0.583;1.496;2025.018;-1.739;3.214
395461;29.0;26.18;0.589;1.480;2050.305;-1.869;3.430
395561;29.0;26.18;0.562;1.487;2022.505;-1.444;3.374
395661;29.0;26.18;0.579;1.461;2018.334;-1.314;3.562
395761;29.1;26.18;0.552;1.536;2009.777;-1.826;2.609
395861;29.1;26.18;0.558;1.469;2030.361;-1.236;3.511
395961;29.1;26.18;0.573;1.465;2014.570;-1.170;3.499
396061;29.1;26.18;0.572;1.448;2031.473;-1.102;3.602
396161;29.1;26.18;0.543;1.467;2013.767;-0.750;3.388
396261;29.1;26.18;0.584;1.480;2046.644;-1.867;3.309
396361;29.1;26.18;0.584;1.449;2036.677;-1.432;3.771
396461;29.1;26.18;0.567;1.477;2017.783;-1.372;3.497
396561;29.3;26.18;0.585;1.469;2020.454;-1.475;3.518
396661;29.3;26.18;0.582;1.462;2048.882;-1.514;3.602
396761;29.2;26.18;0.573;1.509;2024.747;-1.802;2.871
396861;29.2;26.18;0.580;1.452;2006.476;-1.237;3.685
396961;29.2;26.18;0.579;1.450;2037.393;-1.372;3.737
397061;29.1;26.18;0.566;1.473;2020.135;-1.373;3.515
397161;29.1;26.18;0.579;1.462;2018.671;-1.321;3.636
397261;29.1;26.18;0.556;1.515;2017.025;-1.637;2.866
397361;29.1;26.18;0.549;1.467;2019.167;-0.871;3.395
397461;29.1;26.18;0.561;1.458;2003.142;-0.801;3.455
397561;29.1;26.18;0.572;1.451;2025.944;-1.131;3.685
397661;29.1;26.18;0.558;1.466;2015.572;-1.099;3.535
397761;29.1;26.18;0.586;1.508;2050.646;-2.136;3.033
397861;29.1;26.18;0.584;1.461;2052.161;-1.542;3.669
397961;29.1;26.18;0.551;1.472;2017.571;-1.017;3.486
398061;29.1;26.18;0.582;1.457;2007.619;-1.283;3.706
398161;29.1;26.18;0.586;1.453;2036.410;-1.484;3.712
398261;29.1;26.18;0.576;1.522;2030.956;-2.043;2.705
398361;29.1;26.18;0.581;1.462;2017.413;-1.284;3.592
398461;29.1;26.18;0.574;1.449;2031.669;-1.145;3.699
398561;29.1;26.18;0.555;1.466;2023.805;-1.054;3.473
398661;29.1;26.18;0.566;1.450;2010.100;-0.872;3.603
398761;29.2;26.18;0.567;1.487;2016.841;-1.541;3.309
398861;29.2;26.18;0.547;1.468;2018.794;-0.865;3.433
398961;29.2;26.18;0.557;1.466;2003.002;-0.680;3.389
399061;29.1;26.18;0.557;1.449;2028.951;-0.762;3.523
399161;29.1;26.18;0.546;1.469;2010.830;-0.750;3.337
399261;29.1;26.18;0.582;1.497;2050.567;-1.970;3.080
399361;29.1;26.18;0.564;1.448;2026.925;-0.827;3.545
399461;29.1;26.18;0.553;1.465;2014.545;-0.909;3.496
399561;29.0;26.18;0.569;1.458;2001.209;-0.960;3.618
399661;29.0;26.18;0.569;1.448;2038.015;-1.009;3.629
399761;29.1;26.18;0.577;1.475;2022.987;-1.500;3.411
399861;29.1;26.18;0.556;1.466;1997.416;-0.650;3.342
399961;29.1;26.18;0.573;1.451;2016.930;-0.956;3.553
400061;29.1;26.18;0.554;1.471;2022.034;-0.990;3.455
400161;29.1;26.18;0.575;1.462;2014.188;-1.135;3.605
400261;29.0;26.18;0.563;1.486;2032.614;-1.425;3.361
400361;29.0;26.18;0.541;1.474;2018.030;-0.735;3.391
400461;29.0;26.18;0.554;1.464;2004.482;-0.620;3.383
400561;29.1;26.18;0.560;1.455;2021.468;-0.737;3.438
400661;29.1;26.18;0.551;1.470;2013.266;-0.851;3.455
400761;29.1;26.18;0.584;1.505;2047.954;-2.079;3.072
400861;29.1;26.18;0.576;1.441;2038.350;-1.125;3.782
400961;29.1;26.18;0.539;1.473;2021.707;-0.630;3.320
401061;29.1;26.18;0.563;1.465;1989.339;-0.691;3.381
401161;29.1;26.18;0.567;1.448;2017.986;-0.813;3.552
401261;29.2;26.18;0.580;1.473;2020.941;-1.492;3.474
401361;29.2;26.18;0.554;1.462;2001.364;-0.607;3.476
401461;29.2;26.18;0.568;1.451;2022.351;-0.884;3.608
401561;29.2;26.18;0.545;1.479;2009.624;-0.731;3.322
401661;29.2;26.18;0.562;1.462;1993.409;-0.691;3.402
401761;29.2;26.18;0.564;1.476;2032.349;-1.406;3.405
401861;29.2;26.18;0.539;1.476;2005.194;-0.620;3.311
401961;29.2;26.18;0.561;1.466;1988.655;-0.660;3.387
402061;29.2;26.18;0.513;1.472;2016.199;0.160;3.046
402161;29.2;26.18;0.490;1.498;2006.211;0.322;2.805
402261;29.0;26.18;0.575;1.446;2038.460;-1.222;3.676
402361;29.0;26.18;0.451;1.469;1995.182;1.191;3.176
402461;29.0;26.18;0.486;1.497;2002.921;0.391;2.845
402561;29.0;26.18;0.559;1.458;1992.235;-0.589;3.452
402661;29.0;26.18;0.572;1.452;2019.026;-0.943;3.564
402761;29.1;26.18;0.581;1.455;2013.049;-1.265;3.675
402861;29.1;26.18;0.554;1.471;1994.898;-0.537;3.243
402961;29.1;26.18;0.533;1.467;2011.750;-0.151;3.223
403061;29.1;26.18;0.552;1.471;2003.849;-0.781;3.392
403161;29.1;26.18;0.555;1.467;2001.709;-0.647;3.432
403261;29.2;26.18;0.568;1.474;2033.142;-1.425;3.514
403361;29.2;26.18;0.549;1.479;2015.145;-0.768;3.264
403461;29.2;26.18;0.508;1.487;1987.331;0.295;2.946
403561;29.2;26.18;0.440;1.465;2001.741;1.295;3.180
403661;29.2;26.18;0.419;1.500;2001.546;1.485;2.804
403761;29.2;26.18;0.565;1.448;2035.174;-1.008;3.647
403861;29.2;26.18;0.483;1.486;2005.154;0.680;2.879
403961;29.2;26.18;0.449;1.511;2004.050;1.061;2.566
404061;29.3;26.18;0.452;1.487;1984.679;1.213;2.969
404161;29.3;26.18;0.456;1.486;2005.516;1.115;2.982
404261;29.2;26.18;0.566;1.461;1999.108;-0.876;3.529
404361;29.2;26.18;0.484;1.494;1982.491;0.759;2.806
404461;29.2;26.18;0.560;1.460;2014.818;-0.664;3.482
404561;29.2;26.18;0.542;1.475;2010.142;-0.581;3.298
404661;29.2;26.18;0.475;1.491;1991.920;0.859;2.861
404761;29.3;26.18;0.532;1.473;2015.493;-0.550;3.263
404861;29.3;26.18;0.398;1.492;2002.256;1.707;2.932
404961;29.3;26.18;0.444;1.483;1971.948;1.373;3.034
405061;29.3;26.18;0.438;1.468;1994.814;1.395;3.189
405161;29.3;26.18;0.400;1.490;2002.781;1.634;2.987
405261;29.2;26.18;0.569;1.449;2024.526;-0.926;3.510
405361;29.2;26.18;0.428;1.458;1985.077;1.436;3.370
405461;29.2;26.18;0.403;1.490;1994.561;1.624;2.985
405561;29.2;26.18;0.451;1.491;1978.814;1.250;2.985
405661;29.2;26.18;0.508;1.482;2007.982;0.381;3.018
405761;29.3;26.18;0.584;1.473;2016.997;-1.495;3.551
405861;29.3;26.18;0.484;1.495;1992.243;0.710;2.828
405961;29.3;26.18;0.457;1.483;2010.099;1.123;2.979
406061;29.3;26.18;0.462;1.510;2003.555;0.808;2.692
406161;29.3;26.18;0.567;1.471;1976.536;-0.656;3.440
406261;29.3;26.18;0.563;1.469;2023.562;-1.217;3.534
406361;29.3;26.18;0.426;1.507;2005.287;1.439;2.719
406461;29.3;26.18;0.445;1.479;1976.286;1.327;3.103
406561;29.3;26.18;0.418;1.460;1994.789;1.505;3.255
406661;29.3;26.18;0.380;1.476;1996.711;1.725;3.148
406761;29.3;26.18;0.554;1.456;2013.540;-0.559;3.371
406861;29.3;26.25;0.436;1.470;1996.343;1.407;3.176
406961;29.3;26.25;0.410;1.496;1995.267;1.621;2.910
407061;29.4;26.25;0.428;1.476;1973.394;1.503;3.170
407161;29.4;26.25;0.417;1.464;1991.036;1.502;3.265
407261;29.3;26.25;0.562;1.465;1989.026;-0.705;3.414
407361;29.3;26.25;0.433;1.481;1965.643;1.476;3.146
407461;29.3;26.25;0.440;1.470;1996.556;1.342;3.211
407561;29.3;26.25;0.408;1.498;2000.885;1.629;2.903
407661;29.3;26.25;0.434;1.480;1973.340;1.462;3.109
407761;29.3;26.25;0.534;1.473;2014.628;-0.609;3.309
407861;29.3;26.25;0.381;1.474;1994.309;1.669;3.214
407961;29.3;26.25;0.421;1.467;1954.227;1.477;3.280
408061;29.2;26.25;0.434;1.461;1988.029;1.382;3.346
408161;29.2;26.25;0.397;1.485;1991.827;1.693;3.072
408261;29.2;26.25;0.486;1.483;2007.381;0.659;2.893
408361;29.2;26.25;0.413;1.457;1985.196;1.534;3.342
408461;29.2;26.25;0.394;1.485;1992.053;1.653;3.156
408561;29.3;26.25;0.426;1.477;1977.131;1.548;3.204
408661;29.3;26.25;0.447;1.474;1995.984;1.317;3.222
408761;29.3;26.25;0.568;1.463;2006.449;-0.891;3.580
408861;29.3;26.18;0.445;1.485;1974.313;1.358;3.083
408961;29.3;26.18;0.425;1.464;1989.830;1.465;3.282
409061;29.4;26.18;0.390;1.482;1992.747;1.679;3.156
409161;29.4;26.18;0.429;1.480;1968.011;1.508;3.205
409261;29.4;26.18;0.538;1.478;2010.573;-0.574;3.313
409361;29.4;26.18;0.406;1.494;1998.841;1.631;2.944
409461;29.4;26.18;0.425;1.480;1974.229;1.552;3.154
409561;29.4;26.18;0.413;1.461;1990.949;1.567;3.304
409661;29.4;26.18;0.374;1.472;1986.817;1.757;3.267
409761;29.4;26.18;0.434;1.468;1993.725;1.403;3.222
409861;29.4;26.25;0.405;1.462;1982.231;1.608;3.296
409961;29.4;26.25;0.391;1.489;1995.613;1.649;3.073
410061;29.3;26.25;0.419;1.472;1966.307;1.487;3.276
410161;29.3;26.25;0.392;1.459;1985.673;1.669;3.261
410261;29.3;26.25;0.449;1.490;1973.338;1.263;2.907
410361;29.3;26.25;0.411;1.463;1962.126;1.540;3.362
410461;29.3;26.25;0.404;1.460;1975.763;1.628;3.375
410561;29.3;26.25;0.386;1.480;1987.660;1.704;3.159
410661;29.3;26.25;0.415;1.471;1970.420;1.550;3.302
410761;29.3;26.25;0.543;1.477;2017.307;-0.729;3.273
410861;29.3;26.25;0.380;1.476;1987.791;1.699;3.258
410961;29.3;26.25;0.404;1.464;1955.843;1.648;3.377
411061;29.3;26.25;0.421;1.467;1986.135;1.449;3.331
411161;29.3;26.25;0.392;1.488;1987.401;1.710;3.156
411261;29.4;26.25;0.503;1.485;2012.225;0.375;2.948
411361;29.4;26.25;0.399;1.457;1987.773;1.649;3.377
411461;29.4;26.25;0.374;1.474;1986.188;1.691;3.258
411561;29.4;26.25;0.420;1.469;1950.348;1.541;3.393
411661;29.4;26.25;0.418;1.462;1981.395;1.534;3.369
411761;29.3;26.25;0.568;1.462;1986.479;-0.711;3.486
411861;29.3;26.18;0.422;1.475;1975.604;1.506;3.255
411961;29.3;26.18;0.416;1.458;1984.911;1.528;3.410
412061;29.3;26.18;0.376;1.477;1988.593;1.703;3.267
412161;29.3;26.18;0.410;1.469;1955.704;1.605;3.308
412261;29.4;26.18;0.548;1.477;2003.184;-0.647;3.290
412361;29.4;26.18;0.390;1.487;1992.969;1.681;3.117
412461;29.4;26.18;0.408;1.470;1967.405;1.605;3.375
412561;29.4;26.18;0.385;1.461;1976.167;1.766;3.290
412661;29.4;26.18;0.340;1.481;1991.662;2.078;3.073
412761;29.4;26.18;0.432;1.467;1992.030;1.423;3.191
412861;29.4;26.18;0.332;1.469;1968.201;2.395;3.110
412961;29.4;26.18;0.303;1.482;1988.589;2.521;2.961
413061;29.4;26.18;0.375;1.467;1959.665;1.831;3.282
413161;29.4;26.18;0.367;1.463;1970.644;1.988;3.188
413261;29.4;26.18;0.412;1.465;1962.575;1.587;3.264
413361;29.4;26.18;0.366;1.465;1955.481;1.956;3.262
413461;29.4;26.18;0.392;1.463;1979.980;1.714;3.317
413561;29.4;26.18;0.375;1.475;1984.892;1.745;3.324
413661;29.4;26.18;0.403;1.462;1963.917;1.672;3.431
413761;29.3;26.18;0.429;1.509;2001.645;1.380;2.752
413861;29.3;26.18;0.371;1.473;1994.182;1.756;3.330
413961;29.3;26.18;0.395;1.463;1957.521;1.689;3.487
414061;29.3;26.18;0.387;1.462;1980.721;1.729;3.323
414161;29.3;26.18;0.366;1.477;1982.549;1.809;3.273
414261;29.4;26.18;0.440;1.473;2000.284;1.372;3.125
414361;29.4;26.18;0.350;1.466;1972.442;2.184;3.160
414461;29.4;26.18;0.299;1.484;2002.188;2.553;2.969
414561;29.3;26.18;0.341;1.470;1955.548;2.243;3.188
414661;29.3;26.18;0.391;1.461;1972.766;1.752;3.351
414761;29.3;26.18;0.470;1.492;1972.914;1.005;3.000
414861;29.3;26.25;0.393;1.468;1951.252;1.705;3.375
414961;29.3;26.25;0.382;1.465;1979.740;1.820;3.260
415061;29.3;26.25;0.327;1.487;1993.029;2.214;3.039
415161;29.3;26.25;0.354;1.467;1951.728;2.151;3.278
415261;29.3;26.25;0.395;1.488;1989.683;1.707;3.102
415361;29.3;26.25;0.342;1.479;1989.336;2.069;3.132
415461;29.3;26.25;0.379;1.475;1956.214;1.856;3.266
415561;29.3;26.25;0.307;1.474;1972.005;2.755;3.039
415661;29.3;26.25;0.218;1.503;1982.644;3.755;2.666
415761;29.3;26.25;0.402;1.459;1984.057;1.584;3.316
415861;29.3;26.18;0.213;1.499;1966.268;4.016;2.560
415961;29.3;26.18;0.180;1.509;1982.586;4.274;2.531
416061;29.3;26.18;0.300;1.477;1953.339;2.786;3.057
416161;29.3;26.18;0.340;1.470;1977.232;2.277;3.107
416261;29.3;26.18;0.416;1.472;1968.411;1.532;3.290
416361;29.3;26.18;0.316;1.477;1954.120;2.583;3.157
416461;29.3;26.18;0.344;1.470;1973.409;2.229;3.184
416561;29.3;26.18;0.347;1.478;1978.525;2.063;3.232
416661;29.3;26.18;0.393;1.471;1954.031;1.718;3.408
416761;29.3;26.18;0.418;1.503;1998.553;1.532;2.888
416861;29.3;26.18;0.331;1.488;1988.683;2.205;3.088
416961;29.3;26.18;0.333;1.477;1962.980;2.351;3.169
417061;29.3;26.18;0.310;1.476;1968.038;2.703;3.051
417161;29.3;26.18;0.269;1.491;1979.971;3.061;2.895
417261;29.3;26.18;0.474;1.484;2006.973;0.918;2.905
417361;29.3;26.18;0.312;1.476;1974.181;2.649;3.019
417461;29.3;26.18;0.234;1.496;1984.986;3.499;2.825
417561;29.4;26.18;0.200;1.513;1951.614;4.106;2.417
417661;29.4;26.18;0.208;1.522;1966.871;3.881;2.174
417761;29.4;26.18;0.419;1.474;1964.902;1.508;3.245
417861;29.4;26.18;0.318;1.475;1949.944;2.604;3.198
417961;29.4;26.18;0.310;1.478;1963.558;2.702;3.052
418061;29.4;26.18;0.245;1.499;1983.059;3.373;2.784
418161;29.4;26.18;0.211;1.500;1954.010;4.042;2.650
418261;29.4;26.18;0.353;1.479;1981.073;1.928;3.181
418361;29.4;26.18;0.155;1.529;1979.231;4.553;2.291
418461;29.4;26.18;0.295;1.481;1951.169;2.909;3.072
418561;29.5;26.18;0.230;1.497;1978.385;3.812;2.600
418661;29.5;26.18;0.161;1.534;1983.447;4.384;2.143
418761;29.5;26.18;0.384;1.461;1982.640;1.775;3.272
418861;29.5;26.18;0.235;1.548;1971.719;3.218;1.739
418961;29.5;26.18;0.443;1.544;1984.516;-0.850;2.013
419061;29.5;26.18;0.259;1.489;1942.970;3.447;2.900
419161;29.5;26.18;0.285;1.481;1972.558;3.033;2.990
419261;29.5;26.18;0.400;1.469;1961.484;1.642;3.327
419361;29.5;26.18;0.250;1.495;1952.322;3.537;2.818
419461;29.5;26.18;0.217;1.498;1961.585;4.007;2.637
419561;29.5;26.18;0.183;1.513;1984.682;4.240;2.588
419661;29.5;26.18;0.308;1.474;1954.540;2.731;3.202
419761;29.5;26.18;0.387;1.487;1991.793;1.715;3.183
419861;29.5;26.18;0.276;1.498;1983.834;2.955;2.886
419961;29.5;26.18;0.273;1.485;1957.435;3.223;2.947
420061;29.5;26.18;0.208;1.519;1974.510;3.900;2.271
420161;29.5;26.18;0.206;1.545;1990.512;-0.066;2.042
420261;29.5;26.18;0.393;1.462;1981.792;1.664;3.382
420361;29.5;26.18;0.319;1.530;1970.030;1.795;2.094
420461;29.5;26.18;0.406;1.552;1993.614;-0.183;1.904
420561;29.5;26.18;0.211;1.551;1947.098;3.694;1.821
420661;29.5;26.18;0.485;1.519;1968.829;-1.454;2.377
420761;29.5;26.18;0.342;1.472;1947.234;2.327;3.187
420861;29.5;26.18;0.386;1.531;1946.569;0.603;2.206
420961;29.5;26.18;0.214;1.523;1963.909;3.854;2.228
421061;29.5;26.18;0.369;1.544;1992.382;0.503;2.067
421161;29.5;26.18;0.364;1.536;1958.343;0.916;2.066
421261;29.6;26.18;0.298;1.485;1994.283;2.581;2.989
421361;29.6;26.18;0.098;1.571;1984.596;5.150;1.594
421461;29.6;26.18;0.202;1.512;1942.669;4.179;2.537
421561;29.5;26.18;0.201;1.513;1966.476;4.208;2.413
421661;29.5;26.18;0.160;1.535;1989.687;4.514;2.231
421761;29.4;26.18;0.354;1.471;1970.432;2.174;3.207
421861;29.4;26.18;0.198;1.565;1976.134;3.731;1.566
421961;29.4;26.18;0.461;1.541;1990.314;-1.498;2.206
422061;29.5;26.18;0.365;1.529;1948.273;0.989;2.237
422161;29.5;26.18;0.392;1.527;1969.002;0.460;2.195
422261;29.4;26.18;0.396;1.465;1958.203;1.681;3.412
422361;29.4;26.18;0.340;1.534;1958.284;1.429;2.170
422461;29.4;26.18;0.154;1.562;1976.794;4.540;1.619
422561;29.3;26.18;0.310;1.555;1981.370;1.576;1.862
422661;29.3;26.18;0.201;1.523;1945.757;4.093;2.376
422761;29.4;26.18;0.384;1.477;1991.086;1.643;3.309
422861;29.4;26.25;0.211;1.543;1985.296;3.454;2.107
422961;29.4;26.25;0.386;1.534;1953.918;0.523;2.215
423061;29.5;26.25;0.167;1.564;1968.288;4.338;1.625
423161;29.5;26.25;0.218;1.595;2003.946;2.938;1.235
423261;29.4;26.25;0.292;1.476;1969.185;2.943;2.994
423361;29.4;26.25;0.486;1.527;1968.907;-1.468;2.315
423461;29.4;26.25;0.493;1.541;1996.091;-1.966;2.194
423561;29.4;26.25;0.452;1.528;1970.422;-0.965;2.342
423661;29.4;26.25;0.475;1.532;1986.029;-1.246;2.246
423761;29.4;26.25;0.259;1.483;1942.047;3.416;2.946
423861;29.4;26.18;0.251;1.579;1956.505;2.774;1.390
423961;29.4;26.18;0.486;1.522;1968.645;-1.430;2.405
424061;29.4;26.18;0.387;1.553;1982.576;0.185;1.993
424161;29.4;26.18;0.258;1.551;1954.556;2.699;1.967
424261;29.4;26.18;0.233;1.540;1990.065;3.035;2.043
424361;29.4;26.18;0.168;1.605;1996.745;3.899;1.058
424461;29.4;26.18;0.433;1.533;1945.115;-0.258;2.292
424561;29.5;26.18;0.406;1.531;1969.122;0.266;2.212
424661;29.5;26.18;0.457;1.548;1997.728;-1.105;2.070
424761;29.5;26.18;0.298;1.481;1974.638;2.891;2.971
424861;29.5;26.18;0.229;1.589;1974.270;3.224;1.282
424961;29.5;26.18;0.481;1.544;2005.617;-1.908;2.222
425061;29.4;26.18;0.253;1.579;1950.556;2.754;1.458
425161;29.4;26.18;0.486;1.522;1970.551;-1.383;2.459
425261;29.4;26.18;0.233;1.497;1947.882;3.776;2.857
425361;29.4;26.18;0.470;1.526;1958.419;-1.235;2.373
425461;29.4;26.18;0.473;1.526;1985.846;-1.305;2.376
425561;29.5;26.18;0.470;1.549;2007.622;-1.668;2.186
425661;29.5;26.18;0.280;1.575;1957.584;2.263;1.601
425761;29.5;26.18;0.306;1.490;1983.479;2.531;2.987
425861;29.5;26.25;0.495;1.543;1996.541;-2.032;2.212
425961;29.5;26.25;0.488;1.529;1962.598;-1.492;2.366
426061;29.4;26.25;0.487;1.530;1987.162;-1.595;2.298
426161;29.4;26.25;0.457;1.545;2013.284;-1.330;2.251
426261;29.4;26.25;0.406;1.529;1965.232;0.202;2.093
426361;29.4;26.25;0.484;1.531;1982.802;-1.420;2.311
426461;29.4;26.25;0.472;1.548;2007.263;-1.666;2.182
426561;29.5;26.25;0.442;1.540;1977.038;-0.629;2.216
426661;29.5;26.25;0.460;1.536;1993.805;-0.939;2.256
426761;29.5;26.25;0.210;1.522;1948.588;3.872;2.268
426861;29.5;26.18;0.459;1.533;1956.817;-0.951;2.410
426961;29.5;26.18;0.469;1.531;1977.651;-1.269;2.396
427061;29.5;26.18;0.173;1.606;1999.445;3.714;1.131
427161;29.5;26.18;0.474;1.535;1966.003;-1.264;2.369
427261;29.6;26.18;0.103;1.578;1992.584;5.083;1.501
427361;29.6;26.18;0.481;1.543;2008.222;-1.822;2.296
427461;29.6;26.18;0.353;1.560;1965.961;-0.986;2.358
427561;29.6;26.18;0.219;1.589;1976.209;3.346;1.300
427661;29.6;26.18;0.186;1.603;1996.766;3.493;1.220
427761;29.5;26.18;0.267;1.534;1971.379;2.780;2.105
427861;29.5;26.18;0.477;1.535;1982.071;-1.343;2.308
427961;29.5;26.18;0.460;1.544;2018.022;-1.286;2.232
428061;29.6;26.18;0.436;1.541;1969.347;-0.503;2.242
428161;29.6;26.18;0.462;1.540;1981.208;-0.930;2.232
428261;29.6;26.18;0.399;1.531;1958.785;0.297;2.203
428361;29.6;26.18;0.452;1.544;1975.357;-0.880;2.261
428461;29.6;26.18;0.456;1.542;1992.214;-0.839;2.194
428561;29.6;26.18;0.450;1.553;2028.673;-1.041;2.107
428661;29.6;26.18;0.440;1.546;1977.785;-0.569;2.167
428761;29.7;26.18;0.300;1.554;1985.526;1.747;1.870
428861;29.7;26.18;0.451;1.548;2008.780;-1.159;2.250
428961;29.7;26.18;0.449;1.540;1971.768;-0.758;2.320
429061;29.7;26.18;0.469;1.540;1981.351;-1.074;2.262
429161;29.7;26.18;0.446;1.554;2020.610;-1.020;2.139
429261;29.6;26.18;0.305;1.550;1961.771;1.870;1.871
429361;29.6;26.18;0.459;1.547;1985.842;-0.847;2.137
429461;29.6;26.18;0.450;1.548;2020.984;-0.965;2.141
429561;29.6;26.18;0.439;1.550;1974.713;-0.509;2.146
429661;29.6;26.18;0.465;1.547;1991.771;-0.860;2.146
429761;29.6;26.18;0.163;1.558;1954.493;4.472;1.800
429861;29.6;26.18;0.442;1.547;1986.631;-0.537;2.137
429961;29.6;26.18;0.464;1.542;1980.209;-0.929;2.223
430061;29.7;26.18;0.453;1.545;2007.464;-1.091;2.240
430161;29.7;26.18;0.449;1.544;1963.371;-0.759;2.310
430261;29.7;26.18;0.209;1.547;1991.573;3.504;2.011
430361;29.7;26.18;0.446;1.558;2022.718;-0.969;2.132
430461;29.7;26.18;0.437;1.548;1984.446;-0.513;2.181
430561;29.7;26.18;0.453;1.542;1983.563;-0.665;2.220
430661;29.7;26.18;0.465;1.551;2010.841;-1.408;2.269
430761;29.6;26.18;0.291;1.534;1963.632;2.376;2.092
430861;29.6;26.18;0.468;1.550;1996.167;-0.950;2.085
430961;29.6;26.18;0.462;1.559;2032.874;-1.165;2.062
431061;29.6;26.18;0.469;1.553;1998.165;-0.994;2.110
431161;29.6;26.18;0.517;1.542;2003.175;-1.625;2.244
431261;29.6;26.18;0.461;1.535;1959.357;-0.997;2.315
431361;29.6;26.18;0.453;1.553;1994.474;-0.762;2.109
431461;29.6;26.18;0.476;1.551;2004.201;-1.082;2.111
431561;29.6;26.18;0.508;1.550;2037.211;-1.783;2.176
431661;29.6;26.18;0.491;1.549;1996.977;-1.310;2.169
431761;29.5;26.18;0.305;1.580;1999.908;1.390;1.540
431861;29.5;26.18;0.460;1.560;2023.166;-1.089;2.070
431961;29.5;26.18;0.445;1.553;1977.621;-0.555;2.157
432061;29.6;26.18;0.461;1.552;1996.754;-0.872;2.105
432161;29.6;26.18;0.453;1.558;2029.990;-1.054;2.097
432261;29.7;26.18;0.465;1.536;1975.848;-1.022;2.300
432361;29.7;26.18;0.496;1.553;1999.471;-1.293;2.107
432461;29.7;26.18;0.469;1.554;2031.975;-1.248;2.158
432561;29.5;26.18;0.449;1.552;1989.938;-0.627;2.167
432661;29.5;26.18;0.472;1.550;1998.925;-1.011;2.154
432761;29.5;26.18;0.349;1.555;1971.181;0.872;1.901
432861;29.5;26.25;0.493;1.553;1995.246;-1.300;2.141
432961;29.5;26.25;0.482;1.552;2004.673;-1.114;2.163
433061;29.6;26.25;0.469;1.557;2028.253;-1.202;2.112
433161;29.6;26.25;0.443;1.553;1972.155;-0.538;2.185
433261;29.6;26.25;0.115;1.575;1987.349;5.047;1.617
433361;29.6;26.25;0.459;1.559;2023.969;-1.073;2.117
433461;29.6;26.25;0.495;1.546;1999.277;-1.364;2.246
433561;29.6;26.25;0.526;1.545;2009.465;-1.749;2.279
433661;29.6;26.25;0.489;1.551;2026.634;-1.485;2.222
433761;29.6;26.25;0.267;1.583;1981.322;2.457;1.385
433861;29.6;26.25;0.498;1.550;1999.546;-1.320;2.163
433961;29.6;26.25;0.510;1.551;2031.012;-1.797;2.242
434061;29.6;26.25;0.530;1.541;2015.022;-1.817;2.283
434161;29.6;26.25;0.567;1.532;2017.289;-2.152;2.484
434261;29.6;26.25;0.439;1.547;1972.018;-0.564;2.192
434361;29.6;26.25;0.527;1.542;1996.809;-1.758;2.362
434461;29.6;26.25;0.527;1.546;2006.293;-1.741;2.242
434561;29.5;26.25;0.524;1.548;2039.107;-1.976;2.298
434661;29.5;26.25;0.529;1.545;2004.109;-1.761;2.356
434761;29.6;26.25;0.448;1.546;2007.968;-1.040;2.248
434861;29.6;26.25;0.535;1.543;2037.876;-2.116;2.317
434961;29.6;26.25;0.477;1.553;1992.357;-1.051;2.186
435061;29.5;26.25;0.475;1.556;1994.271;-1.036;2.136
435161;29.5;26.25;0.482;1.557;2031.678;-1.371;2.168
435261;29.6;26.25;0.207;1.561;1969.019;3.713;1.683
435361;29.6;26.25;0.515;1.549;2007.955;-1.607;2.215
435461;29.6;26.25;0.539;1.544;2042.508;-2.180;2.343
435561;29.8;26.25;0.493;1.550;1992.421;-1.268;2.290
435661;29.8;26.25;0.509;1.548;2008.861;-1.513;2.257
435761;29.6;26.25;0.457;1.540;1968.121;-0.964;2.303
435861;29.6;26.18;0.533;1.542;2004.548;-1.791;2.377
435961;29.6;26.18;0.563;1.528;2008.521;-2.121;2.525
436061;29.6;26.18;0.536;1.545;2046.284;-2.103;2.299
436161;29.6;26.18;0.505;1.553;1997.147;-1.485;2.274
436261;29.7;26.18;0.479;1.549;1997.732;-1.780;2.256
436361;29.7;26.18;0.533;1.547;2042.224;-2.109;2.323
436461;29.7;26.18;0.539;1.536;2009.757;-1.859;2.443
436561;29.7;26.18;0.561;1.528;2018.581;-2.104;2.568
436661;29.7;26.18;0.561;1.541;2034.864;-2.372;2.447
436761;29.6;26.18;0.456;1.546;1995.081;-0.840;2.194
436861;29.6;26.18;0.535;1.543;2011.294;-1.847;2.391
436961;29.6;26.18;0.557;1.543;2050.096;-2.363;2.406
437061;29.7;26.18;0.549;1.535;2014.740;-1.860;2.452
437161;29.7;26.18;0.570;1.520;2020.506;-1.933;2.658
437261;29.5;26.18;0.474;1.550;1994.205;-1.038;2.158
437361;29.5;26.18;0.539;1.545;1999.719;-1.877;2.430
437461;29.5;26.18;0.563;1.532;2014.762;-2.077;2.543
437561;29.5;26.18;0.560;1.540;2044.425;-2.374;2.449
437661;29.5;26.18;0.542;1.542;2009.754;-1.886;2.410
437761;29.5;26.18;0.448;1.555;2011.495;-0.999;2.149
437861;29.5;26.18;0.569;1.538;2044.216;-2.447;2.470
437961;29.5;26.18;0.513;1.552;1997.617;-1.513;2.272
438061;29.5;26.18;0.503;1.557;1999.778;-1.401;2.199
438161;29.5;26.18;0.514;1.555;2041.203;-1.871;2.239
438261;29.5;26.18;0.464;1.545;1995.488;-1.009;2.208
438361;29.5;26.18;0.562;1.532;2022.582;-2.133;2.515
438461;29.5;26.18;0.564;1.543;2041.117;-2.346;2.471
438561;29.5;26.18;0.537;1.549;2000.197;-1.849;2.378
438661;29.5;26.18;0.563;1.530;2014.689;-2.079;2.561
438761;29.6;26.18;0.456;1.551;1993.229;-0.764;2.144
438861;29.6;26.18;0.555;1.529;2016.270;-1.760;2.579
438961;29.6;26.18;0.568;1.507;2024.020;-1.697;2.856
439061;29.7;26.18;0.576;1.516;2047.407;-2.092;2.799
439161;29.7;26.18;0.548;1.539;2008.472;-1.847;2.507
439261;29.6;26.18;0.464;1.560;2024.278;-1.144;2.109
439361;29.6;26.18;0.569;1.540;2044.780;-2.366;2.500
439461;29.6;26.18;0.554;1.535;2021.546;-1.831;2.529
439561;29.7;26.18;0.577;1.514;2022.287;-1.886;2.770
439661;29.7;26.18;0.575;1.522;2049.127;-2.174;2.714
439761;29.8;26.18;0.478;1.551;1994.785;-1.048;2.163
439861;29.8;26.25;0.572;1.524;2023.180;-2.113;2.656
439961;29.8;26.25;0.575;1.534;2046.190;-2.330;2.557
440061;29.8;26.25;0.555;1.534;2019.040;-1.868;2.565
440161;29.8;26.25;0.573;1.508;2026.277;-1.812;2.865
440261;29.8;26.25;0.512;1.548;1999.377;-1.558;2.218
440361;29.8;26.25;0.558;1.523;2023.067;-1.821;2.685
440461;29.8;26.25;0.570;1.530;2015.178;-2.089;2.655
440561;29.8;26.25;0.575;1.533;2046.667;-2.469;2.598
440661;29.8;26.25;0.552;1.540;2017.287;-1.920;2.496
440761;29.7;26.25;0.473;1.556;2031.388;-1.262;2.116
440861;29.7;26.25;0.578;1.532;2044.306;-2.297;2.634
440961;29.7;26.25;0.555;1.533;2017.338;-1.955;2.577
441061;29.8;26.25;0.565;1.534;2011.548;-2.133;2.581
441161;29.8;26.25;0.568;1.542;2049.593;-2.449;2.495
441261;29.8;26.25;0.461;1.551;1989.457;-0.827;2.137
441361;29.8;26.25;0.572;1.531;2026.563;-2.009;2.596
441461;29.8;26.25;0.579;1.508;2056.886;-2.069;2.927
441561;29.8;26.25;0.555;1.514;2026.867;-1.660;2.859
441661;29.8;26.25;0.574;1.512;2026.456;-1.847;2.866
441761;29.7;26.25;0.517;1.544;2005.372;-1.636;2.300
441861;29.7;26.18;0.558;1.503;2031.931;-1.581;2.996
441961;29.7;26.18;0.575;1.488;2024.587;-1.637;3.190
442061;29.7;26.18;0.578;1.476;2041.449;-1.730;3.342
442161;29.7;26.18;0.559;1.502;2012.528;-1.559;3.053
442261;29.7;26.18;0.537;1.543;2035.474;-2.117;2.364
442361;29.7;26.18;0.579;1.517;2052.315;-2.125;2.842
442461;29.7;26.18;0.551;1.524;2021.783;-1.591;2.734
442561;29.7;26.18;0.576;1.490;2031.465;-1.714;3.149
442661;29.7;26.18;0.588;1.487;2048.132;-1.994;3.235
442761;29.7;26.18;0.543;1.539;2013.124;-1.997;2.417
442861;29.7;26.18;0.575;1.525;2026.919;-1.992;2.719
442961;29.7;26.18;0.575;1.523;2049.855;-2.185;2.750
443061;29.7;26.18;0.555;1.517;2028.370;-1.713;2.811
443161;29.7;26.18;0.570;1.518;2018.455;-1.790;2.841
443261;29.7;26.18;0.545;1.536;2009.486;-1.986;2.466
443361;29.7;26.18;0.562;1.509;2025.038;-1.715;2.963
443461;29.7;26.18;0.574;1.510;2014.969;-1.718;2.945
443561;29.7;26.18;0.580;1.523;2049.467;-2.191;2.769
443661;29.7;26.18;0.555;1.526;2020.435;-1.722;2.756
443761;29.7;26.18;0.543;1.546;2044.936;-2.194;2.319
443861;29.7;26.18;0.579;1.486;2062.520;-1.897;3.250
443961;29.7;26.18;0.560;1.508;2024.313;-1.664;2.974
444061;29.8;26.18;0.576;1.500;2027.482;-1.687;3.063
444161;29.8;26.18;0.583;1.497;2052.977;-1.986;3.133
444261;29.7;26.18;0.575;1.526;2028.437;-2.222;2.633
444361;29.7;26.18;0.578;1.496;2019.013;-1.654;3.122
444461;29.7;26.18;0.586;1.468;2055.017;-1.790;3.474
444561;29.7;26.18;0.563;1.476;2022.160;-1.399;3.331
444661;29.7;26.18;0.583;1.480;2015.839;-1.599;3.325
444761;29.7;26.18;0.495;1.553;1998.403;-1.318;2.169
444861;29.7;26.18;0.565;1.465;2027.461;-1.391;3.489
444961;29.7;26.18;0.581;1.453;2014.521;-1.391;3.629
445061;29.8;26.18;0.573;1.449;2047.902;-1.343;3.650
445161;29.8;26.18;0.560;1.473;2008.493;-1.314;3.507
445261;29.8;26.18;0.579;1.525;2047.757;-2.212;2.660
445361;29.8;26.18;0.583;1.483;2055.592;-1.885;3.340
445461;29.8;26.18;0.557;1.508;2022.071;-1.549;3.041
445561;29.7;26.18;0.584;1.485;2022.109;-1.689;3.262
445661;29.7;26.18;0.579;1.471;2052.163;-1.645;3.464
445761;29.8;26.18;0.574;1.528;2014.481;-2.090;2.629
445861;29.8;26.25;0.577;1.516;2018.212;-1.843;2.930
445961;29.8;26.25;0.585;1.514;2046.876;-2.133;2.925
446061;29.8;26.25;0.564;1.512;2023.577;-1.713;2.964
446161;29.8;26.25;0.580;1.490;2026.372;-1.683;3.184
446261;29.8;26.25;0.542;1.544;2011.577;-1.894;2.374
446361;29.8;26.25;0.568;1.474;2026.509;-1.475;3.395
446461;29.8;26.25;0.580;1.471;2014.187;-1.460;3.447
446561;29.8;26.25;0.586;1.457;2052.308;-1.670;3.612
446661;29.8;26.25;0.570;1.489;2024.693;-1.630;3.285
446761;29.8;26.25;0.577;1.530;2055.135;-2.250;2.605
446861;29.8;26.25;0.574;1.450;2047.626;-1.284;3.635
446961;29.8;26.25;0.555;1.460;2022.269;-1.092;3.538
447061;29.8;26.25;0.582;1.462;2011.093;-1.428;3.576
447161;29.8;26.25;0.581;1.448;2047.070;-1.503;3.703
447261;29.8;26.25;0.572;1.528;2014.360;-2.028;2.602
447361;29.8;26.25;0.578;1.466;2017.599;-1.355;3.490
447461;29.8;26.25;0.579;1.444;2045.793;-1.372;3.738
447561;29.8;26.25;0.552;1.459;2020.388;-1.009;3.524
447661;29.8;26.25;0.568;1.451;2003.402;-0.960;3.526
447761;29.8;26.25;0.553;1.507;2027.010;-1.614;2.902
447861;29.8;26.25;0.559;1.469;2019.537;-1.192;3.505
447961;29.8;26.25;0.568;1.455;2008.945;-1.095;3.617
448061;29.8;26.25;0.569;1.445;2046.102;-1.099;3.658
448161;29.8;26.25;0.545;1.466;2018.314;-0.840;3.384
448261;29.8;26.25;0.582;1.509;2052.032;-2.189;2.973
448361;29.8;26.25;0.592;1.459;2046.015;-1.711;3.614
448461;29.8;26.25;0.562;1.491;2024.865;-1.492;3.318
448561;29.8;26.25;0.578;1.494;2021.551;-1.620;3.242
448661;29.8;26.25;0.588;1.478;2053.898;-1.815;3.401
448761;29.8;26.25;0.569;1.529;2018.055;-2.030;2.630
448861;29.8;26.25;0.582;1.469;2018.315;-1.416;3.504
448961;29.8;26.25;0.585;1.473;2058.749;-1.747;3.495
449061;29.8;26.25;0.561;1.485;2020.167;-1.376;3.372
449161;29.8;26.25;0.580;1.464;2019.915;-1.392;3.571
449261;29.8;26.25;0.553;1.508;2029.049;-1.555;2.934
449361;29.8;26.25;0.543;1.469;2022.690;-0.788;3.342
449461;29.8;26.25;0.556;1.462;1985.038;-0.656;3.412
449561;29.8;26.25;0.561;1.451;2027.116;-0.827;3.479
449661;29.8;26.25;0.540;1.470;2015.495;-0.713;3.303
449761;29.8;26.25;0.581;1.484;2057.224;-1.874;3.284
449861;29.8;26.18;0.563;1.449;2029.141;-0.897;3.494
449961;29.8;26.18;0.547;1.467;2009.164;-0.742;3.303
450061;29.7;26.18;0.551;1.466;1991.997;-0.763;3.381
450161;29.7;26.18;0.558;1.452;2029.911;-0.806;3.494
450261;29.7;26.18;0.583;1.480;2011.624;-1.612;3.301
450361;29.7;26.18;0.575;1.454;2001.959;-1.076;3.604
450461;29.7;26.18;0.574;1.444;2049.022;-1.233;3.748
450561;29.8;26.18;0.538;1.474;2019.758;-0.711;3.286
450661;29.8;26.18;0.560;1.462;1986.451;-0.684;3.425
450761;29.8;26.18;0.553;1.501;2023.920;-1.504;3.080
450861;29.8;26.18;0.555;1.462;2022.595;-1.024;3.520
450961;29.8;26.18;0.576;1.459;2011.833;-1.214;3.636
451061;29.8;26.18;0.570;1.447;2040.155;-1.081;3.629
451161;29.8;26.18;0.543;1.471;2016.824;-0.760;3.330
451261;29.8;26.18;0.592;1.501;2045.927;-2.150;3.093
451361;29.8;26.18;0.582;1.454;2049.763;-1.489;3.731
451461;29.8;26.18;0.565;1.477;2011.928;-1.275;3.495
451561;29.7;26.18;0.585;1.465;2013.297;-1.404;3.605
451661;29.7;26.18;0.583;1.454;2057.806;-1.463;3.703
451761;29.7;26.18;0.579;1.478;2018.713;-1.523;3.364
451861;29.7;26.18;0.555;1.463;1998.523;-0.672;3.409
451961;29.7;26.18;0.567;1.448;2032.699;-0.958;3.606
452061;29.7;26.18;0.548;1.472;2026.699;-0.936;3.433
452161;29.7;26.18;0.567;1.459;1998.708;-0.914;3.574
452261;29.8;26.18;0.562;1.480;2028.534;-1.460;3.346
452361;29.8;26.18;0.501;1.488;2008.679;0.115;2.863
452461;29.8;26.18;0.450;1.488;1980.235;1.185;2.874
452561;29.7;26.18;0.453;1.467;2004.122;1.171;3.033
452661;29.7;26.18;0.481;1.493;1997.816;0.470;2.812
452761;29.7;26.18;0.578;1.451;2039.043;-1.423;3.658
452861;29.7;26.18;0.532;1.466;2019.232;-0.184;3.131
452961;29.7;26.18;0.432;1.499;2000.138;1.291;2.694
453061;29.7;26.18;0.484;1.490;1968.375;0.732;2.849
453161;29.7;26.18;0.554;1.451;2015.593;-0.597;3.386
453261;29.8;26.18;0.571;1.505;2017.802;-1.699;2.997
453361;29.8;26.18;0.564;1.463;1990.432;-0.716;3.473
453461;29.8;26.18;0.559;1.459;2031.265;-0.764;3.413
453561;29.8;26.18;0.537;1.478;2018.933;-0.610;3.289
453661;29.8;26.18;0.551;1.469;1995.547;-0.584;3.334
453761;29.8;26.18;0.561;1.492;2017.348;-1.537;3.275
453861;29.8;26.18;0.552;1.472;2006.805;-0.843;3.439
453961;29.8;26.18;0.563;1.463;2003.897;-0.834;3.521
454061;29.8;26.18;0.563;1.453;2034.045;-0.868;3.572
454161;29.8;26.18;0.552;1.467;2011.334;-0.782;3.340
454261;29.8;26.18;0.583;1.459;2047.742;-1.665;3.575
454361;29.8;26.18;0.569;1.446;2016.954;-0.863;3.577
454461;29.8;26.18;0.543;1.472;2010.173;-0.602;3.362
454561;29.7;26.18;0.558;1.463;1999.690;-0.752;3.558
454661;29.7;26.18;0.554;1.457;2031.216;-0.688;3.463
454761;29.7;26.18;0.578;1.463;2017.060;-1.300;3.510
454861;29.7;26.18;0.479;1.495;1984.620;0.754;2.808
454961;29.7;26.18;0.460;1.478;2002.938;1.114;2.947
455061;29.8;26.18;0.511;1.486;1999.159;0.058;3.000
455161;29.8;26.18;0.551;1.469;1989.394;-0.508;3.316
455261;29.8;26.18;0.560;1.465;2026.356;-1.211;3.498
455361;29.8;26.18;0.418;1.491;1996.525;1.520;2.897
455461;29.8;26.18;0.420;1.470;1981.597;1.499;3.119
455561;29.7;26.18;0.420;1.461;1994.474;1.412;3.202
455661;29.7;26.18;0.403;1.486;1994.760;1.649;2.937
455761;29.7;26.18;0.556;1.453;2019.256;-0.787;3.498
455861;29.7;26.18;0.459;1.479;2008.921;1.059;2.938
455961;29.7;26.18;0.447;1.504;2009.418;1.111;2.648
456061;29.8;26.18;0.446;1.488;1968.658;1.301;2.958
456161;29.8;26.18;0.460;1.476;2000.265;1.115;3.018
456261;29.8;26.18;0.571;1.464;2006.330;-1.079;3.603
456361;29.8;26.18;0.558;1.472;2000.079;-0.700;3.440
456461;29.8;26.18;0.559;1.452;2023.803;-0.792;3.642
456561;29.7;26.18;0.553;1.469;2006.357;-0.735;3.357
456661;29.7;26.18;0.572;1.464;1994.785;-0.857;3.459
456761;29.8;26.18;0.564;1.467;2028.541;-1.260;3.499
456861;29.8;26.18;0.523;1.479;2001.585;-0.201;3.141
456961;29.8;26.18;0.559;1.467;1985.760;-0.618;3.447
457061;29.8;26.18;0.480;1.485;2017.375;0.726;2.859
457161;29.8;26.18;0.422;1.501;1998.498;1.509;2.752
457261;29.8;26.18;0.566;1.442;2040.576;-0.950;3.591
457361;29.8;26.18;0.424;1.462;1991.731;1.441;3.237
457461;29.8;26.18;0.407;1.488;1998.942;1.613;2.954
457561;29.8;26.18;0.450;1.493;1979.800;1.219;2.931
457661;29.8;26.18;0.448;1.472;2001.497;1.253;3.066
457761;29.8;26.18;0.552;1.452;1998.905;-0.603;3.496
457861;29.8;26.18;0.421;1.473;1971.546;1.480;3.145
457961;29.8;26.18;0.422;1.460;1991.851;1.471;3.242
458061;29.8;26.18;0.392;1.477;1984.654;1.691;3.097
458161;29.8;26.18;0.435;1.475;1969.158;1.397;3.151
458261;29.8;26.18;0.537;1.470;2015.646;-0.621;3.303
458361;29.8;26.18;0.396;1.485;2001.361;1.641;2.998
458461;29.8;26.18;0.422;1.473;1967.353;1.492;3.177
458561;29.8;26.18;0.408;1.456;1994.544;1.497;3.282
458661;29.8;26.18;0.398;1.476;1991.378;1.623;3.102
458761;29.8;26.18;0.569;1.445;2023.474;-0.937;3.573
458861;29.8;26.18;0.444;1.471;1997.529;1.291;3.123
458961;29.8;26.18;0.439;1.507;1998.230;1.246;2.720
459061;29.8;26.18;0.444;1.485;1984.812;1.354;3.038
459161;29.8;26.18;0.451;1.476;2003.674;1.192;3.097
459261;29.8;26.18;0.575;1.460;1998.623;-1.074;3.660
459361;29.8;26.18;0.548;1.474;1982.622;-0.377;3.311
459461;29.8;26.18;0.560;1.462;2023.095;-0.626;3.329
459561;29.8;26.18;0.483;1.504;2009.107;0.514;2.794
459661;29.8;26.18;0.458;1.491;1982.877;1.156;2.962
459761;29.8;26.18;0.540;1.471;2020.831;-0.661;3.277
459861;29.8;26.18;0.400;1.488;1996.730;1.675;2.997
459961;29.8;26.18;0.433;1.476;1969.677;1.472;3.141
460061;29.9;26.18;0.421;1.459;1994.576;1.446;3.273
460161;29.9;26.18;0.383;1.477;1990.643;1.722;3.111
460261;29.8;26.18;0.434;1.471;2006.820;1.351;3.061
460361;29.8;26.18;0.383;1.455;1980.202;1.733;3.227
460461;29.8;26.18;0.373;1.467;1974.318;1.708;3.221
460561;29.8;26.18;0.410;1.468;1960.915;1.545;3.326
460661;29.8;26.18;0.411;1.459;1992.077;1.547;3.298
460761;29.8;26.18;0.559;1.463;1987.316;-0.639;3.391
460861;29.8;26.18;0.401;1.464;1962.729;1.595;3.337
460961;29.8;26.18;0.396;1.453;1984.468;1.616;3.340
461061;29.8;26.18;0.381;1.469;1989.186;1.664;3.221
461161;29.8;26.18;0.422;1.473;1960.119;1.515;3.279
461261;29.8;26.18;0.542;1.469;2008.235;-0.674;3.403
461361;29.8;26.18;0.396;1.484;1997.502;1.635;3.096
461461;29.8;26.18;0.419;1.475;1966.921;1.505;3.255
461561;29.8;26.18;0.413;1.463;1992.777;1.476;3.254
461661;29.8;26.18;0.386;1.473;1987.684;1.721;3.197
461761;29.8;26.18;0.556;1.450;2020.446;-0.701;3.534
461861;29.8;26.18;0.437;1.464;1996.417;1.403;3.266
461961;29.8;26.18;0.419;1.499;1994.814;1.530;2.888
462061;29.8;26.18;0.426;1.482;1975.064;1.482;3.150
462161;29.8;26.18;0.426;1.465;1994.329;1.416;3.248
462261;29.8;26.18;0.557;1.471;1992.738;-0.652;3.368
462361;29.8;26.18;0.426;1.482;1967.624;1.499;3.195
462461;29.8;26.18;0.425;1.463;1996.577;1.437;3.257
462561;29.9;26.18;0.406;1.489;1997.276;1.616;3.039
462661;29.9;26.18;0.422;1.479;1970.617;1.481;3.220
462761;29.9;26.18;0.547;1.468;2016.071;-0.802;3.356
462861;29.9;26.18;0.357;1.471;1991.175;1.890;3.204
462961;29.9;26.18;0.385;1.465;1957.759;1.740;3.343
463061;29.9;26.18;0.388;1.454;1978.354;1.750;3.325
463161;29.9;26.18;0.344;1.477;1979.516;2.065;3.082
463261;30.0;26.18;0.416;1.457;1995.900;1.480;3.219
463361;30.0;26.18;0.306;1.471;1982.822;2.667;2.933
463461;30.0;26.18;0.266;1.482;1987.714;3.017;2.844
463561;30.0;26.18;0.356;1.464;1954.362;2.053;3.272
463661;30.0;26.18;0.356;1.462;1984.328;2.039;3.157
463761;29.8;26.18;0.443;1.487;1980.451;1.330;2.977
463861;29.8;26.18;0.406;1.465;1961.292;1.558;3.367
463961;29.8;26.18;0.386;1.462;1981.425;1.718;3.195
464061;29.8;26.18;0.355;1.476;1988.121;1.910;3.163
464161;29.8;26.18;0.406;1.463;1963.108;1.554;3.395
464261;29.9;26.18;0.540;1.480;2003.533;-0.544;3.269
464361;29.9;26.18;0.397;1.486;1989.976;1.679;3.135
464461;29.9;26.18;0.420;1.471;1967.243;1.560;3.305
464561;29.9;26.18;0.420;1.464;1997.401;1.471;3.283
464661;29.9;26.18;0.369;1.467;1983.545;1.807;3.290
464761;29.9;26.18;0.428;1.462;1995.435;1.409;3.223
464861;29.9;26.18;0.398;1.453;1979.997;1.636;3.396
464961;29.9;26.18;0.388;1.479;1991.873;1.731;3.213
465061;29.9;26.18;0.418;1.472;1963.253;1.533;3.310
465161;29.9;26.18;0.384;1.463;1989.806;1.778;3.244
465261;29.8;26.18;0.425;1.476;1970.770;1.473;3.199
465361;29.8;26.18;0.384;1.465;1956.779;1.790;3.356
465461;29.8;26.18;0.379;1.457;1975.994;1.832;3.254
465561;29.8;26.18;0.358;1.475;1979.803;1.930;3.179
465661;29.8;26.18;0.390;1.467;1960.975;1.718;3.315
465761;29.9;26.18;0.402;1.490;1998.939;1.675;2.916
465861;29.9;26.18;0.277;1.482;1979.236;2.925;2.916
465961;29.9;26.18;0.302;1.474;1949.016;2.754;3.006
466061;29.8;26.18;0.252;1.483;1969.323;3.501;2.740
466161;29.8;26.18;0.279;1.487;1981.833;2.884;2.871
466261;29.8;26.18;0.420;1.464;1994.016;1.457;3.173
466361;29.8;26.18;0.236;1.489;1970.266;3.697;2.665
466461;29.8;26.18;0.170;1.507;1983.916;4.396;2.445
466561;29.9;26.18;0.324;1.468;1949.312;2.474;3.194
466661;29.9;26.18;0.342;1.470;1972.003;2.233;3.070
466761;29.9;26.18;0.460;1.486;1972.029;1.125;3.015
466861;29.9;26.18;0.407;1.469;1967.429;1.598;3.401
466961;29.9;26.18;0.398;1.460;1980.835;1.629;3.386
467061;29.9;26.18;0.353;1.477;1981.718;1.982;3.188
467161;29.9;26.18;0.385;1.464;1949.696;1.817;3.382
467261;29.9;26.18;0.498;1.494;1996.009;0.260;2.942
467361;29.9;26.18;0.390;1.485;1980.794;1.682;3.227
467461;29.9;26.18;0.411;1.470;1966.754;1.564;3.391
467561;29.9;26.18;0.375;1.465;1989.788;1.820;3.287
467661;29.9;26.18;0.337;1.476;1988.340;2.156;3.146
467761;30.0;26.18;0.417;1.462;1993.823;1.474;3.250
467861;30.0;26.18;0.309;1.475;1971.759;2.679;2.969
467961;30.0;26.18;0.304;1.483;1978.988;2.560;3.074
468061;30.0;26.18;0.354;1.472;1959.317;2.106;3.223
468161;30.0;26.18;0.311;1.470;1968.645;2.686;3.066
468261;29.8;26.18;0.383;1.459;1957.631;1.783;3.294
468361;29.8;26.18;0.229;1.494;1953.248;3.773;2.675
468461;29.8;26.18;0.228;1.485;1975.987;3.810;2.721
468561;30.0;26.18;0.251;1.487;1979.853;3.289;2.903
468661;30.0;26.18;0.308;1.476;1953.368;2.688;3.089
468761;29.9;26.18;0.344;1.472;1986.826;2.012;3.129
468861;29.9;26.18;0.166;1.514;1983.846;4.453;2.406
468961;29.9;26.18;0.205;1.510;1948.051;4.081;2.459
469061;30.0;26.18;0.257;1.523;1970.103;2.857;2.082
469161;30.0;26.18;0.207;1.502;1973.240;3.900;2.668
469261;30.0;26.18;0.411;1.463;1996.815;1.519;3.250
469361;30.0;26.18;0.231;1.490;1967.014;3.825;2.699
469461;30.0;26.18;0.176;1.530;1989.594;4.057;2.093
469561;30.0;26.18;0.256;1.486;1950.622;3.433;2.926
469661;30.0;26.18;0.335;1.472;1979.396;2.342;3.119
469761;30.0;26.18;0.425;1.477;1962.550;1.477;3.315
469861;30.0;26.18;0.395;1.467;1951.153;1.725;3.469
469961;30.0;26.18;0.387;1.467;1983.911;1.890;3.193
470061;30.0;26.18;0.328;1.483;1984.040;2.253;3.108
470161;30.0;26.18;0.342;1.471;1950.802;2.283;3.246
470261;30.0;26.18;0.390;1.486;1987.788;1.705;3.127
470361;30.0;26.18;0.355;1.474;1984.507;1.975;3.245
470461;30.0;26.18;0.386;1.469;1958.319;1.781;3.401
470561;30.0;26.18;0.328;1.476;1984.334;2.412;3.040
470661;30.0;26.18;0.157;1.525;1982.495;4.544;2.241
470761;30.0;26.18;0.284;1.479;1979.980;3.004;2.854
470861;30.0;26.18;0.343;1.536;1968.343;1.252;1.973
470961;30.0;26.18;0.205;1.562;1982.496;3.428;1.617
471061;30.1;26.18;0.344;1.528;1949.940;1.304;2.148
471161;30.1;26.18;0.409;1.527;1973.825;0.091;2.073
471261;30.1;26.18;0.384;1.461;1961.741;1.754;3.296
471361;30.1;26.18;0.484;1.522;1950.525;-1.449;2.323
471461;30.1;26.18;0.499;1.516;1979.311;-1.766;2.284
471561;30.0;26.18;0.107;1.566;1983.227;5.135;1.565
471661;30.0;26.18;0.200;1.514;1941.918;4.154;2.458
471761;29.9;26.18;0.297;1.483;1983.577;2.655;2.949
471861;29.9;26.18;0.393;1.541;1983.652;0.095;2.000
471961;29.9;26.18;0.414;1.526;1956.448;0.025;2.229
472061;29.9;26.18;0.416;1.527;1968.237;-0.003;2.145
472161;29.9;26.18;0.257;1.542;1968.489;2.644;1.994
472261;29.9;26.18;0.427;1.463;1996.777;1.402;3.282
472361;29.9;26.18;0.219;1.502;1974.141;3.975;2.569
472461;29.9;26.18;0.259;1.537;1981.113;2.536;2.066
472561;30.0;26.18;0.228;1.521;1951.429;3.447;2.292
472661;30.0;26.18;0.272;1.527;1964.944;2.634;2.119
472761;30.0;26.18;0.392;1.462;1955.691;1.715;3.449
472861;30.0;26.18;0.332;1.475;1949.924;2.425;3.245
472961;30.0;26.18;0.313;1.480;1974.413;2.697;2.998
473061;29.9;26.18;0.246;1.494;1986.630;3.385;2.879
473161;29.9;26.18;0.212;1.506;1949.544;4.051;2.572
473261;30.0;26.18;0.346;1.476;1978.211;2.049;3.158
473361;30.0;26.18;0.188;1.541;1971.927;3.908;2.107
473461;30.0;26.18;0.225;1.508;1953.484;3.886;2.613
473561;29.9;26.18;0.281;1.529;1976.608;2.476;2.093
473661;29.9;26.18;0.484;1.534;1995.078;-1.791;2.216
473761;29.9;26.18;0.266;1.474;1978.573;3.253;2.894
473861;29.9;26.18;0.480;1.525;1994.888;-1.434;2.257
473961;29.9;26.18;0.465;1.543;2008.595;-1.501;2.115
474061;29.9;26.18;0.407;1.536;1954.399;-0.052;2.197
474161;29.9;26.18;0.483;1.523;1990.268;-1.555;2.291
474261;29.9;26.18;0.412;1.528;1952.524;0.033;2.168
474361;29.9;26.18;0.444;1.528;1960.117;-0.722;2.331
474461;29.9;26.18;0.482;1.528;1976.033;-1.495;2.263
474561;29.9;26.18;0.219;1.598;1993.873;2.848;1.129
474661;29.9;26.18;0.163;1.560;1943.478;4.479;1.782
474761;29.9;26.18;0.314;1.486;1983.850;2.390;3.056
474861;29.9;26.18;0.231;1.566;1982.522;2.962;1.671
474961;29.9;26.18;0.372;1.529;1950.692;0.868;2.215
475061;29.9;26.18;0.191;1.557;1975.985;3.984;1.676
475161;29.9;26.18;0.123;1.572;1980.112;4.902;1.570
475261;30.0;26.18;0.400;1.462;1977.254;1.663;3.369
475361;30.0;26.18;0.414;1.526;1975.827;0.064;2.170
475461;30.0;26.18;0.124;1.575;1995.018;4.865;1.494
475561;30.0;26.18;0.410;1.530;1946.974;0.139;2.282
475661;30.0;26.18;0.491;1.518;1974.568;-1.596;2.391
475761;29.9;26.18;0.360;1.475;1958.237;2.022;3.263
475861;29.9;26.18;0.329;1.532;1948.815;1.643;2.217
475961;29.9;26.18;0.402;1.530;1968.154;0.271;2.148
476061;29.9;26.18;0.368;1.550;1987.624;0.305;1.979
476161;29.9;26.18;0.485;1.530;1965.646;-1.491;2.285
476261;29.9;26.18;0.107;1.566;1992.095;5.112;1.543
476361;29.9;26.18;0.481;1.543;1999.334;-1.860;2.181
476461;29.9;26.18;0.326;1.563;1958.850;1.361;1.751
476561;29.9;26.18;0.475;1.524;1988.331;-1.462;2.307
476661;29.9;26.18;0.473;1.544;2012.211;-1.594;2.161
476761;30.0;26.18;0.178;1.557;1973.649;4.156;1.664
476861;30.0;26.18;0.455;1.538;2007.044;-0.868;2.084
476961;30.0;26.18;0.448;1.545;2016.937;-1.025;2.083
477061;30.0;26.18;0.438;1.539;1975.074;-0.597;2.197
477161;30.0;26.18;0.484;1.529;1980.288;-1.463;2.311
477261;29.9;26.18;0.328;1.528;1939.587;1.676;2.151
477361;29.9;26.18;0.453;1.532;1965.673;-0.884;2.323
477461;29.9;26.18;0.476;1.532;1993.477;-1.285;2.249
477561;30.0;26.18;0.460;1.543;1992.416;-1.517;2.258
477661;30.0;26.18;0.485;1.529;1955.354;-1.510;2.355
477761;30.1;26.18;0.301;1.486;1984.187;2.592;3.036
477861;30.1;26.18;0.356;1.558;1982.878;0.818;1.898
477961;30.1;26.18;0.169;1.558;1955.489;4.391;1.835
478061;29.9;26.18;0.500;1.528;1985.322;-1.739;2.304
478161;29.9;26.18;0.265;1.587;2005.110;2.074;1.388
478261;29.9;26.18;0.233;1.490;1974.596;3.791;2.692
478361;29.9;26.18;0.493;1.526;1976.439;-1.614;2.368
478461;29.9;26.18;0.213;1.600;1998.713;3.014;1.212
478561;29.9;26.18;0.356;1.557;1967.467;0.793;1.925
478661;29.9;26.18;0.468;1.533;1995.363;-1.107;2.258
478761;29.9;26.18;0.389;1.531;1947.609;0.457;2.183
478861;29.9;26.18;0.441;1.542;1974.085;-0.597;2.203
478961;29.9;26.18;0.475;1.534;1990.378;-1.266;2.228
479061;30.0;26.18;0.474;1.548;2008.339;-1.656;2.149
479161;30.0;26.18;0.441;1.539;1972.553;-0.643;2.207
479261;30.0;26.18;0.195;1.598;2000.921;3.357;1.024
479361;30.0;26.18;0.479;1.546;2033.500;-1.394;2.084
479461;30.0;26.18;0.437;1.550;1973.021;-0.583;2.125
479561;30.0;26.18;0.460;1.541;1987.716;-0.857;2.150
479661;30.0;26.18;0.442;1.543;2018.244;-0.820;2.170
479761;30.2;26.18;0.324;1.544;1976.251;1.409;1.860
479861;30.2;26.18;0.460;1.537;1994.275;-0.789;2.167
479961;30.2;26.18;0.487;1.546;2033.225;-1.526;2.091
480061;30.0;26.18;0.447;1.546;1979.593;-0.634;2.128
480161;30.0;26.18;0.455;1.542;1990.736;-0.733;2.142
480261;30.1;26.18;0.206;1.507;1947.151;4.107;2.599
480361;30.1;26.18;0.447;1.540;1973.234;-0.811;2.264
480461;30.1;26.18;0.465;1.534;1998.037;-1.007;2.217
480561;30.1;26.18;0.459;1.548;2012.950;-1.362;2.143
480661;30.1;26.18;0.444;1.539;1963.735;-0.675;2.324
480761;29.9;26.18;0.231;1.501;1979.753;3.598;2.788
480861;29.9;26.18;0.171;1.606;1990.097;3.912;1.120
480961;29.9;26.18;0.479;1.533;1968.853;-1.356;2.357
481061;30.1;26.18;0.470;1.529;1983.721;-1.333;2.350
481161;30.1;26.18;0.472;1.548;2013.334;-1.684;2.208
481261;30.0;26.18;0.191;1.549;1973.740;3.969;1.712
481361;30.0;26.18;0.453;1.538;1995.307;-0.733;2.211
481461;30.0;26.18;0.446;1.553;2020.015;-0.971;2.094
481561;30.0;26.18;0.442;1.551;1990.080;-0.592;2.052
481661;30.0;26.18;0.502;1.535;2012.093;-1.440;2.247
481761;30.2;26.18;0.273;1.570;1961.482;2.319;1.503
481861;30.2;26.18;0.471;1.549;1982.129;-1.039;2.156
481961;30.2;26.18;0.491;1.545;2002.593;-1.251;2.129
482061;30.1;26.18;0.474;1.552;2026.623;-1.360;2.063
482161;30.1;26.18;0.444;1.551;1985.423;-0.614;2.108
482261;30.1;26.18;0.460;1.540;2001.768;-1.560;2.174
482361;30.1;26.18;0.510;1.542;2039.331;-1.845;2.215
482461;30.1;26.18;0.477;1.545;1995.014;-1.118;2.152
482561;30.2;26.18;0.464;1.543;1995.885;-0.911;2.149
482661;30.2;26.18;0.449;1.554;2017.831;-1.023;2.120
482761;30.0;26.18;0.502;1.521;1979.850;-1.748;2.331
482861;30.0;26.18;0.484;1.542;2008.954;-1.175;2.094
482961;30.0;26.18;0.470;1.554;2026.829;-1.241;2.092
483061;30.1;26.18;0.460;1.553;1980.233;-0.839;2.093
483161;30.1;26.18;0.475;1.542;2002.756;-1.055;2.162
483261;30.1;26.18;0.275;1.546;1948.261;2.511;1.985
483361;30.1;26.18;0.448;1.540;1965.923;-0.770;2.339
483461;30.1;26.18;0.461;1.539;1993.153;-0.879;2.243
483561;30.1;26.18;0.449;1.555;2016.691;-0.979;2.115
483661;30.1;26.18;0.439;1.546;1983.366;-0.565;2.192
483761;30.2;26.18;0.234;1.546;1983.312;2.998;2.048
483861;30.2;26.18;0.453;1.548;2008.816;-1.070;2.196
483961;30.2;26.18;0.437;1.548;1976.192;-0.503;2.226
484061;30.2;26.18;0.459;1.546;1999.067;-0.807;2.152
484161;30.2;26.18;0.488;1.556;2034.859;-1.511;2.033
484261;30.1;26.18;0.454;1.539;2000.993;-0.792;2.148
484361;30.1;26.18;0.558;1.525;2018.472;-2.173;2.434
484461;30.1;26.18;0.532;1.546;2041.029;-2.090;2.233
484561;29.9;26.18;0.519;1.540;2002.928;-1.651;2.300
484661;29.9;26.18;0.576;1.515;2028.955;-2.239;2.541
484761;30.2;26.18;0.438;1.545;1975.695;-0.488;2.101
484861;30.2;26.18;0.543;1.533;2009.435;-1.778;2.398
484961;30.2;26.18;0.558;1.528;2018.021;-2.070;2.476
485061;30.2;26.18;0.539;1.541;2036.406;-2.188;2.354
485161;30.2;26.18;0.489;1.548;1991.498;-1.251;2.229
485261;30.2;26.18;0.455;1.542;2015.697;-1.236;2.196
485361;30.2;26.18;0.557;1.535;2048.456;-2.399;2.421
485461;30.2;26.18;0.525;1.541;2004.984;-1.805;2.322
485561;30.2;26.18;0.521;1.537;2002.584;-1.646;2.313
485661;30.2;26.18;0.464;1.561;2022.148;-1.203;2.076
485761;30.2;26.18;0.493;1.523;1964.048;-1.550;2.391
485861;30.2;26.18;0.483;1.548;2003.112;-1.102;2.134
485961;30.2;26.18;0.508;1.550;2042.733;-1.807;2.188
486061;30.2;26.18;0.490;1.554;1994.153;-1.274;2.186
486161;30.2;26.18;0.510;1.543;2004.357;-1.531;2.245
486261;30.1;26.18;0.483;1.537;1953.508;-1.380;2.306
486361;30.1;26.18;0.449;1.557;1990.365;-0.685;2.122
486461;30.1;26.18;0.473;1.552;2003.853;-1.027;2.110
486561;30.3;26.18;0.528;1.546;2043.562;-2.045;2.269
486661;30.3;26.18;0.511;1.546;1995.543;-1.574;2.290
486761;30.3;26.18;0.471;1.538;2011.886;-1.524;2.297
486861;30.3;26.18;0.531;1.545;2039.433;-2.096;2.318
486961;30.3;26.18;0.483;1.553;1996.956;-1.196;2.220
487061;30.2;26.18;0.547;1.532;2020.694;-2.001;2.354
487161;30.2;26.18;0.559;1.536;2045.902;-2.360;2.386
487261;30.1;26.18;0.465;1.538;2000.795;-0.936;2.174
487361;30.1;26.18;0.573;1.516;2016.545;-1.969;2.627
487461;30.1;26.18;0.575;1.524;2050.536;-2.381;2.582
487561;30.2;26.18;0.542;1.538;2010.599;-1.876;2.378
487661;30.2;26.18;0.574;1.520;2016.635;-2.111;2.607
487761;30.2;26.18;0.484;1.543;1996.153;-1.206;2.180
487861;30.2;26.18;0.551;1.523;2020.253;-1.740;2.568
487961;30.2;26.18;0.572;1.519;2012.296;-2.012;2.639
488061;30.2;26.18;0.574;1.524;2042.927;-2.472;2.595
488161;30.2;26.18;0.524;1.541;2001.761;-1.756;2.377
488261;30.2;26.18;0.449;1.547;2015.597;-0.997;2.156
488361;30.2;26.18;0.542;1.541;2044.702;-2.176;2.394
488461;30.2;26.18;0.534;1.543;1998.724;-1.836;2.357
488561;30.1;26.18;0.552;1.532;2008.823;-2.011;2.512
488661;30.1;26.18;0.501;1.560;2028.502;-1.693;2.136
488761;29.9;26.18;0.466;1.532;1981.761;-1.127;2.394
488861;29.9;26.18;0.500;1.546;2004.301;-1.362;2.214
488961;29.9;26.18;0.530;1.551;2038.934;-2.058;2.257
489061;29.9;26.18;0.523;1.545;2005.342;-1.713;2.309
489161;29.9;26.18;0.560;1.529;2015.277;-2.115;2.512
489261;30.0;26.18;0.489;1.552;1995.483;-1.303;2.207
489361;30.0;26.18;0.546;1.537;2010.750;-1.991;2.450
489461;30.0;26.18;0.571;1.527;2022.132;-2.202;2.535
489561;30.1;26.18;0.573;1.532;2051.902;-2.360;2.528
489661;30.1;26.18;0.548;1.523;2016.179;-1.649;2.633
489761;30.1;26.18;0.533;1.541;2037.406;-2.090;2.263
489861;30.1;26.18;0.578;1.517;2051.617;-2.295;2.661
489961;30.1;26.18;0.552;1.531;2017.827;-1.882;2.562
490061;30.1;26.18;0.574;1.519;2016.956;-1.944;2.669
490161;30.1;26.18;0.573;1.516;2052.252;-2.108;2.720
490261;30.2;26.18;0.491;1.543;2011.941;-1.243;2.132
490361;30.2;26.18;0.570;1.500;2027.120;-1.741;2.890
490461;30.2;26.18;0.580;1.502;2048.576;-2.040;2.926
490561;30.2;26.18;0.549;1.515;2021.829;-1.642;2.739
490661;30.2;26.18;0.573;1.500;2025.707;-1.739;2.891
490761;30.2;26.18;0.510;1.544;2001.781;-1.525;2.199
490861;30.2;26.18;0.550;1.505;2021.469;-1.575;2.883
490961;30.2;26.18;0.582;1.491;2022.778;-1.820;3.003
491061;30.2;26.18;0.581;1.526;2051.776;-2.388;2.630
491161;30.2;26.18;0.544;1.543;2000.024;-1.926;2.439
491261;30.3;26.18;0.443;1.558;2005.984;-0.956;2.153
491361;30.3;26.18;0.559;1.543;2050.077;-2.332;2.436
491461;30.3;26.18;0.543;1.534;2010.480;-1.860;2.502
491561;30.3;26.18;0.577;1.528;2016.346;-2.233;2.603
491661;30.3;26.18;0.574;1.531;2047.545;-2.455;2.611
491761;30.2;26.18;0.464;1.542;1997.205;-0.953;2.217
491861;30.2;26.18;0.558;1.535;2014.713;-2.062;2.504
491961;30.2;26.18;0.572;1.533;2050.764;-2.368;2.570
492061;30.2;26.18;0.551;1.526;2018.398;-1.769;2.597
492161;30.2;26.18;0.574;1.498;2031.465;-1.712;2.926
492261;30.2;26.18;0.521;1.545;2007.130;-1.703;2.211
492361;30.2;26.18;0.546;1.512;2010.149;-1.492;2.878
492461;30.2;26.18;0.574;1.501;2016.289;-1.699;2.956
492561;30.2;26.18;0.578;1.491;2056.191;-1.952;3.112
492661;30.2;26.18;0.553;1.493;2024.741;-1.498;3.061
492761;30.2;26.18;0.565;1.532;2040.141;-2.372;2.494
492861;30.2;26.18;0.581;1.477;2050.850;-1.795;3.247
492961;30.2;26.18;0.552;1.512;2014.451;-1.576;2.883
493061;30.2;26.18;0.575;1.498;2025.101;-1.780;2.991
493161;30.2;26.18;0.581;1.502;2062.108;-2.131;2.993
493261;30.2;26.18;0.531;1.539;2019.318;-1.815;2.297
493361;30.2;26.18;0.580;1.483;2026.419;-1.680;3.145
493461;30.2;26.18;0.585;1.488;2058.828;-1.985;3.137
493561;30.2;26.18;0.546;1.509;2008.010;-1.483;2.947
493661;30.2;26.18;0.574;1.500;2025.446;-1.716;2.947
493761;30.2;26.18;0.486;1.549;1990.709;-1.163;2.201
493861;30.2;26.18;0.554;1.514;2019.197;-1.692;2.834
493961;30.2;26.18;0.572;1.499;2021.130;-1.653;3.005
494061;30.2;26.18;0.582;1.501;2050.007;-2.077;3.052
494161;30.2;26.18;0.546;1.535;2020.991;-1.751;2.592
494261;30.1;26.18;0.462;1.565;2023.963;-1.137;2.078
494361;30.1;26.18;0.576;1.540;2049.726;-2.524;2.545
494461;30.1;26.18;0.553;1.534;2017.320;-1.856;2.518
494561;30.1;26.18;0.577;1.510;2026.218;-1.806;2.826
494661;30.1;26.18;0.586;1.502;2059.221;-2.139;3.011
494761;30.2;26.18;0.524;1.543;2004.450;-1.653;2.276
494861;30.2;26.18;0.574;1.522;2019.045;-1.820;2.689
494961;30.2;26.18;0.582;1.513;2065.061;-2.128;2.841
495061;30.2;26.18;0.553;1.502;2026.028;-1.561;2.989
495161;30.2;26.18;0.580;1.475;2018.834;-1.570;3.280
495261;30.3;26.18;0.543;1.527;2016.198;-1.669;2.519
495361;30.3;26.18;0.552;1.474;2025.361;-1.250;3.316
495461;30.3;26.18;0.584;1.464;2015.297;-1.535;3.434
495561;30.3;26.18;0.581;1.468;2050.981;-1.760;3.449
495661;30.3;26.18;0.553;1.486;2024.644;-1.394;3.205
495761;30.3;26.18;0.575;1.522;2059.202;-2.296;2.565
495861;30.3;26.18;0.586;1.451;2043.379;-1.596;3.627
495961;30.3;26.18;0.560;1.474;2019.491;-1.402;3.369
496061;30.3;26.18;0.580;1.476;2019.754;-1.567;3.304
496161;30.3;26.18;0.587;1.490;2056.811;-2.009;3.204
496261;30.3;26.18;0.559;1.532;2013.744;-2.112;2.526
496361;30.3;26.18;0.581;1.490;2025.132;-1.715;3.105
496461;30.3;26.18;0.583;1.479;2058.785;-1.880;3.303
496561;30.3;26.18;0.551;1.504;2021.036;-1.464;3.100
496661;30.3;26.18;0.583;1.490;2014.684;-1.748;3.175
496761;30.3;26.18;0.544;1.540;2003.412;-1.947;2.452
496861;30.3;26.18;0.553;1.508;2029.123;-1.605;2.948
496961;30.3;26.18;0.579;1.488;2027.505;-1.691;3.183
497061;30.3;26.18;0.590;1.477;2049.500;-1.844;3.342
497161;30.3;26.18;0.556;1.508;2012.108;-1.570;3.002
497261;30.3;26.18;0.570;1.540;2049.458;-2.523;2.444
497361;30.3;26.18;0.581;1.514;2056.354;-2.108;2.943
497461;30.3;26.18;0.550;1.520;2021.937;-1.574;2.826
497561;30.3;26.18;0.583;1.481;2022.000;-1.588;3.273
497661;30.3;26.18;0.587;1.458;2055.103;-1.746;3.560
497761;30.2;26.18;0.576;1.521;2025.352;-2.173;2.577
497861;30.2;26.18;0.588;1.468;2016.931;-1.620;3.434
497961;30.2;26.18;0.587;1.462;2051.300;-1.763;3.568
498061;30.3;26.18;0.555;1.480;2028.912;-1.341;3.322
498161;30.3;26.18;0.575;1.457;2015.967;-1.293;3.553
498261;30.3;26.18;0.550;1.500;2019.172;-1.497;2.965
498361;30.3;26.18;0.538;1.469;2017.515;-0.778;3.271
498461;30.3;26.18;0.573;1.444;2001.461;-1.056;3.591
498561;30.3;26.18;0.579;1.441;2042.246;-1.387;3.753
498661;30.3;26.18;0.556;1.467;2014.300;-1.265;3.480
498761;30.3;26.18;0.578;1.508;2059.379;-2.123;2.866
498861;30.3;26.18;0.582;1.441;2044.073;-1.382;3.699
498961;30.3;26.18;0.552;1.480;2018.453;-1.294;3.400
499061;30.3;26.18;0.582;1.476;2017.271;-1.545;3.372
499161;30.3;26.18;0.587;1.490;2051.504;-1.974;3.268
499261;30.3;26.18;0.559;1.535;2020.223;-2.055;2.510
499361;30.3;26.18;0.583;1.496;2020.491;-1.710;3.151
499461;30.3;26.18;0.590;1.471;2057.716;-1.842;3.468
499561;30.3;26.18;0.558;1.479;2020.816;-1.383;3.361
499661;30.3;26.18;0.585;1.473;2020.515;-1.582;3.393
499761;30.3;26.18;0.465;1.557;1982.786;-0.874;2.176
499861;30.3;26.18;0.560;1.484;2025.971;-1.461;3.306
499961;30.3;26.18;0.582;1.464;2017.028;-1.405;3.489
500061;30.4;26.18;0.581;1.445;2045.610;-1.371;3.736
500161;30.4;26.18;0.554;1.465;2020.267;-1.138;3.485
500261;30.3;26.18;0.585;1.498;2054.608;-2.122;3.064
500361;30.3;26.18;0.587;1.458;2057.518;-1.719;3.610
500461;30.3;26.18;0.561;1.490;2022.259;-1.524;3.260
500561;30.3;26.18;0.581;1.460;2014.144;-1.312;3.525
500661;30.3;26.18;0.570;1.443;2041.848;-1.070;3.595
500761;30.2;26.18;0.577;1.491;2024.149;-1.711;3.073
500861;30.2;26.18;0.576;1.446;2005.191;-1.160;3.672
500961;30.2;26.18;0.587;1.446;2044.610;-1.487;3.718
501061;30.2;26.18;0.552;1.471;2028.777;-1.104;3.383
501161;30.2;26.18;0.560;1.451;2003.414;-0.793;3.494
501261;30.3;26.18;0.557;1.469;2023.782;-1.257;3.387
501361;30.3;26.18;0.543;1.462;2010.401;-0.752;3.305
501461;30.3;26.18;0.548;1.458;1995.572;-0.535;3.362
501561;30.3;26.18;0.574;1.435;2034.522;-1.094;3.716
501661;30.3;26.18;0.558;1.472;2014.734;-1.253;3.483
501761;30.3;26.18;0.585;1.517;2058.113;-2.248;2.750
501861;30.3;26.18;0.576;1.441;2047.477;-1.209;3.647
501961;30.3;26.18;0.553;1.466;2018.670;-1.087;3.520
502061;30.3;26.18;0.584;1.461;2012.744;-1.425;3.616
502161;30.3;26.18;0.592;1.464;2050.511;-1.738;3.564
502261;30.3;26.18;0.580;1.523;2022.578;-2.093;2.688
502361;30.3;26.18;0.585;1.477;2023.491;-1.546;3.390
502461;30.3;26.18;0.589;1.466;2058.201;-1.752;3.575
502561;30.3;26.18;0.555;1.473;2022.302;-1.214;3.479
502661;30.3;26.18;0.574;1.451;2004.961;-1.067;3.644
502761;30.3;26.18;0.552;1.516;2021.949;-1.617;2.860
502861;30.3;26.25;0.553;1.471;2026.438;-1.111;3.438
502961;30.3;26.25;0.563;1.454;2004.925;-0.873;3.530
503061;30.3;26.25;0.557;1.451;2031.612;-0.810;3.459
503161;30.3;26.25;0.542;1.470;2010.803;-0.681;3.226
503261;30.3;26.25;0.585;1.446;2043.863;-1.570;3.716
503361;30.3;26.25;0.561;1.449;2027.626;-0.796;3.462
503461;30.3;26.25;0.539;1.469;2019.141;-0.718;3.339
503561;30.3;26.25;0.556;1.458;2003.488;-0.686;3.388
503661;30.3;26.25;0.574;1.445;2014.801;-0.940;3.528
503761;30.3;26.25;0.580;1.464;2015.070;-1.467;3.444
503861;30.3;26.18;0.558;1.457;1987.398;-0.630;3.372
503961;30.3;26.18;0.569;1.444;2029.383;-0.966;3.624
504061;30.3;26.18;0.543;1.474;2013.652;-0.807;3.375
504161;30.3;26.18;0.561;1.455;2003.812;-0.786;3.476
504261;30.3;26.18;0.560;1.486;2020.995;-1.517;3.245
504361;30.3;26.18;0.534;1.472;2015.276;-0.603;3.234
504461;30.3;26.18;0.559;1.454;1990.121;-0.660;3.503
504561;30.3;26.18;0.572;1.448;2025.310;-0.996;3.579
504661;30.3;26.18;0.550;1.463;2018.881;-0.953;3.540
504761;30.3;26.18;0.588;1.496;2065.443;-2.078;3.162
504861;30.3;26.18;0.573;1.443;2036.121;-1.067;3.705
504961;30.3;26.18;0.546;1.467;2011.114;-0.807;3.429
505061;30.4;26.18;0.574;1.453;2005.204;-1.021;3.601
505161;30.4;26.18;0.580;1.447;2045.002;-1.302;3.763
505261;30.4;26.18;0.580;1.505;2023.596;-1.844;3.014
505361;30.4;26.18;0.578;1.452;2011.717;-1.143;3.677
505461;30.4;26.18;0.576;1.450;2039.852;-1.179;3.673
505561;30.4;26.18;0.542;1.470;2019.174;-0.778;3.418
505661;30.4;26.18;0.548;1.460;1993.423;-0.480;3.389
505761;30.3;26.18;0.557;1.475;2024.221;-1.198;3.389
505861;30.3;26.18;0.538;1.474;2014.719;-0.647;3.233
505961;30.3;26.18;0.558;1.455;1985.342;-0.575;3.418
506061;30.3;26.18;0.463;1.476;2010.023;1.029;2.884
506161;30.3;26.18;0.416;1.501;2010.531;1.459;2.673
506261;30.3;26.18;0.561;1.445;2029.001;-0.831;3.454
506361;30.3;26.18;0.490;1.478;2014.632;0.541;2.912
506461;30.3;26.18;0.535;1.468;1996.085;-0.525;3.324
506561;30.3;26.18;0.561;1.457;1983.771;-0.599;3.362
506661;30.3;26.18;0.555;1.459;2019.338;-0.654;3.324
506761;30.3;26.18;0.579;1.451;2013.223;-1.293;3.646
506861;30.3;26.25;0.533;1.471;1983.490;-0.132;3.134
506961;30.3;26.25;0.573;1.446;2020.835;-0.968;3.580
507061;30.4;26.25;0.545;1.468;2013.622;-0.808;3.504
507161;30.4;26.25;0.572;1.453;1998.501;-0.946;3.659
507261;30.5;26.25;0.565;1.483;2022.194;-1.501;3.367
507361;30.5;26.25;0.546;1.468;2010.953;-0.751;3.354
507461;30.5;26.25;0.562;1.462;1994.363;-0.754;3.404
507561;30.3;26.25;0.576;1.448;2017.417;-0.974;3.542
507661;30.3;26.25;0.545;1.471;2005.761;-0.736;3.357
507761;30.3;26.25;0.591;1.464;2045.680;-1.747;3.535
507861;30.3;26.25;0.555;1.458;2029.161;-0.717;3.477
507961;30.3;26.25;0.541;1.472;2007.002;-0.621;3.275
508061;30.3;26.25;0.558;1.464;1989.067;-0.619;3.374
508161;30.3;26.25;0.563;1.452;2016.718;-0.742;3.422
508261;30.3;26.25;0.580;1.460;2019.556;-1.355;3.547
508361;30.3;26.25;0.568;1.458;1987.511;-0.769;3.453
508461;30.3;26.25;0.565;1.453;2017.113;-0.735;3.423
508561;30.3;26.25;0.488;1.497;2015.660;0.326;2.805
508661;30.3;26.25;0.456;1.484;1980.658;1.152;2.969
508761;30.3;26.25;0.538;1.470;2012.810;-0.659;3.241
508861;30.3;26.18;0.402;1.492;1999.462;1.598;2.851
508961;30.3;26.18;0.436;1.481;1975.993;1.440;2.962
509061;30.3;26.18;0.438;1.466;2001.214;1.288;3.146
509161;30.3;26.18;0.396;1.478;1994.079;1.637;3.081
509261;30.3;26.18;0.566;1.444;2033.144;-1.045;3.562
509361;30.3;26.18;0.434;1.465;2000.108;1.342;3.152
509461;30.3;26.18;0.430;1.507;1998.949;1.308;2.685
509561;30.4;26.18;0.505;1.486;1976.512;0.426;2.953
509661;30.4;26.18;0.563;1.453;2020.857;-0.738;3.510
509761;30.5;26.18;0.574;1.463;2015.278;-1.176;3.554
509861;30.5;26.25;0.495;1.492;1987.139;0.499;2.884
509961;30.5;26.25;0.513;1.469;2008.223;0.243;3.120
510061;30.5;26.25;0.553;1.471;2005.263;-0.781;3.392
510161;30.5;26.25;0.558;1.469;2004.477;-0.654;3.394
510261;30.4;26.25;0.565;1.485;2026.017;-1.466;3.362
510361;30.4;26.25;0.546;1.471;2005.501;-0.674;3.337
510461;30.4;26.25;0.501;1.493;1987.157;0.748;2.809
510561;30.4;26.25;0.443;1.469;2007.701;1.248;3.118
510661;30.4;26.25;0.417;1.502;1996.871;1.519;2.784
510761;30.4;26.25;0.574;1.449;2032.129;-1.176;3.654
510861;30.4;26.25;0.460;1.477;2001.300;1.123;3.015
510961;30.4;26.25;0.417;1.505;2009.852;1.468;2.703
511061;30.5;26.25;0.433;1.475;1969.442;1.463;3.109
511161;30.5;26.25;0.429;1.460;1990.951;1.467;3.254
511261;30.5;26.25;0.560;1.458;1990.414;-0.655;3.377
511361;30.5;26.25;0.435;1.480;1978.003;1.388;3.076
511461;30.5;26.25;0.438;1.468;2000.036;1.375;3.117
511561;30.4;26.25;0.391;1.488;1997.920;1.729;2.963
511661;30.4;26.25;0.420;1.472;1976.121;1.494;3.159
511761;30.3;26.25;0.530;1.473;2016.293;-0.460;3.134
511861;30.3;26.18;0.384;1.476;1984.571;1.689;3.176
511961;30.3;26.18;0.422;1.472;1962.020;1.481;3.191
512061;30.3;26.18;0.425;1.458;1987.094;1.437;3.304
512161;30.3;26.18;0.401;1.489;1998.114;1.585;2.990
512261;30.4;26.18;0.561;1.448;2012.183;-0.674;3.451
512361;30.4;26.18;0.426;1.460;1992.235;1.443;3.283
512461;30.4;26.18;0.413;1.497;1995.013;1.627;2.943
512561;30.5;26.18;0.466;1.489;1983.988;1.029;2.920
512661;30.5;26.18;0.528;1.471;2006.399;-0.056;3.212
512761;30.4;26.18;0.578;1.461;2014.617;-1.201;3.602
512861;30.4;26.18;0.459;1.493;1978.816;1.175;2.883
512961;30.4;26.18;0.445;1.471;1998.416;1.288;3.131
513061;30.4;26.18;0.423;1.503;1995.911;1.450;2.822
513161;30.4;26.18;0.476;1.488;1980.520;0.899;2.983
513261;30.6;26.18;0.559;1.464;2024.809;-1.110;3.550
513361;30.6;26.18;0.420;1.500;2005.064;1.479;2.807
513461;30.6;26.18;0.432;1.481;1974.480;1.429;3.063
513561;30.5;26.18;0.412;1.455;1986.324;1.569;3.265
513661;30.5;26.18;0.382;1.474;1995.929;1.666;3.206
513761;30.5;26.18;0.554;1.452;2009.238;-0.577;3.405
513861;30.5;26.18;0.418;1.457;1984.736;1.497;3.375
513961;30.5;26.18;0.381;1.480;1998.073;1.702;3.083
514061;30.5;26.18;0.402;1.462;1968.615;1.573;3.282
514161;30.5;26.18;0.390;1.455;1975.139;1.750;3.232
514261;30.5;26.18;0.452;1.482;1970.398;1.183;2.987
514361;30.5;26.18;0.404;1.466;1959.873;1.578;3.256
514461;30.5;26.18;0.405;1.461;1986.242;1.619;3.230
514561;30.5;26.18;0.385;1.478;1992.259;1.710;3.178
514661;30.5;26.18;0.413;1.472;1961.924;1.538;3.203
514761;30.6;26.18;0.435;1.503;2009.299;1.254;2.607
514861;30.6;26.18;0.381;1.473;1991.498;1.666;3.198
514961;30.6;26.18;0.420;1.469;1960.537;1.533;3.271
515061;30.5;26.18;0.432;1.462;1987.827;1.466;3.292
515161;30.5;26.18;0.396;1.493;2002.029;1.634;3.002
515261;30.5;26.18;0.496;1.478;2017.371;0.490;2.968
515361;30.5;26.18;0.414;1.459;1984.068;1.518;3.350
515461;30.5;26.18;0.391;1.483;1986.345;1.644;3.137
515561;30.5;26.18;0.434;1.473;1967.488;1.484;3.210
515661;30.5;26.18;0.448;1.471;2006.258;1.261;3.222
515761;30.5;26.18;0.564;1.461;2003.475;-0.807;3.527
515861;30.5;26.18;0.428;1.476;1970.455;1.451;3.158
515961;30.5;26.18;0.410;1.456;1990.667;1.576;3.350
516061;30.5;26.18;0.381;1.483;2000.070;1.692;3.127
516161;30.5;26.18;0.426;1.471;1958.555;1.495;3.288
516261;30.5;26.18;0.550;1.471;2011.220;-0.848;3.360
516361;30.5;26.18;0.389;1.485;2002.930;1.661;3.128
516461;30.5;26.18;0.402;1.464;1962.913;1.575;3.307
516561;30.5;26.18;0.362;1.458;1970.922;2.072;3.190
516661;30.5;26.18;0.279;1.483;1990.849;2.817;2.852
516761;30.5;26.18;0.431;1.459;1984.862;1.365;3.251
516861;30.5;26.18;0.376;1.458;1974.039;1.881;3.211
516961;30.5;26.18;0.350;1.470;1984.105;1.958;3.215
517061;30.5;26.18;0.369;1.460;1960.298;1.938;3.286
517161;30.5;26.18;0.321;1.467;1973.094;2.526;3.000
517261;30.4;26.18;0.430;1.473;1973.849;1.432;3.136
517361;30.4;26.18;0.389;1.461;1954.355;1.728;3.363
517461;30.4;26.18;0.399;1.461;1980.588;1.683;3.321
517561;30.4;26.18;0.387;1.482;1995.637;1.669;3.139
517661;30.4;26.18;0.418;1.473;1967.025;1.554;3.270
517761;30.5;26.18;0.540;1.475;2006.355;-0.570;3.228
517861;30.5;26.18;0.375;1.472;1990.407;1.679;3.236
517961;30.5;26.18;0.411;1.462;1963.396;1.513;3.374
518061;30.5;26.18;0.419;1.467;1985.591;1.464;3.351
518161;30.5;26.18;0.379;1.480;1998.537;1.747;3.213
518261;30.5;26.18;0.447;1.473;2007.283;1.219;3.159
518361;30.5;26.18;0.393;1.461;1984.340;1.683;3.280
518461;30.5;26.18;0.360;1.478;1980.943;1.858;3.194
518561;30.5;26.18;0.406;1.465;1955.588;1.582;3.356
518661;30.5;26.18;0.405;1.459;1989.046;1.593;3.416
518761;30.5;26.18;0.573;1.453;2010.214;-1.080;3.640
518861;30.5;26.25;0.407;1.467;1960.303;1.609;3.357
518961;30.5;26.25;0.363;1.461;1987.327;1.964;3.189
519061;30.5;26.25;0.323;1.476;1986.113;2.281;3.076
519161;30.5;26.25;0.363;1.464;1959.648;1.992;3.268
519261;30.5;26.25;0.403;1.493;1997.204;1.629;2.985
519361;30.5;26.25;0.349;1.473;1984.446;2.012;3.169
519461;30.5;26.25;0.351;1.468;1960.435;2.123;3.156
519561;30.5;26.25;0.309;1.472;1977.025;2.650;2.960
519661;30.5;26.25;0.214;1.499;1982.181;3.772;2.638
519761;30.5;26.25;0.381;1.455;1971.292;1.815;3.209
519861;30.5;26.18;0.261;1.478;1967.900;3.338;2.821
519961;30.5;26.18;0.286;1.485;1988.888;2.756;2.929
520061;30.5;26.18;0.355;1.466;1947.210;2.158;3.246
520161;30.5;26.18;0.335;1.468;1974.370;2.344;3.118
520261;30.5;26.18;0.427;1.476;1969.234;1.471;3.118
520361;30.5;26.18;0.386;1.463;1964.863;1.720;3.353
520461;30.5;26.18;0.393;1.456;1969.467;1.753;3.323
520561;30.5;26.18;0.378;1.480;1984.070;1.775;3.256
520661;30.5;26.18;0.411;1.473;1967.819;1.572;3.324
520761;30.5;26.18;0.542;1.479;2001.890;-0.548;3.252
520861;30.5;26.18;0.369;1.474;1994.136;1.788;3.245
520961;30.5;26.18;0.376;1.469;1958.902;1.866;3.301
521061;30.5;26.18;0.379;1.458;1968.910;1.909;3.290
521161;30.5;26.18;0.361;1.478;1991.494;1.885;3.149
521261;30.5;26.18;0.437;1.468;1989.387;1.369;3.215
521361;30.5;26.18;0.313;1.471;1971.082;2.622;2.997
521461;30.5;26.18;0.228;1.491;1994.318;3.584;2.753
521561;30.5;26.18;0.306;1.472;1948.365;2.729;3.075
521661;30.5;26.18;0.327;1.470;1968.117;2.462;3.032
521761;30.5;26.18;0.424;1.470;1967.731;1.523;3.243
521861;30.5;26.18;0.351;1.467;1959.399;2.135;3.205
521961;30.5;26.18;0.310;1.475;1971.966;2.712;3.043
522061;30.5;26.18;0.289;1.535;1992.450;1.928;1.966
522161;30.5;26.18;0.201;1.509;1949.864;4.071;2.413
522261;30.6;26.18;0.365;1.469;1982.884;1.809;3.222
522361;30.6;26.18;0.288;1.490;1986.520;2.741;2.896
522461;30.6;26.18;0.279;1.475;1957.449;3.099;3.010
522561;30.6;26.18;0.199;1.509;1964.013;4.122;2.313
522661;30.6;26.18;0.159;1.527;1988.557;4.413;2.156
522761;30.7;26.18;0.404;1.456;1977.518;1.556;3.344
522861;30.7;26.18;0.199;1.508;1965.008;4.168;2.356
522961;30.7;26.18;0.251;1.494;1980.693;3.272;2.821
523061;30.6;26.18;0.333;1.468;1952.353;2.381;3.234
523161;30.6;26.18;0.348;1.469;1970.831;2.207;3.157
523261;30.5;26.18;0.406;1.472;1963.627;1.569;3.260
523361;30.5;26.18;0.317;1.469;1948.581;2.613;3.178
523461;30.5;26.18;0.364;1.468;1974.150;2.034;3.187
523561;30.5;26.18;0.342;1.481;1988.031;2.073;3.184
523661;30.5;26.18;0.375;1.468;1950.706;1.919;3.338
523761;30.5;26.18;0.398;1.493;2000.836;1.710;2.974
523861;30.5;26.25;0.304;1.492;1991.868;2.547;2.928
523961;30.5;26.25;0.280;1.481;1955.525;3.041;2.982
524061;30.5;26.25;0.202;1.503;1964.094;4.172;2.414
524161;30.5;26.25;0.171;1.517;1988.260;4.380;2.412
524261;30.5;26.25;0.385;1.459;1980.043;1.781;3.268
524361;30.5;26.25;0.261;1.521;1960.318;2.871;2.131
524461;30.5;26.25;0.126;1.571;1996.146;4.566;1.459
524561;30.5;26.25;0.224;1.551;1960.716;3.171;1.744
524661;30.5;26.25;0.337;1.534;1964.289;1.400;1.953
524761;30.6;26.25;0.371;1.466;1953.414;1.904;3.293
524861;30.6;26.18;0.239;1.527;1946.919;3.290;2.194
524961;30.6;26.18;0.273;1.525;1970.327;2.653;2.082
525061;30.6;26.18;0.433;1.546;1994.811;-0.698;1.945
525161;30.6;26.18;0.239;1.550;1949.635;3.080;1.836
525261;30.6;26.18;0.329;1.478;1990.893;2.178;3.034
525361;30.6;26.18;0.155;1.525;1986.363;4.565;2.268
525461;30.6;26.18;0.282;1.479;1952.395;3.059;3.072
525561;30.6;26.18;0.237;1.493;1963.597;3.759;2.685
525661;30.6;26.18;0.168;1.516;1985.133;4.463;2.389
525761;30.7;26.18;0.397;1.456;1972.558;1.667;3.315
525861;30.7;26.25;0.241;1.523;1964.253;3.245;2.133
525961;30.7;26.25;0.198;1.539;1980.551;3.681;2.074
526061;30.7;26.25;0.243;1.489;1947.608;3.623;2.855
526161;30.7;26.25;0.289;1.482;1971.536;2.991;2.935
526261;30.6;26.25;0.396;1.463;1960.359;1.655;3.412
526361;30.6;26.25;0.205;1.515;1949.104;4.066;2.422
526461;30.6;26.25;0.241;1.529;1963.675;3.245;2.066
526561;30.6;26.25;0.160;1.525;1989.575;4.513;2.297
526661;30.6;26.25;0.236;1.495;1945.132;3.725;2.808
526761;30.6;26.25;0.367;1.476;1986.453;1.814;3.231
526861;30.6;26.18;0.350;1.546;1990.072;0.907;1.949
526961;30.6;26.18;0.405;1.528;1959.727;0.150;2.218
527061;30.6;26.18;0.151;1.561;1968.479;-1.370;2.386
527161;30.6;26.18;0.276;1.575;1991.388;1.980;1.442
527261;30.6;26.18;0.342;1.466;1972.207;2.238;3.092
527361;30.6;26.18;0.495;1.522;1972.123;-1.589;2.291
527461;30.6;26.18;0.199;1.593;1995.791;3.210;1.201
527561;30.6;26.18;0.401;1.541;1966.968;0.016;2.048
527661;30.6;26.18;0.481;1.521;1976.846;-1.450;2.307
527761;30.5;26.18;0.306;1.472;1952.460;2.664;3.109
527861;30.5;26.18;0.226;1.554;1944.082;3.384;1.839
527961;30.5;26.18;0.325;1.539;1967.935;1.636;1.955
528061;30.6;26.18;0.115;1.569;1996.506;5.000;1.573
528161;30.6;26.18;0.158;1.556;1954.658;4.520;1.763
528261;30.6;26.18;0.378;1.474;1989.735;1.719;3.237
528361;30.6;26.18;0.442;1.547;1980.534;-0.801;2.016
528461;30.6;26.18;0.223;1.505;1949.878;3.929;2.660
528561;30.6;26.18;0.239;1.495;1964.428;3.744;2.773
528661;30.6;26.18;0.375;1.545;1990.604;0.388;2.013
528761;30.5;26.18;0.352;1.471;1977.164;2.131;3.066
528861;30.5;26.25;0.485;1.518;1977.763;-1.509;2.359
528961;30.5;26.25;0.465;1.537;1987.156;-1.425;2.196
529061;30.5;26.25;0.420;1.531;1953.325;3.043;1.844
529161;30.5;26.25;0.165;1.560;1968.043;4.395;1.649
529261;30.6;26.25;0.355;1.468;1961.467;2.097;3.229
529361;30.6;26.25;0.482;1.530;1959.795;-1.373;2.282
529461;30.6;26.25;0.287;1.571;1972.312;2.002;1.468
529561;30.6;26.25;0.211;1.599;1994.204;3.105;1.107
529661;30.6;26.25;0.468;1.528;1955.893;-1.168;2.342
529761;30.8;26.25;0.329;1.484;1986.663;2.196;3.063
529861;30.8;26.25;0.191;1.596;2008.145;3.248;1.183
529961;30.8;26.25;0.350;1.553;1966.439;0.873;1.871
530061;30.9;26.25;0.479;1.532;1982.949;-1.343;2.214
530161;30.9;26.25;0.468;1.544;2017.142;-1.576;2.132
530261;30.7;26.25;0.205;1.502;1967.253;4.075;2.523
530361;30.7;26.25;0.480;1.527;1991.857;-1.500;2.254
530461;30.7;26.25;0.481;1.540;2013.845;-1.828;2.207
530561;30.7;26.25;0.453;1.531;1963.676;-0.825;2.245
530661;30.7;26.25;0.460;1.535;1983.404;-0.930;2.195
530761;30.7;26.25;0.254;1.527;1941.501;3.041;2.141
530861;30.7;26.25;0.477;1.528;1961.756;-1.399;2.335
530961;30.7;26.25;0.162;1.560;1959.176;4.473;1.705
531061;30.7;26.25;0.468;1.539;1994.329;-1.595;2.229
531161;30.7;26.25;0.479;1.526;1963.824;-1.346;2.322
531261;30.7;26.25;0.187;1.509;1981.446;4.190;2.552
531361;30.7;26.25;0.491;1.543;1990.834;-1.963;2.196
531461;30.7;26.25;0.424;1.531;1938.825;-0.089;2.306
531561;30.7;26.25;0.249;1.551;1972.176;2.991;1.799
531661;30.7;26.25;0.109;1.572;1992.418;5.048;1.602
531761;30.7;26.25;0.295;1.478;1971.822;2.899;2.953
531861;30.7;26.18;0.474;1.531;1996.818;-1.326;2.264
531961;30.7;26.18;0.447;1.546;2013.434;-1.123;2.162
532061;30.8;26.18;0.460;1.533;1967.116;-1.026;2.306
532161;30.8;26.18;0.491;1.530;1977.891;-1.539;2.296
532261;30.7;26.18;0.202;1.506;1951.793;4.136;2.488
532361;30.7;26.18;0.449;1.538;1975.665;-0.818;2.172
532461;30.7;26.18;0.462;1.540;1991.697;-0.795;2.120
532561;30.7;26.18;0.441;1.552;2018.151;-0.949;2.024
532661;30.7;26.18;0.437;1.539;1978.628;-0.528;2.191
532761;30.7;26.18;0.323;1.538;1983.177;1.342;2.048
532861;30.7;26.18;0.481;1.542;2012.715;-1.812;2.222
532961;30.7;26.18;0.450;1.536;1963.459;-0.745;2.286
533061;30.7;26.18;0.461;1.540;2004.995;-0.942;2.148
533161;30.7;26.18;0.451;1.552;2025.293;-1.055;1.987
533261;30.7;26.18;0.225;1.584;1976.852;3.242;1.218
533361;30.7;26.18;0.468;1.538;1980.153;-1.049;2.227
533461;30.7;26.18;0.442;1.550;2015.469;-0.958;2.123
533561;30.8;26.18;0.444;1.540;1980.562;-0.590;2.148
533661;30.8;26.18;0.452;1.542;1992.711;-0.801;2.135
533761;30.8;26.18;0.272;1.548;1950.539;2.328;1.885
533861;30.8;26.25;0.452;1.536;1970.841;-0.765;2.294
533961;30.8;26.25;0.308;1.575;1982.698;1.625;1.570
534061;30.7;26.25;0.485;1.546;1994.314;-1.806;2.196
534161;30.7;26.25;0.315;1.570;1957.883;1.674;1.671
534261;30.7;26.25;0.158;1.601;1996.183;4.121;1.079
534361;30.7;26.25;0.454;1.543;2016.520;-1.210;2.223
534461;30.7;26.25;0.461;1.534;1956.828;-1.091;2.364
534561;30.6;26.25;0.468;1.534;1971.648;-1.218;2.326
534661;30.6;26.25;0.476;1.542;2013.850;-1.709;2.270
534761;30.7;26.25;0.257;1.551;1981.534;2.602;1.755
534861;30.7;26.25;0.456;1.543;1991.511;-0.768;2.138
534961;30.7;26.25;0.476;1.548;2025.926;-1.333;2.116
535061;30.8;26.25;0.473;1.543;1994.535;-1.041;2.157
535161;30.8;26.25;0.485;1.546;2006.390;-1.197;2.083
535261;30.8;26.25;0.453;1.534;1964.995;-0.949;2.259
535361;30.8;26.25;0.452;1.550;1979.202;-0.700;2.081
535461;30.8;26.25;0.487;1.543;2012.148;-1.238;2.097
535561;30.6;26.25;0.486;1.548;2040.217;-1.547;2.116
535661;30.6;26.25;0.442;1.547;1975.001;-0.576;2.140
535761;30.7;26.25;0.163;1.575;1982.601;3.976;1.513
535861;30.7;26.25;0.443;1.551;2020.123;-0.990;2.167
535961;30.7;26.25;0.442;1.540;1984.545;-0.566;2.205
536061;30.8;26.25;0.460;1.541;1996.211;-0.881;2.189
536161;30.8;26.25;0.458;1.553;2026.152;-1.105;2.062
536261;30.7;26.25;0.247;1.578;1977.603;2.831;1.319
536361;30.7;26.25;0.460;1.545;1998.293;-0.870;2.193
536461;30.7;26.25;0.446;1.547;2020.628;-0.966;2.194
536561;30.7;26.25;0.445;1.544;1980.998;-0.604;2.132
536661;30.7;26.25;0.465;1.543;2002.056;-0.920;2.145
536761;30.7;26.25;0.467;1.522;1954.199;-1.162;2.360
536861;30.7;26.18;0.445;1.545;1968.539;-0.597;2.219
536961;30.7;26.18;0.460;1.542;1989.349;-0.882;2.168
537061;30.7;26.18;0.448;1.553;2017.766;-1.040;2.098
537161;30.7;26.18;0.447;1.542;1975.669;-0.666;2.265
537261;30.7;26.18;0.495;1.540;1997.260;-2.012;2.142
537361;30.7;26.18;0.469;1.555;2023.236;-1.201;2.042
537461;30.7;26.18;0.467;1.546;1991.967;-0.919;2.154
537561;30.7;26.18;0.459;1.546;1992.989;-0.819;2.176
537661;30.7;26.18;0.449;1.554;2024.715;-1.005;2.088
537761;30.7;26.18;0.461;1.524;1975.591;-1.036;2.257
537861;30.7;26.25;0.511;1.541;2016.631;-1.587;2.221
537961;30.7;26.25;0.521;1.539;2044.102;-1.988;2.288
538061;30.7;26.25;0.509;1.543;2000.015;-1.514;2.239
538161;30.7;26.25;0.537;1.533;2012.519;-1.925;2.325
538261;30.7;26.25;0.454;1.532;1964.687;-0.858;2.320
538361;30.7;26.25;0.470;1.552;1989.719;-1.014;2.101
538461;30.7;26.25;0.513;1.547;2005.921;-1.529;2.146
538561;30.7;26.25;0.530;1.547;2046.468;-2.097;2.196
538661;30.7;26.25;0.490;1.548;1995.346;-1.234;2.168
538761;30.8;26.25;0.461;1.547;2008.104;-1.429;2.189
538861;30.8;26.18;0.477;1.554;2027.085;-1.331;2.117
538961;30.8;26.18;0.449;1.551;1982.234;-0.663;2.120
539061;30.8;26.18;0.469;1.550;1996.492;-0.923;2.138
539161;30.8;26.18;0.475;1.560;2033.169;-1.350;2.000
539261;30.8;26.18;0.325;1.565;1980.325;1.354;1.642
539361;30.8;26.18;0.500;1.541;2003.171;-1.388;2.202
539461;30.8;26.18;0.462;1.557;2028.418;-1.134;2.080
539561;30.7;26.18;0.460;1.549;1986.203;-0.807;2.151
539661;30.7;26.18;0.497;1.549;2004.520;-1.335;2.158
539761;30.9;26.18;0.443;1.539;1979.220;-0.636;2.185
539861;30.9;26.18;0.517;1.541;2003.689;-1.650;2.258
539961;30.9;26.18;0.524;1.541;2005.662;-1.751;2.266
540061;30.8;26.18;0.508;1.555;2040.249;-1.842;2.107
540161;30.8;26.18;0.478;1.548;1990.226;-1.038;2.192
540261;30.6;26.18;0.450;1.535;1999.696;-1.207;2.272
540361;30.6;26.18;0.555;1.535;2042.410;-2.369;2.404
540461;30.6;26.18;0.534;1.536;2002.958;-1.764;2.354
540561;30.6;26.18;0.552;1.533;2009.535;-2.039;2.402
540661;30.6;26.18;0.509;1.552;2032.256;-1.752;2.189
540761;30.6;26.18;0.470;1.533;1976.582;-1.161;2.296
540861;30.6;26.18;0.526;1.540;2011.532;-1.752;2.277
540961;30.6;26.18;0.525;1.542;2038.910;-1.999;2.294
541061;30.7;26.18;0.544;1.534;2014.905;-1.948;2.393
541161;30.7;26.18;0.559;1.527;2018.767;-2.048;2.513
541261;30.8;26.18;0.452;1.548;1987.326;-0.791;2.099
541361;30.8;26.18;0.525;1.540;2011.455;-1.781;2.283
541461;30.8;26.18;0.525;1.543;2012.007;-1.750;2.278
541561;30.8;26.18;0.554;1.539;2042.568;-2.350;2.346
541661;30.8;26.18;0.540;1.537;2005.877;-1.939;2.367
541761;30.7;26.18;0.475;1.555;2017.831;-1.199;2.043
541861;30.7;26.25;0.535;1.545;2035.773;-2.055;2.277
541961;30.7;26.25;0.483;1.552;1990.834;-1.154;2.204
542061;30.7;26.25;0.491;1.553;2000.395;-1.248;2.129
542161;30.7;26.25;0.473;1.557;2031.067;-1.287;2.138
542261;30.8;26.25;0.484;1.533;1985.760;-1.488;2.296
542361;30.8;26.25;0.550;1.535;2011.095;-2.025;2.396
542461;30.8;26.25;0.554;1.538;2041.543;-2.325;2.425
542561;30.7;26.25;0.519;1.547;2009.778;-1.672;2.223
542661;30.7;26.25;0.559;1.530;2005.800;-2.064;2.444
542761;30.7;26.25;0.456;1.547;1988.597;-0.722;2.130
542861;30.7;26.25;0.549;1.526;2019.676;-1.734;2.510
542961;30.7;26.25;0.557;1.519;2015.609;-1.755;2.615
543061;30.8;26.25;0.577;1.522;2050.111;-2.358;2.606
543161;30.8;26.25;0.549;1.535;2004.544;-1.952;2.471
543261;30.8;26.25;0.459;1.554;2021.798;-1.065;2.085
543361;30.8;26.25;0.563;1.538;2051.835;-2.456;2.411
543461;30.8;26.25;0.552;1.529;2015.428;-1.901;2.529
543561;30.8;26.25;0.568;1.522;2017.540;-2.030;2.585
543661;30.8;26.25;0.565;1.535;2043.523;-2.440;2.527
543761;30.8;26.25;0.474;1.545;1999.935;-1.025;2.147
543861;30.8;26.25;0.569;1.523;2014.877;-2.256;2.598
543961;30.8;26.25;0.572;1.528;2054.337;-2.407;2.558
544061;30.9;26.25;0.548;1.532;2017.850;-1.817;2.502
544161;30.9;26.25;0.566;1.510;2027.705;-1.819;2.713
544261;30.9;26.25;0.468;1.549;1985.709;-0.964;2.161
544361;30.9;26.25;0.548;1.535;2013.539;-1.869;2.482
544461;30.9;26.25;0.563;1.524;2013.525;-2.059;2.604
544561;30.7;26.25;0.572;1.531;2055.776;-2.549;2.520
544661;30.7;26.25;0.546;1.536;2013.768;-1.823;2.453
544761;30.8;26.25;0.478;1.557;2030.926;-1.382;2.092
544861;30.8;26.25;0.565;1.537;2048.405;-2.459;2.459
544961;30.8;26.25;0.524;1.547;2002.435;-1.757;2.301
545061;30.8;26.25;0.546;1.544;2006.267;-1.960;2.372
545161;30.8;26.25;0.570;1.531;2049.040;-2.481;2.564
545261;30.8;26.25;0.469;1.549;2001.397;-0.935;2.092
545361;30.8;26.25;0.574;1.522;2024.178;-2.014;2.589
545461;30.8;26.25;0.578;1.503;2058.676;-2.101;2.904
545561;30.8;26.25;0.556;1.520;2019.904;-1.834;2.652
545661;30.8;26.25;0.569;1.517;2015.261;-1.704;2.792
545761;30.8;26.25;0.541;1.535;2014.679;-1.901;2.386
545861;30.8;26.25;0.558;1.493;2026.343;-1.603;3.025
545961;30.8;26.25;0.578;1.483;2018.001;-1.699;3.135
546061;30.8;26.25;0.579;1.507;2059.917;-2.176;2.871
546161;30.8;26.25;0.554;1.531;2007.430;-1.914;2.582
546261;30.7;26.25;0.480;1.543;2008.878;-1.824;2.251
546361;30.7;26.25;0.581;1.521;2059.456;-2.429;2.661
546461;30.7;26.25;0.551;1.523;2023.417;-1.743;2.633
546561;30.9;26.25;0.567;1.509;2010.552;-1.708;2.856
546661;30.9;26.25;0.582;1.502;2054.930;-2.131;2.949
546761;30.9;26.25;0.503;1.546;1993.788;-1.376;2.175
546861;30.9;26.25;0.563;1.529;2016.144;-1.989;2.586
546961;30.9;26.25;0.579;1.528;2055.067;-2.433;2.611
547061;30.8;26.25;0.557;1.520;2025.329;-1.772;2.694
547161;30.8;26.25;0.574;1.493;2021.791;-1.666;2.993
547261;30.9;26.25;0.482;1.548;1998.106;-1.169;2.198
547361;30.9;26.25;0.552;1.519;2018.976;-1.686;2.736
547461;30.9;26.25;0.569;1.525;2017.591;-1.906;2.653
547561;30.9;26.25;0.580;1.521;2060.379;-2.310;2.671
547661;30.9;26.25;0.554;1.523;2021.340;-1.742;2.701
547761;30.9;26.25;0.537;1.543;2038.013;-2.146;2.308
547861;30.9;26.18;0.586;1.491;2061.971;-2.125;3.087
547961;30.9;26.18;0.553;1.521;2026.838;-1.699;2.704
548061;30.9;26.18;0.571;1.522;2014.021;-1.911;2.718
548161;30.9;26.18;0.580;1.510;2058.098;-2.196;2.856
548261;30.8;26.18;0.539;1.533;2015.379;-1.873;2.323
548361;30.8;26.18;0.573;1.485;2021.238;-1.562;3.169
548461;30.8;26.18;0.585;1.467;2059.639;-1.874;3.388
548561;30.9;26.18;0.554;1.497;2018.545;-1.494;3.102
548661;30.9;26.18;0.572;1.499;2020.559;-1.654;3.000
548761;30.9;26.18;0.538;1.536;2013.170;-1.872;2.375
548861;30.9;26.25;0.557;1.492;2028.492;-1.579;3.118
548961;30.9;26.25;0.578;1.472;2018.346;-1.539;3.334
549061;30.9;26.25;0.587;1.461;2053.040;-1.762;3.469
549161;30.9;26.25;0.555;1.502;2019.745;-1.583;3.000
549261;30.8;26.25;0.509;1.551;2038.917;-1.810;2.231
549361;30.8;26.25;0.583;1.511;2058.933;-2.230;2.853
549461;30.8;26.25;0.555;1.511;2025.711;-1.620;2.858
549561;30.8;26.25;0.576;1.490;2017.095;-1.605;3.089
549661;30.8;26.25;0.585;1.488;2056.880;-2.018;3.178
549761;30.9;26.25;0.550;1.536;2004.124;-2.005;2.427
549861;30.9;26.18;0.561;1.524;2017.165;-1.690;2.699
549961;30.9;26.18;0.584;1.529;2056.779;-2.312;2.650
550061;31.0;26.18;0.555;1.520;2019.601;-1.590;2.769
550161;31.0;26.18;0.577;1.482;2024.265;-1.634;3.173
550261;31.0;26.18;0.537;1.536;2007.958;-1.862;2.428
550361;31.0;26.18;0.558;1.490;2021.248;-1.503;3.195
550461;31.0;26.18;0.577;1.484;2022.934;-1.635;3.213
550561;31.0;26.18;0.590;1.473;2058.011;-1.991;3.365
550661;31.0;26.18;0.564;1.488;2029.931;-1.573;3.135
550761;30.9;26.18;0.577;1.519;2061.867;-2.369;2.595
550861;30.9;26.25;0.582;1.457;2046.431;-1.661;3.577
550961;30.9;26.25;0.558;1.473;2024.690;-1.370;3.327
551061;30.9;26.25;0.578;1.476;2016.833;-1.565;3.326
551161;30.9;26.25;0.589;1.484;2062.363;-1.975;3.247
551261;31.0;26.25;0.571;1.520;2018.766;-2.144;2.637
551361;31.0;26.25;0.578;1.478;2018.277;-1.529;3.303
551461;31.0;26.25;0.584;1.473;2060.176;-1.823;3.356
551561;30.9;26.25;0.559;1.489;2022.991;-1.447;3.177
551661;30.9;26.25;0.582;1.475;2015.735;-1.584;3.354
551761;30.7;26.25;0.554;1.524;2010.299;-1.836;2.594
551861;30.7;26.18;0.561;1.475;2025.190;-1.376;3.322
551961;30.7;26.18;0.578;1.463;2014.740;-1.420;3.464
552061;30.8;26.18;0.580;1.446;2052.102;-1.519;3.642
552161;30.8;26.18;0.564;1.469;2018.640;-1.438;3.431
552261;30.9;26.18;0.571;1.529;2054.631;-2.551;2.594
552361;30.9;26.18;0.585;1.485;2061.528;-1.941;3.267
552461;30.9;26.18;0.555;1.505;2021.602;-1.554;3.055
552561;30.9;26.18;0.580;1.477;2018.820;-1.529;3.343
552661;30.9;26.18;0.587;1.466;2059.690;-1.801;3.470
552761;30.9;26.18;0.569;1.526;2020.981;-2.003;2.606
552861;30.9;26.25;0.582;1.503;2019.815;-1.808;2.990
552961;30.9;26.25;0.585;1.488;2054.569;-1.925;3.254
553061;30.9;26.25;0.563;1.496;2030.957;-1.632;3.167
553161;30.9;26.25;0.577;1.472;2018.023;-1.485;3.459
553261;30.9;26.25;0.552;1.518;2023.005;-1.671;2.704
553361;30.9;26.25;0.553;1.457;2021.174;-1.074;3.486
553461;30.9;26.25;0.567;1.454;2002.982;-1.049;3.558
553561;31.0;26.25;0.584;1.451;2044.101;-1.506;3.608
553661;31.0;26.25;0.562;1.467;2015.499;-1.293;3.488
553761;30.9;26.25;0.585;1.499;2058.360;-2.113;2.944
553861;30.9;26.25;0.579;1.441;2039.001;-1.346;3.709
553961;30.9;26.25;0.558;1.476;2016.247;-1.355;3.408
554061;30.9;26.25;0.576;1.461;2008.373;-1.313;3.527
554161;30.9;26.25;0.587;1.464;2053.294;-1.699;3.519
554261;30.9;26.25;0.569;1.531;2017.732;-2.135;2.526
554361;30.9;26.25;0.578;1.475;2006.473;-1.432;3.404
554461;30.9;26.25;0.590;1.450;2051.947;-1.615;3.625
554561;30.9;26.25;0.554;1.468;2024.777;-1.151;3.405
554661;30.9;26.25;0.576;1.456;2007.878;-1.232;3.554
554761;31.0;26.25;0.556;1.499;2025.049;-1.589;3.055
554861;31.0;26.25;0.555;1.466;2020.279;-1.142;3.446
554961;31.0;26.25;0.564;1.456;2000.141;-0.929;3.535
555061;30.9;26.25;0.566;1.445;2043.817;-1.057;3.613
555161;30.9;26.25;0.556;1.463;2015.169;-1.063;3.471
555261;30.9;26.25;0.582;1.499;2054.687;-2.040;3.013
555361;30.9;26.25;0.586;1.453;2046.222;-1.572;3.694
555461;30.9;26.25;0.567;1.489;2022.554;-1.558;3.301
555561;30.9;26.25;0.582;1.470;2015.913;-1.470;3.463
555661;30.9;26.25;0.583;1.442;2054.591;-1.427;3.682
555761;30.9;26.25;0.572;1.519;2020.244;-2.054;2.612
555861;30.9;26.25;0.575;1.456;2007.091;-1.244;3.645
555961;30.9;26.25;0.581;1.453;2048.305;-1.506;3.702
556061;30.9;26.25;0.562;1.466;2026.093;-1.303;3.465
556161;30.9;26.25;0.568;1.452;2014.954;-1.047;3.556
556261;30.9;26.25;0.560;1.485;2026.828;-1.433;3.222
556361;30.9;26.25;0.541;1.468;2011.745;-0.670;3.222
556461;30.9;26.25;0.556;1.457;1993.068;-0.697;3.371
556561;30.9;26.25;0.562;1.446;2032.401;-0.903;3.546
556661;30.9;26.25;0.550;1.465;2012.674;-0.967;3.463
556761;30.9;26.25;0.588;1.483;2062.335;-2.009;3.248
556861;30.9;26.25;0.572;1.441;2044.550;-1.139;3.648
556961;30.9;26.25;0.541;1.467;2017.491;-0.727;3.318
557061;30.9;26.25;0.565;1.455;2005.451;-0.935;3.569
557161;30.9;26.25;0.575;1.443;2039.139;-1.197;3.722
557261;30.9;26.25;0.579;1.496;2018.522;-1.756;3.066
557361;30.9;26.25;0.574;1.457;2013.146;-1.129;3.569
557461;30.9;26.25;0.577;1.445;2042.832;-1.287;3.712
557561;30.9;26.25;0.542;1.467;2014.712;-0.764;3.348
557661;30.9;26.25;0.552;1.463;1997.110;-0.614;3.293
557761;31.1;26.25;0.562;1.486;2016.286;-1.526;3.223
557861;31.1;26.25;0.546;1.462;2015.181;-0.885;3.484
557961;31.1;26.25;0.561;1.460;1999.084;-0.833;3.484
558061;31.1;26.25;0.557;1.449;2038.396;-0.813;3.492
558161;31.1;26.25;0.534;1.469;2018.580;-0.597;3.254
558261;31.0;26.25;0.588;1.478;2052.159;-1.997;3.379
558361;31.0;26.25;0.569;1.452;2037.846;-1.006;3.522
558461;31.0;26.25;0.546;1.469;2012.666;-0.826;3.426
558561;31.0;26.25;0.569;1.462;2010.878;-1.095;3.580
558661;31.0;26.25;0.562;1.448;2041.228;-0.888;3.548
558761;30.9;26.25;0.575;1.460;2009.194;-1.307;3.528
558861;30.9;26.25;0.560;1.454;1988.126;-0.721;3.443
558961;30.9;26.25;0.562;1.452;2028.680;-0.800;3.461
559061;30.9;26.25;0.552;1.470;2014.181;-0.919;3.382
559161;30.9;26.25;0.553;1.457;2000.977;-0.691;3.498
559261;30.9;26.25;0.563;1.488;2021.847;-1.535;3.237
559361;30.9;26.25;0.548;1.463;2019.367;-0.801;3.314
559461;30.9;26.25;0.563;1.455;1982.419;-0.734;3.445
559561;30.9;26.25;0.563;1.452;2017.384;-0.784;3.427
559661;30.9;26.25;0.547;1.469;2011.847;-0.756;3.320
559761;30.9;26.25;0.588;1.470;2065.810;-1.898;3.396
559861;30.9;26.25;0.572;1.442;2025.058;-0.937;3.566
559961;30.9;26.25;0.499;1.488;2015.518;0.087;2.842
560061;30.9;26.25;0.554;1.460;1984.276;-0.602;3.357
560161;30.9;26.25;0.562;1.454;2016.884;-0.772;3.434
560261;30.9;26.25;0.579;1.479;2006.235;-1.532;3.360
560361;30.9;26.25;0.554;1.466;1996.412;-0.707;3.476
560461;30.9;26.25;0.562;1.446;2036.103;-0.825;3.529
560561;30.9;26.25;0.535;1.475;2011.706;-0.556;3.225
560661;30.9;26.25;0.562;1.458;1986.276;-0.717;3.427
560761;31.0;26.25;0.542;1.467;2010.547;-0.780;3.437
560861;31.0;26.25;0.536;1.469;2012.752;-0.553;3.280
560961;31.0;26.25;0.554;1.465;1988.917;-0.560;3.375
561061;31.0;26.25;0.532;1.461;2023.427;-0.224;3.218
561161;31.0;26.25;0.430;1.498;2006.103;1.313;2.681
561261;31.0;26.25;0.563;1.444;2037.382;-0.909;3.508
561361;31.0;26.25;0.518;1.470;2009.831;0.135;3.061
561461;31.0;26.25;0.537;1.470;2008.132;-0.557;3.250
561561;31.0;26.25;0.570;1.454;1988.257;-0.850;3.482
561661;31.0;26.25;0.563;1.448;2028.809;-0.762;3.454
561761;30.9;26.25;0.567;1.456;1999.023;-0.976;3.521
561861;30.9;26.25;0.490;1.489;1976.153;0.574;2.886
561961;30.9;26.25;0.499;1.476;2016.834;0.420;2.930
562061;30.9;26.25;0.547;1.465;2016.458;-0.774;3.369
562161;30.9;26.25;0.554;1.464;1987.809;-0.622;3.475
562261;30.9;26.25;0.560;1.468;2026.530;-1.259;3.463
562361;30.9;26.25;0.450;1.507;2011.763;1.001;2.563
562461;30.9;26.25;0.437;1.476;1977.493;1.425;3.001
562561;31.0;26.25;0.449;1.468;1999.184;1.219;3.057
562661;31.0;26.25;0.433;1.501;1998.019;1.272;2.669
562761;31.0;26.25;0.579;1.438;2048.416;-1.297;3.726
562861;31.0;26.25;0.512;1.472;2016.412;0.241;2.977
562961;31.0;26.25;0.422;1.497;2002.650;1.455;2.712
563061;30.9;26.25;0.443;1.484;1973.900;1.330;2.976
563161;30.9;26.25;0.470;1.480;2009.705;0.920;2.869
563261;30.9;26.25;0.580;1.461;2014.007;-1.406;3.604
563361;30.9;26.25;0.563;1.464;1980.825;-0.704;3.460
563461;30.9;26.25;0.577;1.445;2025.360;-1.018;3.589
563561;31.0;26.25;0.547;1.476;2009.240;-0.718;3.276
563661;31.0;26.25;0.483;1.492;1980.404;0.750;2.809
563761;31.0;26.25;0.534;1.474;2011.146;-0.596;3.236
563861;31.0;26.25;0.420;1.498;1998.755;1.496;2.724
563961;31.0;26.25;0.453;1.492;1977.371;1.195;2.834
564061;30.9;26.25;0.442;1.468;2008.684;1.261;3.106
564161;30.9;26.25;0.398;1.488;1993.224;1.722;2.923
564261;30.9;26.25;0.567;1.449;2021.795;-0.842;3.399
564361;30.9;26.25;0.427;1.455;1991.306;1.450;3.233
564461;30.9;26.25;0.423;1.498;2001.002;1.439;2.756
564561;30.9;26.25;0.521;1.481;1982.707;0.105;3.097
564661;30.9;26.25;0.527;1.470;2019.933;-0.088;3.156
564761;30.9;26.25;0.570;1.456;2016.214;-1.100;3.597
564861;30.9;26.25;0.443;1.483;1976.535;1.330;2.986
564961;30.9;26.25;0.439;1.466;2001.156;1.317;3.119
565061;30.9;26.25;0.427;1.498;1994.395;1.444;2.752
565161;30.9;26.25;0.497;1.493;1982.323;0.543;2.866
565261;30.9;26.25;0.563;1.500;2029.863;-1.644;3.061
565361;30.9;26.25;0.406;1.490;1995.496;1.627;2.909
565461;30.9;26.25;0.433;1.475;1968.591;1.394;3.130
565561;31.0;26.25;0.414;1.456;1995.859;1.483;3.267
565661;31.0;26.25;0.400;1.492;1990.417;1.641;2.946
565761;31.0;26.25;0.570;1.447;2029.371;-0.999;3.595
565861;31.0;26.25;0.446;1.468;2001.939;1.267;3.147
565961;31.0;26.25;0.419;1.497;2000.284;1.499;2.795
566061;31.0;26.25;0.435;1.482;1966.647;1.456;3.032
566161;31.0;26.25;0.433;1.467;1997.540;1.444;3.153
566261;31.0;26.25;0.562;1.456;1998.402;-0.833;3.521
566361;31.0;26.25;0.459;1.490;1980.981;1.112;2.949
566461;31.0;26.25;0.451;1.480;2010.400;1.186;2.985
566561;31.0;26.25;0.405;1.492;1992.721;1.654;2.965
566661;31.0;26.25;0.428;1.475;1976.830;1.460;3.116
566761;30.9;26.25;0.540;1.470;2015.421;-0.639;3.199
566861;30.9;26.25;0.395;1.475;1986.366;1.696;3.157
566961;30.9;26.25;0.430;1.475;1965.203;1.427;3.198
567061;31.0;26.25;0.423;1.459;2002.167;1.417;3.238
567161;31.0;26.25;0.396;1.483;1996.061;1.677;3.005
567261;31.0;26.25;0.498;1.476;2008.596;0.496;2.931
567361;31.0;26.25;0.415;1.456;1990.069;1.508;3.255
567461;31.0;26.25;0.403;1.491;1996.762;1.604;2.929
567561;31.0;26.25;0.436;1.477;1977.963;1.422;3.085
567661;31.0;26.25;0.444;1.470;1999.049;1.295;3.165
567761;31.0;26.25;0.558;1.461;1998.845;-0.674;3.356
567861;31.0;26.18;0.422;1.472;1977.025;1.450;3.205
567961;31.0;26.18;0.421;1.460;1993.401;1.443;3.312
568061;31.1;26.18;0.397;1.485;1989.311;1.637;3.081
568161;31.1;26.18;0.437;1.478;1972.124;1.436;3.146
568261;31.0;26.18;0.536;1.477;2010.729;-0.592;3.256
568361;31.0;26.18;0.401;1.493;1997.970;1.674;2.923
568461;31.0;26.18;0.426;1.472;1968.670;1.452;3.242
568561;31.0;26.18;0.411;1.452;1989.495;1.540;3.339
568661;31.0;26.18;0.381;1.479;1993.039;1.699;3.132
568761;31.0;26.18;0.564;1.450;2021.816;-0.838;3.473
568861;31.0;26.25;0.419;1.460;1992.672;1.458;3.333
568961;31.0;26.25;0.393;1.483;1990.133;1.668;3.040
569061;31.0;26.25;0.414;1.471;1969.399;1.523;3.238
569161;31.0;26.25;0.400;1.456;1989.093;1.593;3.300
569261;31.1;26.25;0.449;1.487;1973.414;1.236;2.960
569361;31.1;26.25;0.416;1.468;1962.904;1.512;3.243
569461;31.1;26.25;0.424;1.463;1994.766;1.428;3.233
569561;31.1;26.25;0.396;1.485;1995.622;1.656;3.116
569661;31.1;26.25;0.413;1.475;1964.854;1.587;3.228
569761;31.1;26.25;0.501;1.486;2003.905;0.190;2.938
569861;31.1;26.25;0.384;1.475;1997.174;1.707;3.166
569961;31.1;26.25;0.416;1.468;1954.899;1.600;3.277
570061;31.1;26.25;0.414;1.458;1992.564;1.512;3.303
570161;31.1;26.25;0.385;1.477;1991.723;1.658;3.142
570261;31.1;26.25;0.485;1.481;2013.223;0.655;2.859
570361;31.1;26.25;0.388;1.455;1979.275;1.731;3.269
570461;31.1;26.25;0.356;1.471;1983.643;1.899;3.170
570561;31.1;26.25;0.400;1.466;1955.024;1.665;3.345
570661;31.1;26.25;0.414;1.455;1989.017;1.497;3.371
570761;31.1;26.25;0.552;1.466;1989.674;-0.575;3.463
570861;31.1;26.25;0.411;1.473;1965.729;1.520;3.272
570961;31.1;26.25;0.397;1.455;1986.608;1.601;3.373
571061;31.0;26.25;0.378;1.470;1991.744;1.683;3.317
571161;31.0;26.25;0.414;1.465;1956.870;1.593;3.386
571261;31.0;26.25;0.549;1.468;2007.985;-0.686;3.319
571361;31.0;26.25;0.393;1.484;1998.181;1.654;3.131
571461;31.0;26.25;0.408;1.469;1964.902;1.587;3.295
571561;31.0;26.25;0.388;1.454;1980.497;1.735;3.306
571661;31.0;26.25;0.336;1.477;1983.673;2.115;3.060
571761;31.1;26.25;0.431;1.461;1996.319;1.388;3.186
571861;31.1;26.25;0.375;1.464;1982.519;1.840;3.195
571961;31.1;26.25;0.356;1.476;1983.467;1.903;3.196
572061;31.1;26.25;0.386;1.463;1957.796;1.730;3.322
572161;31.1;26.25;0.367;1.457;1978.672;1.965;3.188
572261;31.1;26.25;0.445;1.483;1972.299;1.333;3.016
572361;31.1;26.25;0.392;1.461;1953.961;1.685;3.371
572461;31.1;26.25;0.404;1.456;1981.510;1.577;3.359
572561;31.1;26.25;0.381;1.475;1995.487;1.749;3.212
572661;31.1;26.25;0.418;1.474;1964.862;1.528;3.292
572761;31.1;26.25;0.452;1.504;2008.433;0.966;2.687
572861;31.1;26.25;0.356;1.475;1994.586;1.902;3.156
572961;31.1;26.25;0.362;1.465;1954.348;2.007;3.217
573061;31.1;26.25;0.378;1.465;1977.669;1.843;3.180
573161;31.1;26.25;0.342;1.476;1982.953;2.072;3.089
573261;31.1;26.25;0.427;1.461;2001.569;1.375;3.209
573361;31.1;26.25;0.333;1.465;1979.905;2.365;3.045
573461;31.1;26.25;0.284;1.478;1982.526;2.781;2.952
573561;31.1;26.25;0.351;1.469;1947.373;2.142;3.186
573661;31.1;26.25;0.380;1.463;1978.832;1.837;3.237
573761;31.1;26.25;0.439;1.484;1977.704;1.342;3.090
573861;31.1;26.25;0.406;1.475;1958.938;1.604;3.298
573961;31.1;26.25;0.383;1.459;1983.190;1.814;3.237
574061;31.1;26.25;0.352;1.476;1982.657;2.013;3.098
574161;31.1;26.25;0.388;1.469;1961.295;1.676;3.245
574261;31.1;26.25;0.434;1.503;1994.935;1.354;2.732
574361;31.1;26.25;0.353;1.471;1988.265;1.949;3.221
574461;31.1;26.25;0.378;1.466;1962.515;1.807;3.295
574561;31.1;26.25;0.344;1.467;1982.114;2.205;3.073
574661;31.1;26.25;0.244;1.490;1981.969;3.373;2.733
574761;31.1;26.25;0.431;1.461;1993.470;1.400;3.164
574861;31.1;26.25;0.303;1.472;1972.483;2.750;2.986
574961;31.1;26.25;0.317;1.474;1981.626;2.405;3.121
575061;31.2;26.25;0.371;1.468;1950.326;1.901;3.335
575161;31.2;26.25;0.351;1.464;1977.782;2.173;3.139
575261;31.2;26.25;0.398;1.457;1962.187;1.632;3.410
575361;31.2;26.25;0.368;1.470;1952.187;1.940;3.231
575461;31.2;26.25;0.357;1.461;1972.826;2.132;3.222
575561;31.1;26.25;0.337;1.478;1982.325;2.126;3.095
575661;31.1;26.25;0.378;1.474;1954.545;1.862;3.250
575761;31.3;26.25;0.409;1.492;2003.468;1.540;2.963
575861;31.3;26.25;0.267;1.488;1984.512;3.048;2.860
575961;31.3;26.25;0.275;1.477;1955.843;3.137;2.960
576061;31.2;26.25;0.272;1.478;1965.289;3.250;2.837
576161;31.2;26.25;0.316;1.483;1984.189;2.375;3.024
576261;31.2;26.25;0.433;1.461;1993.551;1.390;3.259
576361;31.2;26.25;0.282;1.473;1977.539;3.058;2.944
576461;31.2;26.25;0.227;1.499;1988.571;3.601;2.673
576561;31.2;26.25;0.297;1.477;1949.168;2.792;3.064
576661;31.2;26.25;0.298;1.473;1970.211;2.884;2.968
576761;31.2;26.25;0.426;1.475;1958.257;1.532;3.238
576861;31.2;26.25;0.379;1.471;1958.256;1.939;3.326
576961;31.2;26.25;0.335;1.463;1973.679;2.374;3.182
577061;31.2;26.25;0.183;1.506;1988.382;4.237;2.471
577161;31.2;26.25;0.246;1.486;1948.538;3.554;2.850
577261;31.2;26.25;0.390;1.476;1991.478;1.688;3.113
577361;31.2;26.25;0.320;1.480;1980.974;2.371;3.071
577461;31.2;26.25;0.361;1.471;1952.859;2.008;3.272
577561;31.1;26.25;0.298;1.472;1970.764;2.878;2.983
577661;31.1;26.25;0.222;1.498;1988.446;3.695;2.699
577761;31.1;26.25;0.401;1.453;1984.711;1.636;3.383
577861;31.1;26.25;0.205;1.501;1965.061;4.144;2.463
577961;31.1;26.25;0.256;1.492;1984.976;3.194;2.825
578061;31.1;26.25;0.336;1.472;1954.518;2.320;3.205
578161;31.1;26.25;0.316;1.469;1972.797;2.611;3.063
578261;31.2;26.25;0.391;1.460;1956.814;1.698;3.378
578361;31.2;26.25;0.201;1.509;1941.010;4.156;2.517
578461;31.2;26.25;0.230;1.495;1972.645;3.811;2.601
578561;31.1;26.25;0.227;1.500;1976.147;3.617;2.764
578661;31.1;26.25;0.324;1.477;1953.233;2.480;3.132
578761;31.1;26.25;0.387;1.481;1990.754;1.691;3.127
578861;31.1;26.25;0.255;1.492;1981.952;3.296;2.844
578961;31.1;26.25;0.257;1.487;1949.712;3.400;2.913
579061;31.1;26.25;0.199;1.503;1965.378;4.187;2.452
579161;31.1;26.25;0.212;1.503;1981.765;3.859;2.674
579261;31.1;26.25;0.411;1.450;1993.738;1.506;3.404
579361;31.1;26.25;0.214;1.494;1967.379;4.024;2.606
579461;31.1;26.25;0.342;1.541;1992.917;0.976;1.946
579561;31.2;26.25;0.368;1.533;1955.032;0.835;2.106
579661;31.2;26.25;0.294;1.526;1967.331;2.234;2.102
579761;31.2;26.25;0.404;1.462;1949.683;1.601;3.412
579861;31.2;26.25;0.269;1.490;1943.249;3.235;2.934
579961;31.2;26.25;0.240;1.486;1970.307;3.715;2.751
580061;31.1;26.25;0.194;1.535;1983.683;3.800;2.048
580161;31.1;26.25;0.237;1.528;1947.093;3.249;2.206
580261;31.2;26.25;0.364;1.471;1978.530;1.880;3.250
580361;31.2;26.25;0.260;1.492;1984.566;3.141;2.899
580461;31.2;26.25;0.338;1.476;1951.719;2.301;3.233
580561;31.1;26.25;0.287;1.480;1969.991;3.041;2.913
580661;31.1;26.25;0.163;1.528;1980.144;4.453;2.211
580761;31.1;26.25;0.388;1.455;1985.925;1.728;3.310
580861;31.1;26.25;0.281;1.541;1966.317;2.378;1.888
580961;31.1;26.25;0.191;1.558;1986.153;3.708;1.674
581061;31.1;26.25;0.382;1.528;1957.154;0.567;2.210
581161;31.1;26.25;0.380;1.526;1972.573;0.670;2.114
581261;31.2;26.25;0.382;1.468;1957.555;1.783;3.280
581361;31.2;26.25;0.178;1.556;1948.705;4.184;1.769
581461;31.2;26.25;0.262;1.541;1964.487;2.733;1.845
581561;31.1;26.25;0.379;1.540;1987.646;0.361;2.014
581661;31.1;26.25;0.221;1.497;1943.054;3.910;2.750
581761;31.2;26.25;0.368;1.478;1985.321;1.839;3.217
581861;31.2;26.25;0.163;1.530;1978.877;4.474;2.237
581961;31.2;26.25;0.214;1.524;1956.393;3.766;2.270
582061;31.3;26.25;0.369;1.530;1968.432;0.867;2.080
582161;31.3;26.25;0.105;1.564;1982.065;5.108;1.620
582261;31.3;26.25;0.316;1.465;1974.062;2.626;3.038
582361;31.3;26.25;0.484;1.518;1974.414;-1.512;2.344
582461;31.3;26.25;0.178;1.593;1995.622;3.606;1.170
582561;31.3;26.25;0.311;1.566;1968.750;1.617;1.626
582661;31.3;26.25;0.279;1.568;1976.502;2.156;1.469
582761;31.3;26.25;0.380;1.466;1954.904;1.829;3.268
582861;31.3;26.18;0.366;1.527;1946.501;0.922;2.242
582961;31.3;26.18;0.356;1.526;1967.010;1.110;2.175
583061;31.3;26.18;0.356;1.544;1985.108;0.808;2.016
583161;31.3;26.18;0.354;1.529;1957.945;1.098;2.227
583261;31.3;26.18;0.322;1.480;1985.085;2.325;3.086
583361;31.3;26.18;0.280;1.562;1983.237;2.159;1.722
583461;31.3;26.18;0.203;1.525;1948.199;4.026;2.304
583561;31.3;26.18;0.245;1.530;1972.855;3.167;2.155
583661;31.3;26.18;0.471;1.531;1991.122;-1.536;2.252
583761;31.3;26.18;0.269;1.482;1971.465;3.254;2.774
583861;31.3;26.18;0.278;1.575;1977.551;2.178;1.394
583961;31.3;26.18;0.213;1.596;2003.211;3.050;1.183
584061;31.3;26.18;0.475;1.530;1959.393;-1.334;2.329
584161;31.3;26.18;0.498;1.525;1969.592;-1.631;2.293
584261;31.3;26.18;0.373;1.470;1964.239;1.869;3.259
584361;31.3;26.18;0.463;1.525;1956.370;-1.154;2.365
584461;31.3;26.18;0.226;1.583;1975.627;3.170;1.240
584561;31.3;26.18;0.496;1.537;1991.528;-1.950;2.219
584661;31.3;26.18;0.155;1.565;1957.482;4.550;1.684
584761;31.2;26.18;0.249;1.493;1979.369;3.380;2.834
584861;31.2;26.18;0.495;1.539;1989.517;-1.907;2.176
584961;31.2;26.18;0.475;1.528;1963.567;-1.276;2.348
585061;31.2;26.18;0.466;1.527;1982.074;-1.257;2.295
585161;31.2;26.18;0.480;1.538;2000.366;-1.824;2.256
585261;31.2;26.18;0.239;1.491;1964.007;3.688;2.684
585361;31.2;26.18;0.468;1.525;1979.383;-1.228;2.310
585461;31.2;26.18;0.459;1.537;1997.480;-1.488;2.253
585561;31.2;26.18;0.319;1.564;1957.570;1.489;1.778
585661;31.2;26.18;0.487;1.528;1982.537;-1.549;2.284
585761;31.2;26.18;0.287;1.479;1942.563;3.004;3.042
585861;31.2;26.25;0.438;1.526;1949.292;-0.570;2.360
585961;31.2;26.25;0.147;1.557;1969.749;4.678;1.695
586061;31.2;26.25;0.117;1.572;1978.684;5.071;1.564
586161;31.2;26.25;0.160;1.556;1963.402;1.495;1.996
586261;31.2;26.25;0.215;1.500;1979.953;3.836;2.654
586361;31.2;26.25;0.227;1.596;1987.816;2.745;1.263
586461;31.2;26.25;0.461;1.530;1958.662;-1.119;2.374
586561;31.2;26.25;0.481;1.517;1976.151;-1.422;2.464
586661;31.2;26.25;0.478;1.541;1993.946;-1.721;2.159
586761;31.2;26.25;0.195;1.511;1967.668;4.209;2.347
586861;31.2;26.18;0.476;1.528;1987.319;-1.320;2.282
586961;31.2;26.18;0.455;1.544;2007.755;-1.153;2.146
587061;31.1;26.18;0.454;1.537;1964.312;-0.877;2.288
587161;31.1;26.18;0.479;1.523;1982.624;-1.414;2.368
587261;31.3;26.18;0.216;1.497;1948.619;3.963;2.726
587361;31.3;26.18;0.386;1.550;1969.738;0.276;2.005
587461;31.3;26.18;0.468;1.532;1993.397;-1.186;2.248
587561;31.3;26.18;0.454;1.539;2009.627;-1.176;2.280
587661;31.3;26.18;0.449;1.537;1977.705;-0.878;2.262
587761;31.3;26.18;0.231;1.539;1984.079;3.062;1.989
587861;31.3;26.25;0.438;1.543;1990.961;-0.938;2.232
587961;31.3;26.25;0.404;1.549;1973.702;-0.093;2.078
588061;31.3;26.25;0.483;1.531;1985.509;-1.512;2.286
588161;31.3;26.25;0.456;1.542;2009.916;-1.136;2.201
588261;31.4;26.25;0.237;1.529;1969.438;3.299;2.095
588361;31.4;26.25;0.464;1.533;1977.931;-1.200;2.336
588461;31.4;26.25;0.482;1.542;1999.558;-1.803;2.231
588561;31.3;26.25;0.415;1.545;1967.766;-0.238;2.152
588661;31.3;26.25;0.477;1.533;1988.440;-1.333;2.259
588761;31.2;26.25;0.204;1.521;1948.649;4.008;2.340
588861;31.2;26.25;0.457;1.540;1975.204;-1.002;2.240
588961;31.2;26.25;0.473;1.531;1980.237;-1.235;2.316
589061;31.2;26.25;0.198;1.596;1982.260;3.307;1.309
589161;31.2;26.25;0.359;1.559;1966.453;0.772;1.898
589261;31.3;26.25;0.254;1.558;1991.856;2.569;1.714
589361;31.3;26.25;0.452;1.545;2013.477;-1.066;2.161
589461;31.3;26.25;0.447;1.540;1963.214;-0.706;2.267
589561;31.3;26.25;0.479;1.534;1985.283;-1.395;2.301
589661;31.3;26.25;0.470;1.546;1998.207;-1.498;2.224
589761;31.3;26.25;0.411;1.528;1978.888;0.103;2.134
589861;31.3;26.18;0.466;1.535;1995.805;-1.098;2.271
589961;31.3;26.18;0.453;1.555;2027.072;-1.033;2.034
590061;31.4;26.18;0.447;1.549;1979.848;-0.631;2.093
590161;31.4;26.18;0.476;1.543;1997.816;-1.065;2.122
590261;31.4;26.18;0.212;1.553;1950.165;3.596;1.811
590361;31.4;26.18;0.437;1.547;1979.696;-0.486;2.151
590461;31.4;26.18;0.470;1.545;2008.756;-1.020;2.041
590561;31.3;26.18;0.468;1.548;2025.448;-1.189;2.120
590661;31.3;26.18;0.439;1.547;1964.610;-0.525;2.201
590761;31.3;26.18;0.112;1.568;1976.922;5.106;1.550
590861;31.3;26.25;0.453;1.543;2009.892;-1.115;2.258
590961;31.3;26.25;0.411;1.544;1966.691;-0.110;2.183
591061;31.3;26.25;0.486;1.531;1986.496;-1.535;2.338
591161;31.3;26.25;0.454;1.546;2009.571;-1.169;2.252
591261;31.3;26.25;0.215;1.582;1982.674;3.422;1.260
591361;31.3;26.25;0.460;1.539;1992.443;-0.983;2.228
591461;31.3;26.25;0.447;1.548;2007.057;-1.016;2.218
591561;31.3;26.25;0.432;1.545;1980.416;-0.408;2.204
591661;31.3;26.25;0.464;1.542;2007.691;-0.926;2.137
591761;31.3;26.25;0.462;1.533;1969.801;-1.141;2.317
591861;31.3;26.18;0.454;1.555;1987.403;-0.806;2.045
591961;31.3;26.18;0.461;1.543;1997.985;-0.865;2.144
592061;31.3;26.18;0.450;1.547;2007.101;-1.025;2.180
592161;31.3;26.18;0.452;1.543;1962.245;-0.827;2.333
592261;31.3;26.18;0.105;1.572;1984.371;5.130;1.559
592361;31.3;26.18;0.472;1.553;2027.142;-1.296;2.060
592461;31.3;26.18;0.455;1.547;1996.036;-0.813;2.113
592561;31.4;26.18;0.457;1.543;1989.784;-0.840;2.221
592661;31.4;26.18;0.443;1.549;2016.340;-0.910;2.172
592761;31.4;26.18;0.307;1.476;1978.372;2.710;2.998
592861;31.4;26.18;0.492;1.543;2015.598;-1.307;2.134
592961;31.4;26.18;0.518;1.550;2031.702;-1.884;2.145
593061;31.3;26.18;0.520;1.540;2006.575;-1.721;2.285
593161;31.3;26.18;0.541;1.532;2011.894;-1.933;2.333
593261;31.3;26.18;0.443;1.539;1976.527;-0.691;2.266
593361;31.3;26.18;0.446;1.552;1982.956;-0.633;2.165
593461;31.3;26.18;0.475;1.550;2002.722;-1.230;2.137
593561;31.3;26.18;0.508;1.549;2036.392;-1.743;2.152
593661;31.3;26.18;0.468;1.554;1994.048;-0.990;2.114
593761;31.3;26.18;0.181;1.604;1990.523;3.664;1.082
593861;31.3;26.18;0.443;1.554;2014.429;-0.873;2.114
593961;31.3;26.18;0.441;1.544;1977.978;-0.617;2.279
594061;31.4;26.18;0.458;1.544;1995.781;-0.814;2.167
594161;31.4;26.18;0.471;1.555;2020.302;-1.250;2.086
594261;31.4;26.18;0.480;1.532;1985.421;-1.351;2.281
594361;31.4;26.18;0.519;1.540;2008.421;-1.666;2.234
594461;31.4;26.18;0.483;1.550;2026.854;-1.389;2.157
594561;31.4;26.18;0.472;1.549;1990.207;-1.035;2.194
594661;31.4;26.18;0.523;1.541;2016.328;-1.730;2.207
594761;31.3;26.18;0.453;1.537;1976.490;-0.909;2.238
594861;31.3;26.18;0.522;1.543;2003.785;-1.700;2.288
594961;31.3;26.18;0.514;1.543;1999.902;-1.578;2.269
595061;31.3;26.18;0.490;1.552;2027.915;-1.530;2.163
595161;31.3;26.18;0.464;1.548;1990.803;-0.853;2.194
595261;31.3;26.18;0.461;1.541;2000.588;-1.491;2.243
595361;31.3;26.18;0.529;1.544;2042.437;-2.037;2.246
595461;31.3;26.18;0.518;1.542;2003.143;-1.731;2.291
595561;31.2;26.18;0.552;1.532;2021.161;-2.089;2.376
595661;31.2;26.18;0.506;1.554;2027.811;-1.709;2.168
595761;31.2;26.18;0.487;1.528;1984.476;-1.621;2.314
595861;31.2;26.25;0.531;1.539;2015.270;-1.868;2.313
595961;31.2;26.25;0.542;1.543;2042.142;-2.203;2.281
596061;31.3;26.25;0.530;1.536;2011.220;-1.791;2.407
596161;31.3;26.25;0.559;1.531;2006.335;-2.147;2.457
596261;31.4;26.25;0.441;1.544;1974.552;-0.650;2.228
596361;31.4;26.25;0.480;1.552;1994.378;-1.101;2.195
596461;31.4;26.25;0.488;1.551;2008.280;-1.220;2.143
596561;31.3;26.25;0.513;1.544;2035.260;-1.823;2.297
596661;31.3;26.25;0.511;1.543;1998.996;-1.550;2.288
596761;31.3;26.25;0.469;1.542;2001.585;-1.478;2.249
596861;31.3;26.18;0.499;1.561;2025.123;-1.647;2.118
596961;31.3;26.18;0.474;1.555;1985.511;-0.991;2.182
597061;31.4;26.18;0.511;1.542;2008.526;-1.547;2.275
597161;31.4;26.18;0.498;1.557;2027.217;-1.621;2.162
597261;31.4;26.18;0.461;1.542;2000.585;-0.960;2.155
597361;31.4;26.18;0.563;1.532;2014.670;-2.206;2.423
597461;31.4;26.18;0.555;1.539;2037.193;-2.288;2.411
597561;31.3;26.18;0.529;1.541;2009.308;-1.784;2.339
597661;31.3;26.18;0.558;1.529;2015.148;-2.118;2.510
597761;31.4;26.18;0.435;1.545;1979.193;-0.514;2.181
597861;31.4;26.25;0.552;1.525;2016.043;-1.892;2.536
597961;31.4;26.25;0.568;1.523;2029.937;-1.970;2.536
598061;31.4;26.25;0.564;1.535;2037.963;-2.345;2.496
598161;31.4;26.25;0.547;1.535;2006.461;-1.980;2.458
598261;31.4;26.25;0.453;1.543;2009.262;-1.163;2.249
598361;31.4;26.25;0.563;1.534;2046.051;-2.366;2.476
598461;31.4;26.25;0.549;1.526;2016.418;-1.802;2.557
598561;31.4;26.25;0.574;1.520;2025.223;-2.157;2.636
598661;31.4;26.25;0.563;1.537;2038.403;-2.351;2.490
598761;31.4;26.25;0.463;1.543;1992.827;-1.062;2.221
598861;31.4;26.25;0.543;1.540;2017.342;-2.031;2.375
598961;31.4;26.25;0.564;1.532;2036.565;-2.318;2.502
599061;31.4;26.25;0.543;1.539;2013.402;-1.958;2.414
599161;31.4;26.25;0.575;1.521;2031.254;-2.253;2.602
599261;31.4;26.25;0.449;1.547;1983.946;-0.689;2.174
599361;31.4;26.25;0.543;1.531;2017.091;-1.943;2.528
599461;31.4;26.25;0.574;1.525;2021.738;-2.238;2.546
599561;31.4;26.25;0.561;1.532;2045.565;-2.316;2.553
599661;31.4;26.25;0.552;1.534;2012.650;-1.883;2.516
599761;31.4;26.25;0.482;1.556;2022.127;-1.395;2.083
599861;31.4;26.25;0.580;1.524;2047.528;-2.527;2.568
599961;31.4;26.25;0.540;1.539;2003.837;-1.939;2.441
600061;31.3;26.25;0.553;1.534;2018.403;-2.100;2.460
600161;31.3;26.25;0.574;1.533;2045.026;-2.449;2.494
600261;31.4;26.25;0.459;1.548;2001.651;-0.843;2.094
600361;31.4;26.25;0.576;1.523;2020.871;-2.195;2.630
600461;31.4;26.25;0.578;1.523;2042.372;-2.281;2.649
600561;31.4;26.25;0.556;1.523;2019.780;-1.911;2.629
600661;31.4;26.25;0.571;1.519;2034.161;-1.952;2.591
600761;31.4;26.25;0.489;1.547;2003.599;-1.303;2.169
600861;31.4;26.18;0.554;1.502;2020.629;-1.571;2.926
600961;31.4;26.18;0.571;1.485;2027.254;-1.621;3.099
601061;31.4;26.18;0.574;1.506;2048.266;-2.014;2.878
601161;31.4;26.18;0.557;1.528;2010.954;-1.848;2.580
601261;31.4;26.18;0.493;1.552;2017.477;-1.521;2.203
601361;31.4;26.18;0.573;1.530;2048.528;-2.302;2.533
601461;31.4;26.18;0.550;1.531;2022.220;-1.826;2.566
601561;31.4;26.18;0.575;1.523;2020.954;-2.043;2.632
601661;31.4;26.18;0.577;1.523;2046.261;-2.282;2.670
601761;31.3;26.18;0.466;1.548;2003.794;-0.983;2.138
601861;31.3;26.25;0.556;1.536;2021.789;-2.134;2.478
601961;31.3;26.25;0.570;1.533;2039.901;-2.378;2.563
602061;31.3;26.25;0.552;1.536;2015.087;-1.872;2.551
602161;31.3;26.25;0.570;1.505;2031.671;-1.757;2.862
602261;31.3;26.25;0.448;1.545;1984.273;-0.684;2.140
602361;31.3;26.25;0.553;1.515;2014.484;-1.639;2.806
602461;31.3;26.25;0.568;1.513;2021.009;-1.780;2.848
602561;31.4;26.25;0.578;1.526;2049.392;-2.285;2.623
602661;31.4;26.25;0.549;1.536;2018.608;-1.788;2.541
602761;31.5;26.25;0.521;1.542;2033.125;-1.915;2.273
602861;31.5;26.18;0.582;1.499;2051.298;-2.021;3.025
602961;31.5;26.18;0.556;1.525;2020.010;-1.787;2.690
603061;31.5;26.18;0.570;1.522;2021.313;-1.914;2.691
603161;31.5;26.18;0.580;1.521;2049.471;-2.259;2.714
603261;31.5;26.18;0.536;1.536;2014.768;-1.861;2.349
603361;31.5;26.18;0.573;1.490;2031.480;-1.694;3.041
603461;31.5;26.18;0.578;1.477;2061.960;-1.787;3.291
603561;31.5;26.18;0.559;1.487;2018.430;-1.503;3.212
603661;31.5;26.18;0.576;1.486;2022.185;-1.586;3.154
603761;31.6;26.18;0.536;1.534;2010.106;-1.847;2.424
603861;31.6;26.18;0.557;1.493;2022.898;-1.515;3.132
603961;31.6;26.18;0.576;1.475;2018.833;-1.475;3.247
604061;31.5;26.18;0.582;1.467;2047.170;-1.732;3.383
604161;31.5;26.18;0.556;1.507;2020.789;-1.560;2.932
604261;31.5;26.18;0.517;1.553;2032.772;-1.846;2.164
604361;31.5;26.18;0.576;1.529;2039.704;-2.256;2.692
604461;31.5;26.18;0.553;1.526;2021.693;-1.725;2.677
604561;31.5;26.18;0.576;1.499;2034.407;-1.801;2.933
604661;31.5;26.18;0.580;1.505;2050.565;-1.999;2.996
604761;31.6;26.18;0.512;1.545;1997.580;-1.569;2.300
604861;31.6;26.25;0.578;1.515;2030.676;-1.970;2.799
604961;31.6;26.25;0.580;1.522;2052.991;-2.245;2.725
605061;31.6;26.25;0.553;1.517;2020.803;-1.633;2.834
605161;31.6;26.25;0.580;1.485;2028.472;-1.672;3.150
605261;31.4;26.25;0.547;1.527;2022.702;-1.808;2.483
605361;31.4;26.25;0.560;1.480;2026.000;-1.451;3.275
605461;31.4;26.25;0.583;1.480;2014.005;-1.621;3.296
605561;31.4;26.25;0.582;1.484;2047.807;-1.864;3.269
605661;31.4;26.25;0.554;1.500;2024.573;-1.468;3.058
605761;31.5;26.25;0.575;1.516;2059.027;-2.239;2.662
605861;31.5;26.18;0.582;1.456;2041.176;-1.618;3.557
605961;31.5;26.18;0.569;1.471;2024.371;-1.517;3.358
606061;31.6;26.18;0.580;1.473;2031.695;-1.621;3.355
606161;31.6;26.18;0.583;1.480;2052.014;-1.876;3.325
606261;31.6;26.18;0.576;1.517;2027.967;-2.133;2.681
606361;31.6;26.18;0.581;1.466;2024.842;-1.540;3.451
606461;31.6;26.18;0.580;1.456;2045.225;-1.549;3.569
606561;31.6;26.18;0.559;1.474;2020.708;-1.324;3.384
606661;31.6;26.18;0.583;1.466;2015.910;-1.539;3.452
606761;31.5;26.18;0.553;1.532;2012.479;-2.008;2.529
606861;31.5;26.25;0.563;1.485;2025.636;-1.481;3.279
606961;31.5;26.25;0.580;1.470;2026.337;-1.544;3.430
607061;31.5;26.25;0.580;1.454;2039.094;-1.548;3.646
607161;31.5;26.25;0.566;1.476;2023.789;-1.510;3.363
607261;31.5;26.25;0.573;1.532;2046.300;-2.438;2.528
607361;31.5;26.25;0.584;1.495;2050.925;-2.021;3.153
607461;31.5;26.25;0.553;1.518;2025.356;-1.580;2.880
607561;31.4;26.25;0.577;1.484;2030.248;-1.598;3.249
607661;31.4;26.25;0.578;1.465;2047.936;-1.594;3.507
607761;31.5;26.25;0.573;1.529;2023.359;-2.216;2.540
607861;31.5;26.18;0.583;1.494;2021.117;-1.744;3.130
607961;31.5;26.18;0.590;1.486;2053.036;-1.982;3.223
608061;31.5;26.18;0.556;1.503;2029.665;-1.514;3.076
608161;31.5;26.18;0.576;1.467;2021.609;-1.438;3.478
608261;31.5;26.18;0.558;1.502;2025.939;-1.629;2.953
608361;31.5;26.18;0.546;1.459;2017.589;-0.872;3.452
608461;31.5;26.18;0.574;1.454;2014.921;-1.211;3.543
608561;31.5;26.18;0.578;1.450;2039.110;-1.432;3.654
608661;31.5;26.18;0.563;1.465;2024.000;-1.287;3.491
608761;31.5;26.18;0.581;1.492;2053.868;-1.973;3.056
608861;31.5;26.25;0.562;1.443;2030.089;-0.969;3.564
608961;31.5;26.25;0.557;1.463;2020.023;-1.110;3.475
609061;31.5;26.25;0.574;1.461;2004.179;-1.190;3.530
609161;31.5;26.25;0.580;1.451;2040.963;-1.462;3.642
609261;31.6;26.25;0.569;1.529;2022.779;-2.089;2.558
609361;31.6;26.25;0.583;1.467;2015.806;-1.517;3.462
609461;31.6;26.25;0.586;1.450;2046.416;-1.536;3.635
609561;31.6;26.25;0.562;1.472;2026.578;-1.340;3.451
609661;31.6;26.25;0.577;1.464;2020.465;-1.413;3.545
609761;31.6;26.25;0.548;1.542;2011.419;-1.974;2.453
609861;31.6;26.18;0.566;1.470;2019.649;-1.388;3.472
609961;31.6;26.18;0.576;1.460;2021.810;-1.305;3.508
610061;31.6;26.18;0.575;1.447;2039.969;-1.263;3.680
610161;31.6;26.18;0.555;1.456;2012.337;-1.019;3.559
610261;31.6;26.18;0.579;1.516;2037.834;-2.107;2.788
610361;31.6;26.18;0.579;1.466;2040.769;-1.522;3.578
610461;31.6;26.18;0.563;1.488;2030.003;-1.494;3.273
610561;31.6;26.18;0.582;1.468;2027.317;-1.508;3.466
610661;31.6;26.18;0.578;1.450;2041.106;-1.334;3.597
610761;31.5;26.18;0.575;1.512;2024.969;-1.885;2.771
610861;31.5;26.25;0.581;1.463;2013.154;-1.337;3.535
610961;31.5;26.25;0.586;1.449;2046.219;-1.580;3.769
611061;31.5;26.25;0.561;1.471;2023.201;-1.235;3.471
611161;31.5;26.25;0.577;1.448;2016.963;-1.161;3.579
611261;31.5;26.25;0.557;1.501;2032.811;-1.607;2.982
611361;31.5;26.25;0.542;1.463;2015.992;-0.751;3.264
611461;31.5;26.25;0.561;1.453;1988.484;-0.715;3.412
611561;31.5;26.25;0.565;1.444;2017.694;-0.909;3.522
611661;31.5;26.25;0.547;1.465;2012.113;-0.804;3.393
611761;31.6;26.25;0.586;1.491;2042.094;-2.015;3.115
611861;31.6;26.25;0.550;1.451;2029.470;-0.673;3.393
611961;31.6;26.25;0.532;1.470;2011.625;-0.532;3.230
612061;31.6;26.25;0.572;1.464;2005.315;-0.972;3.541
612161;31.6;26.25;0.571;1.444;2030.699;-1.156;3.751
612261;31.6;26.25;0.569;1.514;2021.955;-1.761;2.883
612361;31.6;26.25;0.576;1.461;2021.362;-1.259;3.544
612461;31.6;26.25;0.586;1.450;2036.211;-1.505;3.781
612561;31.6;26.25;0.552;1.470;2017.807;-0.975;3.422
612661;31.6;26.25;0.562;1.450;2006.725;-0.828;3.559
612761;31.5;26.25;0.559;1.505;2020.032;-1.626;2.954
612861;31.5;26.25;0.553;1.467;2016.043;-0.998;3.490
612961;31.5;26.25;0.564;1.452;2007.164;-0.845;3.500
613061;31.5;26.25;0.555;1.456;2022.628;-0.748;3.433
613161;31.5;26.25;0.536;1.468;2012.139;-0.602;3.289
613261;31.6;26.25;0.584;1.494;2041.683;-2.026;3.214
613361;31.6;26.25;0.574;1.442;2032.387;-1.108;3.712
613461;31.6;26.25;0.554;1.465;2013.999;-0.898;3.443
613561;31.6;26.25;0.574;1.453;2022.235;-1.148;3.639
613661;31.6;26.25;0.561;1.446;2025.933;-0.881;3.623
613761;31.6;26.25;0.581;1.466;2022.011;-1.524;3.440
613861;31.6;26.25;0.567;1.453;1992.711;-0.794;3.431
613961;31.6;26.25;0.556;1.453;2022.352;-0.802;3.512
614061;31.5;26.25;0.538;1.469;2010.718;-0.588;3.274
614161;31.5;26.25;0.556;1.460;2000.886;-0.690;3.426
614261;31.5;26.25;0.565;1.468;2022.836;-1.402;3.407
614361;31.5;26.25;0.523;1.475;2008.135;-0.301;3.078
614461;31.5;26.25;0.482;1.486;1984.997;0.724;2.789
614561;31.5;26.25;0.489;1.479;2008.638;0.567;2.862
614661;31.5;26.25;0.544;1.470;2005.643;-0.707;3.278
614761;31.5;26.25;0.582;1.463;2048.700;-1.663;3.516
614861;31.5;26.18;0.567;1.450;2021.163;-0.912;3.506
614961;31.5;26.18;0.544;1.469;2007.685;-0.665;3.250
615061;31.6;26.18;0.566;1.455;1989.146;-0.779;3.487
615161;31.6;26.18;0.555;1.453;2030.049;-0.736;3.508
615261;31.6;26.18;0.580;1.483;2026.343;-1.614;3.300
615361;31.6;26.18;0.565;1.455;2009.684;-0.893;3.561
615461;31.6;26.18;0.565;1.449;2026.212;-0.869;3.572
615561;31.6;26.18;0.533;1.479;2012.800;-0.596;3.255
615661;31.6;26.18;0.565;1.459;1989.861;-0.749;3.400
615761;31.7;26.18;0.569;1.479;2017.911;-1.507;3.383
615861;31.7;26.18;0.533;1.474;2006.464;-0.507;3.270
615961;31.7;26.18;0.551;1.466;1992.759;-0.543;3.378
616061;31.6;26.18;0.566;1.448;2015.325;-0.695;3.461
616161;31.6;26.18;0.484;1.495;2006.389;0.444;2.755
616261;31.7;26.18;0.560;1.445;2033.531;-0.952;3.586
616361;31.7;26.18;0.555;1.459;2013.914;-0.669;3.394
616461;31.7;26.18;0.542;1.469;2005.376;-0.576;3.247
616561;31.6;26.18;0.562;1.459;1993.070;-0.756;3.409
616661;31.6;26.18;0.567;1.454;2018.040;-0.854;3.433
616761;31.6;26.18;0.570;1.455;2011.028;-1.081;3.528
616861;31.6;26.18;0.453;1.481;1983.402;1.195;2.947
616961;31.6;26.18;0.449;1.472;2003.474;1.183;3.107
617061;31.6;26.18;0.532;1.474;2003.283;-0.405;3.194
617161;31.6;26.18;0.559;1.456;1985.829;-0.592;3.451
617261;31.6;26.18;0.564;1.462;2022.310;-1.235;3.509
617361;31.6;26.18;0.459;1.498;2005.610;0.844;2.745
617461;31.6;26.18;0.451;1.485;1982.862;1.224;2.857
617561;31.6;26.18;0.453;1.478;1999.368;1.127;3.056
617661;31.6;26.18;0.428;1.502;1998.552;1.367;2.688
617761;31.6;26.18;0.580;1.455;2047.537;-1.498;3.630
617861;31.6;26.25;0.564;1.449;2020.348;-0.775;3.488
617961;31.6;26.25;0.511;1.484;2006.084;-0.033;3.030
618061;31.6;26.25;0.464;1.487;1984.248;1.037;2.846
618161;31.6;26.25;0.477;1.479;2009.788;0.795;2.965
618261;31.6;26.25;0.576;1.451;2012.610;-1.171;3.650
618361;31.6;26.25;0.565;1.463;1984.537;-0.706;3.399
618461;31.6;26.25;0.572;1.452;2015.254;-0.896;3.517
618561;31.7;26.25;0.546;1.473;2011.165;-0.739;3.324
618661;31.7;26.25;0.533;1.473;1992.901;-0.178;3.184
618761;31.6;26.25;0.550;1.461;2014.552;-1.003;3.528
618861;31.6;26.18;0.430;1.502;1998.402;1.352;2.733
618961;31.6;26.18;0.450;1.485;1982.207;1.249;2.914
619061;31.6;26.18;0.450;1.478;2005.658;1.179;2.988
619161;31.6;26.18;0.403;1.492;2000.596;1.647;2.858
619261;31.6;26.18;0.565;1.445;2021.623;-0.889;3.490
619361;31.6;26.18;0.420;1.458;1995.835;1.493;3.203
619461;31.6;26.18;0.397;1.488;1999.091;1.671;2.921
619561;31.6;26.18;0.436;1.483;1970.429;1.428;3.004
619661;31.6;26.18;0.451;1.478;2003.693;1.226;2.963
619761;31.6;26.18;0.567;1.455;2017.824;-1.021;3.490
619861;31.6;26.25;0.429;1.475;1975.305;1.479;3.132
619961;31.6;26.25;0.431;1.462;1990.455;1.430;3.217
620061;31.7;26.25;0.418;1.490;1989.936;1.542;2.919
620161;31.7;26.25;0.497;1.493;1984.867;0.502;2.859
620261;31.7;26.25;0.563;1.480;2029.141;-1.411;3.383
620361;31.7;26.25;0.435;1.509;2002.944;1.251;2.680
620461;31.7;26.25;0.441;1.484;1980.186;1.360;2.932
620561;31.7;26.25;0.420;1.462;2000.160;1.486;3.208
620661;31.7;26.25;0.400;1.486;1990.834;1.640;3.021
620761;31.8;26.25;0.571;1.440;2023.987;-1.056;3.745
620861;31.8;26.25;0.447;1.473;2000.735;1.253;3.138
620961;31.8;26.25;0.437;1.504;2004.560;1.237;2.724
621061;31.7;26.25;0.434;1.476;1974.531;1.439;3.120
621161;31.7;26.25;0.438;1.463;1992.928;1.337;3.265
621261;31.6;26.25;0.559;1.460;1996.962;-0.698;3.441
621361;31.6;26.25;0.456;1.491;1976.495;1.185;2.951
621461;31.6;26.25;0.465;1.481;2001.682;1.020;2.993
621561;31.6;26.25;0.416;1.499;2000.916;1.543;2.805
621661;31.6;26.25;0.438;1.477;1980.269;1.356;3.066
621761;31.5;26.25;0.546;1.467;2011.258;-0.708;3.241
621861;31.5;26.25;0.393;1.479;1984.215;1.667;3.124
621961;31.5;26.25;0.418;1.470;1967.108;1.493;3.204
622061;31.5;26.25;0.405;1.456;1992.910;1.554;3.283
622161;31.5;26.25;0.387;1.475;1991.800;1.716;3.175
622261;31.7;26.25;0.555;1.447;2012.579;-0.622;3.418
622361;31.7;26.25;0.394;1.452;1971.727;1.732;3.284
622461;31.7;26.25;0.387;1.472;1989.338;1.636;3.193
622561;31.7;26.25;0.421;1.477;1973.185;1.523;3.168
622661;31.7;26.25;0.439;1.470;1993.464;1.359;3.197
622761;31.7;26.25;0.548;1.462;1997.773;-0.509;3.421
622861;31.7;26.18;0.428;1.477;1971.572;1.458;3.131
622961;31.7;26.18;0.424;1.460;1987.543;1.456;3.306
623061;31.6;26.18;0.400;1.488;1989.535;1.639;3.037
623161;31.6;26.18;0.446;1.481;1972.088;1.319;3.136
623261;31.7;26.18;0.545;1.475;2016.060;-0.803;3.375
623361;31.7;26.18;0.418;1.502;2001.293;1.503;2.830
623461;31.7;26.18;0.428;1.476;1971.316;1.466;3.172
623561;31.7;26.18;0.411;1.456;1987.009;1.511;3.326
623661;31.7;26.18;0.382;1.471;1986.509;1.729;3.212
623761;31.7;26.18;0.552;1.457;2012.609;-0.567;3.370
623861;31.7;26.25;0.426;1.460;1983.225;1.478;3.333
623961;31.7;26.25;0.394;1.484;1998.475;1.682;3.045
624061;31.7;26.25;0.412;1.469;1971.786;1.552;3.281
624161;31.7;26.25;0.402;1.455;1981.144;1.631;3.320
624261;31.6;26.25;0.512;1.481;1984.579;0.160;3.067
624361;31.6;26.25;0.415;1.467;1963.711;1.510;3.304
624461;31.6;26.25;0.415;1.455;1985.648;1.539;3.345
624561;31.6;26.25;0.396;1.482;1992.325;1.670;3.108
624661;31.6;26.25;0.409;1.468;1964.230;1.580;3.260
624761;31.6;26.25;0.411;1.500;2000.537;1.575;2.750
624861;31.6;26.18;0.348;1.475;1993.141;2.000;3.083
624961;31.6;26.18;0.397;1.463;1955.493;1.651;3.323
625061;31.6;26.18;0.396;1.455;1974.648;1.647;3.338
625161;31.6;26.18;0.370;1.470;1987.458;1.732;3.236
625261;31.7;26.18;0.422;1.468;1991.383;1.454;3.110
625361;31.7;26.18;0.366;1.462;1968.195;1.948;3.130
625461;31.7;26.18;0.345;1.475;1976.998;2.027;3.077
625561;31.7;26.18;0.401;1.460;1967.707;1.620;3.376
625661;31.7;26.18;0.413;1.461;1986.943;1.493;3.311
625761;31.6;26.18;0.565;1.462;1993.143;-0.695;3.401
625861;31.6;26.25;0.419;1.468;1968.515;1.465;3.324
625961;31.6;26.25;0.403;1.455;1985.532;1.604;3.346
626061;31.7;26.25;0.366;1.472;1993.115;1.813;3.208
626161;31.7;26.25;0.419;1.467;1946.847;1.544;3.392
626261;31.6;26.25;0.548;1.467;2006.901;-0.732;3.398
626361;31.6;26.25;0.397;1.487;1997.626;1.640;3.086
626461;31.6;26.25;0.417;1.468;1970.793;1.499;3.320
626561;31.7;26.25;0.399;1.454;1977.658;1.640;3.394
626661;31.7;26.25;0.348;1.472;1985.655;2.072;3.047
626761;31.8;26.25;0.427;1.465;2001.046;1.411;3.189
626861;31.8;26.25;0.377;1.462;1980.115;1.829;3.241
626961;31.8;26.25;0.356;1.475;1990.254;1.924;3.183
627061;31.7;26.25;0.379;1.462;1966.251;1.812;3.318
627161;31.7;26.25;0.335;1.466;1976.357;2.311;3.043
627261;31.7;26.25;0.428;1.480;1977.566;1.467;3.039
627361;31.7;26.25;0.364;1.463;1950.565;2.030;3.286
627461;31.7;26.25;0.365;1.466;1976.305;1.981;3.165
627561;31.7;26.25;0.354;1.473;1993.272;1.950;3.208
627661;31.7;26.25;0.389;1.458;1960.928;1.716;3.397
627761;31.7;26.25;0.396;1.480;1989.737;1.664;3.099
627861;31.7;26.25;0.328;1.476;1985.125;2.222;3.088
627961;31.7;26.25;0.363;1.466;1962.949;1.964;3.230
628061;31.7;26.25;0.358;1.464;1973.743;2.080;3.172
628161;31.7;26.25;0.339;1.478;1984.808;2.134;3.077
628261;31.8;26.25;0.409;1.462;1985.472;1.512;3.264
628361;31.8;26.25;0.343;1.468;1972.379;2.217;3.094
628461;31.8;26.25;0.315;1.482;1979.080;2.417;3.024
628561;31.8;26.25;0.374;1.465;1948.678;1.908;3.305
628661;31.8;26.25;0.387;1.462;1979.096;1.830;3.241
628761;31.7;26.25;0.432;1.476;1975.105;1.461;3.190
628861;31.7;26.18;0.411;1.463;1962.017;1.523;3.422
628961;31.7;26.18;0.374;1.466;1979.646;1.885;3.237
629061;31.7;26.18;0.343;1.480;1980.348;2.064;3.094
629161;31.7;26.18;0.387;1.461;1962.399;1.749;3.445
629261;31.8;26.18;0.480;1.503;1997.385;0.584;2.831
629361;31.8;26.18;0.356;1.478;1984.980;1.942;3.172
629461;31.8;26.18;0.375;1.460;1963.324;1.884;3.359
629561;31.8;26.18;0.335;1.470;1971.477;2.406;3.045
629661;31.8;26.18;0.218;1.497;1989.813;3.707;2.678
629761;31.8;26.18;0.430;1.466;1998.477;1.380;3.107
629861;31.8;26.25;0.223;1.488;1968.887;3.857;2.643
629961;31.8;26.25;0.216;1.493;1978.062;3.792;2.780
630061;31.8;26.25;0.302;1.474;1947.398;2.829;3.018
630161;31.8;26.25;0.208;1.497;1977.768;4.035;2.527
630261;31.8;26.25;0.408;1.456;1962.693;1.525;3.369
630361;31.8;26.25;0.276;1.478;1952.334;3.167;2.968
630461;31.8;26.25;0.267;1.479;1966.990;3.252;2.886
630561;31.8;26.25;0.273;1.482;1985.013;2.944;2.945
630661;31.8;26.25;0.332;1.473;1956.531;2.430;3.083
630761;31.8;26.25;0.396;1.481;1988.759;1.661;3.113
630861;31.8;26.18;0.241;1.495;1991.400;3.365;2.743
630961;31.8;26.18;0.280;1.483;1953.467;3.102;2.909
631061;31.8;26.18;0.261;1.480;1966.590;3.344;2.865
631161;31.8;26.18;0.290;1.486;1980.308;2.746;2.938
631261;31.8;26.18;0.420;1.456;1979.216;1.471;3.359
631361;31.8;26.18;0.256;1.484;1965.603;3.436;2.783
631461;31.8;26.18;0.201;1.500;1983.476;4.045;2.672
631561;31.8;26.18;0.290;1.477;1950.242;2.946;3.073
631661;31.8;26.18;0.317;1.472;1965.010;2.612;3.062
631761;31.8;26.18;0.424;1.470;1962.831;1.499;3.296
631861;31.8;26.25;0.373;1.467;1959.120;1.882;3.334
631961;31.8;26.25;0.363;1.467;1971.981;2.047;3.220
632061;31.7;26.25;0.191;1.507;1988.851;4.122;2.544
632161;31.7;26.25;0.253;1.485;1949.145;3.499;2.881
632261;31.7;26.25;0.382;1.470;1983.304;1.696;3.250
632361;31.7;26.25;0.276;1.493;1977.882;2.962;2.870
632461;31.7;26.25;0.299;1.478;1956.776;2.836;3.058
632561;31.7;26.25;0.204;1.509;1970.516;4.080;2.326
632661;31.7;26.25;0.441;1.537;1993.150;-0.765;1.974
632761;31.7;26.25;0.352;1.463;1974.770;2.120;3.145
632861;31.7;26.25;0.443;1.523;1967.352;-0.700;2.227
632961;31.7;26.25;0.108;1.567;1990.130;5.039;1.546
633061;31.8;26.25;0.247;1.527;1954.875;3.090;2.178
633161;31.8;26.25;0.214;1.518;1961.713;3.791;2.217
633261;31.8;26.25;0.376;1.463;1959.900;1.845;3.259
633361;31.8;26.25;0.212;1.544;1955.603;3.592;1.821
633461;31.8;26.25;0.325;1.523;1968.710;1.658;2.167
633561;31.7;26.25;0.158;1.529;1973.892;4.573;2.251
633661;31.7;26.25;0.280;1.479;1946.912;3.163;3.042
633761;31.8;26.25;0.388;1.485;1991.832;1.672;3.176
633861;31.8;26.25;0.267;1.497;1984.119;3.060;2.848
633961;31.8;26.25;0.201;1.505;1949.684;4.192;2.511
634061;31.8;26.25;0.277;1.527;1968.511;2.529;2.124
634161;31.8;26.25;0.192;1.535;1980.363;3.841;2.103
634261;31.8;26.25;0.404;1.458;1982.552;1.603;3.373
634361;31.8;26.25;0.198;1.516;1967.957;4.053;2.244
634461;31.8;26.25;0.307;1.551;1987.092;1.613;1.790
634561;31.7;26.25;0.223;1.547;1962.556;3.367;1.794
634661;31.7;26.25;0.368;1.535;1965.605;0.817;2.025
634761;31.7;26.25;0.387;1.466;1952.663;1.770;3.301
634861;31.7;26.25;0.202;1.513;1952.075;4.059;2.441
634961;31.7;26.25;0.199;1.507;1968.984;4.182;2.461
635061;31.7;26.25;0.366;1.539;1987.738;0.591;2.031
635161;31.7;26.25;0.248;1.549;1955.032;2.778;1.818
635261;31.7;26.25;0.252;1.485;1985.375;3.223;2.835
635361;31.7;26.25;0.112;1.577;1990.499;4.842;1.433
635461;31.7;26.25;0.346;1.524;1950.327;1.312;2.273
635561;31.7;26.25;0.150;1.556;1974.001;4.614;1.604
635661;31.7;26.25;0.495;1.536;1995.081;-2.012;2.141
635761;31.8;26.25;0.272;1.481;1978.119;3.195;2.808
635861;31.8;26.25;0.464;1.523;1984.703;-1.212;2.319
635961;31.8;26.25;0.478;1.536;1994.504;-1.811;2.228
636061;31.8;26.25;0.472;1.520;1957.049;-1.239;2.396
636161;31.8;26.25;0.154;1.560;1970.731;4.525;1.571
636261;31.7;26.25;0.332;1.468;1951.886;2.403;3.161
636361;31.7;26.25;0.469;1.525;1954.529;-1.206;2.348
636461;31.7;26.25;0.169;1.562;1969.016;4.213;1.605
636561;31.8;26.25;0.449;1.543;1988.600;-0.894;1.992
636661;31.8;26.25;0.227;1.524;1942.859;3.605;2.320
636761;31.7;26.25;0.377;1.474;1982.447;1.744;3.309
636861;31.7;26.25;0.332;1.547;1987.383;1.243;1.963
636961;31.7;26.25;0.260;1.530;1957.592;2.900;2.149
637061;31.6;26.25;0.168;1.558;1966.982;4.375;1.618
637161;31.6;26.25;0.464;1.533;1984.806;-1.493;2.251
637261;31.7;26.25;0.371;1.462;1970.097;1.946;3.282
637361;31.7;26.25;0.202;1.559;1976.578;3.662;1.657
637461;31.7;26.25;0.178;1.603;1992.922;3.714;1.025
637561;31.8;26.25;0.453;1.522;1971.844;-0.884;2.379
637661;31.8;26.25;0.479;1.527;1986.571;-1.436;2.256
637761;31.8;26.25;0.250;1.481;1956.458;3.503;2.938
637861;31.8;26.25;0.476;1.526;1951.111;-1.264;2.329
637961;31.8;26.25;0.501;1.518;1973.989;-1.785;2.397
638061;31.8;26.25;0.169;1.600;2000.102;3.889;1.090
638161;31.8;26.25;0.404;1.534;1967.504;0.047;2.202
638261;31.8;26.25;0.164;1.523;1977.170;4.418;2.209
638361;31.8;26.25;0.479;1.541;1995.812;-1.821;2.175
638461;31.8;26.25;0.473;1.522;1954.719;-1.249;2.405
638561;31.8;26.25;0.482;1.520;1971.758;-1.432;2.403
638661;31.8;26.25;0.233;1.590;2001.526;2.620;1.347
638761;31.8;26.25;0.261;1.528;1973.285;2.842;2.045
638861;31.8;26.25;0.474;1.533;1986.584;-1.284;2.218
638961;31.8;26.25;0.454;1.539;1997.109;-1.367;2.267
639061;31.7;26.25;0.263;1.573;1953.805;2.557;1.555
639161;31.7;26.25;0.483;1.525;1979.286;-1.533;2.331
639261;31.6;26.25;0.410;1.466;1963.432;1.562;3.365
639361;31.6;26.25;0.487;1.524;1963.839;-1.500;2.372
639461;31.6;26.25;0.332;1.562;1974.125;1.240;1.707
639561;31.8;26.25;0.191;1.598;1991.181;3.514;1.152
639661;31.8;26.25;0.162;1.558;1954.957;4.486;1.765
639761;31.8;26.25;0.360;1.482;1982.818;1.890;3.146
639861;31.8;26.25;0.108;1.571;1988.313;5.120;1.677
639961;31.8;26.25;0.484;1.528;1962.483;-1.389;2.353
640061;31.8;26.25;0.473;1.530;1982.581;-1.343;2.286
640161;31.8;26.25;0.483;1.535;2000.767;-1.846;2.315
640261;31.8;26.25;0.209;1.516;1965.363;3.884;2.235
640361;31.8;26.25;0.467;1.527;1982.334;-1.069;2.333
640461;31.8;26.25;0.469;1.540;2007.000;-1.529;2.215
640561;31.8;26.25;0.449;1.534;1974.157;-0.800;2.242
640661;31.8;26.25;0.463;1.539;1995.307;-0.920;2.151
640761;31.8;26.25;0.157;1.552;1948.934;4.553;1.762
640861;31.8;26.25;0.447;1.537;1972.886;-0.719;2.244
640961;31.8;26.25;0.480;1.532;1984.965;-1.444;2.290
641061;31.9;26.25;0.471;1.541;2004.277;-1.692;2.250
641161;31.9;26.25;0.448;1.530;1974.380;-0.700;2.277
641261;31.9;26.25;0.467;1.530;1987.967;-1.509;2.198
641361;31.9;26.25;0.451;1.543;2004.310;-1.175;2.242
641461;31.9;26.25;0.456;1.529;1958.210;-0.918;2.437
641561;31.8;26.25;0.279;1.578;1982.146;2.119;1.481
641661;31.8;26.25;0.182;1.610;2001.127;3.588;1.013
641761;31.8;26.25;0.288;1.482;1971.890;2.963;2.916
641861;31.8;26.25;0.483;1.535;1993.914;-1.536;2.254
641961;31.8;26.25;0.444;1.544;2011.449;-0.970;2.192
642061;31.8;26.25;0.459;1.533;1968.579;-0.902;2.303
642161;31.8;26.25;0.466;1.536;1982.383;-1.285;2.259
642261;31.8;26.25;0.212;1.501;1952.694;4.056;2.629
642361;31.8;26.25;0.454;1.533;1970.232;-0.893;2.361
642461;31.8;26.25;0.462;1.539;1992.951;-0.982;2.200
642561;31.8;26.25;0.454;1.542;2001.902;-1.235;2.287
642661;31.8;26.25;0.450;1.534;1970.565;-0.857;2.320
642761;31.8;26.25;0.168;1.520;1985.401;4.451;2.411
642861;31.8;26.25;0.477;1.546;2002.357;-1.760;2.231
642961;31.8;26.25;0.456;1.537;1969.601;-0.946;2.298
643061;31.9;26.25;0.459;1.541;1989.137;-0.911;2.166
643161;31.9;26.25;0.442;1.554;2027.558;-0.911;2.011
643261;31.8;26.25;0.200;1.581;1976.477;3.627;1.221
643361;31.8;26.25;0.467;1.544;1998.821;-0.923;2.097
643461;31.8;26.25;0.476;1.549;2023.387;-1.352;2.104
643561;31.8;26.25;0.468;1.546;1998.614;-0.951;2.101
643661;31.8;26.25;0.498;1.543;2008.518;-1.383;2.137
643761;31.8;26.25;0.453;1.527;1969.503;-0.943;2.300
643861;31.8;26.25;0.452;1.547;1974.644;-0.665;2.110
643961;31.8;26.25;0.457;1.550;1990.466;-0.800;2.082
644061;31.8;26.25;0.444;1.547;2003.850;-0.963;2.242
644161;31.8;26.25;0.444;1.541;1972.111;-0.617;2.265
644261;31.8;26.25;0.314;1.555;1989.932;1.297;1.823
644361;31.8;26.25;0.445;1.550;2022.198;-0.997;2.150
644461;31.8;26.25;0.453;1.537;1969.191;-0.807;2.313
644561;31.8;26.25;0.478;1.535;1984.694;-1.394;2.302
644661;31.8;26.25;0.480;1.547;2007.126;-1.720;2.218
644761;31.8;26.25;0.284;1.532;1978.871;2.407;2.095
644861;31.8;26.25;0.464;1.536;1983.151;-0.984;2.274
644961;31.8;26.25;0.448;1.555;2022.165;-0.962;2.013
645061;31.8;26.25;0.451;1.544;1979.757;-0.630;2.166
645161;31.8;26.25;0.468;1.548;2001.186;-1.005;2.088
645261;31.8;26.25;0.166;1.561;1955.960;4.342;1.708
645361;31.8;26.25;0.448;1.549;1984.278;-0.601;2.148
645461;31.8;26.25;0.472;1.545;2005.268;-1.011;2.115
645561;31.8;26.25;0.490;1.547;2032.435;-1.562;2.147
645661;31.8;26.25;0.462;1.547;1986.254;-0.859;2.156
645761;31.8;26.25;0.253;1.590;1996.126;2.253;1.312
645861;31.8;26.25;0.460;1.557;2026.776;-1.110;2.058
645961;31.8;26.25;0.459;1.547;1991.346;-0.788;2.129
646061;31.7;26.25;0.495;1.544;2007.478;-1.334;2.155
646161;31.7;26.25;0.527;1.541;2045.599;-2.058;2.257
646261;31.8;26.25;0.460;1.530;1993.185;-0.980;2.230
646361;31.8;26.25;0.536;1.535;2011.211;-1.892;2.307
646461;31.8;26.25;0.516;1.546;2029.715;-1.862;2.259
646561;31.8;26.25;0.519;1.538;1999.950;-1.667;2.288
646661;31.8;26.25;0.554;1.529;2015.504;-2.096;2.399
646761;31.8;26.25;0.446;1.544;1989.092;-0.666;2.083
646861;31.8;26.25;0.512;1.547;1990.143;-1.567;2.211
646961;31.8;26.25;0.495;1.547;2003.530;-1.337;2.157
647061;31.8;26.25;0.449;1.555;2018.076;-0.937;2.134
647161;31.8;26.25;0.448;1.543;1965.950;-0.689;2.304
647261;31.9;26.25;0.103;1.571;1990.691;5.112;1.597
647361;31.9;26.25;0.462;1.558;2028.720;-1.160;2.064
647461;31.9;26.25;0.462;1.546;1993.682;-0.807;2.152
647561;31.8;26.25;0.461;1.550;1993.544;-0.869;2.142
647661;31.8;26.25;0.444;1.552;2011.261;-0.898;2.178
647761;31.8;26.25;0.211;1.557;1972.606;3.602;1.706
647861;31.8;26.25;0.487;1.548;2010.695;-1.243;2.095
647961;31.8;26.25;0.515;1.544;2036.047;-1.873;2.250
648061;31.8;26.25;0.534;1.535;2011.107;-1.834;2.329
648161;31.8;26.25;0.549;1.532;2014.181;-2.020;2.417
648261;31.8;26.25;0.446;1.534;1986.977;-0.674;2.233
648361;31.8;26.25;0.503;1.544;1996.106;-1.463;2.281
648461;31.8;26.25;0.545;1.534;2016.133;-2.022;2.352
648561;31.8;26.25;0.559;1.534;2042.323;-2.353;2.388
648661;31.8;26.25;0.552;1.527;2014.090;-1.995;2.455
648761;31.8;26.25;0.271;1.576;1993.518;2.014;1.498
648861;31.8;26.25;0.556;1.532;2041.778;-2.369;2.455
648961;31.8;26.25;0.530;1.539;2007.320;-1.813;2.316
649061;31.8;26.25;0.548;1.537;2020.049;-2.055;2.340
649161;31.8;26.25;0.563;1.531;2040.296;-2.371;2.448
649261;31.8;26.25;0.456;1.543;1991.968;-0.857;2.104
649361;31.8;26.25;0.565;1.523;2020.240;-2.078;2.527
649461;31.8;26.25;0.557;1.534;2036.635;-2.305;2.394
649561;31.8;26.25;0.522;1.543;2003.019;-1.716;2.307
649661;31.8;26.25;0.546;1.537;2013.635;-2.021;2.383
649761;31.9;26.25;0.446;1.536;1974.279;-0.646;2.230
649861;31.9;26.25;0.524;1.543;2005.767;-1.714;2.278
649961;31.9;26.25;0.529;1.542;2008.610;-1.818;2.326
650061;31.9;26.25;0.508;1.557;2033.241;-1.796;2.132
650161;31.9;26.25;0.474;1.554;1988.617;-1.006;2.175
650261;31.9;26.25;0.454;1.543;2008.399;-1.370;2.265
650361;31.9;26.25;0.524;1.551;2039.349;-1.969;2.195
650461;31.9;26.25;0.538;1.537;2011.176;-1.850;2.362
650561;31.9;26.25;0.559;1.526;2020.984;-2.131;2.499
650661;31.9;26.25;0.528;1.554;2031.241;-2.050;2.203
650761;31.9;26.25;0.461;1.539;1987.438;-0.959;2.201
650861;31.9;26.25;0.557;1.534;2020.068;-2.138;2.417
650961;31.9;26.25;0.565;1.530;2048.300;-2.357;2.482
651061;31.9;26.25;0.553;1.524;2017.660;-1.801;2.532
651161;31.9;26.25;0.567;1.512;2020.789;-1.804;2.700
651261;31.9;26.25;0.481;1.544;1991.877;-1.148;2.137
651361;31.9;26.25;0.553;1.526;2022.713;-1.755;2.514
651461;31.9;26.25;0.577;1.512;2025.863;-2.132;2.678
651561;31.9;26.25;0.577;1.514;2058.297;-2.233;2.692
651661;31.9;26.25;0.552;1.505;2021.030;-1.604;2.785
651761;31.9;26.25;0.543;1.537;2040.724;-2.213;2.321
651861;31.9;26.25;0.577;1.519;2048.883;-2.321;2.638
651961;31.9;26.25;0.557;1.525;2010.622;-1.932;2.569
652061;31.9;26.25;0.567;1.530;2017.133;-2.196;2.493
652161;31.9;26.25;0.558;1.540;2049.429;-2.405;2.414
652261;31.9;26.25;0.497;1.546;2011.790;-1.418;2.188
652361;31.9;26.25;0.574;1.525;2018.768;-2.182;2.547
652461;31.9;26.25;0.567;1.534;2041.835;-2.394;2.522
652561;31.9;26.25;0.524;1.545;2003.733;-1.845;2.350
652661;31.9;26.25;0.556;1.535;2005.515;-2.075;2.476
652761;31.8;26.25;0.441;1.547;1981.383;-0.560;2.168
652861;31.8;26.25;0.555;1.528;2015.806;-1.897;2.506
652961;31.8;26.25;0.572;1.515;2020.267;-2.042;2.686
653061;31.8;26.25;0.565;1.539;2047.030;-2.374;2.466
653161;31.8;26.25;0.543;1.539;2003.977;-1.896;2.402
653261;31.8;26.25;0.445;1.554;2020.501;-0.972;2.130
653361;31.8;26.25;0.565;1.534;2052.652;-2.424;2.494
653461;31.8;26.25;0.552;1.522;2020.237;-1.768;2.599
653561;31.8;26.25;0.576;1.505;2021.727;-1.807;2.802
653661;31.8;26.25;0.576;1.515;2052.016;-2.124;2.731
653761;31.8;26.25;0.495;1.548;2010.865;-1.351;2.148
653861;31.8;26.25;0.575;1.522;2020.845;-2.070;2.569
653961;31.8;26.25;0.575;1.501;2058.734;-2.055;2.937
654061;31.8;26.25;0.554;1.494;2031.084;-1.570;2.984
654161;31.8;26.25;0.576;1.475;2032.089;-1.603;3.204
654261;31.9;26.25;0.553;1.528;2012.634;-1.974;2.439
654361;31.9;26.25;0.555;1.495;2016.903;-1.573;3.046
654461;31.9;26.25;0.572;1.494;2022.636;-1.703;2.995
654561;31.9;26.25;0.577;1.502;2058.950;-2.062;2.910
654661;31.9;26.25;0.560;1.491;2020.777;-1.587;3.051
654761;31.9;26.25;0.562;1.531;2036.714;-2.381;2.488
654861;31.9;26.25;0.583;1.501;2054.962;-2.194;2.903
654961;31.9;26.25;0.556;1.529;2008.485;-1.945;2.585
655061;31.9;26.25;0.571;1.529;2009.387;-2.197;2.574
655161;31.9;26.25;0.567;1.539;2049.680;-2.457;2.435
655261;31.9;26.25;0.461;1.553;1996.853;-0.828;2.100
655361;31.9;26.25;0.577;1.529;2012.524;-2.115;2.583
655461;31.9;26.25;0.577;1.525;2053.755;-2.336;2.648
655561;31.8;26.25;0.556;1.531;2012.330;-1.919;2.578
655661;31.8;26.25;0.575;1.523;2025.639;-2.114;2.650
655761;31.8;26.25;0.515;1.544;2003.278;-1.619;2.291
655861;31.8;26.25;0.554;1.514;2024.291;-1.639;2.782
655961;31.8;26.25;0.580;1.492;2017.862;-1.725;3.099
656061;31.8;26.25;0.579;1.487;2059.885;-1.945;3.117
656161;31.8;26.25;0.562;1.511;2016.964;-1.772;2.845
656261;31.9;26.25;0.515;1.548;2037.216;-1.906;2.204
656361;31.9;26.25;0.575;1.518;2053.965;-2.035;2.708
656461;31.9;26.25;0.558;1.506;2029.390;-1.633;2.886
656561;31.9;26.25;0.579;1.474;2011.858;-1.557;3.346
656661;31.9;26.25;0.582;1.463;2055.971;-1.775;3.403
656761;31.9;26.25;0.571;1.522;2016.839;-2.237;2.552
656861;31.9;26.25;0.576;1.491;2020.135;-1.648;3.147
656961;31.9;26.25;0.584;1.472;2051.484;-1.815;3.378
657061;31.9;26.25;0.563;1.473;2025.066;-1.509;3.341
657161;31.9;26.25;0.575;1.459;2017.637;-1.380;3.441
657261;31.9;26.25;0.548;1.526;2011.605;-1.741;2.505
657361;31.9;26.25;0.556;1.474;2012.110;-1.304;3.357
657461;31.9;26.25;0.580;1.474;2022.058;-1.605;3.304
657561;31.9;26.25;0.576;1.494;2051.502;-1.867;3.122
657661;31.9;26.25;0.556;1.509;2014.866;-1.580;2.945
657761;31.9;26.25;0.575;1.526;2047.728;-2.265;2.638
657861;31.9;26.25;0.581;1.493;2054.096;-1.967;3.124
657961;31.9;26.25;0.553;1.523;2012.568;-1.703;2.750
658061;31.9;26.25;0.574;1.528;2018.148;-2.004;2.669
658161;31.9;26.25;0.579;1.529;2054.590;-2.348;2.662
658261;32.0;26.25;0.464;1.548;1996.423;-0.900;2.123
658361;32.0;26.25;0.577;1.509;2026.087;-1.855;2.880
658461;32.0;26.25;0.580;1.485;2063.640;-1.940;3.246
658561;31.9;26.25;0.562;1.489;2023.824;-1.534;3.197
658661;31.9;26.25;0.580;1.474;2021.206;-1.610;3.342
658761;31.9;26.25;0.544;1.537;2009.947;-1.870;2.410
658861;31.9;26.25;0.561;1.476;2026.092;-1.409;3.368
658961;31.9;26.25;0.574;1.454;2015.379;-1.302;3.528
659061;31.9;26.25;0.578;1.438;2038.085;-1.337;3.636
659161;31.9;26.25;0.566;1.462;2028.910;-1.393;3.430
659261;31.9;26.25;0.575;1.527;2046.192;-2.266;2.567
659361;31.9;26.25;0.584;1.460;2046.479;-1.644;3.487
659461;31.9;26.25;0.560;1.465;2032.200;-1.335;3.414
659561;31.9;26.25;0.571;1.452;2008.411;-1.165;3.538
659661;31.9;26.25;0.579;1.438;2040.090;-1.398;3.710
659761;31.8;26.25;0.575;1.512;2017.658;-1.929;2.741
659861;31.8;26.25;0.579;1.472;2023.643;-1.378;3.444
659961;31.8;26.25;0.583;1.465;2041.838;-1.673;3.491
660061;31.8;26.25;0.569;1.469;2024.531;-1.460;3.362
660161;31.8;26.25;0.580;1.457;2015.857;-1.379;3.519
660261;31.9;26.25;0.557;1.505;2020.224;-1.637;2.849
660361;31.9;26.25;0.566;1.471;2019.516;-1.389;3.412
660461;31.9;26.25;0.577;1.474;2015.561;-1.577;3.418
660561;31.9;26.25;0.585;1.477;2046.336;-1.829;3.371
660661;31.9;26.25;0.563;1.495;2027.181;-1.585;3.115
660761;31.9;26.25;0.575;1.528;2046.666;-2.385;2.578
660861;31.9;26.25;0.578;1.465;2047.085;-1.640;3.526
660961;31.9;26.25;0.560;1.485;2024.938;-1.464;3.291
661061;31.9;26.25;0.577;1.493;2024.888;-1.690;3.202
661161;31.9;26.25;0.584;1.491;2052.162;-1.949;3.178
661261;31.9;26.25;0.575;1.529;2019.524;-2.071;2.568
661361;31.9;26.25;0.579;1.468;2021.919;-1.467;3.444
661461;31.9;26.25;0.581;1.450;2047.300;-1.488;3.616
661561;31.9;26.25;0.560;1.465;2015.931;-1.190;3.468
661661;31.9;26.25;0.578;1.448;2004.938;-1.208;3.619
661761;31.9;26.25;0.560;1.505;2020.072;-1.672;2.864
661861;31.9;26.25;0.538;1.469;2020.566;-0.675;3.202
661961;31.9;26.25;0.548;1.461;1999.612;-0.605;3.313
662061;31.9;26.25;0.554;1.445;2023.361;-0.766;3.395
662161;31.9;26.25;0.545;1.463;1999.734;-0.732;3.252
662261;31.9;26.25;0.582;1.472;2049.031;-1.853;3.317
662361;31.9;26.25;0.567;1.438;2031.841;-1.042;3.691
662461;31.9;26.25;0.563;1.464;2014.760;-1.182;3.451
662561;31.9;26.25;0.562;1.455;2004.269;-0.933;3.515
662661;31.9;26.25;0.561;1.441;2033.305;-0.945;3.607
662761;31.9;26.25;0.571;1.507;2017.967;-1.764;2.876
662861;31.9;26.25;0.583;1.458;2007.107;-1.431;3.594
662961;31.9;26.25;0.585;1.463;2050.755;-1.667;3.534
663061;31.9;26.25;0.564;1.485;2031.560;-1.462;3.309
663161;31.9;26.25;0.578;1.476;2018.956;-1.476;3.442
663261;32.0;26.25;0.559;1.516;2016.841;-1.753;2.779
663361;32.0;26.25;0.557;1.462;2021.763;-1.070;3.431
663461;32.0;26.25;0.578;1.458;2014.615;-1.254;3.528
663561;32.0;26.25;0.585;1.450;2044.057;-1.530;3.712
663661;32.0;26.25;0.565;1.464;2024.533;-1.323;3.534
663761;31.9;26.25;0.583;1.485;2060.181;-1.912;3.179
663861;31.9;26.25;0.565;1.441;2038.861;-1.012;3.608
663961;31.9;26.25;0.556;1.459;2012.667;-0.979;3.477
664061;31.9;26.25;0.569;1.451;2005.196;-0.998;3.589
664161;31.9;26.25;0.569;1.445;2037.694;-1.123;3.633
664261;31.9;26.25;0.575;1.482;2024.361;-1.547;3.234
664361;31.9;26.25;0.567;1.456;2000.020;-1.003;3.588
664461;31.9;26.25;0.552;1.452;2030.377;-0.721;3.384
664561;32.0;26.25;0.539;1.464;2011.600;-0.566;3.176
664661;32.0;26.25;0.547;1.462;1992.438;-0.507;3.192
664761;32.0;26.25;0.565;1.470;2023.867;-1.414;3.363
664861;32.0;26.25;0.481;1.490;2007.078;0.447;2.755
664961;32.0;26.25;0.506;1.480;1988.096;0.301;2.839
665061;31.9;26.25;0.486;1.480;2013.879;0.596;2.714
665161;31.9;26.25;0.472;1.490;1999.747;0.639;2.740
665261;31.9;26.25;0.581;1.443;2038.801;-1.489;3.652
665361;31.9;26.25;0.571;1.446;2026.830;-0.957;3.464
665461;31.9;26.25;0.547;1.461;2015.371;-0.857;3.491
665561;31.9;26.25;0.573;1.454;2000.470;-1.078;3.604
665661;31.9;26.25;0.565;1.447;2038.542;-0.989;3.561
665761;31.9;26.25;0.579;1.473;2018.172;-1.518;3.383
665861;31.9;26.25;0.568;1.459;2006.845;-1.023;3.545
665961;31.9;26.25;0.586;1.450;2039.889;-1.505;3.763
666061;32.0;26.25;0.563;1.468;2025.539;-1.262;3.576
666161;32.0;26.25;0.578;1.459;2016.887;-1.229;3.593
666261;32.0;26.25;0.561;1.503;2025.453;-1.648;2.983
666361;32.0;26.25;0.542;1.467;2015.339;-0.665;3.277
666461;32.0;26.25;0.561;1.465;1994.997;-0.804;3.340
666561;32.0;26.25;0.562;1.442;2015.629;-0.778;3.501
666661;32.0;26.25;0.537;1.467;2001.869;-0.555;3.316
666761;32.0;26.25;0.586;1.476;2057.190;-1.905;3.330
666861;32.0;26.25;0.553;1.454;2023.091;-0.605;3.276
666961;32.0;26.25;0.458;1.499;2003.748;0.854;2.636
667061;32.0;26.25;0.552;1.465;1982.039;-0.501;3.229
667161;32.0;26.25;0.512;1.463;2015.293;0.119;3.098
667261;31.9;26.25;0.577;1.458;2012.762;-1.355;3.547
667361;31.9;26.25;0.551;1.464;1986.458;-0.514;3.263
667461;31.9;26.25;0.497;1.473;2008.303;0.460;2.913
667561;32.0;26.25;0.417;1.491;2002.209;1.474;2.774
667661;32.0;26.25;0.439;1.479;1978.702;1.332;2.986
667761;32.0;26.25;0.563;1.470;2022.766;-1.471;3.359
667861;32.0;26.18;0.447;1.503;1998.563;1.068;2.634
667961;32.0;26.18;0.484;1.492;1974.236;0.731;2.751
668061;31.9;26.18;0.455;1.475;2007.049;1.134;2.939
668161;31.9;26.18;0.425;1.499;2003.763;1.402;2.670
668261;31.9;26.18;0.574;1.440;2031.127;-1.181;3.725
668361;31.9;26.18;0.554;1.447;2014.370;-0.608;3.472
668461;31.9;26.18;0.539;1.472;2018.543;-0.592;3.254
668561;32.1;26.18;0.568;1.456;2005.168;-0.930;3.626
668661;32.1;26.18;0.558;1.451;2031.367;-0.797;3.550
668761;32.0;26.18;0.582;1.463;2015.791;-1.425;3.481
668861;32.0;26.25;0.558;1.460;1989.338;-0.627;3.393
668961;32.0;26.25;0.556;1.456;2023.616;-0.726;3.475
669061;32.0;26.25;0.550;1.468;2015.619;-0.771;3.345
669161;32.0;26.25;0.553;1.468;1994.985;-0.588;3.370
669261;32.0;26.25;0.561;1.467;2028.449;-1.294;3.468
669361;32.0;26.25;0.439;1.496;2007.808;1.218;2.662
669461;32.0;26.25;0.431;1.480;1971.931;1.425;2.979
669561;32.0;26.25;0.431;1.458;1994.644;1.358;3.199
669661;32.0;26.25;0.419;1.490;1996.375;1.507;2.794
669761;32.0;26.25;0.559;1.449;2034.032;-0.886;3.457
669861;32.0;26.18;0.431;1.462;1993.504;1.381;3.143
669961;32.0;26.18;0.393;1.470;1992.609;1.614;3.091
670061;32.0;26.18;0.413;1.466;1964.746;1.530;3.158
670161;32.0;26.18;0.423;1.457;1992.712;1.432;3.213
670261;32.0;26.18;0.568;1.449;2005.605;-1.064;3.589
670361;32.0;26.18;0.435;1.484;1977.308;1.406;2.937
670461;32.0;26.18;0.436;1.465;2001.548;1.352;3.097
670561;32.0;26.18;0.406;1.489;2003.257;1.621;2.873
670661;32.0;26.18;0.432;1.475;1962.419;1.438;3.133
670761;31.9;26.18;0.542;1.463;2011.920;-0.715;3.321
670861;31.9;26.25;0.438;1.498;1996.178;1.250;2.789
670961;31.9;26.25;0.477;1.488;1982.768;0.823;2.844
671061;32.0;26.25;0.451;1.475;2004.217;1.225;2.963
671161;32.0;26.25;0.410;1.483;2002.069;1.604;2.919
671261;32.0;26.25;0.556;1.448;2029.504;-0.770;3.502
671361;32.0;26.25;0.469;1.480;2000.284;0.955;2.922
671461;32.0;26.25;0.523;1.482;1996.950;-0.156;3.091
671561;32.0;26.25;0.554;1.464;1989.626;-0.646;3.421
671661;32.0;26.25;0.565;1.449;2022.902;-0.785;3.500
671761;32.0;26.25;0.573;1.461;2011.684;-1.240;3.590
671861;32.0;26.25;0.442;1.485;1976.460;1.309;2.996
671961;32.0;26.25;0.445;1.471;1997.592;1.264;3.111
672061;32.0;26.25;0.479;1.498;2009.675;0.514;2.829
672161;32.0;26.25;0.476;1.493;1982.397;0.835;2.840
672261;32.0;26.25;0.542;1.464;2020.393;-0.731;3.354
672361;32.0;26.25;0.396;1.476;1993.172;1.648;3.044
672461;32.0;26.25;0.412;1.463;1972.595;1.454;3.248
672561;32.0;26.25;0.388;1.452;1976.242;1.695;3.234
672661;32.0;26.25;0.371;1.459;1982.685;1.757;3.278
672761;32.0;26.25;0.442;1.468;2001.262;1.296;3.000
672861;32.0;26.25;0.408;1.453;1986.930;1.544;3.299
672961;32.0;26.25;0.376;1.462;1985.388;1.729;3.282
673061;32.0;26.25;0.396;1.462;1956.854;1.573;3.321
673161;32.0;26.25;0.399;1.453;1982.892;1.594;3.312
673261;32.0;26.25;0.502;1.484;1979.376;0.355;2.950
673361;32.0;26.25;0.423;1.468;1959.665;1.535;3.230
673461;32.0;26.25;0.432;1.464;1998.041;1.374;3.221
673561;32.0;26.25;0.402;1.484;1991.701;1.680;2.995
673661;32.0;26.25;0.428;1.475;1970.261;1.473;3.191
673761;32.1;26.25;0.541;1.465;2007.460;-0.641;3.355
673861;32.1;26.25;0.404;1.490;1990.625;1.648;2.979
673961;32.1;26.25;0.438;1.482;1975.902;1.365;3.019
674061;32.1;26.25;0.434;1.467;2004.391;1.319;3.215
674161;32.1;26.25;0.404;1.483;1991.241;1.623;3.002
674261;32.1;26.25;0.568;1.447;2027.187;-0.906;3.471
674361;32.1;26.25;0.419;1.456;1992.454;1.517;3.287
674461;32.1;26.25;0.406;1.494;1993.086;1.681;2.871
674561;32.1;26.25;0.431;1.481;1977.852;1.454;3.107
674661;32.1;26.25;0.436;1.467;1994.653;1.368;3.186
674761;32.1;26.25;0.553;1.459;2001.194;-0.616;3.383
674861;32.1;26.25;0.408;1.468;1961.405;1.570;3.265
674961;32.1;26.25;0.399;1.452;1986.376;1.588;3.288
675061;32.1;26.25;0.378;1.476;1984.507;1.720;3.139
675161;32.1;26.25;0.407;1.464;1966.835;1.567;3.315
675261;32.0;26.25;0.425;1.506;2001.131;1.395;2.674
675361;32.0;26.25;0.349;1.468;1990.003;1.929;3.151
675461;32.0;26.25;0.363;1.464;1955.373;1.965;3.147
675561;32.1;26.25;0.323;1.462;1980.172;2.459;2.966
675661;32.1;26.25;0.335;1.471;1976.274;2.146;3.068
675761;32.1;26.25;0.439;1.463;2000.314;1.305;3.117
675861;32.1;26.25;0.366;1.454;1985.268;1.896;3.203
675961;32.1;26.25;0.363;1.468;1995.720;1.797;3.228
676061;32.0;26.25;0.373;1.463;1954.481;1.852;3.255
676161;32.0;26.25;0.380;1.453;1975.133;1.803;3.283
676261;32.0;26.25;0.561;1.455;1989.895;-0.716;3.396
676361;32.0;26.25;0.421;1.472;1962.092;1.509;3.225
676461;32.0;26.25;0.429;1.465;1993.290;1.453;3.297
676561;32.1;26.25;0.398;1.476;1992.718;1.587;3.219
676661;32.1;26.25;0.428;1.475;1971.743;1.450;3.262
676761;32.1;26.25;0.464;1.506;2001.362;0.818;2.654
676861;32.1;26.18;0.385;1.475;1991.513;1.728;3.146
676961;32.1;26.18;0.420;1.471;1965.092;1.528;3.292
677061;32.1;26.18;0.408;1.459;1994.845;1.566;3.305
677161;32.1;26.18;0.381;1.474;1990.323;1.705;3.245
677261;32.0;26.18;0.472;1.484;2008.211;0.873;2.820
677361;32.0;26.18;0.357;1.463;1982.108;2.038;3.116
677461;32.0;26.18;0.355;1.472;1979.016;1.927;3.193
677561;32.0;26.18;0.391;1.460;1962.367;1.669;3.353
677661;32.0;26.18;0.388;1.456;1979.712;1.711;3.332
677761;32.0;26.18;0.438;1.478;1976.449;1.378;3.074
677861;32.0;26.25;0.348;1.466;1965.117;2.116;3.119
677961;32.0;26.25;0.306;1.465;1974.159;2.727;3.018
678061;32.0;26.25;0.289;1.481;1976.337;2.705;2.950
678161;32.0;26.25;0.357;1.466;1952.615;2.040;3.224
678261;32.1;26.25;0.403;1.494;1998.447;1.618;2.843
678361;32.1;26.25;0.327;1.478;1987.074;2.197;3.020
678461;32.1;26.25;0.349;1.464;1950.015;2.327;3.157
678561;32.0;26.25;0.287;1.468;1972.742;3.012;2.904
678661;32.0;26.25;0.201;1.496;1980.365;4.001;2.563
678761;32.0;26.25;0.412;1.457;1989.674;1.504;3.230
678861;32.0;26.25;0.356;1.462;1966.123;2.068;3.151
678961;32.0;26.25;0.361;1.474;1987.051;1.856;3.195
679061;32.0;26.25;0.395;1.465;1959.646;1.650;3.349
679161;32.0;26.25;0.353;1.465;1973.692;2.112;3.096
679261;32.0;26.25;0.442;1.487;1963.979;1.359;3.010
679361;32.0;26.25;0.402;1.463;1959.763;1.620;3.416
679461;32.0;26.25;0.405;1.457;1988.093;1.622;3.316
679561;32.0;26.25;0.394;1.481;1987.590;1.672;3.160
679661;32.0;26.25;0.419;1.475;1958.944;1.491;3.285
679761;32.0;26.25;0.459;1.507;2005.881;0.936;2.562
679861;32.0;26.25;0.341;1.473;1993.732;2.069;3.121
679961;32.0;26.25;0.376;1.466;1951.576;1.824;3.326
680061;32.0;26.25;0.348;1.461;1970.395;2.220;3.135
680161;32.0;26.25;0.301;1.481;1982.910;2.582;2.943
680261;32.0;26.25;0.407;1.455;1995.390;1.504;3.264
680361;32.0;26.25;0.196;1.499;1973.693;4.163;2.365
680461;32.0;26.25;0.430;1.533;1981.289;-0.628;1.962
680561;32.1;26.25;0.212;1.498;1948.404;3.991;2.556
680661;32.1;26.25;0.218;1.492;1972.472;3.925;2.529
680761;32.1;26.25;0.417;1.468;1958.272;1.536;3.241
680861;32.1;26.25;0.309;1.471;1953.965;2.677;3.098
680961;32.1;26.25;0.231;1.486;1979.480;3.702;2.659
681061;32.1;26.25;0.156;1.519;1991.890;4.496;2.134
681161;32.1;26.25;0.271;1.478;1935.735;3.203;2.979
681261;32.1;26.25;0.378;1.465;1985.298;1.722;3.286
681361;32.1;26.25;0.313;1.479;1991.455;2.398;3.050
681461;32.1;26.25;0.348;1.472;1956.258;2.150;3.180
681561;32.0;26.25;0.291;1.474;1969.643;2.942;2.889
681661;32.0;26.25;0.189;1.503;1983.079;4.152;2.494
681761;32.1;26.25;0.410;1.453;1987.399;1.564;3.306
681861;32.1;26.18;0.325;1.467;1971.011;2.475;3.066
681961;32.1;26.18;0.327;1.479;1978.407;2.263;3.089
682061;32.0;26.18;0.370;1.466;1957.088;1.873;3.299
682161;32.0;26.18;0.345;1.464;1981.497;2.235;3.167
682261;32.0;26.18;0.427;1.476;1970.245;1.479;3.159
682361;32.0;26.18;0.356;1.466;1949.628;2.053;3.272
682461;32.0;26.18;0.348;1.465;1979.542;2.188;3.128
682561;32.1;26.18;0.340;1.479;1989.221;2.081;3.125
682661;32.1;26.18;0.378;1.464;1962.319;1.831;3.362
682761;32.2;26.18;0.389;1.478;1991.035;1.712;3.092
682861;32.2;26.25;0.165;1.515;1982.590;4.440;2.302
682961;32.2;26.25;0.218;1.518;1957.142;3.658;2.210
683061;32.1;26.25;0.258;1.519;1973.747;2.842;2.113
683161;32.1;26.25;0.292;1.551;1983.255;1.908;1.751
683261;32.1;26.25;0.328;1.467;1973.584;2.399;3.006
683361;32.1;26.25;0.222;1.549;1981.558;3.174;1.637
683461;32.1;26.25;0.168;1.597;1993.887;3.867;0.959
683561;32.0;26.25;0.449;1.515;1951.519;-0.877;2.383
683661;32.0;26.25;0.325;1.530;1969.235;1.528;1.948
683761;32.0;26.25;0.393;1.459;1965.686;1.644;3.404
683861;32.0;26.18;0.254;1.488;1950.993;3.397;2.856
683961;32.0;26.18;0.235;1.522;1970.204;3.327;2.106
684061;32.0;26.18;0.439;1.535;1982.093;-0.708;2.002
684161;32.0;26.18;0.197;1.511;1954.099;4.142;2.412
684261;32.1;26.18;0.396;1.476;1981.045;1.642;3.257
684361;32.1;26.18;0.283;1.485;1979.743;2.856;2.965
684461;32.1;26.18;0.317;1.474;1955.301;2.582;3.158
684561;32.1;26.18;0.263;1.481;1970.183;3.397;2.786
684661;32.1;26.18;0.161;1.521;1980.803;4.543;2.244
684761;32.1;26.18;0.377;1.455;1970.680;1.892;3.246
684861;32.1;26.25;0.202;1.499;1967.659;4.162;2.493
684961;32.1;26.25;0.250;1.492;1981.325;3.314;2.824
685061;32.1;26.25;0.298;1.474;1954.902;2.811;3.128
685161;32.1;26.25;0.196;1.502;1972.636;4.231;2.435
685261;32.0;26.25;0.371;1.463;1955.086;1.924;3.295
685361;32.0;26.25;0.238;1.526;1957.538;3.249;2.204
685461;32.0;26.25;0.324;1.525;1966.536;1.687;2.104
685561;32.1;26.25;0.401;1.540;1981.670;-0.051;1.948
685661;32.1;26.25;0.198;1.516;1958.832;4.048;2.327
685761;32.1;26.25;0.380;1.466;1985.131;1.715;3.261
685861;32.1;26.25;0.205;1.588;1991.593;3.253;1.157
685961;32.1;26.25;0.321;1.561;1964.307;1.459;1.630
686061;32.1;26.25;0.464;1.521;1980.936;-1.252;2.287
686161;32.1;26.25;0.493;1.532;1987.648;-1.918;2.197
686261;32.1;26.25;0.247;1.479;1967.132;3.540;2.737
686361;32.1;26.25;0.467;1.519;1980.704;-1.272;2.276
686461;32.1;26.25;0.471;1.536;2001.935;-1.610;2.112
686561;32.1;26.25;0.405;1.536;1960.765;-0.097;2.113
686661;32.1;26.25;0.193;1.583;1972.506;3.717;1.140
686761;32.1;26.25;0.364;1.466;1955.560;1.978;3.235
686861;32.1;26.25;0.205;1.518;1946.692;4.021;2.381
686961;32.1;26.25;0.292;1.527;1973.928;2.244;2.075
687061;32.1;26.25;0.103;1.565;1987.724;5.075;1.526
687161;32.1;26.25;0.187;1.555;1950.561;4.084;1.769
687261;32.2;26.25;0.352;1.470;1979.295;1.982;3.201
687361;32.2;26.25;0.221;1.501;1973.346;3.771;2.754
687461;32.2;26.25;0.278;1.483;1946.146;3.145;3.012
687561;32.1;26.25;0.202;1.514;1974.620;4.117;2.322
687661;32.1;26.25;0.389;1.541;1992.105;0.168;1.995
687761;32.2;26.25;0.340;1.464;1981.648;2.253;3.111
687861;32.2;26.18;0.496;1.517;1971.532;-1.629;2.337
687961;32.2;26.18;0.470;1.533;1985.605;-1.607;2.210
688061;32.1;26.18;0.176;1.561;1954.591;4.254;1.677
688161;32.1;26.18;0.497;1.521;1977.162;-1.653;2.268
688261;32.1;26.18;0.241;1.486;1957.278;3.570;2.769
688361;32.1;26.18;0.456;1.526;1967.243;-0.965;2.278
688461;32.1;26.18;0.483;1.525;1993.007;-1.595;2.252
688561;32.1;26.18;0.469;1.537;2001.082;-1.627;2.181
688661;32.1;26.18;0.309;1.569;1959.210;1.663;1.581
688761;32.0;26.18;0.244;1.489;1982.658;3.364;2.802
688861;32.0;26.25;0.263;1.583;1993.646;2.091;1.322
688961;32.0;26.25;0.449;1.527;1969.658;-0.912;2.288
689061;32.1;26.25;0.457;1.531;1994.669;-1.000;2.137
689161;32.1;26.25;0.467;1.537;1997.529;-1.479;2.258
689261;32.1;26.25;0.198;1.503;1975.179;4.161;2.369
689361;32.1;26.25;0.477;1.525;1985.650;-1.426;2.275
689461;32.1;26.25;0.473;1.531;2000.185;-1.645;2.280
689561;32.2;26.25;0.449;1.528;1971.527;-0.838;2.316
689661;32.2;26.25;0.461;1.526;1981.621;-1.146;2.297
689761;32.1;26.25;0.288;1.478;1941.120;3.013;3.032
689861;32.1;26.25;0.171;1.559;1952.884;4.234;1.732
689961;32.1;26.25;0.366;1.534;1971.433;0.892;2.016
690061;32.2;26.25;0.226;1.560;1986.472;3.025;1.758
690161;32.2;26.25;0.470;1.518;1956.177;-1.257;2.441
690261;32.1;26.25;0.214;1.495;1977.511;3.845;2.694
690361;32.1;26.25;0.105;1.568;1985.843;5.146;1.618
690461;32.1;26.25;0.419;1.528;1950.266;-0.035;2.298
690561;32.0;26.25;0.493;1.518;1982.833;-1.641;2.338
690661;32.0;26.25;0.455;1.539;1994.026;-1.376;2.231
690761;32.1;26.25;0.260;1.522;1980.048;2.802;2.054
690861;32.1;26.25;0.456;1.529;1995.252;-0.821;2.184
690961;32.1;26.25;0.448;1.543;2013.891;-1.019;2.096
691061;32.1;26.25;0.433;1.535;1970.829;-0.489;2.172
691161;32.1;26.25;0.461;1.535;1997.530;-0.961;2.117
691261;32.1;26.25;0.291;1.520;1952.240;2.289;2.145
691361;32.1;26.25;0.445;1.539;1984.263;-0.663;2.083
691461;32.1;26.25;0.466;1.535;2001.661;-0.958;2.118
691561;32.1;26.25;0.447;1.543;2018.128;-1.087;2.099
691661;32.1;26.25;0.449;1.537;1966.075;-0.883;2.222
691761;32.0;26.25;0.166;1.529;1973.881;4.284;2.129
691861;32.0;26.18;0.451;1.548;2009.577;-1.141;2.070
691961;32.0;26.18;0.457;1.534;1974.639;-0.990;2.256
692061;32.1;26.18;0.460;1.532;1995.817;-1.008;2.208
692161;32.1;26.18;0.448;1.539;2009.560;-1.105;2.165
692261;32.1;26.18;0.318;1.538;1977.619;1.664;1.890
692361;32.1;26.18;0.475;1.532;1988.831;-1.322;2.227
692461;32.1;26.18;0.454;1.539;2003.513;-1.139;2.238
692561;32.1;26.18;0.444;1.540;1977.052;-0.694;2.191
692661;32.1;26.18;0.457;1.534;1991.827;-0.875;2.143
692761;32.0;26.18;0.274;1.485;1950.551;3.149;2.947
692861;32.0;26.25;0.479;1.524;1953.888;-1.402;2.426
692961;32.0;26.25;0.284;1.567;1969.623;2.227;1.553
693061;32.0;26.25;0.187;1.608;2000.366;3.529;0.993
693161;32.0;26.25;0.317;1.569;1963.204;1.646;1.673
693261;32.1;26.25;0.428;1.535;1978.350;-0.491;2.107
693361;32.1;26.25;0.455;1.540;2013.315;-1.213;2.208
693461;32.1;26.25;0.446;1.532;1965.363;-0.702;2.300
693561;32.1;26.25;0.473;1.529;1986.685;-1.224;2.266
693661;32.1;26.25;0.441;1.545;2019.426;-0.913;2.134
693761;32.2;26.25;0.469;1.517;1991.753;-1.374;2.347
693861;32.2;26.25;0.511;1.534;2016.887;-1.651;2.159
693961;32.2;26.25;0.487;1.548;2019.650;-1.510;2.068
694061;32.1;26.25;0.476;1.545;1986.100;-1.085;2.099
694161;32.1;26.25;0.483;1.541;1997.419;-1.181;2.092
694261;32.2;26.25;0.462;1.520;1955.879;-1.120;2.373
694361;32.2;26.25;0.449;1.547;1986.111;-0.720;2.066
694461;32.2;26.25;0.515;1.531;2007.951;-1.593;2.225
694561;32.2;26.25;0.477;1.552;2027.883;-1.366;2.029
694661;32.2;26.25;0.433;1.547;1979.453;-0.446;2.101
694761;32.2;26.25;0.399;1.536;1980.002;-0.022;2.039
694861;32.2;26.18;0.453;1.547;2007.742;-1.135;2.112
694961;32.2;26.18;0.448;1.533;1970.703;-0.775;2.324
695061;32.2;26.18;0.457;1.536;1994.442;-0.721;2.083
695161;32.2;26.18;0.448;1.545;2009.006;-0.977;2.173
695261;32.2;26.18;0.224;1.490;1959.925;3.929;2.643
695361;32.2;26.18;0.462;1.535;1995.467;-0.985;2.227
695461;32.2;26.18;0.454;1.543;2014.476;-1.180;2.239
695561;32.2;26.18;0.443;1.541;1976.991;-0.731;2.215
695661;32.2;26.18;0.459;1.539;2003.259;-0.880;2.138
695761;32.2;26.18;0.150;1.556;1950.979;4.587;1.760
695861;32.2;26.18;0.436;1.543;1978.821;-0.541;2.188
695961;32.2;26.18;0.455;1.543;1990.064;-0.814;2.140
696061;32.2;26.18;0.450;1.542;2013.100;-1.078;2.230
696161;32.2;26.18;0.434;1.542;1981.438;-0.514;2.209
696261;32.2;26.18;0.203;1.590;1995.536;3.177;1.205
696361;32.2;26.18;0.494;1.546;2026.737;-1.551;2.121
696461;32.2;26.18;0.475;1.546;1989.830;-1.072;2.140
696561;32.2;26.18;0.485;1.543;2006.110;-1.213;2.111
696661;32.2;26.18;0.471;1.550;2033.622;-1.300;2.095
696761;32.1;26.18;0.478;1.522;1986.274;-1.384;2.308
696861;32.1;26.18;0.542;1.525;2021.655;-2.002;2.352
696961;32.1;26.18;0.564;1.524;2045.738;-2.395;2.422
697061;32.1;26.18;0.520;1.539;2001.088;-1.772;2.288
697161;32.1;26.18;0.540;1.523;2012.972;-1.989;2.424
697261;32.2;26.18;0.450;1.531;1967.705;-0.881;2.311
697361;32.2;26.18;0.477;1.544;1997.803;-1.113;2.154
697461;32.2;26.18;0.527;1.535;2017.394;-1.824;2.245
697561;32.1;26.18;0.517;1.543;2028.128;-1.915;2.196
697661;32.1;26.18;0.463;1.549;1986.786;-0.898;2.095
697761;32.1;26.18;0.488;1.537;1985.974;-1.840;2.196
697861;32.1;26.25;0.444;1.552;2013.255;-0.971;2.154
697961;32.1;26.25;0.445;1.542;1983.734;-0.698;2.238
698061;32.2;26.25;0.456;1.542;2002.495;-0.839;2.140
698161;32.2;26.25;0.461;1.551;2018.305;-1.039;2.065
698261;32.2;26.25;0.222;1.582;1984.231;3.202;1.240
698361;32.2;26.25;0.464;1.545;1997.041;-0.927;2.100
698461;32.2;26.25;0.477;1.548;2025.460;-1.348;2.141
698561;32.2;26.25;0.468;1.549;2006.759;-0.981;2.120
698661;32.2;26.25;0.530;1.536;2010.689;-1.776;2.271
698761;32.2;26.25;0.439;1.539;1981.976;-0.612;2.117
698861;32.2;26.18;0.519;1.537;2001.105;-1.717;2.338
698961;32.2;26.18;0.530;1.538;2014.125;-1.850;2.237
699061;32.2;26.18;0.515;1.542;2025.680;-1.846;2.258
699161;32.2;26.18;0.491;1.548;1997.848;-1.255;2.159
699261;32.2;26.18;0.448;1.540;2013.249;-1.015;2.155
699361;32.2;26.18;0.561;1.530;2041.843;-2.352;2.390
699461;32.2;26.18;0.527;1.537;2004.530;-1.808;2.320
699561;32.2;26.18;0.529;1.533;2005.590;-1.779;2.332
699661;32.2;26.18;0.516;1.547;2040.448;-1.915;2.196
699761;32.2;26.18;0.459;1.537;2002.190;-1.008;2.171
699861;32.2;26.18;0.550;1.532;2016.596;-2.057;2.357
699961;32.2;26.18;0.573;1.517;2049.734;-2.379;2.560
700061;32.2;26.18;0.547;1.527;2015.380;-1.898;2.460
700161;32.2;26.18;0.562;1.524;2019.619;-2.176;2.470
700261;32.3;26.18;0.461;1.535;1965.129;-1.053;2.283
700361;32.3;26.18;0.500;1.546;2001.665;-1.447;2.178
700461;32.3;26.18;0.533;1.536;2023.054;-1.897;2.303
700561;32.3;26.18;0.548;1.535;2040.104;-2.273;2.355
700661;32.3;26.18;0.491;1.548;1988.880;-1.282;2.215
700761;32.2;26.18;0.255;1.588;1985.556;2.261;1.386
700861;32.2;26.18;0.467;1.562;2021.403;-1.196;2.009
700961;32.2;26.18;0.443;1.551;1994.278;-0.610;2.156
701061;32.3;26.18;0.488;1.548;2005.133;-1.248;2.163
701161;32.3;26.18;0.524;1.545;2040.146;-1.972;2.224
701261;32.3;26.18;0.465;1.532;1995.752;-1.108;2.212
701361;32.3;26.18;0.554;1.532;2011.797;-2.107;2.378
701461;32.3;26.18;0.553;1.539;2043.154;-2.326;2.346
701561;32.2;26.18;0.540;1.535;2015.443;-1.921;2.398
701661;32.2;26.18;0.569;1.517;2031.106;-2.069;2.523
701761;32.2;26.18;0.489;1.544;1997.620;-1.278;2.183
701861;32.2;26.18;0.549;1.520;2019.275;-1.784;2.581
701961;32.2;26.18;0.569;1.519;2023.769;-2.039;2.598
702061;32.2;26.18;0.569;1.527;2049.808;-2.404;2.487
702161;32.2;26.18;0.527;1.539;2008.442;-1.832;2.346
702261;32.2;26.18;0.462;1.551;2027.191;-1.140;2.040
702361;32.2;26.18;0.578;1.520;2049.260;-2.174;2.576
702461;32.2;26.18;0.552;1.521;2022.500;-1.776;2.543
702561;32.2;26.18;0.572;1.521;2017.793;-2.184;2.592
702661;32.2;26.18;0.558;1.539;2035.693;-2.342;2.377
702761;32.2;26.18;0.457;1.543;2004.005;-0.838;2.096
702861;32.2;26.18;0.569;1.525;2025.041;-2.178;2.509
702961;32.2;26.18;0.570;1.535;2038.806;-2.405;2.461
703061;32.2;26.18;0.555;1.524;2013.955;-1.852;2.533
703161;32.2;26.18;0.565;1.523;2027.205;-2.055;2.565
703261;32.2;26.18;0.435;1.546;1971.915;-0.431;2.148
703361;32.2;26.18;0.512;1.549;1990.278;-1.548;2.289
703461;32.2;26.18;0.552;1.532;2016.146;-2.106;2.419
703561;32.2;26.18;0.561;1.535;2050.881;-2.407;2.413
703661;32.2;26.18;0.542;1.538;2009.188;-1.913;2.405
703761;32.2;26.18;0.466;1.544;2002.266;-1.419;2.218
703861;32.2;26.25;0.547;1.540;2041.093;-2.229;2.404
703961;32.2;26.25;0.523;1.540;2002.062;-1.722;2.334
704061;32.2;26.25;0.561;1.529;2025.478;-2.144;2.487
704161;32.2;26.25;0.569;1.529;2048.655;-2.355;2.509
704261;32.2;26.25;0.503;1.537;2013.735;-1.504;2.183
704361;32.2;26.25;0.571;1.503;2026.843;-1.763;2.788
704461;32.2;26.25;0.575;1.513;2050.658;-2.193;2.721
704561;32.2;26.25;0.549;1.520;2017.400;-1.737;2.619
704661;32.2;26.25;0.572;1.502;2027.344;-1.762;2.812
704761;32.2;26.25;0.450;1.542;1991.174;-0.711;2.077
704861;32.2;26.18;0.552;1.491;2021.882;-1.527;3.036
704961;32.2;26.18;0.573;1.492;2015.628;-1.754;2.965
705061;32.2;26.18;0.571;1.510;2051.648;-2.084;2.783
705161;32.2;26.18;0.552;1.527;2011.275;-1.760;2.536
705261;32.3;26.18;0.538;1.547;2040.653;-2.154;2.230
705361;32.3;26.18;0.573;1.517;2055.022;-2.161;2.724
705461;32.3;26.18;0.543;1.522;2016.258;-1.575;2.670
705561;32.2;26.18;0.575;1.516;2022.922;-1.992;2.627
705661;32.2;26.18;0.569;1.534;2040.168;-2.479;2.540
705761;32.3;26.18;0.457;1.542;1994.702;-0.855;2.207
705861;32.3;26.18;0.567;1.529;2022.854;-2.163;2.529
705961;32.3;26.18;0.582;1.528;2046.144;-2.418;2.527
706061;32.3;26.18;0.555;1.535;2018.356;-1.971;2.487
706161;32.3;26.18;0.578;1.509;2027.342;-2.032;2.731
706261;32.2;26.18;0.465;1.548;1993.774;-0.909;2.123
706361;32.2;26.18;0.558;1.522;2024.355;-1.952;2.592
706461;32.2;26.18;0.573;1.531;2020.087;-2.220;2.536
706561;32.2;26.18;0.576;1.513;2053.548;-2.175;2.735
706661;32.2;26.18;0.552;1.508;2026.543;-1.627;2.789
706761;32.3;26.18;0.552;1.538;2041.316;-2.308;2.314
706861;32.3;26.18;0.579;1.516;2045.108;-2.188;2.772
706961;32.3;26.18;0.550;1.526;2016.805;-1.741;2.617
707061;32.3;26.18;0.575;1.508;2030.075;-1.879;2.798
707161;32.3;26.18;0.576;1.506;2057.115;-2.113;2.851
707261;32.3;26.18;0.553;1.527;2016.123;-2.086;2.408
707361;32.3;26.18;0.569;1.487;2021.021;-1.583;3.083
707461;32.3;26.18;0.583;1.480;2051.102;-1.919;3.175
707561;32.3;26.18;0.555;1.500;2026.765;-1.578;2.962
707661;32.3;26.18;0.575;1.484;2019.147;-1.623;3.138
707761;32.2;26.18;0.552;1.521;2017.272;-1.840;2.542
707861;32.2;26.18;0.561;1.472;2026.021;-1.455;3.249
707961;32.2;26.18;0.580;1.466;2021.764;-1.557;3.365
708061;32.3;26.18;0.586;1.478;2045.368;-1.890;3.254
708161;32.3;26.18;0.553;1.509;2016.212;-1.572;2.885
708261;32.3;26.18;0.545;1.541;2043.994;-2.242;2.391
708361;32.3;26.18;0.583;1.511;2059.168;-2.219;2.840
708461;32.3;26.18;0.553;1.509;2024.673;-1.628;2.853
708561;32.3;26.18;0.579;1.500;2025.063;-1.842;2.950
708661;32.3;26.18;0.577;1.519;2052.165;-2.163;2.745
708761;32.4;26.18;0.512;1.545;2018.226;-1.582;2.225
708861;32.4;26.18;0.580;1.522;2018.410;-2.179;2.664
708961;32.4;26.18;0.581;1.510;2053.614;-2.250;2.814
709061;32.3;26.18;0.555;1.507;2031.643;-1.661;2.852
709161;32.3;26.18;0.574;1.484;2033.938;-1.647;3.144
709261;32.3;26.18;0.539;1.536;2004.266;-1.878;2.415
709361;32.3;26.18;0.557;1.485;2025.148;-1.468;3.211
709461;32.3;26.18;0.575;1.479;2028.162;-1.585;3.195
709561;32.2;26.18;0.581;1.487;2051.077;-1.917;3.197
709661;32.2;26.18;0.559;1.477;2024.668;-1.516;3.319
709761;32.2;26.18;0.573;1.525;2040.759;-2.278;2.554
709861;32.2;26.18;0.586;1.470;2049.381;-1.804;3.366
709961;32.2;26.18;0.559;1.490;2024.406;-1.584;3.173
710061;32.1;26.18;0.577;1.486;2022.852;-1.669;3.151
710161;32.1;26.18;0.578;1.480;2051.242;-1.826;3.290
710261;32.1;26.18;0.568;1.524;2028.667;-2.205;2.512
710361;32.1;26.18;0.577;1.456;2018.285;-1.369;3.466
710461;32.1;26.18;0.581;1.444;2041.427;-1.480;3.655
710561;32.2;26.18;0.556;1.462;2027.174;-1.290;3.451
710661;32.2;26.18;0.582;1.462;2012.550;-1.474;3.441
710761;32.2;26.18;0.555;1.519;2021.801;-1.813;2.580
710861;32.2;26.18;0.563;1.466;2017.073;-1.325;3.418
710961;32.2;26.18;0.576;1.451;2017.157;-1.312;3.544
711061;32.3;26.18;0.583;1.459;2043.631;-1.708;3.613
711161;32.3;26.18;0.565;1.486;2019.121;-1.598;3.264
711261;32.2;26.18;0.564;1.537;2035.860;-2.438;2.483
711361;32.2;26.18;0.578;1.510;2049.127;-2.040;2.947
711461;32.2;26.18;0.552;1.520;2024.089;-1.610;2.782
711561;32.3;26.18;0.581;1.487;2023.434;-1.707;3.191
711661;32.3;26.18;0.583;1.472;2056.171;-1.850;3.382
711761;32.3;26.18;0.570;1.525;2007.489;-2.188;2.609
711861;32.3;26.18;0.584;1.494;2028.054;-1.809;3.073
711961;32.3;26.18;0.583;1.487;2050.500;-1.871;3.224
712061;32.2;26.18;0.563;1.478;2018.836;-1.424;3.323
712161;32.2;26.18;0.579;1.457;2017.878;-1.354;3.509
712261;32.2;26.18;0.544;1.515;2030.305;-1.575;2.703
712361;32.2;26.18;0.550;1.457;2012.075;-1.001;3.472
712461;32.2;26.18;0.584;1.447;2013.622;-1.324;3.616
712561;32.3;26.18;0.581;1.452;2043.681;-1.545;3.667
712661;32.3;26.18;0.560;1.464;2026.136;-1.268;3.421
712761;32.2;26.18;0.585;1.485;2057.779;-2.029;3.065
712861;32.2;26.18;0.574;1.438;2033.607;-1.217;3.658
712961;32.2;26.18;0.555;1.461;2024.918;-1.168;3.457
713061;32.3;26.18;0.582;1.452;2013.405;-1.360;3.602
713161;32.3;26.18;0.580;1.457;2046.446;-1.598;3.587
713261;32.3;26.18;0.575;1.497;2030.419;-1.837;2.911
713361;32.3;26.18;0.578;1.457;2021.454;-1.293;3.475
713461;32.3;26.18;0.571;1.444;2043.697;-1.287;3.652
713561;32.3;26.18;0.555;1.459;2012.122;-1.089;3.463
713661;32.3;26.18;0.572;1.455;2016.477;-1.207;3.581
713761;32.3;26.18;0.552;1.517;2019.723;-1.632;2.769
713861;32.3;26.18;0.562;1.468;2022.177;-1.324;3.458
713961;32.3;26.18;0.575;1.453;2016.407;-1.262;3.562
714061;32.3;26.18;0.577;1.448;2035.219;-1.356;3.665
714161;32.3;26.18;0.561;1.478;2026.715;-1.435;3.375
714261;32.3;26.18;0.481;1.557;2022.523;-1.362;2.100
714361;32.3;26.18;0.585;1.469;2048.183;-1.798;3.508
714461;32.3;26.18;0.562;1.487;2030.179;-1.524;3.242
714561;32.4;26.18;0.579;1.460;2030.131;-1.411;3.467
714661;32.4;26.18;0.579;1.443;2037.292;-1.367;3.737
714761;32.3;26.18;0.578;1.494;2016.789;-1.729;3.040
714861;32.3;26.25;0.581;1.467;2019.966;-1.511;3.503
714961;32.3;26.25;0.582;1.470;2044.556;-1.663;3.495
715061;32.2;26.25;0.561;1.466;2020.116;-1.227;3.494
715161;32.2;26.25;0.568;1.450;2011.332;-1.051;3.555
715261;32.3;26.25;0.562;1.477;2032.099;-1.513;3.262
715361;32.3;26.25;0.527;1.474;2012.956;-0.526;3.178
715461;32.3;26.25;0.557;1.450;1997.209;-0.742;3.449
715561;32.4;26.25;0.567;1.436;2031.869;-1.048;3.693
715661;32.4;26.25;0.545;1.462;2018.584;-0.868;3.395
715761;32.4;26.25;0.582;1.460;2050.675;-1.707;3.434
715861;32.4;26.25;0.562;1.449;2014.753;-0.833;3.364
715961;32.4;26.25;0.526;1.466;2003.596;-0.444;3.246
716061;32.4;26.25;0.564;1.444;2005.161;-0.901;3.615
716161;32.4;26.25;0.577;1.445;2042.301;-1.406;3.761
716261;32.4;26.25;0.573;1.508;2031.796;-1.909;2.845
716361;32.4;26.25;0.574;1.452;2013.308;-1.136;3.604
716461;32.4;26.25;0.572;1.446;2038.628;-1.173;3.635
716561;32.4;26.25;0.549;1.466;2017.342;-0.970;3.443
716661;32.4;26.25;0.578;1.443;2005.301;-1.174;3.706
716761;32.3;26.25;0.550;1.518;2023.990;-1.700;2.770
716861;32.3;26.25;0.557;1.465;2020.867;-1.159;3.480
716961;32.3;26.25;0.564;1.457;2004.928;-0.851;3.443
717061;32.3;26.25;0.557;1.450;2025.700;-0.756;3.415
717161;32.3;26.25;0.536;1.463;2012.299;-0.649;3.353
717261;32.4;26.25;0.581;1.470;2049.734;-1.797;3.469
717361;32.4;26.25;0.579;1.445;2039.774;-1.317;3.702
717461;32.4;26.25;0.560;1.468;2017.069;-1.189;3.506
717561;32.3;26.25;0.567;1.450;2011.676;-0.969;3.597
717661;32.3;26.25;0.560;1.450;2028.718;-0.835;3.453
717761;32.4;26.25;0.578;1.479;2023.907;-1.602;3.245
717861;32.4;26.25;0.574;1.448;2000.181;-1.023;3.639
717961;32.4;26.25;0.580;1.444;2041.826;-1.315;3.703
718061;32.4;26.25;0.556;1.469;2023.968;-1.121;3.453
718161;32.4;26.25;0.549;1.456;2001.644;-0.602;3.442
718261;32.3;26.25;0.556;1.470;2020.227;-1.312;3.407
718361;32.3;26.25;0.437;1.500;2005.565;1.168;2.581
718461;32.3;26.25;0.501;1.476;1989.727;0.391;2.898
718561;32.3;26.25;0.567;1.452;2013.572;-0.858;3.431
718661;32.3;26.25;0.546;1.464;1997.952;-0.730;3.326
718761;32.4;26.25;0.584;1.455;2055.454;-1.684;3.547
718861;32.4;26.25;0.563;1.449;2020.098;-0.768;3.365
718961;32.4;26.25;0.546;1.469;2002.928;-0.789;3.333
719061;32.4;26.25;0.552;1.460;1993.166;-0.606;3.422
719161;32.4;26.25;0.575;1.447;2036.342;-1.205;3.737
719261;32.4;26.25;0.577;1.502;2026.402;-1.759;3.004
719361;32.4;26.25;0.578;1.454;2013.188;-1.213;3.654
719461;32.4;26.25;0.571;1.448;2039.055;-1.129;3.648
719561;32.4;26.25;0.548;1.465;2019.528;-0.813;3.372
719661;32.4;26.25;0.556;1.458;2005.616;-0.689;3.424
719761;32.3;26.25;0.564;1.488;2019.982;-1.577;3.256
719861;32.3;26.25;0.537;1.474;2012.835;-0.607;3.197
719961;32.3;26.25;0.565;1.455;1996.827;-0.767;3.385
720061;32.3;26.25;0.556;1.449;2013.050;-0.644;3.399
720161;32.3;26.25;0.477;1.495;1998.337;0.548;2.742
720261;32.2;26.25;0.583;1.454;2040.006;-1.579;3.613
720361;32.2;26.25;0.574;1.446;2018.628;-0.953;3.525
720461;32.2;26.25;0.545;1.469;2008.487;-0.784;3.397
720561;32.2;26.25;0.551;1.455;2004.338;-0.594;3.461
720661;32.2;26.25;0.558;1.452;2022.857;-0.781;3.443
720761;32.2;26.25;0.577;1.447;2020.553;-1.286;3.649
720861;32.2;26.18;0.563;1.458;1993.732;-0.789;3.432
720961;32.2;26.18;0.569;1.450;2015.854;-0.886;3.534
721061;32.4;26.18;0.540;1.469;2011.141;-0.622;3.275
721161;32.4;26.18;0.545;1.467;1991.843;-0.416;3.218
721261;32.4;26.18;0.552;1.464;2024.502;-1.060;3.397
721361;32.4;26.18;0.411;1.495;1999.618;1.528;2.778
721461;32.4;26.18;0.438;1.468;1974.175;1.398;3.096
721561;32.4;26.18;0.464;1.473;1998.861;1.021;2.929
721661;32.4;26.18;0.502;1.487;2003.831;0.119;2.898
721761;32.4;26.18;0.586;1.458;2044.382;-1.722;3.587
721861;32.4;26.25;0.563;1.452;2020.253;-0.797;3.446
721961;32.4;26.25;0.536;1.473;2005.974;-0.510;3.182
722061;32.4;26.25;0.555;1.463;1995.759;-0.622;3.400
722161;32.4;26.25;0.558;1.451;2020.516;-0.767;3.505
722261;32.4;26.25;0.585;1.467;2013.713;-1.449;3.549
722361;32.4;26.25;0.560;1.455;2006.511;-0.680;3.462
722461;32.4;26.25;0.556;1.456;2023.873;-0.721;3.459
722561;32.3;26.25;0.538;1.471;2005.938;-0.540;3.233
722661;32.3;26.25;0.485;1.483;1989.060;0.677;2.880
722761;32.3;26.25;0.555;1.462;2023.205;-1.131;3.469
722861;32.3;26.25;0.515;1.481;2004.803;-0.090;3.025
722961;32.3;26.25;0.464;1.485;1978.728;1.041;2.880
723061;32.3;26.25;0.443;1.469;2006.690;1.272;3.052
723161;32.3;26.25;0.417;1.496;2000.111;1.464;2.781
723261;32.3;26.25;0.561;1.443;2028.400;-0.900;3.599
723361;32.3;26.25;0.457;1.473;2004.099;1.143;2.972
723461;32.3;26.25;0.469;1.498;2000.960;0.675;2.723
723561;32.4;26.25;0.555;1.461;1990.810;-0.519;3.298
723661;32.4;26.25;0.456;1.475;2004.817;1.102;2.993
723761;32.4;26.25;0.581;1.453;2013.747;-1.350;3.530
723861;32.4;26.18;0.437;1.474;1975.638;1.379;3.080
723961;32.4;26.18;0.447;1.469;2006.115;1.203;3.099
724061;32.3;26.18;0.457;1.505;1996.759;0.922;2.637
724161;32.3;26.18;0.471;1.490;1983.616;0.954;2.817
724261;32.3;26.18;0.554;1.463;2015.519;-0.976;3.441
724361;32.3;26.18;0.419;1.500;2004.563;1.471;2.738
724461;32.3;26.18;0.440;1.473;1975.911;1.391;3.068
724561;32.4;26.18;0.437;1.468;1996.720;1.328;3.078
724661;32.4;26.18;0.437;1.502;1988.734;1.253;2.749
724761;32.4;26.18;0.577;1.447;2043.787;-1.252;3.649
724861;32.4;26.18;0.493;1.480;2012.510;0.487;2.968
724961;32.4;26.18;0.413;1.496;2002.949;1.532;2.778
725061;32.4;26.18;0.435;1.473;1977.286;1.434;3.116
725161;32.4;26.18;0.450;1.471;2000.812;1.236;3.145
725261;32.3;26.18;0.563;1.454;2001.834;-0.823;3.523
725361;32.3;26.18;0.477;1.492;1975.165;0.876;2.891
725461;32.3;26.18;0.454;1.481;2017.620;1.100;2.952
725561;32.3;26.18;0.439;1.507;2001.730;1.206;2.667
725661;32.3;26.18;0.435;1.477;1972.373;1.450;3.041
725761;32.4;26.18;0.543;1.471;2004.352;-0.700;3.243
725861;32.4;26.18;0.401;1.491;1996.565;1.700;2.899
725961;32.4;26.18;0.440;1.476;1972.944;1.404;3.093
726061;32.3;26.18;0.429;1.458;2003.168;1.354;3.255
726161;32.3;26.18;0.386;1.481;1996.068;1.721;2.991
726261;32.3;26.18;0.507;1.469;2016.482;0.201;2.958
726361;32.3;26.18;0.424;1.458;1978.978;1.453;3.318
726461;32.3;26.18;0.392;1.486;1984.397;1.690;3.009
726561;32.4;26.18;0.425;1.468;1967.804;1.492;3.206
726661;32.4;26.18;0.431;1.462;2002.405;1.392;3.242
726761;32.3;26.18;0.555;1.453;2000.069;-0.651;3.450
726861;32.3;26.25;0.423;1.465;1965.066;1.504;3.247
726961;32.3;26.25;0.425;1.457;1991.614;1.391;3.307
727061;32.5;26.25;0.404;1.492;1997.621;1.636;2.936
727161;32.5;26.25;0.455;1.487;1971.565;1.187;3.016
727261;32.4;26.25;0.544;1.467;2016.854;-0.778;3.399
727361;32.4;26.25;0.401;1.495;1994.630;1.660;2.851
727461;32.4;26.25;0.425;1.471;1980.869;1.492;3.145
727561;32.4;26.25;0.427;1.455;1984.081;1.383;3.294
727661;32.4;26.25;0.385;1.478;1992.034;1.692;3.118
727761;32.5;26.25;0.563;1.449;2015.205;-0.757;3.441
727861;32.5;26.25;0.429;1.462;1991.512;1.417;3.248
727961;32.5;26.25;0.388;1.484;1990.366;1.720;3.068
728061;32.5;26.25;0.409;1.465;1969.776;1.548;3.209
728161;32.5;26.25;0.410;1.455;1984.854;1.576;3.327
728261;32.5;26.25;0.569;1.459;1989.015;-0.790;3.380
728361;32.5;26.25;0.430;1.468;1966.886;1.485;3.230
728461;32.5;26.25;0.436;1.463;1994.555;1.352;3.275
728561;32.5;26.25;0.399;1.490;1997.728;1.671;3.004
728661;32.5;26.25;0.417;1.468;1974.003;1.530;3.205
728761;32.4;26.25;0.536;1.472;2006.824;-0.606;3.185
728861;32.4;26.25;0.371;1.467;1982.922;1.741;3.265
728961;32.4;26.25;0.407;1.460;1958.133;1.585;3.291
729061;32.4;26.25;0.396;1.453;1987.576;1.593;3.377
729161;32.4;26.25;0.357;1.471;1984.167;1.865;3.149
729261;32.5;26.25;0.427;1.458;1994.197;1.381;3.178
729361;32.5;26.25;0.367;1.456;1974.010;1.959;3.179
729461;32.5;26.25;0.374;1.474;1985.579;1.723;3.235
729561;32.4;26.25;0.418;1.463;1958.728;1.544;3.304
729661;32.4;26.25;0.420;1.463;1991.487;1.472;3.279
729761;32.4;26.25;0.569;1.457;1995.229;-0.816;3.453
729861;32.4;26.25;0.419;1.471;1969.889;1.529;3.254
729961;32.4;26.25;0.422;1.457;1984.753;1.432;3.323
730061;32.5;26.25;0.390;1.479;1986.844;1.663;3.157
730161;32.5;26.25;0.438;1.480;1979.509;1.419;3.055
730261;32.5;26.25;0.536;1.474;2012.495;-0.611;3.287
730361;32.5;26.25;0.385;1.479;1992.007;1.675;3.145
730461;32.5;26.25;0.405;1.459;1971.122;1.576;3.359
730561;32.5;26.25;0.375;1.457;1979.048;1.868;3.178
730661;32.5;26.25;0.357;1.472;1981.179;1.857;3.206
730761;32.5;26.25;0.481;1.480;2005.705;0.739;2.855
730861;32.5;26.25;0.399;1.455;1980.969;1.637;3.330
730961;32.5;26.25;0.380;1.471;1988.544;1.702;3.257
731061;32.5;26.25;0.385;1.457;1962.635;1.759;3.373
731161;32.5;26.25;0.372;1.458;1969.768;1.895;3.231
731261;32.5;26.25;0.447;1.479;1973.869;1.300;2.964
731361;32.5;26.25;0.410;1.460;1954.762;1.560;3.379
731461;32.5;26.25;0.412;1.455;1980.712;1.531;3.406
731561;32.3;26.25;0.378;1.471;1992.646;1.668;3.219
731661;32.3;26.25;0.383;1.463;1969.221;1.736;3.345
731761;32.3;26.25;0.397;1.492;2000.575;1.639;2.868
731861;32.3;26.18;0.303;1.479;1979.905;2.519;3.008
731961;32.3;26.18;0.361;1.465;1948.350;2.053;3.216
732061;32.4;26.18;0.347;1.463;1976.092;2.186;3.130
732161;32.4;26.18;0.328;1.478;1989.804;2.162;3.045
732261;32.5;26.18;0.429;1.460;1995.814;1.417;3.223
732361;32.5;26.18;0.298;1.470;1975.304;2.814;2.903
732461;32.5;26.18;0.301;1.481;1990.522;2.516;2.966
732561;32.5;26.18;0.389;1.462;1946.632;1.760;3.372
732661;32.5;26.18;0.400;1.455;1978.544;1.668;3.433
732761;32.5;26.18;0.454;1.486;1988.708;1.147;2.971
732861;32.5;26.25;0.403;1.464;1962.459;1.608;3.344
732961;32.5;26.25;0.364;1.461;1975.946;1.986;3.175
733061;32.5;26.25;0.337;1.474;1981.588;2.122;3.127
733161;32.5;26.25;0.393;1.461;1957.141;1.724;3.417
733261;32.6;26.25;0.539;1.474;2008.551;-0.591;3.224
733361;32.6;26.25;0.370;1.474;1989.351;1.738;3.232
733461;32.6;26.25;0.366;1.464;1956.973;1.945;3.269
733561;32.5;26.25;0.295;1.468;1972.202;2.878;2.925
733661;32.5;26.25;0.188;1.502;1988.431;4.155;2.550
733761;32.5;26.25;0.422;1.457;1985.100;1.459;3.315
733861;32.5;26.18;0.327;1.462;1971.147;2.466;3.118
733961;32.5;26.18;0.318;1.477;1984.934;2.318;3.037
734061;32.5;26.18;0.349;1.465;1957.550;2.178;3.204
734161;32.5;26.18;0.260;1.480;1971.872;3.345;2.753
734261;32.6;26.18;0.395;1.458;1954.320;1.631;3.372
734361;32.6;26.18;0.295;1.471;1949.722;2.904;3.066
734461;32.6;26.18;0.339;1.469;1970.311;2.309;3.070
734561;32.6;26.18;0.323;1.478;1986.121;2.280;3.119
734661;32.6;26.18;0.315;1.467;1951.525;2.641;3.096
734761;32.6;26.18;0.373;1.466;1998.716;1.728;3.283
734861;32.6;26.25;0.229;1.494;1991.158;3.550;2.750
734961;32.6;26.25;0.287;1.473;1935.684;3.032;3.062
735061;32.5;26.25;0.319;1.470;1968.702;2.562;3.027
735161;32.5;26.25;0.277;1.489;1985.136;2.893;2.853
735261;32.6;26.25;0.398;1.450;1988.191;1.610;3.395
735361;32.6;26.25;0.229;1.487;1968.377;3.828;2.629
735461;32.6;26.25;0.164;1.516;1983.095;4.444;2.360
735561;32.6;26.25;0.302;1.471;1949.601;2.770;3.084
735661;32.6;26.25;0.325;1.469;1975.887;2.469;3.083
735761;32.6;26.25;0.435;1.478;1958.004;1.467;3.187
735861;32.6;26.18;0.336;1.470;1957.840;2.355;3.166
735961;32.6;26.18;0.268;1.483;1972.949;3.283;2.791
736061;32.5;26.18;0.218;1.497;1987.704;3.707;2.737
736161;32.5;26.18;0.306;1.470;1945.068;2.760;3.093
736261;32.6;26.18;0.385;1.479;1993.783;1.675;3.166
736361;32.6;26.18;0.300;1.483;1988.491;2.577;2.993
736461;32.6;26.18;0.305;1.475;1957.842;2.752;3.054
736561;32.5;26.18;0.211;1.496;1972.312;4.026;2.545
736661;32.5;26.18;0.259;1.539;1983.377;2.519;1.968
736761;32.5;26.18;0.373;1.457;1981.643;1.835;3.211
736861;32.5;26.25;0.195;1.515;1968.545;4.132;2.227
736961;32.5;26.25;0.166;1.531;1984.871;4.317;2.135
737061;32.5;26.25;0.211;1.517;1954.274;3.834;2.273
737161;32.5;26.25;0.407;1.521;1979.368;0.076;2.105
737261;32.6;26.25;0.387;1.458;1962.554;1.726;3.311
737361;32.6;26.25;0.241;1.519;1942.537;3.269;2.235
737461;32.6;26.25;0.196;1.510;1967.289;4.188;2.319
737561;32.6;26.25;0.199;1.504;1983.435;4.022;2.589
737661;32.6;26.25;0.296;1.477;1950.859;2.862;3.023
737761;32.6;26.25;0.382;1.473;1983.554;1.661;3.239
737861;32.6;26.25;0.185;1.509;1987.210;4.190;2.552
737961;32.6;26.25;0.211;1.499;1956.568;4.032;2.543
738061;32.6;26.25;0.232;1.489;1961.947;3.807;2.731
738161;32.6;26.25;0.169;1.515;1983.699;4.441;2.367
738261;32.6;26.25;0.384;1.455;1984.680;1.743;3.262
738361;32.6;26.25;0.412;1.523;1973.852;0.050;2.109
738461;32.6;26.25;0.103;1.565;1989.477;5.139;1.554
738561;32.6;26.25;0.288;1.538;1950.826;2.267;1.922
738661;32.6;26.25;0.213;1.518;1965.732;3.789;2.219
738761;32.6;26.25;0.407;1.462;1963.977;1.576;3.371
738861;32.6;26.25;0.283;1.477;1952.150;3.053;3.078
738961;32.6;26.25;0.212;1.519;1966.841;3.828;2.213
739061;32.6;26.25;0.425;1.540;1992.469;-0.489;1.962
739161;32.6;26.25;0.215;1.518;1952.712;3.753;2.298
739261;32.6;26.25;0.361;1.476;1975.794;1.890;3.244
739361;32.6;26.25;0.170;1.517;1984.104;4.412;2.416
739461;32.6;26.25;0.215;1.496;1954.769;4.046;2.644
739561;32.6;26.25;0.163;1.551;1975.201;4.397;1.648
739661;32.6;26.25;0.489;1.536;1993.904;-1.936;2.093
739761;32.6;26.25;0.271;1.475;1974.094;3.142;2.885
739861;32.6;26.25;0.256;1.572;1982.258;2.536;1.349
739961;32.6;26.25;0.489;1.530;1993.755;-1.925;2.153
740061;32.7;26.25;0.387;1.529;1942.824;0.579;2.167
740161;32.7;26.25;0.159;1.556;1975.282;4.382;1.597
740261;32.7;26.25;0.357;1.461;1958.639;2.086;3.195
740361;32.7;26.25;0.169;1.551;1954.245;4.291;1.755
740461;32.7;26.25;0.319;1.536;1961.221;1.721;2.003
740561;32.6;26.25;0.403;1.538;1985.571;-0.111;2.076
740661;32.6;26.25;0.226;1.495;1945.151;3.905;2.702
740761;32.6;26.25;0.361;1.474;1991.068;1.844;3.161
740861;32.6;26.25;0.444;1.540;1985.453;-0.848;2.014
740961;32.6;26.25;0.218;1.543;1952.373;3.527;1.903
741061;32.6;26.25;0.485;1.521;1975.993;-1.509;2.305
741161;32.6;26.25;0.103;1.569;1987.487;5.138;1.557
741261;32.6;26.25;0.331;1.462;1980.556;2.386;3.117
741361;32.6;26.25;0.496;1.522;1979.587;-1.669;2.247
741461;32.6;26.25;0.159;1.602;2001.330;3.990;0.977
741561;32.6;26.25;0.319;1.566;1952.494;1.539;1.577
741661;32.6;26.25;0.267;1.565;1970.443;2.453;1.444
741761;32.6;26.25;0.394;1.454;1959.407;1.674;3.469
741861;32.6;26.18;0.417;1.526;1959.661;-0.042;2.236
741961;32.6;26.18;0.391;1.526;1968.726;0.443;2.165
742061;32.6;26.18;0.467;1.533;1997.216;-1.570;2.205
742161;32.6;26.18;0.473;1.523;1962.570;-1.241;2.301
742261;32.6;26.18;0.197;1.503;1987.130;4.003;2.561
742361;32.6;26.18;0.098;1.572;1983.364;5.133;1.548
742461;32.6;26.18;0.411;1.529;1941.381;0.183;2.215
742561;32.6;26.18;0.345;1.543;1976.803;1.055;1.921
742661;32.6;26.18;0.488;1.542;1996.982;-1.896;2.090
742761;32.5;26.18;0.269;1.526;1975.404;2.671;2.047
742861;32.5;26.25;0.476;1.526;1983.525;-1.289;2.247
742961;32.5;26.25;0.467;1.542;2000.374;-1.682;2.176
743061;32.5;26.25;0.483;1.527;1960.471;-1.447;2.283
743161;32.5;26.25;0.495;1.518;1976.463;-1.626;2.349
743261;32.5;26.25;0.310;1.470;1955.722;2.680;3.095
743361;32.5;26.25;0.372;1.547;1965.242;0.502;1.973
743461;32.5;26.25;0.260;1.576;1984.577;2.493;1.391
743561;32.5;26.25;0.203;1.603;1993.262;3.209;1.086
743661;32.5;26.25;0.224;1.555;1944.165;3.253;1.793
743761;32.5;26.25;0.287;1.491;1988.621;2.748;2.890
743861;32.5;26.18;0.362;1.551;1995.145;0.332;1.974
743961;32.5;26.18;0.480;1.524;1960.199;-1.391;2.340
744061;32.6;26.18;0.471;1.522;1984.359;-1.239;2.333
744161;32.6;26.18;0.454;1.538;1999.109;-1.458;2.233
744261;32.6;26.18;0.232;1.488;1971.190;3.732;2.735
744361;32.6;26.18;0.367;1.552;1983.108;0.597;1.855
744461;32.6;26.18;0.472;1.540;2012.249;-1.658;2.187
744561;32.7;26.18;0.443;1.534;1969.515;-0.630;2.216
744661;32.7;26.18;0.465;1.530;1984.987;-1.069;2.218
744761;32.6;26.18;0.203;1.509;1945.154;4.097;2.433
744861;32.6;26.25;0.265;1.574;1956.148;0.986;1.905
744961;32.6;26.25;0.231;1.587;1975.330;3.091;1.184
745061;32.7;26.25;0.200;1.598;1995.437;3.175;1.211
745161;32.7;26.25;0.451;1.530;1971.004;-0.826;2.219
745261;32.6;26.25;0.465;1.533;1988.817;-1.561;2.169
745361;32.6;26.25;0.474;1.540;2000.452;-1.700;2.236
745461;32.6;26.25;0.274;1.568;1954.070;2.447;1.606
745561;32.6;26.25;0.463;1.528;1974.646;-1.206;2.344
745661;32.6;26.25;0.463;1.539;2008.207;-1.365;2.191
745761;32.6;26.25;0.233;1.548;1973.792;3.265;1.713
745861;32.6;26.25;0.456;1.537;1994.744;-0.860;2.140
745961;32.6;26.25;0.441;1.551;2021.830;-0.945;2.032
746061;32.6;26.25;0.441;1.532;1976.745;-0.642;2.286
746161;32.6;26.25;0.483;1.527;1983.562;-1.519;2.321
746261;32.6;26.25;0.235;1.490;1953.632;3.707;2.785
746361;32.6;26.25;0.441;1.538;1978.781;-0.517;2.150
746461;32.6;26.25;0.457;1.532;1990.543;-0.917;2.219
746561;32.6;26.25;0.461;1.539;2012.447;-1.410;2.229
746661;32.6;26.25;0.453;1.528;1955.377;-0.921;2.389
746761;32.6;26.25;0.158;1.522;1982.231;4.536;2.320
746861;32.6;26.18;0.474;1.540;2009.729;-1.750;2.197
746961;32.6;26.18;0.453;1.530;1969.837;-0.896;2.360
747061;32.6;26.18;0.469;1.534;1988.848;-1.131;2.246
747161;32.6;26.18;0.443;1.543;2020.369;-0.972;2.167
747261;32.6;26.18;0.341;1.527;1971.225;1.387;2.092
747361;32.6;26.18;0.463;1.535;1994.071;-1.070;2.226
747461;32.6;26.18;0.448;1.546;2016.115;-1.045;2.127
747561;32.6;26.18;0.452;1.544;1992.310;-0.740;2.095
747661;32.6;26.18;0.482;1.541;2005.856;-1.181;2.092
747761;32.6;26.18;0.164;1.552;1950.027;4.397;1.736
747861;32.6;26.25;0.441;1.541;1972.902;-0.651;2.179
747961;32.6;26.25;0.465;1.537;1985.461;-1.057;2.215
748061;32.7;26.25;0.462;1.539;2012.270;-1.438;2.284
748161;32.7;26.25;0.443;1.539;1979.380;-0.594;2.211
748261;32.6;26.25;0.231;1.592;1991.066;2.611;1.273
748361;32.6;26.25;0.450;1.554;2020.023;-1.008;2.014
748461;32.6;26.25;0.453;1.534;1964.685;-0.766;2.266
748561;32.6;26.25;0.477;1.534;1980.779;-1.361;2.290
748661;32.6;26.25;0.451;1.543;2009.767;-1.120;2.255
748761;32.6;26.25;0.171;1.557;1974.306;4.138;1.627
748861;32.6;26.25;0.473;1.547;2003.528;-1.036;2.031
748961;32.6;26.25;0.463;1.552;2027.742;-1.188;2.085
749061;32.6;26.25;0.453;1.544;1983.873;-0.760;2.153
749161;32.6;26.25;0.466;1.545;1994.428;-0.955;2.088
749261;32.6;26.25;0.167;1.561;1959.055;4.327;1.660
749361;32.6;26.25;0.442;1.543;1975.160;-0.507;2.157
749461;32.6;26.25;0.490;1.540;2005.920;-1.290;2.141
749561;32.7;26.25;0.472;1.551;2028.584;-1.356;2.100
749661;32.7;26.25;0.447;1.543;1978.773;-0.655;2.179
749761;32.8;26.25;0.305;1.555;1980.772;1.655;1.848
749861;32.8;26.25;0.444;1.552;2009.600;-0.967;2.156
749961;32.8;26.25;0.441;1.545;1984.931;-0.545;2.135
750061;32.7;26.25;0.470;1.546;1999.835;-0.995;2.093
750161;32.7;26.25;0.469;1.556;2023.708;-1.239;2.023
750261;32.7;26.25;0.364;1.550;1973.452;0.693;1.860
750361;32.7;26.25;0.474;1.552;2007.244;-1.029;2.068
750461;32.7;26.25;0.482;1.549;2039.197;-1.501;2.101
750561;32.7;26.25;0.492;1.543;1990.227;-1.254;2.193
750661;32.7;26.25;0.544;1.528;2013.583;-1.988;2.348
750761;32.7;26.25;0.459;1.530;1965.818;-1.033;2.264
750861;32.7;26.25;0.469;1.547;1999.109;-1.000;2.144
750961;32.7;26.25;0.468;1.544;1995.692;-0.929;2.166
751061;32.8;26.25;0.448;1.554;2025.235;-0.994;2.098
751161;32.8;26.25;0.449;1.548;1987.808;-0.640;2.127
751261;32.8;26.25;0.161;1.518;1983.388;4.513;2.362
751361;32.8;26.25;0.466;1.550;2025.703;-1.241;2.161
751461;32.8;26.25;0.442;1.551;1974.491;-0.520;2.130
751561;32.8;26.25;0.455;1.548;1995.225;-0.764;2.140
751661;32.8;26.25;0.445;1.554;2022.521;-0.984;2.112
751761;32.8;26.25;0.465;1.530;1984.405;-1.219;2.315
751861;32.8;26.25;0.500;1.542;2012.796;-1.442;2.177
751961;32.8;26.25;0.527;1.543;2044.767;-2.036;2.216
752061;32.8;26.25;0.489;1.546;1999.073;-1.231;2.169
752161;32.8;26.25;0.505;1.541;2002.598;-1.643;2.273
752261;32.8;26.25;0.452;1.534;1966.438;-0.934;2.317
752361;32.8;26.25;0.466;1.554;1991.764;-0.890;2.064
752461;32.8;26.25;0.512;1.542;2012.584;-1.607;2.216
752561;32.8;26.25;0.516;1.546;2033.160;-1.890;2.249
752661;32.8;26.25;0.490;1.543;1989.257;-1.202;2.217
752761;32.8;26.25;0.187;1.599;1996.398;3.518;1.133
752861;32.8;26.25;0.476;1.553;2034.100;-1.368;2.131
752961;32.8;26.25;0.483;1.553;1991.413;-1.106;2.088
753061;32.8;26.25;0.516;1.543;2013.869;-1.618;2.216
753161;32.8;26.25;0.541;1.543;2048.248;-2.234;2.271
753261;32.7;26.25;0.461;1.534;1998.545;-1.003;2.173
753361;32.7;26.25;0.541;1.534;2010.828;-1.971;2.347
753461;32.7;26.25;0.550;1.538;2047.787;-2.314;2.308
753561;32.7;26.25;0.539;1.537;2006.887;-1.867;2.306
753661;32.7;26.25;0.565;1.525;2016.327;-2.211;2.486
753761;32.7;26.25;0.445;1.539;1980.521;-0.641;2.136
753861;32.7;26.25;0.534;1.530;1996.253;-1.762;2.472
753961;32.7;26.25;0.541;1.533;2011.971;-1.938;2.360
754061;32.7;26.25;0.516;1.546;2034.300;-1.905;2.237
754161;32.7;26.25;0.503;1.541;2001.497;-1.462;2.274
754261;32.8;26.25;0.477;1.544;2011.557;-1.760;2.184
754361;32.8;26.25;0.534;1.547;2039.102;-2.080;2.272
754461;32.8;26.25;0.486;1.552;1988.968;-1.203;2.182
754561;32.8;26.25;0.498;1.551;1997.457;-1.347;2.151
754661;32.8;26.25;0.489;1.551;2037.329;-1.530;2.163
754761;32.8;26.25;0.482;1.533;1991.815;-1.490;2.266
754861;32.8;26.25;0.543;1.534;2008.317;-1.950;2.395
754961;32.8;26.25;0.562;1.534;2049.748;-2.448;2.419
755061;32.8;26.25;0.550;1.527;2016.591;-1.949;2.492
755161;32.8;26.25;0.570;1.523;2015.287;-2.183;2.559
755261;32.8;26.25;0.443;1.547;1976.313;-0.574;2.104
755361;32.8;26.25;0.536;1.537;1997.238;-1.788;2.379
755461;32.8;26.25;0.559;1.525;2014.540;-2.095;2.529
755561;32.7;26.25;0.576;1.519;2059.093;-2.441;2.578
755661;32.7;26.25;0.547;1.533;2013.373;-1.960;2.438
755761;32.7;26.25;0.442;1.548;2020.428;-0.975;2.129
755861;32.7;26.18;0.556;1.543;2047.462;-2.357;2.362
755961;32.7;26.18;0.516;1.543;2000.573;-1.606;2.310
756061;32.7;26.18;0.548;1.531;2006.228;-1.983;2.444
756161;32.7;26.18;0.567;1.531;2055.495;-2.406;2.485
756261;32.7;26.18;0.492;1.541;2003.991;-1.275;2.115
756361;32.7;26.18;0.570;1.524;2018.440;-2.088;2.558
756461;32.7;26.18;0.576;1.526;2041.975;-2.477;2.565
756561;32.7;26.18;0.546;1.533;2011.417;-1.869;2.473
756661;32.7;26.18;0.570;1.522;2022.801;-2.122;2.577
756761;32.8;26.18;0.458;1.544;1990.405;-0.760;2.110
756861;32.8;26.25;0.559;1.520;2014.823;-1.939;2.602
756961;32.8;26.25;0.570;1.532;2019.699;-2.213;2.500
757061;32.7;26.25;0.554;1.539;2040.238;-2.271;2.455
757161;32.7;26.25;0.504;1.547;1991.963;-1.456;2.285
757261;32.7;26.25;0.454;1.545;2014.007;-1.177;2.241
757361;32.7;26.25;0.563;1.538;2050.465;-2.425;2.391
757461;32.7;26.25;0.546;1.534;2016.544;-1.971;2.438
757561;32.7;26.25;0.572;1.526;2021.681;-2.283;2.581
757661;32.7;26.25;0.552;1.540;2039.934;-2.277;2.428
757761;32.8;26.25;0.454;1.542;1989.195;-0.776;2.211
757861;32.8;26.25;0.561;1.529;2025.031;-2.129;2.491
757961;32.8;26.25;0.572;1.534;2044.424;-2.424;2.467
758061;32.8;26.25;0.558;1.515;2025.003;-1.825;2.658
758161;32.8;26.25;0.568;1.502;2024.420;-1.734;2.852
758261;32.8;26.25;0.478;1.546;1991.379;-1.079;2.136
758361;32.8;26.25;0.551;1.527;2016.209;-1.810;2.569
758461;32.8;26.25;0.571;1.519;2017.738;-1.992;2.654
758561;32.8;26.25;0.580;1.515;2060.286;-2.248;2.658
758661;32.8;26.25;0.553;1.513;2021.725;-1.689;2.734
758761;32.8;26.25;0.491;1.554;2028.913;-1.529;2.137
758861;32.8;26.25;0.577;1.515;2056.705;-2.233;2.757
758961;32.8;26.25;0.554;1.529;2013.733;-1.982;2.583
759061;32.8;26.25;0.573;1.529;2021.962;-2.179;2.503
759161;32.8;26.25;0.573;1.534;2050.112;-2.394;2.497
759261;32.8;26.25;0.515;1.539;2009.781;-1.593;2.226
759361;32.8;26.25;0.569;1.503;2027.406;-1.798;2.836
759461;32.8;26.25;0.577;1.525;2048.988;-2.223;2.698
759561;32.8;26.25;0.553;1.526;2015.254;-1.843;2.564
759661;32.8;26.25;0.575;1.514;2021.533;-1.947;2.731
759761;32.8;26.25;0.501;1.544;2002.702;-1.428;2.230
759861;32.8;26.25;0.554;1.506;2023.299;-1.648;2.884
759961;32.8;26.25;0.578;1.503;2009.480;-1.857;2.879
760061;32.7;26.25;0.581;1.517;2058.802;-2.349;2.734
760161;32.7;26.25;0.553;1.530;2018.404;-1.843;2.564
760261;32.8;26.25;0.486;1.552;2034.524;-1.497;2.139
760361;32.8;26.25;0.582;1.516;2050.227;-2.337;2.719
760461;32.8;26.25;0.556;1.514;2019.692;-1.669;2.788
760561;32.8;26.25;0.569;1.503;2023.194;-1.708;2.891
760661;32.8;26.25;0.580;1.524;2052.408;-2.337;2.672
760761;32.7;26.25;0.460;1.535;1977.549;-0.955;2.280
760861;32.7;26.18;0.568;1.517;2029.206;-1.768;2.704
760961;32.7;26.18;0.580;1.489;2064.276;-1.957;3.067
761061;32.7;26.18;0.556;1.491;2027.103;-1.509;3.095
761161;32.7;26.18;0.579;1.470;2012.556;-1.555;3.287
761261;32.7;26.18;0.529;1.531;1999.805;-1.763;2.385
761361;32.7;26.18;0.561;1.502;2020.245;-1.604;2.939
761461;32.7;26.18;0.577;1.504;2020.157;-1.762;3.040
761561;32.8;26.18;0.581;1.477;2055.968;-1.936;3.269
761661;32.8;26.18;0.555;1.488;2025.234;-1.411;3.119
761761;32.8;26.18;0.573;1.522;2049.193;-2.404;2.610
761861;32.8;26.25;0.583;1.492;2052.708;-2.081;3.115
761961;32.8;26.25;0.556;1.519;2014.771;-1.723;2.731
762061;32.7;26.25;0.570;1.526;2019.928;-1.901;2.656
762161;32.7;26.25;0.581;1.506;2063.568;-2.207;2.892
762261;32.7;26.25;0.542;1.537;2008.090;-1.890;2.384
762361;32.7;26.25;0.577;1.488;2030.958;-1.708;3.071
762461;32.7;26.25;0.586;1.476;2053.760;-1.987;3.301
762561;32.7;26.25;0.554;1.519;2023.762;-1.651;2.757
762661;32.7;26.25;0.571;1.506;2025.382;-1.746;2.929
762761;32.8;26.25;0.526;1.544;1997.885;-1.695;2.261
762861;32.8;26.25;0.560;1.475;2026.043;-1.429;3.285
762961;32.8;26.25;0.576;1.471;2018.048;-1.452;3.315
763061;32.8;26.25;0.583;1.485;2050.131;-1.911;3.263
763161;32.8;26.25;0.559;1.498;2021.947;-1.607;3.045
763261;32.8;26.25;0.530;1.547;2033.623;-1.966;2.245
763361;32.8;26.25;0.577;1.498;2061.907;-1.990;3.024
763461;32.8;26.25;0.563;1.479;2025.875;-1.488;3.276
763561;32.7;26.25;0.584;1.462;2017.205;-1.552;3.465
763661;32.7;26.25;0.583;1.470;2048.441;-1.707;3.394
763761;32.8;26.25;0.560;1.530;2015.719;-2.109;2.517
763861;32.8;26.18;0.575;1.495;2014.911;-1.676;3.110
763961;32.8;26.18;0.583;1.463;2053.640;-1.798;3.468
764061;32.8;26.18;0.555;1.479;2030.735;-1.360;3.275
764161;32.8;26.18;0.574;1.455;2018.654;-1.308;3.526
764261;32.8;26.18;0.556;1.507;2007.099;-1.645;2.861
764361;32.8;26.18;0.563;1.463;2027.296;-1.354;3.445
764461;32.8;26.18;0.576;1.468;2019.287;-1.470;3.385
764561;32.7;26.18;0.581;1.468;2052.218;-1.771;3.442
764661;32.7;26.18;0.563;1.471;2026.165;-1.390;3.355
764761;32.7;26.18;0.577;1.512;2052.103;-2.193;2.744
764861;32.7;26.25;0.582;1.455;2055.500;-1.654;3.580
764961;32.7;26.25;0.561;1.490;2022.221;-1.567;3.243
765061;32.7;26.25;0.572;1.494;2021.944;-1.655;3.166
765161;32.7;26.25;0.588;1.492;2052.077;-1.995;3.150
765261;32.7;26.25;0.565;1.528;2021.029;-2.155;2.535
765361;32.7;26.25;0.582;1.478;2019.126;-1.622;3.315
765461;32.7;26.25;0.584;1.454;2048.916;-1.600;3.604
765561;32.8;26.25;0.564;1.474;2021.793;-1.461;3.384
765661;32.8;26.25;0.581;1.480;2020.367;-1.601;3.325
765761;32.7;26.25;0.554;1.532;2015.735;-1.970;2.539
765861;32.7;26.25;0.556;1.466;2022.869;-1.226;3.476
765961;32.7;26.25;0.577;1.451;2016.405;-1.266;3.561
766061;32.6;26.25;0.581;1.443;2049.073;-1.491;3.674
766161;32.6;26.25;0.564;1.462;2017.445;-1.396;3.546
766261;32.7;26.25;0.579;1.519;2051.350;-2.313;2.692
766361;32.7;26.25;0.585;1.462;2052.742;-1.685;3.505
766461;32.7;26.25;0.563;1.476;2023.637;-1.402;3.389
766561;32.8;26.25;0.575;1.450;2008.259;-1.242;3.626
766661;32.8;26.25;0.581;1.443;2043.865;-1.446;3.671
766761;32.8;26.25;0.570;1.516;2016.474;-1.918;2.732
766861;32.8;26.25;0.578;1.467;2020.285;-1.456;3.449
766961;32.8;26.25;0.583;1.459;2045.861;-1.631;3.609
767061;32.8;26.25;0.559;1.463;2020.730;-1.157;3.498
767161;32.8;26.25;0.573;1.450;2012.707;-1.176;3.610
767261;32.8;26.25;0.558;1.497;2024.285;-1.569;2.979
767361;32.8;26.25;0.562;1.458;2016.019;-1.173;3.473
767461;32.8;26.25;0.580;1.452;2008.505;-1.317;3.619
767561;32.8;26.25;0.583;1.448;2049.008;-1.540;3.672
767661;32.8;26.25;0.567;1.469;2025.038;-1.399;3.466
767761;32.8;26.25;0.582;1.491;2062.215;-2.057;3.045
767861;32.8;26.25;0.578;1.445;2041.830;-1.397;3.764
767961;32.8;26.25;0.564;1.467;2022.314;-1.313;3.423
768061;32.7;26.25;0.579;1.473;2019.512;-1.522;3.422
768161;32.7;26.25;0.585;1.465;2047.903;-1.731;3.583
768261;32.7;26.25;0.575;1.520;2020.871;-1.912;2.709
768361;32.7;26.25;0.579;1.460;2021.822;-1.413;3.563
768461;32.7;26.25;0.576;1.455;2048.415;-1.429;3.637
768561;32.8;26.25;0.555;1.456;2015.675;-1.022;3.503
768661;32.8;26.25;0.577;1.454;2011.080;-1.215;3.597
768761;32.8;26.25;0.558;1.494;2017.949;-1.533;3.106
768861;32.8;26.25;0.548;1.460;2014.319;-0.839;3.440
768961;32.8;26.25;0.555;1.450;2002.512;-0.698;3.459
769061;32.8;26.25;0.566;1.448;2023.635;-0.935;3.374
769161;32.8;26.25;0.551;1.457;2018.633;-0.934;3.508
769261;32.8;26.25;0.582;1.506;2051.357;-2.090;2.867
769361;32.8;26.25;0.579;1.441;2036.955;-1.355;3.744
769461;32.8;26.25;0.554;1.463;2021.984;-1.030;3.463
769561;32.8;26.25;0.567;1.456;2013.593;-1.031;3.524
769661;32.8;26.25;0.569;1.441;2027.234;-1.025;3.625
769761;32.8;26.25;0.580;1.476;2020.317;-1.625;3.295
769861;32.8;26.25;0.575;1.463;2006.974;-1.181;3.553
769961;32.8;26.25;0.583;1.441;2054.399;-1.491;3.769
770061;32.9;26.25;0.558;1.465;2015.422;-1.111;3.494
770161;32.9;26.25;0.562;1.454;2003.940;-0.884;3.564
770261;32.8;26.25;0.553;1.503;2023.297;-1.501;2.969
770361;32.8;26.25;0.539;1.467;2012.442;-0.638;3.264
770461;32.8;26.25;0.556;1.453;1997.230;-0.736;3.580
770561;32.8;26.25;0.569;1.443;2031.059;-0.978;3.618
770661;32.8;26.25;0.554;1.460;2019.183;-1.020;3.521
770761;32.9;26.25;0.580;1.486;2055.285;-1.903;3.226
770861;32.9;26.18;0.558;1.450;2025.392;-0.802;3.427
770961;32.9;26.18;0.538;1.465;2005.627;-0.621;3.416
771061;33.0;26.18;0.568;1.450;2003.907;-0.912;3.612
771161;33.0;26.18;0.578;1.442;2039.130;-1.314;3.796
771261;32.8;26.18;0.582;1.494;2021.928;-1.786;3.150
771361;32.8;26.18;0.574;1.450;2008.098;-1.047;3.632
771461;32.8;26.18;0.550;1.453;2025.684;-0.684;3.445
771561;32.8;26.18;0.547;1.468;2011.559;-0.750;3.232
771661;32.8;26.18;0.561;1.456;1986.970;-0.720;3.411
771761;32.8;26.18;0.555;1.461;2015.071;-1.071;3.469
771861;32.8;26.25;0.544;1.468;2003.454;-0.644;3.218
771961;32.8;26.25;0.559;1.459;1985.573;-0.630;3.372
772061;32.9;26.25;0.477;1.480;2013.624;0.721;2.824
772161;32.9;26.25;0.459;1.496;2000.223;0.820;2.688
772261;32.9;26.25;0.579;1.449;2047.920;-1.513;3.699
772361;32.9;26.25;0.564;1.447;2023.748;-0.851;3.494
772461;32.9;26.25;0.544;1.469;2002.685;-0.688;3.401
772561;32.9;26.25;0.557;1.462;1998.341;-0.680;3.353
772661;32.9;26.25;0.563;1.446;2028.775;-0.803;3.500
772761;32.9;26.25;0.581;1.474;2014.972;-1.548;3.350
772861;32.9;26.25;0.559;1.458;1984.598;-0.670;3.465
772961;32.9;26.25;0.567;1.441;2036.717;-0.958;3.643
773061;32.8;26.25;0.550;1.470;2017.916;-0.850;3.382
773161;32.8;26.25;0.554;1.461;2001.884;-0.721;3.472
773261;32.8;26.25;0.557;1.460;2021.832;-1.120;3.528
773361;32.8;26.25;0.538;1.470;2009.412;-0.579;3.158
773461;32.8;26.25;0.553;1.460;1993.227;-0.570;3.362
773561;32.7;26.25;0.566;1.447;2018.103;-0.848;3.544
773661;32.7;26.25;0.546;1.468;2004.949;-0.714;3.325
773761;32.8;26.25;0.582;1.452;2053.881;-1.585;3.649
773861;32.8;26.25;0.559;1.449;2028.032;-0.745;3.399
773961;32.8;26.25;0.539;1.466;2002.019;-0.511;3.238
774061;32.9;26.25;0.561;1.455;1985.416;-0.671;3.421
774161;32.9;26.25;0.566;1.449;2022.626;-0.838;3.458
774261;32.9;26.25;0.577;1.482;2022.434;-1.549;3.331
774361;32.9;26.25;0.563;1.463;1993.059;-0.832;3.422
774461;32.9;26.25;0.517;1.467;2022.209;0.047;3.058
774561;32.9;26.25;0.439;1.502;2006.605;1.143;2.630
774661;32.9;26.25;0.466;1.488;1987.469;0.960;2.814
774761;32.9;26.25;0.560;1.462;2015.543;-1.157;3.497
774861;32.9;26.25;0.437;1.497;2000.358;1.244;2.685
774961;32.9;26.25;0.461;1.487;1984.205;1.027;2.885
775061;32.7;26.25;0.443;1.471;2005.701;1.245;2.997
775161;32.7;26.25;0.408;1.479;1990.259;1.582;2.974
775261;32.8;26.25;0.563;1.439;2026.194;-0.938;3.628
775361;32.8;26.25;0.510;1.476;2013.644;0.195;2.994
775461;32.8;26.25;0.546;1.474;2002.629;-0.697;3.265
775561;32.8;26.25;0.565;1.460;1991.420;-0.774;3.420
775661;32.8;26.25;0.517;1.468;2024.004;0.038;3.094
775761;32.8;26.25;0.576;1.450;2008.568;-1.158;3.616
775861;32.8;26.25;0.552;1.464;1988.628;-0.534;3.332
775961;32.8;26.25;0.570;1.453;2014.409;-0.911;3.513
776061;32.8;26.25;0.552;1.468;2009.516;-0.778;3.341
776161;32.8;26.25;0.569;1.458;1999.493;-0.842;3.462
776261;32.8;26.25;0.563;1.459;2023.377;-1.182;3.545
776361;32.8;26.25;0.422;1.493;2006.952;1.449;2.787
776461;32.8;26.25;0.437;1.475;1973.870;1.391;3.068
776561;32.9;26.25;0.452;1.477;2005.460;1.136;3.046
776661;32.9;26.25;0.487;1.493;1995.074;0.463;2.788
776761;32.9;26.25;0.580;1.446;2041.076;-1.443;3.711
776861;32.9;26.25;0.449;1.474;2008.728;1.218;2.966
776961;32.9;26.25;0.402;1.487;1996.668;1.643;2.900
777061;32.9;26.25;0.430;1.474;1974.607;1.463;3.066
777161;32.9;26.25;0.431;1.463;2000.807;1.380;3.195
777261;32.9;26.25;0.576;1.451;2006.128;-1.135;3.605
777361;32.9;26.25;0.513;1.483;1985.346;0.251;2.963
777461;32.9;26.25;0.454;1.479;2001.385;1.160;2.923
777561;32.8;26.25;0.403;1.484;1999.968;1.620;2.953
777661;32.8;26.25;0.424;1.475;1976.543;1.470;3.112
777761;32.9;26.25;0.547;1.463;2012.456;-0.813;3.372
777861;32.9;26.25;0.428;1.493;1994.968;1.443;2.792
777961;32.9;26.25;0.438;1.483;1973.768;1.372;2.999
778061;32.8;26.25;0.431;1.462;2002.115;1.394;3.138
778161;32.8;26.25;0.399;1.480;1996.422;1.641;2.998
778261;32.8;26.25;0.564;1.445;2020.031;-0.841;3.512
778361;32.8;26.25;0.430;1.464;1998.559;1.413;3.174
778461;32.8;26.25;0.442;1.499;1998.030;1.212;2.700
778561;32.8;26.25;0.551;1.468;1985.380;-0.516;3.351
778661;32.8;26.25;0.482;1.484;2012.657;0.709;2.863
778761;32.9;26.25;0.575;1.448;2012.889;-1.189;3.663
778861;32.9;26.25;0.433;1.475;1972.951;1.433;3.129
778961;32.9;26.25;0.447;1.474;2004.719;1.254;3.059
779061;32.9;26.25;0.474;1.499;1993.717;0.692;2.781
779161;32.9;26.25;0.498;1.492;1985.483;0.495;2.896
779261;32.9;26.25;0.548;1.464;2019.853;-0.801;3.338
779361;32.9;26.25;0.410;1.490;1999.834;1.552;2.883
779461;32.9;26.25;0.416;1.460;1966.052;1.486;3.314
779561;32.8;26.25;0.408;1.458;1988.934;1.524;3.231
779661;32.8;26.25;0.389;1.479;1994.735;1.692;3.065
779761;32.9;26.25;0.563;1.450;2022.917;-0.866;3.459
779861;32.9;26.25;0.417;1.456;1993.868;1.510;3.252
779961;32.9;26.25;0.378;1.471;1996.312;1.756;3.130
780061;32.9;26.25;0.400;1.455;1956.492;1.635;3.357
780161;32.9;26.25;0.417;1.458;1989.997;1.465;3.313
780261;32.8;26.25;0.564;1.461;1984.875;-0.786;3.412
780361;32.8;26.25;0.429;1.479;1973.220;1.450;3.121
780461;32.8;26.25;0.430;1.463;2006.161;1.393;3.175
780561;32.8;26.25;0.404;1.488;1994.044;1.623;2.993
780661;32.8;26.25;0.419;1.469;1966.542;1.511;3.206
780761;32.9;26.25;0.488;1.491;2006.129;0.376;2.823
780861;32.9;26.25;0.393;1.474;1991.421;1.651;3.140
780961;32.9;26.25;0.417;1.475;1975.123;1.492;3.177
781061;32.9;26.25;0.411;1.458;1991.723;1.519;3.250
781161;32.9;26.25;0.383;1.472;1989.927;1.691;3.193
781261;32.9;26.25;0.524;1.461;2023.737;-0.162;3.151
781361;32.9;26.25;0.419;1.458;1979.036;1.462;3.314
781461;32.9;26.25;0.398;1.481;1987.690;1.659;3.114
781561;32.9;26.25;0.433;1.476;1969.094;1.428;3.190
781661;32.9;26.25;0.439;1.465;2005.992;1.318;3.236
781761;32.8;26.25;0.559;1.457;1999.477;-0.713;3.458
781861;32.8;26.25;0.408;1.466;1967.545;1.598;3.258
781961;32.8;26.25;0.412;1.456;1990.591;1.518;3.300
782061;32.9;26.25;0.402;1.485;1991.660;1.651;3.074
782161;32.9;26.25;0.420;1.475;1972.960;1.482;3.219
782261;32.9;26.25;0.437;1.497;2003.876;1.219;2.732
782361;32.9;26.25;0.363;1.465;1987.538;1.827;3.183
782461;32.9;26.25;0.377;1.462;1964.868;1.793;3.261
782561;32.9;26.25;0.367;1.455;1968.290;1.990;3.173
782661;32.9;26.25;0.333;1.468;1982.603;2.141;3.114
782761;32.9;26.25;0.429;1.470;2006.099;1.367;3.053
782861;32.9;26.25;0.384;1.454;1982.606;1.745;3.274
782961;32.9;26.25;0.361;1.466;1981.596;1.869;3.158
783061;33.0;26.25;0.367;1.462;1959.907;1.891;3.233
783161;33.0;26.25;0.370;1.456;1977.713;1.905;3.212
783261;33.0;26.25;0.438;1.485;1983.948;1.362;3.008
783361;33.0;26.25;0.408;1.465;1961.463;1.583;3.346
783461;33.0;26.25;0.407;1.457;1989.235;1.542;3.338
783561;33.0;26.25;0.380;1.470;1988.430;1.752;3.238
783661;33.0;26.25;0.411;1.464;1959.213;1.505;3.340
783761;33.0;26.25;0.400;1.485;1991.605;1.705;2.933
783861;33.0;26.25;0.359;1.467;1978.237;1.909;3.232
783961;33.0;26.25;0.394;1.456;1966.721;1.629;3.437
784061;33.0;26.25;0.392;1.453;1987.131;1.635;3.385
784161;33.0;26.25;0.359;1.474;1979.506;1.873;3.144
784261;33.0;26.25;0.435;1.468;2005.309;1.305;3.095
784361;33.0;26.25;0.366;1.460;1985.664;1.927;3.198
784461;33.0;26.25;0.372;1.466;1983.071;1.809;3.325
784561;33.0;26.25;0.409;1.465;1958.988;1.595;3.341
784661;33.0;26.25;0.403;1.452;1987.143;1.627;3.337
784761;33.0;26.25;0.503;1.484;1992.141;0.350;2.915
784861;33.0;26.25;0.381;1.466;1962.084;1.789;3.264
784961;33.0;26.25;0.355;1.458;1972.762;2.121;3.174
785061;33.0;26.25;0.329;1.476;1983.821;2.219;3.036
785161;33.0;26.25;0.390;1.461;1958.203;1.709;3.293
785261;33.0;26.25;0.401;1.494;1992.544;1.645;2.899
785361;33.0;26.25;0.328;1.477;1985.838;2.423;2.975
785461;33.0;26.25;0.342;1.466;1955.995;2.206;3.228
785561;33.0;26.25;0.291;1.471;1978.823;2.858;2.898
785661;33.0;26.25;0.307;1.480;1975.306;2.495;2.994
785761;33.0;26.25;0.419;1.453;1986.298;1.438;3.325
785861;33.0;26.25;0.355;1.459;1972.073;2.080;3.157
785961;33.0;26.25;0.352;1.474;1988.648;1.940;3.145
786061;32.9;26.25;0.363;1.467;1956.640;1.976;3.251
786161;32.9;26.25;0.312;1.469;1978.355;2.616;2.990
786261;32.9;26.25;0.429;1.474;1968.147;1.477;3.115
786361;32.9;26.25;0.387;1.460;1957.744;1.742;3.356
786461;32.9;26.25;0.388;1.458;1981.036;1.715;3.317
786561;33.0;26.25;0.367;1.467;1981.847;1.847;3.280
786661;33.0;26.25;0.399;1.460;1960.351;1.608;3.435
786761;33.0;26.25;0.406;1.489;1997.486;1.640;2.939
786861;33.0;26.25;0.330;1.474;1975.830;2.208;3.110
786961;33.0;26.25;0.369;1.463;1950.290;1.952;3.279
787061;32.9;26.25;0.357;1.464;1987.696;2.022;3.139
787161;32.9;26.25;0.358;1.471;1979.830;1.947;3.181
787261;32.9;26.25;0.410;1.461;1989.826;1.555;3.289
787361;32.9;26.25;0.276;1.474;1973.899;3.136;2.892
787461;32.9;26.25;0.256;1.482;1977.434;3.205;2.912
787561;32.9;26.25;0.354;1.465;1955.290;2.133;3.248
787661;32.9;26.25;0.356;1.465;1972.984;2.070;3.192
787761;32.9;26.25;0.431;1.483;1980.911;1.436;3.084
787861;32.9;26.25;0.359;1.466;1961.433;2.010;3.229
787961;32.9;26.25;0.298;1.469;1979.482;2.809;2.966
788061;32.9;26.25;0.228;1.491;1973.172;3.626;2.747
788161;32.9;26.25;0.339;1.466;1951.109;2.284;3.216
788261;32.9;26.25;0.491;1.493;2003.284;0.329;2.840
788361;32.9;26.25;0.325;1.477;1981.184;2.285;3.116
788461;32.9;26.25;0.332;1.471;1954.361;2.378;3.135
788561;33.0;26.25;0.282;1.472;1975.429;3.030;2.934
788661;33.0;26.25;0.160;1.512;1986.722;4.502;2.318
788761;33.0;26.25;0.398;1.453;1982.614;1.628;3.309
788861;33.0;26.25;0.253;1.480;1969.362;3.453;2.875
788961;33.0;26.25;0.263;1.488;1978.026;3.101;2.844
789061;33.0;26.25;0.343;1.467;1955.258;2.255;3.180
789161;33.0;26.25;0.243;1.487;1973.133;3.605;2.693
789261;33.0;26.25;0.411;1.465;1960.459;1.603;3.256
789361;33.0;26.25;0.294;1.477;1945.563;2.910;3.013
789461;33.0;26.25;0.322;1.469;1977.438;2.499;3.079
789561;32.9;26.25;0.344;1.476;1972.289;2.104;3.181
789661;32.9;26.25;0.368;1.467;1957.976;1.881;3.335
789761;32.9;26.25;0.387;1.477;1995.130;1.686;3.139
789861;32.9;26.25;0.251;1.490;1984.571;3.296;2.794
789961;32.9;26.25;0.289;1.480;1944.348;2.995;3.003
790061;33.0;26.25;0.202;1.492;1972.763;4.158;2.561
790161;33.0;26.25;0.169;1.511;1985.154;4.420;2.403
790261;32.9;26.25;0.388;1.453;1986.900;1.707;3.215
790361;32.9;26.25;0.411;1.518;1975.279;0.030;2.141
790461;32.9;26.25;0.102;1.566;1985.154;5.068;1.460
790561;32.9;26.25;0.195;1.507;1953.535;4.156;2.451
790661;32.9;26.25;0.224;1.488;1968.982;3.878;2.669
790761;33.0;26.25;0.408;1.470;1957.874;1.600;3.299
790861;33.0;26.25;0.288;1.478;1951.946;2.959;3.049
790961;33.0;26.25;0.195;1.512;1983.590;4.083;2.254
791061;33.0;26.25;0.294;1.540;1982.194;1.884;1.993
791161;33.0;26.25;0.203;1.503;1947.540;4.099;2.552
791261;33.0;26.25;0.392;1.476;1988.497;1.667;3.170
791361;33.0;26.25;0.235;1.490;1980.972;3.572;2.827
791461;33.0;26.25;0.276;1.484;1958.198;3.117;2.942
791561;33.0;26.25;0.212;1.516;1972.104;3.783;2.230
791661;33.0;26.25;0.111;1.565;1984.987;5.054;1.506
791761;33.0;26.25;0.313;1.465;1974.096;2.590;3.024
791861;33.0;26.25;0.316;1.533;1967.779;1.700;1.953
791961;33.0;26.25;0.233;1.539;1975.919;3.029;1.987
792061;32.9;26.25;0.203;1.516;1950.102;4.024;2.376
792161;32.9;26.25;0.274;1.526;1976.146;2.560;2.059
792261;32.9;26.25;0.375;1.465;1955.576;1.872;3.271
792361;32.9;26.25;0.202;1.513;1946.640;4.041;2.410
792461;32.9;26.25;0.199;1.506;1968.182;4.211;2.406
792561;32.9;26.25;0.234;1.500;1977.361;3.541;2.702
792661;32.9;26.25;0.328;1.477;1956.451;2.674;3.217
792761;33.0;26.25;0.380;1.469;1984.382;1.700;3.319
792861;33.0;26.25;0.325;1.549;1988.651;1.311;1.786
792961;33.0;26.25;0.162;1.557;1964.178;4.347;1.608
793061;33.0;26.25;0.152;1.553;1967.409;4.556;1.664
793161;33.0;26.25;0.108;1.564;1985.192;5.060;1.576
793261;33.0;26.25;0.362;1.461;1978.754;2.034;3.105
793361;33.0;26.25;0.226;1.577;1981.427;3.142;1.224
793461;33.0;26.25;0.270;1.579;2000.219;1.880;1.382
793561;33.0;26.25;0.484;1.523;1947.396;-1.407;2.330
793661;33.0;26.25;0.162;1.555;1971.184;4.442;1.616
793761;33.0;26.25;0.390;1.469;1956.864;1.720;3.274
793861;33.0;26.25;0.223;1.495;1948.859;3.887;2.790
793961;33.0;26.25;0.398;1.525;1978.769;0.248;2.057
794061;33.0;26.25;0.488;1.539;1992.854;-1.833;2.070
794161;33.0;26.25;0.184;1.554;1961.020;3.890;1.766
794261;33.0;26.25;0.335;1.478;1977.499;2.147;3.110
794361;33.0;26.25;0.441;1.537;1978.466;-0.772;2.070
794461;33.0;26.25;0.200;1.520;1957.392;4.027;2.304
794561;33.0;26.25;0.176;1.553;1975.396;4.209;1.618
794661;33.0;26.25;0.479;1.532;1990.101;-1.514;2.181
794761;33.0;26.25;0.224;1.487;1970.586;3.857;2.648
794861;33.0;26.25;0.277;1.563;1980.690;2.311;1.496
794961;33.0;26.25;0.108;1.566;1984.803;5.100;1.570
795061;33.0;26.25;0.247;1.526;1945.815;3.153;2.263
795161;33.0;26.25;0.225;1.550;1977.784;3.360;1.720
795261;33.0;26.25;0.330;1.466;1962.239;2.363;3.160
795361;33.0;26.25;0.478;1.525;1954.787;-1.317;2.352
795461;33.0;26.25;0.479;1.517;1967.614;-1.439;2.386
795561;33.0;26.25;0.438;1.537;1984.413;-0.945;2.109
795661;33.0;26.25;0.382;1.529;1949.994;0.664;2.231
795761;33.0;26.25;0.285;1.483;1986.954;2.846;2.918
795861;33.0;26.25;0.182;1.593;1990.284;3.743;1.142
795961;33.0;26.25;0.306;1.563;1966.223;1.725;1.595
796061;33.0;26.25;0.476;1.528;1984.443;-1.355;2.182
796161;33.0;26.25;0.224;1.592;1999.786;2.743;1.266
796261;33.0;26.25;0.257;1.478;1968.423;3.445;2.824
796361;33.0;26.25;0.466;1.520;1991.707;-1.238;2.294
796461;33.0;26.25;0.470;1.539;2006.025;-1.685;2.173
796561;33.0;26.25;0.446;1.532;1964.617;-0.847;2.265
796661;33.0;26.25;0.479;1.524;1975.661;-1.457;2.342
796761;33.0;26.25;0.199;1.514;1954.753;4.057;2.378
796861;33.0;26.25;0.356;1.538;1957.269;0.863;2.133
796961;33.0;26.25;0.481;1.520;1970.706;-1.402;2.340
797061;33.0;26.25;0.458;1.526;1999.276;-1.325;2.371
797161;33.0;26.25;0.377;1.550;1968.505;0.384;1.942
797261;32.9;26.25;0.257;1.485;1988.315;3.189;2.831
797361;32.9;26.25;0.471;1.534;1978.015;-1.606;2.253
797461;32.9;26.25;0.426;1.529;1954.768;-0.412;2.266
797561;32.9;26.25;0.493;1.523;1980.985;-1.603;2.281
797661;32.9;26.25;0.175;1.595;1989.321;3.866;1.165
797761;32.9;26.25;0.371;1.461;1980.376;1.894;3.204
797861;32.9;26.25;0.479;1.527;1980.814;-1.480;2.280
797961;32.9;26.25;0.462;1.535;1992.743;-1.516;2.267
798061;32.9;26.25;0.266;1.574;1965.567;2.446;1.507
798161;32.9;26.25;0.238;1.584;1981.418;2.936;1.278
798261;32.9;26.25;0.219;1.492;1952.673;3.922;2.734
798361;32.9;26.25;0.446;1.535;1972.948;-0.794;2.256
798461;32.9;26.25;0.478;1.530;1991.046;-1.425;2.236
798561;32.9;26.25;0.481;1.540;1990.145;-1.840;2.201
798661;32.9;26.25;0.454;1.530;1965.068;-1.001;2.352
798761;32.9;26.25;0.190;1.505;1974.522;4.217;2.506
798861;32.9;26.25;0.452;1.534;1992.523;-1.189;2.332
798961;32.9;26.25;0.461;1.532;1965.970;-1.106;2.268
799061;33.0;26.25;0.466;1.534;1993.608;-1.139;2.165
799161;33.0;26.25;0.463;1.536;2002.890;-1.393;2.246
799261;33.0;26.25;0.199;1.508;1973.285;4.155;2.380
799361;33.0;26.25;0.459;1.532;1996.411;-1.021;2.202
799461;33.0;26.25;0.447;1.541;2011.056;-0.961;2.143
799561;33.0;26.25;0.441;1.541;1989.296;-0.667;2.102
799661;33.0;26.25;0.455;1.541;2002.589;-0.866;2.085
799761;33.0;26.25;0.330;1.528;1951.299;1.565;2.163
799861;33.0;26.25;0.453;1.538;1965.369;-0.903;2.227
799961;33.0;26.25;0.476;1.529;1990.308;-1.443;2.264
800061;33.0;26.25;0.450;1.541;1993.783;-1.131;2.272
800161;33.0;26.25;0.445;1.534;1980.039;-0.768;2.265
800261;33.0;26.25;0.429;1.537;1979.525;-0.528;2.049
800361;33.0;26.25;0.478;1.541;1998.099;-1.736;2.209
800461;33.0;26.25;0.483;1.529;1957.892;-1.424;2.401
800561;33.0;26.25;0.255;1.579;1981.399;2.532;1.374
800661;33.0;26.25;0.467;1.537;2006.977;-1.446;2.279
800761;33.0;26.25;0.195;1.514;1972.736;4.129;2.298
800861;33.0;26.25;0.449;1.540;1994.426;-0.727;2.117
800961;33.0;26.25;0.452;1.545;2015.843;-1.022;2.121
801061;33.0;26.25;0.434;1.542;1975.957;-0.464;2.162
801161;33.0;26.25;0.459;1.535;1991.299;-0.895;2.163
801261;33.1;26.25;0.178;1.556;1961.010;4.169;1.721
801361;33.1;26.25;0.442;1.541;1989.458;-0.617;2.154
801461;33.1;26.25;0.465;1.542;1993.699;-0.930;2.099
801561;33.1;26.25;0.451;1.543;2014.752;-0.975;2.160
801661;33.1;26.25;0.442;1.543;1968.398;-0.679;2.210
801761;33.0;26.25;0.359;1.543;1979.910;0.812;1.992
801861;33.0;26.25;0.458;1.540;2011.748;-1.234;2.235
801961;33.0;26.25;0.444;1.540;1978.773;-0.712;2.260
802061;33.1;26.25;0.458;1.543;1993.855;-0.848;2.100
802161;33.1;26.25;0.456;1.550;2019.793;-1.022;2.076
802261;33.0;26.25;0.219;1.577;1977.603;3.308;1.315
802361;33.0;26.25;0.458;1.538;2000.559;-0.869;2.193
802461;33.0;26.25;0.461;1.554;2019.523;-1.073;2.009
802561;33.0;26.25;0.457;1.543;1988.628;-0.808;2.151
802661;33.0;26.25;0.495;1.543;2014.960;-1.395;2.096
802761;33.0;26.25;0.456;1.524;1956.741;-0.994;2.379
802861;33.0;26.25;0.439;1.542;1977.379;-0.584;2.198
802961;33.0;26.25;0.454;1.536;1990.685;-0.798;2.203
803061;33.0;26.25;0.466;1.539;2008.089;-1.405;2.316
803161;33.0;26.25;0.452;1.541;1974.336;-0.848;2.248
803261;33.0;26.25;0.177;1.603;1993.102;3.682;1.023
803361;33.0;26.25;0.457;1.549;2020.551;-1.081;2.113
803461;33.0;26.25;0.442;1.544;1969.654;-0.626;2.212
803561;33.1;26.25;0.467;1.533;1998.401;-1.073;2.274
803661;33.1;26.25;0.445;1.549;2016.510;-0.958;2.144
803761;33.0;26.25;0.503;1.521;1977.488;-1.753;2.328
803861;33.0;26.25;0.495;1.542;2007.375;-1.329;2.089
803961;33.0;26.25;0.511;1.539;2035.519;-1.839;2.265
804061;33.0;26.25;0.490;1.546;1994.308;-1.284;2.146
804161;33.0;26.25;0.497;1.541;2000.566;-1.376;2.171
804261;33.1;26.25;0.475;1.522;1959.156;-1.274;2.403
804361;33.1;26.25;0.457;1.547;1994.538;-0.831;2.142
804461;33.1;26.25;0.519;1.534;2019.591;-1.731;2.206
804561;33.0;26.25;0.495;1.546;2025.862;-1.619;2.163
804661;33.0;26.25;0.469;1.546;1992.853;-0.958;2.166
804761;33.0;26.25;0.465;1.535;1980.284;-1.516;2.223
804861;33.0;26.25;0.462;1.550;2016.311;-1.119;2.125
804961;33.0;26.25;0.461;1.547;1995.925;-0.875;2.145
805061;33.0;26.25;0.506;1.539;2012.972;-1.506;2.221
805161;33.0;26.25;0.513;1.545;2027.547;-1.823;2.200
805261;33.0;26.25;0.453;1.541;1992.984;-0.892;2.127
805361;33.0;26.25;0.509;1.541;2013.521;-1.579;2.194
805461;33.0;26.25;0.488;1.550;2029.595;-1.506;2.139
805561;33.1;26.25;0.471;1.546;1996.952;-0.973;2.189
805661;33.1;26.25;0.525;1.537;2017.268;-1.790;2.260
805761;33.1;26.25;0.439;1.542;1975.546;-0.531;2.127
805861;33.1;26.25;0.454;1.546;1984.458;-0.732;2.170
805961;33.1;26.25;0.466;1.549;2004.256;-0.971;2.143
806061;33.1;26.25;0.451;1.555;2011.060;-0.934;2.062
806161;33.1;26.25;0.445;1.547;1991.215;-0.608;2.193
806261;33.1;26.25;0.457;1.539;2004.925;-1.476;2.213
806361;33.1;26.25;0.521;1.549;2022.273;-1.909;2.170
806461;33.1;26.25;0.492;1.547;1992.785;-1.329;2.195
806561;33.0;26.25;0.480;1.547;2006.015;-1.107;2.132
806661;33.0;26.25;0.474;1.551;2024.686;-1.321;2.155
806761;33.0;26.25;0.473;1.532;1985.729;-1.338;2.272
806861;33.0;26.25;0.546;1.529;2024.766;-2.041;2.383
806961;33.0;26.25;0.564;1.527;2045.470;-2.402;2.464
807061;33.1;26.25;0.533;1.533;2007.879;-1.804;2.411
807161;33.1;26.25;0.549;1.530;2009.095;-2.036;2.433
807261;33.0;26.25;0.412;1.538;1961.548;-0.137;2.158
807361;33.0;26.25;0.505;1.540;2006.124;-1.493;2.276
807461;33.0;26.25;0.560;1.527;2018.185;-2.164;2.442
807561;33.0;26.25;0.574;1.522;2045.353;-2.479;2.539
807661;33.0;26.25;0.543;1.534;2005.576;-1.965;2.397
807761;33.0;26.25;0.444;1.543;2017.480;-0.944;2.158
807861;33.0;26.25;0.510;1.551;2024.016;-1.819;2.158
807961;33.0;26.25;0.491;1.551;1996.153;-1.303;2.173
808061;33.0;26.25;0.547;1.533;2017.403;-2.005;2.350
808161;33.0;26.25;0.553;1.532;2039.629;-2.282;2.472
808261;33.0;26.25;0.456;1.542;2001.056;-0.840;2.111
808361;33.0;26.25;0.544;1.531;2008.105;-2.006;2.410
808461;33.0;26.25;0.517;1.544;2031.028;-1.858;2.262
808561;33.2;26.25;0.503;1.544;2004.690;-1.447;2.291
808661;33.2;26.25;0.562;1.530;2012.040;-2.165;2.460
808761;33.2;26.25;0.444;1.547;1979.775;-0.617;2.107
808861;33.2;26.25;0.543;1.535;2006.215;-1.962;2.439
808961;33.2;26.25;0.549;1.531;2019.775;-2.084;2.439
809061;33.2;26.25;0.519;1.553;2024.270;-1.907;2.203
809161;33.2;26.25;0.501;1.545;1994.843;-1.424;2.292
809261;33.1;26.25;0.454;1.551;2018.910;-0.988;2.101
809361;33.1;26.25;0.566;1.530;2040.022;-2.291;2.523
809461;33.1;26.25;0.540;1.537;2005.235;-1.901;2.414
809561;33.1;26.25;0.559;1.530;2008.462;-2.160;2.474
809661;33.1;26.25;0.545;1.543;2041.093;-2.157;2.305
809761;33.1;26.25;0.460;1.537;1996.577;-0.906;2.158
809861;33.1;26.25;0.570;1.526;2017.775;-2.212;2.500
809961;33.1;26.25;0.578;1.514;2055.150;-2.239;2.662
810061;33.1;26.25;0.553;1.508;2020.597;-1.707;2.766
810161;33.1;26.25;0.568;1.514;2024.907;-1.865;2.658
810261;33.1;26.25;0.477;1.546;1991.516;-1.087;2.167
810361;33.1;26.25;0.543;1.535;2002.179;-1.806;2.502
810461;33.1;26.25;0.575;1.513;2033.257;-2.128;2.589
810561;33.1;26.25;0.578;1.513;2057.838;-2.256;2.673
810661;33.1;26.25;0.553;1.524;2015.757;-1.893;2.591
810761;33.0;26.25;0.474;1.552;2026.053;-1.348;2.106
810861;33.0;26.25;0.560;1.538;2042.672;-2.402;2.417
810961;33.0;26.25;0.507;1.551;2002.703;-1.539;2.254
811061;33.0;26.25;0.557;1.530;2014.768;-2.143;2.470
811161;33.0;26.25;0.565;1.533;2044.436;-2.393;2.450
811261;33.1;26.25;0.497;1.542;2010.351;-1.407;2.190
811361;33.1;26.25;0.567;1.525;2027.587;-2.122;2.576
811461;33.1;26.25;0.569;1.536;2037.305;-2.404;2.487
811561;33.1;26.25;0.547;1.529;2017.347;-1.852;2.557
811661;33.1;26.25;0.570;1.515;2030.541;-1.970;2.646
811761;33.0;26.25;0.471;1.542;2011.891;-1.095;2.163
811861;33.0;26.25;0.555;1.514;2019.246;-1.736;2.741
811961;33.0;26.25;0.568;1.517;2022.376;-1.853;2.667
812061;33.0;26.25;0.580;1.518;2044.525;-2.329;2.678
812161;33.0;26.25;0.552;1.534;2013.193;-2.027;2.521
812261;33.0;26.25;0.470;1.553;2023.557;-1.200;2.078
812361;33.0;26.25;0.577;1.517;2049.889;-2.178;2.688
812461;33.0;26.25;0.553;1.516;2027.410;-1.701;2.703
812561;33.0;26.25;0.570;1.519;2026.121;-1.959;2.654
812661;33.0;26.25;0.574;1.528;2045.919;-2.250;2.604
812761;33.0;26.25;0.507;1.543;2007.402;-1.462;2.171
812861;33.0;26.25;0.572;1.508;2035.976;-1.892;2.746
812961;33.0;26.25;0.581;1.498;2057.758;-2.103;2.948
813061;33.0;26.25;0.555;1.500;2023.823;-1.600;2.945
813161;33.0;26.25;0.573;1.496;2018.533;-1.671;2.968
813261;33.1;26.25;0.530;1.537;2003.835;-1.807;2.335
813361;33.1;26.25;0.552;1.518;2016.455;-1.703;2.726
813461;33.1;26.25;0.573;1.509;2023.654;-1.918;2.795
813561;33.1;26.25;0.574;1.512;2055.075;-2.072;2.769
813661;33.1;26.25;0.556;1.516;2018.017;-1.664;2.726
813761;33.1;26.25;0.552;1.540;2032.439;-2.309;2.398
813861;33.1;26.25;0.585;1.521;2048.193;-2.402;2.639
813961;33.1;26.25;0.554;1.531;2017.559;-1.908;2.568
814061;33.1;26.25;0.580;1.515;2029.029;-2.144;2.692
814161;33.1;26.25;0.580;1.523;2049.189;-2.283;2.672
814261;33.0;26.25;0.522;1.537;2000.931;-1.664;2.235
814361;33.0;26.25;0.572;1.495;2021.547;-1.702;2.996
814461;33.0;26.25;0.578;1.497;2052.391;-2.029;2.976
814561;33.0;26.25;0.558;1.512;2020.358;-1.726;2.831
814661;33.0;26.25;0.574;1.487;2033.146;-1.665;3.053
814761;33.0;26.25;0.553;1.517;2022.284;-1.759;2.665
814861;33.0;26.25;0.559;1.483;2028.293;-1.485;3.181
814961;33.0;26.25;0.580;1.478;2014.945;-1.685;3.243
815061;33.1;26.25;0.582;1.486;2055.565;-1.978;3.159
815161;33.1;26.25;0.560;1.503;2023.921;-1.702;2.906
815261;33.1;26.25;0.563;1.536;2042.612;-2.431;2.412
815361;33.1;26.25;0.583;1.487;2055.454;-1.930;3.168
815461;33.1;26.25;0.558;1.488;2025.946;-1.498;3.114
815561;33.1;26.25;0.573;1.479;2024.844;-1.571;3.201
815661;33.1;26.25;0.581;1.490;2048.359;-1.954;3.132
815761;33.1;26.25;0.473;1.541;1998.027;-1.042;2.168
815861;33.1;26.25;0.572;1.500;2024.795;-1.701;2.955
815961;33.1;26.25;0.587;1.477;2052.410;-1.874;3.285
816061;33.0;26.25;0.559;1.494;2029.529;-1.582;3.094
816161;33.0;26.25;0.574;1.472;2021.309;-1.517;3.327
816261;33.0;26.25;0.552;1.527;2015.797;-1.898;2.505
816361;33.0;26.25;0.559;1.507;2028.376;-1.645;2.920
816461;33.0;26.25;0.579;1.503;2021.865;-1.855;2.942
816561;33.1;26.25;0.586;1.494;2048.185;-2.023;3.067
816661;33.1;26.25;0.561;1.476;2032.962;-1.489;3.258
816761;33.1;26.25;0.577;1.524;2047.184;-2.412;2.602
816861;33.1;26.25;0.588;1.489;2048.390;-2.003;3.188
816961;33.1;26.25;0.559;1.505;2020.083;-1.637;2.966
817061;33.1;26.25;0.576;1.509;2024.737;-1.820;2.879
817161;33.1;26.25;0.581;1.502;2052.236;-1.996;2.998
817261;33.1;26.25;0.553;1.534;2015.532;-2.080;2.430
817361;33.1;26.25;0.578;1.471;2024.430;-1.533;3.378
817461;33.1;26.25;0.587;1.452;2044.665;-1.703;3.578
817561;33.1;26.25;0.561;1.477;2032.549;-1.467;3.286
817661;33.1;26.25;0.578;1.471;2020.509;-1.513;3.347
817761;33.0;26.25;0.550;1.524;2020.504;-1.837;2.550
817861;33.0;26.25;0.563;1.464;2031.280;-1.431;3.414
817961;33.0;26.25;0.571;1.452;2016.797;-1.203;3.488
818061;33.0;26.25;0.582;1.440;2044.137;-1.493;3.691
818161;33.0;26.25;0.561;1.469;2023.182;-1.357;3.427
818261;33.0;26.25;0.582;1.524;2038.586;-2.370;2.593
818361;33.0;26.25;0.583;1.465;2053.617;-1.767;3.444
818461;33.0;26.25;0.560;1.470;2023.830;-1.408;3.389
818561;33.1;26.25;0.577;1.460;2016.376;-1.353;3.567
818661;33.1;26.25;0.583;1.453;2046.157;-1.532;3.556
818761;33.1;26.25;0.581;1.509;2029.295;-1.984;2.766
818861;33.1;26.25;0.575;1.489;2021.537;-1.631;3.196
818961;33.1;26.25;0.587;1.484;2053.360;-1.906;3.246
819061;33.1;26.25;0.566;1.481;2030.480;-1.604;3.298
819161;33.1;26.25;0.577;1.466;2022.896;-1.423;3.405
819261;33.1;26.25;0.561;1.522;2010.612;-1.889;2.633
819361;33.1;26.25;0.563;1.467;2027.431;-1.354;3.464
819461;33.1;26.25;0.576;1.466;2017.358;-1.421;3.445
819561;33.1;26.25;0.585;1.469;2047.363;-1.729;3.483
819661;33.1;26.25;0.565;1.470;2023.518;-1.395;3.430
819761;33.1;26.25;0.576;1.521;2053.721;-2.248;2.607
819861;33.1;26.25;0.584;1.449;2052.239;-1.531;3.693
819961;33.1;26.25;0.564;1.473;2024.245;-1.454;3.445
820061;33.1;26.25;0.579;1.470;2010.417;-1.538;3.493
820161;33.1;26.25;0.590;1.468;2053.691;-1.826;3.455
820261;33.1;26.25;0.570;1.524;2016.014;-1.881;2.627
820361;33.1;26.25;0.577;1.461;2012.454;-1.348;3.531
820461;33.1;26.25;0.575;1.440;2041.005;-1.211;3.622
820561;33.1;26.25;0.550;1.457;2021.222;-0.968;3.499
820661;33.1;26.25;0.572;1.451;2017.916;-1.200;3.546
820761;33.1;26.25;0.558;1.491;2022.808;-1.559;3.167
820861;33.1;26.25;0.542;1.467;2019.729;-0.853;3.307
820961;33.1;26.25;0.547;1.454;2001.423;-0.552;3.304
821061;33.1;26.25;0.558;1.443;2021.891;-0.758;3.451
821161;33.1;26.25;0.557;1.454;2017.631;-1.081;3.522
821261;33.1;26.25;0.581;1.516;2044.809;-2.258;2.785
821361;33.1;26.25;0.584;1.449;2045.045;-1.493;3.650
821461;33.1;26.25;0.560;1.476;2027.302;-1.391;3.412
821561;33.1;26.25;0.578;1.447;2012.756;-1.223;3.613
821661;33.1;26.25;0.584;1.443;2041.406;-1.446;3.748
821761;33.1;26.25;0.579;1.518;2016.126;-2.037;2.709
821861;33.1;26.25;0.582;1.476;2025.455;-1.629;3.351
821961;33.1;26.25;0.593;1.456;2051.869;-1.769;3.644
822061;33.1;26.25;0.563;1.468;2028.945;-1.358;3.482
822161;33.1;26.25;0.571;1.462;2014.646;-1.178;3.459
822261;33.1;26.25;0.562;1.485;2035.641;-1.621;3.151
822361;33.1;26.25;0.539;1.462;2016.544;-0.761;3.422
822461;33.1;26.25;0.567;1.450;1996.858;-0.947;3.585
822561;33.1;26.25;0.572;1.442;2037.582;-1.142;3.700
822661;33.1;26.25;0.555;1.468;2023.261;-1.125;3.452
822761;33.1;26.25;0.579;1.446;2043.579;-1.449;3.688
822861;33.1;26.25;0.558;1.443;2025.222;-0.777;3.483
822961;33.1;26.25;0.547;1.461;2013.406;-0.842;3.383
823061;33.1;26.25;0.573;1.451;2008.731;-1.121;3.628
823161;33.1;26.25;0.582;1.442;2034.820;-1.340;3.749
823261;33.0;26.25;0.578;1.492;2028.152;-1.771;3.035
823361;33.0;26.25;0.556;1.457;2007.672;-0.749;3.448
823461;33.0;26.25;0.565;1.445;2021.650;-0.866;3.459
823561;33.1;26.25;0.545;1.461;2009.801;-0.743;3.291
823661;33.1;26.25;0.554;1.456;1999.951;-0.690;3.426
823761;33.1;26.25;0.560;1.476;2025.578;-1.431;3.338
823861;33.1;26.25;0.532;1.475;2009.821;-0.571;3.222
823961;33.1;26.25;0.563;1.451;1986.922;-0.728;3.425
824061;33.1;26.25;0.565;1.442;2012.392;-0.771;3.452
824161;33.1;26.25;0.533;1.464;2011.554;-0.573;3.332
824261;33.2;26.25;0.585;1.495;2047.287;-2.064;3.083
824361;33.2;26.25;0.585;1.450;2032.759;-1.412;3.759
824461;33.2;26.25;0.558;1.469;2030.990;-1.241;3.469
824561;33.2;26.25;0.568;1.450;2013.932;-1.006;3.606
824661;33.2;26.25;0.562;1.450;2023.455;-0.826;3.526
824761;33.2;26.25;0.584;1.479;2015.377;-1.696;3.299
824861;33.2;26.25;0.572;1.453;2005.668;-1.071;3.624
824961;33.2;26.25;0.581;1.441;2040.199;-1.327;3.754
825061;33.2;26.25;0.554;1.468;2016.180;-1.084;3.521
825161;33.2;26.25;0.558;1.453;2004.176;-0.759;3.483
825261;33.2;26.25;0.551;1.516;2027.132;-1.676;2.718
825361;33.2;26.25;0.536;1.470;2011.299;-0.562;3.193
825461;33.2;26.25;0.558;1.459;1982.957;-0.627;3.409
825561;33.1;26.25;0.570;1.442;2013.317;-0.886;3.534
825661;33.1;26.25;0.536;1.475;2013.811;-0.590;3.200
825761;33.1;26.25;0.581;1.451;2054.960;-1.617;3.617
825861;33.1;26.25;0.495;1.473;2006.033;0.847;2.836
825961;33.1;26.25;0.458;1.496;2007.521;0.817;2.689
826061;33.1;26.25;0.544;1.463;1989.579;-0.425;3.289
826161;33.1;26.25;0.568;1.445;2012.856;-0.865;3.540
826261;33.1;26.25;0.576;1.459;2009.630;-1.342;3.533
826361;33.1;26.25;0.555;1.455;1988.356;-0.597;3.394
826461;33.1;26.25;0.558;1.449;2016.379;-0.642;3.363
826561;33.1;26.25;0.487;1.492;2011.415;0.333;2.804
826661;33.1;26.25;0.550;1.461;1985.480;-0.536;3.332
826761;33.1;26.25;0.563;1.483;2030.952;-1.539;3.308
826861;33.1;26.25;0.548;1.469;2009.481;-0.761;3.319
826961;33.1;26.25;0.566;1.456;1999.629;-0.823;3.394
827061;33.1;26.25;0.556;1.450;2009.326;-0.613;3.383
827161;33.1;26.25;0.537;1.463;2003.105;-0.473;3.260
827261;33.1;26.25;0.588;1.463;2046.397;-1.711;3.513
827361;33.1;26.25;0.558;1.452;2019.126;-0.706;3.496
827461;33.1;26.25;0.545;1.470;2011.034;-0.773;3.400
827561;33.1;26.25;0.565;1.457;2001.426;-0.747;3.364
827661;33.1;26.25;0.561;1.457;2014.334;-0.689;3.353
827761;33.1;26.25;0.581;1.464;2018.794;-1.453;3.450
827861;33.1;26.25;0.559;1.458;1982.150;-0.622;3.394
827961;33.1;26.25;0.575;1.441;2024.568;-1.016;3.604
828061;33.1;26.25;0.542;1.473;2018.326;-0.751;3.317
828161;33.1;26.25;0.539;1.468;1987.631;-0.280;3.230
828261;33.1;26.25;0.552;1.463;2018.754;-1.002;3.434
828361;33.1;26.25;0.414;1.489;2001.316;1.508;2.794
828461;33.1;26.25;0.447;1.482;1977.307;1.291;2.895
828561;33.2;26.25;0.435;1.460;1996.744;1.354;3.169
828661;33.2;26.25;0.412;1.490;1998.829;1.589;2.818
828761;33.2;26.25;0.553;1.448;2025.735;-0.742;3.470
828861;33.2;26.25;0.430;1.463;2000.174;1.430;3.166
828961;33.2;26.25;0.404;1.484;1990.405;1.629;2.948
829061;33.1;26.25;0.449;1.484;1969.800;1.303;2.921
829161;33.1;26.25;0.490;1.478;2004.178;0.599;2.916
829261;33.2;26.25;0.575;1.456;2014.841;-1.225;3.594
829361;33.2;26.25;0.557;1.459;1987.281;-0.615;3.395
829461;33.2;26.25;0.508;1.476;2010.069;0.256;2.998
829561;33.1;26.25;0.476;1.497;2012.790;0.557;2.776
829661;33.1;26.25;0.497;1.482;1983.826;0.519;2.916
829761;33.1;26.25;0.560;1.467;2018.867;-1.271;3.516
829861;33.1;26.25;0.456;1.502;2004.175;0.930;2.669
829961;33.1;26.25;0.459;1.486;1987.048;1.079;2.896
830061;33.1;26.25;0.445;1.474;2001.661;1.257;3.022
830161;33.1;26.25;0.406;1.488;1997.870;1.644;2.929
830261;33.2;26.25;0.571;1.441;2019.241;-0.992;3.651
830361;33.2;26.25;0.481;1.479;2001.263;0.751;2.950
830461;33.2;26.25;0.509;1.487;2007.906;-0.025;3.030
830561;33.2;26.25;0.498;1.484;1983.274;0.483;2.969
830661;33.2;26.25;0.449;1.470;2002.298;1.227;3.076
830761;33.1;26.25;0.553;1.458;2005.318;-0.704;3.439
830861;33.1;26.25;0.439;1.485;1979.811;1.363;2.966
830961;33.1;26.25;0.449;1.469;2000.055;1.221;3.122
831061;33.2;26.25;0.414;1.500;2005.128;1.534;2.739
831161;33.2;26.25;0.442;1.478;1982.984;1.302;3.010
831261;33.3;26.25;0.539;1.462;2013.767;-0.661;3.315
831361;33.3;26.25;0.382;1.474;1993.229;1.730;3.090
831461;33.3;26.25;0.405;1.458;1966.068;1.536;3.274
831561;33.2;26.25;0.401;1.452;1980.618;1.629;3.313
831661;33.2;26.25;0.390;1.475;1984.596;1.686;3.100
831761;33.2;26.25;0.558;1.451;2016.564;-0.794;3.466
831861;33.2;26.25;0.423;1.456;1988.751;1.501;3.276
831961;33.2;26.25;0.398;1.482;1994.177;1.622;3.051
832061;33.2;26.25;0.433;1.478;1973.509;1.428;3.088
832161;33.2;26.25;0.436;1.463;1993.000;1.393;3.183
832261;33.2;26.25;0.561;1.461;2005.773;-0.809;3.471
832361;33.2;26.25;0.531;1.480;1990.458;-0.095;3.119
832461;33.2;26.25;0.500;1.482;2009.150;0.409;2.932
832561;33.2;26.25;0.438;1.501;1999.975;1.295;2.694
832661;33.2;26.25;0.436;1.485;1979.740;1.423;2.980
832761;33.2;26.25;0.541;1.466;2015.630;-0.671;3.295
832861;33.2;26.25;0.411;1.494;1999.437;1.566;2.903
832961;33.2;26.25;0.426;1.473;1974.769;1.472;3.155
833061;33.3;26.25;0.422;1.461;1990.229;1.496;3.203
833161;33.3;26.25;0.396;1.478;2003.317;1.642;3.047
833261;33.3;26.25;0.498;1.478;2006.065;0.409;2.932
833361;33.3;26.25;0.414;1.456;1984.172;1.461;3.298
833461;33.3;26.25;0.394;1.478;1992.128;1.664;3.105
833561;33.3;26.25;0.430;1.476;1972.677;1.493;3.131
833661;33.3;26.25;0.425;1.462;1993.051;1.442;3.274
833761;33.2;26.25;0.564;1.454;1996.249;-0.757;3.372
833861;33.2;26.25;0.400;1.457;1960.452;1.592;3.338
833961;33.2;26.25;0.396;1.448;1981.739;1.642;3.366
834061;33.2;26.25;0.385;1.475;1986.007;1.698;3.171
834161;33.2;26.25;0.411;1.461;1962.704;1.542;3.300
834261;33.2;26.25;0.459;1.496;2002.995;0.891;2.653
834361;33.2;26.25;0.379;1.468;1996.207;1.660;3.201
834461;33.2;26.25;0.403;1.454;1963.169;1.537;3.366
834561;33.2;26.25;0.378;1.455;1976.403;1.848;3.217
834661;33.2;26.25;0.374;1.467;1981.938;1.734;3.302
834761;33.2;26.25;0.557;1.451;2021.103;-0.735;3.473
834861;33.2;26.25;0.419;1.463;1988.067;1.462;3.284
834961;33.2;26.25;0.392;1.484;1997.616;1.689;3.060
835061;33.3;26.25;0.410;1.464;1976.109;1.546;3.265
835161;33.3;26.25;0.422;1.458;1985.716;1.517;3.297
835261;33.3;26.25;0.568;1.458;1992.333;-0.805;3.419
835361;33.3;26.25;0.431;1.480;1972.634;1.486;3.135
835461;33.3;26.25;0.437;1.473;1996.669;1.362;3.173
835561;33.2;26.25;0.401;1.493;1997.819;1.635;2.982
835661;33.2;26.25;0.418;1.463;1968.658;1.502;3.269
835761;33.2;26.25;0.464;1.497;1998.328;0.821;2.688
835861;33.2;26.25;0.377;1.469;1986.851;1.739;3.237
835961;33.2;26.25;0.410;1.468;1965.327;1.549;3.258
836061;33.2;26.25;0.389;1.450;1978.159;1.713;3.344
836161;33.2;26.25;0.340;1.468;1985.547;2.106;3.126
836261;33.2;26.25;0.410;1.455;1990.479;1.531;3.224
836361;33.2;26.25;0.349;1.458;1964.269;2.182;3.175
836461;33.2;26.25;0.331;1.473;1981.021;2.186;3.040
836561;33.2;26.25;0.376;1.458;1954.769;1.832;3.321
836661;33.2;26.25;0.377;1.455;1976.872;1.852;3.255
836761;33.2;26.25;0.418;1.465;1972.727;1.510;3.197
836861;33.2;26.25;0.349;1.461;1957.767;2.132;3.164
836961;33.2;26.25;0.322;1.462;1968.448;2.495;3.037
837061;33.2;26.25;0.355;1.476;1981.085;1.934;3.125
837161;33.2;26.25;0.399;1.460;1959.948;1.595;3.403
837261;33.2;26.25;0.449;1.506;2003.126;1.031;2.688
837361;33.2;26.25;0.354;1.471;1994.588;1.907;3.153
837461;33.2;26.25;0.386;1.465;1969.419;1.701;3.244
837561;33.3;26.25;0.363;1.463;1974.318;1.971;3.171
837661;33.3;26.25;0.337;1.472;1985.219;2.155;3.081
837761;33.3;26.25;0.466;1.485;2006.669;0.934;2.893
837861;33.3;26.25;0.402;1.459;1983.001;1.641;3.330
837961;33.3;26.25;0.373;1.468;1997.352;1.724;3.228
838061;33.3;26.25;0.380;1.461;1962.321;1.819;3.287
838161;33.3;26.25;0.370;1.459;1974.900;1.899;3.242
838261;33.3;26.25;0.475;1.491;1987.839;0.824;2.843
838361;33.3;26.25;0.403;1.462;1962.368;1.620;3.391
838461;33.3;26.25;0.408;1.457;1980.329;1.567;3.377
838561;33.3;26.25;0.365;1.470;1990.144;1.839;3.193
838661;33.3;26.25;0.396;1.462;1968.536;1.643;3.327
838761;33.3;26.25;0.403;1.485;1990.026;1.645;2.948
838861;33.3;26.25;0.295;1.473;1983.832;2.675;3.033
838961;33.3;26.25;0.349;1.460;1955.750;2.159;3.230
839061;33.4;26.25;0.312;1.472;1977.864;2.602;2.956
839161;33.4;26.25;0.167;1.509;1984.434;4.426;2.391
839261;33.4;26.25;0.348;1.460;1980.721;2.108;3.013
839361;33.4;26.25;0.233;1.538;1975.459;3.173;1.686
839461;33.4;26.25;0.166;1.506;1969.571;4.453;2.470
839561;33.4;26.25;0.293;1.470;1947.965;2.917;2.994
839661;33.4;26.25;0.310;1.468;1968.819;2.652;3.004
839761;33.3;26.25;0.410;1.463;1964.316;1.559;3.281
839861;33.3;26.25;0.307;1.472;1954.988;2.704;3.062
839961;33.3;26.25;0.265;1.476;1966.864;3.280;2.846
840061;33.4;26.25;0.292;1.481;1980.122;2.700;2.944
840161;33.4;26.25;0.387;1.462;1959.446;1.723;3.340
840261;33.4;26.25;0.412;1.491;1994.246;1.571;2.976
840361;33.4;26.25;0.348;1.477;1989.154;2.016;3.155
840461;33.4;26.25;0.365;1.463;1954.397;1.997;3.237
840561;33.2;26.25;0.302;1.471;1980.053;2.739;2.995
840661;33.2;26.25;0.281;1.481;1973.043;2.844;2.966
840761;33.3;26.25;0.416;1.460;1988.278;1.476;3.287
840861;33.3;26.25;0.354;1.464;1975.153;2.090;3.179
840961;33.3;26.25;0.343;1.473;1987.300;2.087;3.163
841061;33.3;26.25;0.345;1.464;1953.164;2.204;3.243
841161;33.3;26.25;0.215;1.491;1972.434;3.966;2.587
841261;33.2;26.25;0.405;1.461;1970.437;1.574;3.285
841361;33.2;26.25;0.322;1.470;1954.184;2.533;3.121
841461;33.2;26.25;0.310;1.466;1959.061;2.718;3.026
841561;33.4;26.25;0.267;1.485;1984.433;3.055;2.910
841661;33.4;26.25;0.247;1.477;1954.680;3.557;2.908
841761;33.3;26.25;0.308;1.475;1989.025;2.477;2.953
841861;33.3;26.25;0.474;1.521;1986.519;-1.710;2.186
841961;33.3;26.25;0.297;1.535;1953.537;2.079;1.974
842061;33.2;26.25;0.254;1.538;1976.279;2.767;1.769
842161;33.2;26.25;0.156;1.561;1981.344;4.258;1.579
842261;33.3;26.25;0.368;1.461;1972.915;1.929;3.115
842361;33.3;26.25;0.280;1.540;1975.208;2.158;1.796
842461;33.3;26.25;0.101;1.562;1985.919;-1.608;2.166
842561;33.3;26.25;0.201;1.507;1951.756;4.145;2.407
842661;33.3;26.25;0.237;1.489;1966.841;3.667;2.713
842761;33.3;26.25;0.422;1.468;1972.496;1.483;3.237
842861;33.3;26.25;0.314;1.470;1958.772;2.634;3.148
842961;33.3;26.25;0.251;1.484;1970.618;3.454;2.753
843061;33.3;26.25;0.253;1.487;1975.273;3.269;2.876
843161;33.3;26.25;0.330;1.468;1948.303;2.464;3.202
843261;33.3;26.25;0.402;1.493;1994.024;1.717;2.926
843361;33.3;26.25;0.325;1.477;1979.073;2.315;3.179
843461;33.3;26.25;0.303;1.470;1954.088;2.804;3.100
843561;33.4;26.25;0.208;1.496;1974.162;4.052;2.560
843661;33.4;26.25;0.370;1.536;1990.063;0.523;1.971
843761;33.3;26.25;0.393;1.456;1983.914;1.623;3.337
843861;33.3;26.25;0.307;1.528;1967.336;1.977;1.994
843961;33.3;26.25;0.290;1.534;1984.161;1.968;2.025
844061;33.4;26.25;0.210;1.512;1956.666;3.944;2.331
844161;33.4;26.25;0.478;1.515;1976.554;-1.447;2.299
844261;33.3;26.25;0.348;1.464;1950.398;2.158;3.175
844361;33.3;26.25;0.168;1.552;1955.802;4.280;1.697
844461;33.3;26.25;0.155;1.556;1976.371;-1.496;2.325
844561;33.3;26.25;0.466;1.528;1983.851;-1.582;2.239
844661;33.3;26.25;0.469;1.517;1962.633;-1.281;2.319
844761;33.3;26.25;0.212;1.494;1985.035;3.819;2.619
844861;33.3;26.25;0.215;1.585;2001.841;2.832;1.179
844961;33.3;26.25;0.489;1.519;1956.168;-1.527;2.292
845061;33.2;26.25;0.476;1.515;1976.010;-1.461;2.360
845161;33.2;26.25;0.166;1.594;1994.837;3.873;1.039
845261;33.3;26.25;0.322;1.471;1974.909;2.483;2.946
845361;33.3;26.25;0.482;1.517;1968.486;-1.508;2.306
845461;33.3;26.25;0.490;1.529;1987.916;-1.940;2.222
845561;33.3;26.25;0.422;1.523;1944.406;-0.097;2.244
845661;33.3;26.25;0.199;1.515;1965.474;4.033;2.282
845761;33.3;26.25;0.407;1.465;1955.539;1.591;3.393
845861;33.3;26.25;0.239;1.492;1957.523;3.657;2.803
845961;33.3;26.25;0.214;1.521;1974.232;3.748;2.163
846061;33.2;26.25;0.433;1.537;1988.931;-0.635;2.034
846161;33.2;26.25;0.218;1.520;1941.897;3.740;2.324
846261;33.3;26.25;0.366;1.475;1982.342;1.827;3.223
846361;33.3;26.25;0.157;1.525;1979.716;4.535;2.257
846461;33.3;26.25;0.382;1.527;1952.649;0.668;2.230
846561;33.3;26.25;0.499;1.515;1969.127;-1.692;2.366
846661;33.3;26.25;0.457;1.531;2011.348;-1.515;2.220
846761;33.2;26.25;0.154;1.548;1972.014;4.508;1.617
846861;33.2;26.25;0.477;1.525;1984.478;-1.445;2.250
846961;33.2;26.25;0.467;1.534;1994.992;-1.579;2.224
847061;33.2;26.25;0.450;1.523;1969.909;-0.837;2.306
847161;33.2;26.25;0.463;1.534;1987.815;-1.029;2.132
847261;33.2;26.25;0.180;1.544;1954.014;4.197;1.734
847361;33.2;26.25;0.444;1.526;1971.454;-0.755;2.257
847461;33.2;26.25;0.475;1.528;1984.938;-1.394;2.209
847561;33.3;26.25;0.459;1.535;1995.696;-1.530;2.202
847661;33.3;26.25;0.480;1.521;1955.402;-1.310;2.356
847761;33.4;26.25;0.219;1.495;1982.232;3.727;2.706
847861;33.4;26.25;0.456;1.531;2006.142;-1.499;2.230
847961;33.4;26.25;0.416;1.533;1970.912;-0.219;2.118
848061;33.4;26.25;0.269;1.572;1972.433;2.289;1.440
848161;33.4;26.25;0.205;1.596;1991.738;3.238;1.098
848261;33.2;26.25;0.198;1.505;1968.583;4.162;2.431
848361;33.2;26.25;0.220;1.582;1977.647;3.283;1.185
848461;33.2;26.25;0.455;1.536;2004.195;-1.529;2.250
848561;33.3;26.25;0.346;1.554;1948.083;1.032;1.860
848661;33.3;26.25;0.496;1.520;1975.739;-1.654;2.309
848761;33.3;26.25;0.325;1.470;1957.687;2.459;3.149
848861;33.3;26.25;0.290;1.532;1938.375;2.350;2.233
848961;33.3;26.25;0.170;1.556;1967.896;4.317;1.680
849061;33.4;26.25;0.160;1.599;2000.038;4.012;1.013
849161;33.4;26.25;0.358;1.548;1971.529;0.724;1.944
849261;33.4;26.25;0.184;1.510;1974.452;4.220;2.501
849361;33.4;26.25;0.239;1.583;1998.576;2.535;1.425
849461;33.4;26.25;0.335;1.555;1968.358;1.139;1.801
849561;33.4;26.25;0.470;1.531;1996.556;-1.239;2.166
849661;33.4;26.25;0.446;1.542;2021.123;-0.998;2.032
849761;33.3;26.25;0.236;1.566;1980.011;2.865;1.311
849861;33.3;26.25;0.489;1.533;2001.494;-1.283;2.110
849961;33.3;26.25;0.454;1.542;2025.569;-1.074;2.116
850061;33.2;26.25;0.446;1.534;1980.492;-0.701;2.144
850161;33.2;26.25;0.455;1.534;1993.390;-0.865;2.130
850261;33.3;26.25;0.250;1.542;1961.435;2.714;1.820
850361;33.3;26.25;0.435;1.539;1977.004;-0.492;2.113
850461;33.3;26.25;0.447;1.536;1984.091;-0.666;2.159
850561;33.3;26.25;0.446;1.538;2010.175;-0.950;2.192
850661;33.3;26.25;0.431;1.531;1972.231;-0.553;2.276
850761;33.3;26.25;0.254;1.483;1986.556;3.258;2.895
850861;33.3;26.25;0.469;1.536;2010.891;-1.540;2.229
850961;33.3;26.25;0.453;1.529;1966.887;-0.905;2.290
851061;33.4;26.25;0.465;1.527;1986.617;-1.127;2.284
851161;33.4;26.25;0.476;1.539;2003.185;-1.789;2.249
851261;33.3;26.25;0.208;1.495;1961.340;4.107;2.592
851361;33.3;26.25;0.472;1.527;1979.754;-1.339;2.288
851461;33.3;26.25;0.474;1.538;2006.707;-1.734;2.210
851561;33.3;26.25;0.451;1.534;1970.469;-0.800;2.241
851661;33.3;26.25;0.467;1.527;1978.587;-1.108;2.304
851761;33.4;26.25;0.218;1.521;1953.990;3.657;2.286
851861;33.4;26.25;0.461;1.528;1976.998;-1.118;2.329
851961;33.4;26.25;0.475;1.532;1979.628;-1.369;2.245
852061;33.4;26.25;0.445;1.537;2023.950;-0.969;2.213
852161;33.4;26.25;0.446;1.544;1989.910;-0.628;2.094
852261;33.4;26.25;0.457;1.530;2000.351;-1.456;2.226
852361;33.4;26.25;0.457;1.545;2016.235;-1.139;2.116
852461;33.4;26.25;0.446;1.542;1978.804;-0.594;2.114
852561;33.4;26.25;0.479;1.542;1999.404;-1.104;2.063
852661;33.4;26.25;0.492;1.540;2034.998;-1.572;2.147
852761;33.4;26.25;0.269;1.543;1974.758;2.318;1.713
852861;33.4;26.25;0.537;1.525;2009.861;-1.938;2.299
852961;33.4;26.25;0.516;1.536;2035.540;-1.939;2.190
853061;33.3;26.25;0.456;1.544;1986.206;-0.749;2.078
853161;33.3;26.25;0.468;1.545;1993.686;-0.964;2.039
853261;33.4;26.25;0.486;1.519;1960.483;-1.521;2.296
853361;33.4;26.25;0.461;1.541;1993.871;-0.876;2.144
853461;33.4;26.25;0.459;1.541;1999.373;-0.864;2.102
853561;33.4;26.25;0.446;1.543;2005.788;-1.038;2.212
853661;33.4;26.25;0.458;1.534;1971.899;-0.993;2.331
853761;33.4;26.25;0.160;1.523;1985.086;4.542;2.310
853861;33.4;26.25;0.473;1.541;2013.485;-1.653;2.235
853961;33.4;26.25;0.449;1.535;1973.466;-0.781;2.272
854061;33.4;26.25;0.458;1.537;1994.350;-0.870;2.173
854161;33.4;26.25;0.441;1.552;2018.273;-0.920;2.057
854261;33.4;26.25;0.485;1.515;1966.183;-1.492;2.382
854361;33.4;26.25;0.457;1.539;1992.008;-0.787;2.113
854461;33.4;26.25;0.464;1.548;2034.724;-1.208;2.109
854561;33.4;26.25;0.482;1.541;2001.071;-1.178;2.089
854661;33.4;26.25;0.515;1.537;2014.177;-1.617;2.184
854761;33.4;26.25;0.442;1.525;1963.235;-0.721;2.331
854861;33.4;26.25;0.462;1.549;1990.492;-0.823;2.099
854961;33.4;26.25;0.485;1.540;2004.451;-1.190;2.122
855061;33.4;26.25;0.483;1.550;2033.235;-1.466;2.051
855161;33.4;26.25;0.522;1.534;2002.058;-1.677;2.293
855261;33.4;26.25;0.448;1.534;2013.575;-1.164;2.210
855361;33.4;26.25;0.531;1.535;2037.237;-2.060;2.242
855461;33.4;26.25;0.465;1.543;1983.403;-0.849;2.191
855561;33.3;26.25;0.498;1.542;2001.688;-1.384;2.171
855661;33.3;26.25;0.520;1.541;2041.191;-1.966;2.181
855761;33.4;26.25;0.449;1.530;1993.457;-0.758;2.177
855861;33.4;26.25;0.552;1.524;2015.278;-2.074;2.465
855961;33.4;26.25;0.553;1.531;2036.694;-2.359;2.336
856061;33.4;26.25;0.487;1.545;1995.192;-1.224;2.139
856161;33.4;26.25;0.486;1.544;1997.260;-1.211;2.112
856261;33.4;26.25;0.476;1.519;1958.526;-1.313;2.408
856361;33.4;26.25;0.468;1.544;1997.994;-0.933;2.144
856461;33.4;26.25;0.505;1.538;1999.398;-1.488;2.227
856561;33.5;26.25;0.451;1.553;2022.004;-1.028;2.074
856661;33.5;26.25;0.441;1.549;1982.325;-0.597;2.146
856761;33.4;26.25;0.176;1.568;1989.739;3.773;1.606
856861;33.4;26.25;0.437;1.546;2017.342;-0.762;2.174
856961;33.4;26.25;0.440;1.543;1979.637;-0.573;2.203
857061;33.4;26.25;0.475;1.547;2000.171;-1.066;2.119
857161;33.4;26.25;0.530;1.536;2038.784;-2.021;2.291
857261;33.3;26.25;0.476;1.529;1983.322;-1.370;2.284
857361;33.3;26.25;0.532;1.532;2018.614;-1.871;2.310
857461;33.3;26.25;0.557;1.532;2044.057;-2.371;2.398
857561;33.3;26.25;0.552;1.519;2012.564;-1.922;2.486
857661;33.3;26.25;0.567;1.513;2021.532;-1.936;2.559
857761;33.4;26.25;0.466;1.534;1991.714;-0.918;2.154
857861;33.4;26.25;0.549;1.525;2008.670;-1.944;2.469
857961;33.4;26.25;0.565;1.518;2011.425;-2.164;2.582
858061;33.4;26.25;0.552;1.531;2047.166;-2.340;2.438
858161;33.4;26.25;0.541;1.532;2013.770;-1.923;2.368
858261;33.4;26.25;0.458;1.544;2021.010;-1.132;2.046
858361;33.4;26.25;0.574;1.523;2047.538;-2.532;2.488
858461;33.4;26.25;0.531;1.531;2004.466;-1.836;2.387
858561;33.4;26.25;0.527;1.538;1997.929;-1.688;2.271
858661;33.4;26.25;0.524;1.545;2032.634;-1.976;2.266
858761;33.4;26.25;0.452;1.540;1983.014;-0.736;2.088
858861;33.4;26.25;0.552;1.531;2016.504;-2.061;2.400
858961;33.4;26.25;0.557;1.537;2035.263;-2.319;2.325
859061;33.4;26.25;0.523;1.539;2003.015;-1.865;2.349
859161;33.4;26.25;0.540;1.532;2006.472;-1.932;2.365
859261;33.3;26.25;0.453;1.530;1961.063;-0.971;2.340
859361;33.3;26.25;0.476;1.554;1990.304;-1.011;2.101
859461;33.3;26.25;0.544;1.532;2013.182;-1.994;2.389
859561;33.3;26.25;0.534;1.548;2037.102;-2.116;2.226
859661;33.3;26.25;0.487;1.550;1996.623;-1.216;2.175
859761;33.3;26.25;0.476;1.544;2003.538;-1.783;2.209
859861;33.3;26.25;0.541;1.541;2046.734;-2.219;2.315
859961;33.3;26.25;0.534;1.536;2007.379;-1.844;2.321
860061;33.4;26.25;0.567;1.523;2017.066;-2.089;2.517
860161;33.4;26.25;0.577;1.516;2051.429;-2.333;2.605
860261;33.4;26.25;0.517;1.539;2008.509;-1.689;2.194
860361;33.4;26.25;0.567;1.504;2016.831;-1.712;2.746
860461;33.4;26.25;0.575;1.495;2060.190;-2.018;2.898
860561;33.4;26.25;0.561;1.490;2020.505;-1.669;2.966
860661;33.4;26.25;0.571;1.476;2022.973;-1.601;3.149
860761;33.4;26.25;0.526;1.529;2005.765;-1.781;2.311
860861;33.4;26.25;0.548;1.518;2016.162;-1.659;2.652
860961;33.4;26.25;0.572;1.509;2016.434;-1.925;2.679
861061;33.4;26.25;0.576;1.522;2051.644;-2.277;2.677
861161;33.4;26.25;0.549;1.529;2014.761;-1.843;2.457
861261;33.4;26.25;0.502;1.540;2035.846;-1.724;2.188
861361;33.4;26.25;0.583;1.515;2052.916;-2.400;2.645
861461;33.4;26.25;0.552;1.528;2012.093;-1.859;2.508
861561;33.3;26.25;0.558;1.532;2019.530;-2.119;2.434
861661;33.3;26.25;0.546;1.539;2044.564;-2.256;2.378
861761;33.4;26.25;0.480;1.545;2004.594;-1.102;2.134
861861;33.4;26.25;0.570;1.525;2013.704;-2.184;2.551
861961;33.4;26.25;0.572;1.525;2047.615;-2.356;2.557
862061;33.4;26.25;0.551;1.532;2010.532;-1.991;2.486
862161;33.4;26.25;0.569;1.525;2014.497;-2.164;2.567
862261;33.4;26.25;0.449;1.528;1961.478;-0.822;2.357
862361;33.4;26.25;0.542;1.534;2017.895;-1.927;2.410
862461;33.4;26.25;0.573;1.521;2022.291;-2.053;2.583
862561;33.4;26.25;0.580;1.495;2055.418;-2.045;2.922
862661;33.4;26.25;0.552;1.506;2020.604;-1.614;2.820
862761;33.4;26.25;0.571;1.523;2046.018;-2.352;2.560
862861;33.4;26.25;0.584;1.501;2056.665;-2.233;2.875
862961;33.4;26.25;0.558;1.505;2016.772;-1.681;2.817
863061;33.4;26.25;0.577;1.483;2022.976;-1.698;3.074
863161;33.4;26.25;0.583;1.464;2059.738;-1.831;3.311
863261;33.4;26.25;0.570;1.520;2018.378;-2.179;2.477
863361;33.4;26.25;0.576;1.468;2012.006;-1.574;3.298
863461;33.4;26.25;0.578;1.466;2053.379;-1.789;3.311
863561;33.4;26.25;0.556;1.485;2027.830;-1.515;3.109
863661;33.4;26.25;0.571;1.476;2019.636;-1.544;3.217
863761;33.4;26.25;0.549;1.524;2013.842;-1.880;2.474
863861;33.4;26.25;0.560;1.468;2022.294;-1.480;3.298
863961;33.4;26.25;0.572;1.491;2019.911;-1.707;3.034
864061;33.4;26.25;0.583;1.504;2051.592;-2.201;2.876
864161;33.4;26.25;0.558;1.523;2011.828;-1.927;2.655
864261;33.4;26.25;0.500;1.545;2044.317;-1.700;2.164
864361;33.4;26.25;0.576;1.517;2053.611;-2.167;2.673
864461;33.4;26.25;0.552;1.528;2012.874;-1.763;2.601
864561;33.4;26.25;0.573;1.521;2015.421;-2.084;2.649
864661;33.4;26.25;0.579;1.527;2046.933;-2.562;2.608
864761;33.4;26.25;0.452;1.544;1994.495;-0.664;2.160
864861;33.4;26.25;0.572;1.523;2017.581;-2.056;2.655
864961;33.4;26.25;0.576;1.507;2055.708;-2.090;2.823
865061;33.5;26.25;0.554;1.496;2022.947;-1.517;3.034
865161;33.5;26.25;0.571;1.486;2026.909;-1.579;3.059
865261;33.5;26.25;0.523;1.535;2011.829;-1.766;2.326
865361;33.5;26.25;0.562;1.481;2024.561;-1.560;3.185
865461;33.5;26.25;0.574;1.478;2023.352;-1.603;3.185
865561;33.4;26.25;0.585;1.447;2050.032;-1.672;3.553
865661;33.4;26.25;0.557;1.461;2025.743;-1.374;3.439
865761;33.4;26.25;0.579;1.487;2047.233;-2.049;3.006
865861;33.4;26.25;0.581;1.451;2045.812;-1.646;3.505
865961;33.4;26.25;0.559;1.489;2018.791;-1.512;3.133
866061;33.4;26.25;0.577;1.479;2011.927;-1.583;3.236
866161;33.4;26.25;0.578;1.461;2054.830;-1.676;3.409
866261;33.4;26.25;0.568;1.512;2022.712;-2.050;2.585
866361;33.4;26.25;0.574;1.462;2019.077;-1.465;3.426
866461;33.4;26.25;0.583;1.463;2045.114;-1.685;3.446
866561;33.4;26.25;0.565;1.472;2020.557;-1.476;3.297
866661;33.4;26.25;0.573;1.471;2021.361;-1.532;3.320
866761;33.4;26.25;0.547;1.524;2020.514;-1.806;2.484
866861;33.4;26.25;0.564;1.466;2020.467;-1.475;3.376
866961;33.4;26.25;0.580;1.480;2015.634;-1.684;3.203
867061;33.4;26.25;0.584;1.498;2051.987;-2.062;3.041
867161;33.4;26.25;0.557;1.530;2012.546;-1.856;2.642
867261;33.4;26.25;0.511;1.549;2036.985;-1.796;2.275
867361;33.4;26.25;0.580;1.509;2057.567;-2.149;2.847
867461;33.4;26.25;0.561;1.501;2024.990;-1.676;2.944
867561;33.5;26.25;0.576;1.500;2026.948;-1.827;2.940
867661;33.5;26.25;0.580;1.505;2052.733;-2.053;2.938
867761;33.5;26.25;0.524;1.546;2009.014;-1.742;2.209
867861;33.5;26.25;0.577;1.489;2033.744;-1.729;3.119
867961;33.5;26.25;0.580;1.459;2049.251;-1.688;3.483
868061;33.4;26.25;0.556;1.456;2026.381;-1.119;3.378
868161;33.4;26.25;0.560;1.450;2001.460;-0.882;3.416
868261;33.5;26.25;0.560;1.489;2025.497;-1.608;2.999
868361;33.5;26.25;0.555;1.453;2021.804;-1.039;3.516
868461;33.5;26.25;0.567;1.454;2012.880;-1.145;3.488
868561;33.5;26.25;0.566;1.435;2040.744;-1.108;3.580
868661;33.5;26.25;0.542;1.456;2014.916;-0.770;3.310
868761;33.5;26.25;0.578;1.494;2049.054;-2.071;2.969
868861;33.5;26.25;0.571;1.436;2036.546;-1.255;3.683
868961;33.5;26.25;0.562;1.460;2019.679;-1.309;3.463
869061;33.5;26.25;0.577;1.460;2016.730;-1.416;3.465
869161;33.5;26.25;0.581;1.450;2047.374;-1.561;3.621
869261;33.5;26.25;0.567;1.500;2023.183;-1.760;2.860
869361;33.5;26.25;0.567;1.450;2011.380;-1.117;3.535
869461;33.5;26.25;0.578;1.438;2039.254;-1.420;3.699
869561;33.5;26.25;0.565;1.473;2018.958;-1.506;3.404
869661;33.5;26.25;0.577;1.465;2014.834;-1.425;3.406
869761;33.5;26.25;0.559;1.511;2026.411;-1.782;2.731
869861;33.5;26.25;0.562;1.464;2025.421;-1.343;3.451
869961;33.5;26.25;0.576;1.461;2010.876;-1.409;3.507
870061;33.5;26.25;0.581;1.468;2056.104;-1.809;3.422
870161;33.5;26.25;0.558;1.501;2020.245;-1.597;3.050
870261;33.6;26.25;0.563;1.539;2052.158;-2.450;2.444
870361;33.6;26.25;0.590;1.470;2059.057;-1.920;3.387
870461;33.6;26.25;0.561;1.465;2029.678;-1.300;3.409
870561;33.5;26.25;0.578;1.451;2011.063;-1.255;3.527
870661;33.5;26.25;0.583;1.449;2040.012;-1.502;3.575
870761;33.4;26.25;0.569;1.522;2016.473;-2.019;2.588
870861;33.4;26.25;0.576;1.455;2017.897;-1.276;3.500
870961;33.4;26.25;0.558;1.441;2040.184;-0.949;3.532
871061;33.5;26.25;0.535;1.464;2011.691;-0.555;3.170
871161;33.5;26.25;0.549;1.453;1989.128;-0.535;3.259
871261;33.4;26.25;0.558;1.461;2017.806;-1.239;3.356
871361;33.4;26.25;0.544;1.463;2007.903;-0.729;3.196
871461;33.4;26.25;0.554;1.452;1997.281;-0.752;3.484
871561;33.4;26.25;0.555;1.448;2034.302;-0.829;3.398
871661;33.4;26.25;0.544;1.461;2008.656;-0.696;3.183
871761;33.5;26.25;0.581;1.464;2045.748;-1.771;3.341
871861;33.5;26.25;0.563;1.439;2024.710;-0.950;3.571
871961;33.5;26.25;0.549;1.455;2015.344;-0.920;3.475
872061;33.5;26.25;0.572;1.450;2015.887;-1.180;3.609
872161;33.5;26.25;0.573;1.445;2044.815;-1.338;3.690
872261;33.5;26.25;0.567;1.515;2024.809;-1.844;2.739
872361;33.5;26.25;0.570;1.449;2013.780;-1.112;3.612
872461;33.5;26.25;0.568;1.438;2036.854;-1.117;3.670
872561;33.5;26.25;0.565;1.471;2017.232;-1.305;3.427
872661;33.5;26.25;0.582;1.466;2021.842;-1.498;3.509
872761;33.4;26.25;0.560;1.512;2026.471;-1.664;2.762
872861;33.4;26.25;0.555;1.460;2020.375;-1.029;3.444
872961;33.4;26.25;0.560;1.452;2008.665;-0.937;3.513
873061;33.5;26.25;0.573;1.438;2027.337;-1.188;3.725
873161;33.5;26.25;0.556;1.466;2020.215;-1.050;3.400
873261;33.5;26.25;0.582;1.484;2052.234;-1.936;3.207
873361;33.5;26.25;0.567;1.443;2042.253;-1.135;3.645
873461;33.5;26.25;0.537;1.459;2013.942;-0.625;3.321
873561;33.5;26.25;0.562;1.452;1991.549;-0.794;3.364
873661;33.5;26.25;0.561;1.444;2020.900;-0.824;3.403
873761;33.5;26.25;0.577;1.473;2015.758;-1.525;3.303
873861;33.5;26.25;0.556;1.457;1996.021;-0.703;3.334
873961;33.5;26.25;0.556;1.448;2018.878;-0.696;3.316
874061;33.5;26.25;0.474;1.489;2003.638;0.615;2.648
874161;33.5;26.25;0.482;1.487;1989.641;0.617;2.735
874261;33.5;26.25;0.561;1.454;2017.006;-1.271;3.477
874361;33.5;26.25;0.458;1.494;1993.714;0.905;2.683
874461;33.5;26.25;0.514;1.471;1990.821;0.108;2.990
874561;33.5;26.25;0.558;1.449;2017.412;-0.814;3.435
874661;33.5;26.25;0.549;1.460;2003.457;-0.729;3.279
874761;33.4;26.25;0.564;1.439;2033.071;-1.063;3.611
874861;33.4;26.25;0.566;1.441;2021.130;-0.908;3.507
874961;33.4;26.25;0.551;1.462;2010.440;-0.877;3.449
875061;33.4;26.25;0.570;1.451;2009.162;-1.049;3.594
875161;33.4;26.25;0.578;1.441;2041.732;-1.308;3.740
875261;33.5;26.25;0.573;1.505;2027.131;-1.765;2.936
875361;33.5;26.25;0.572;1.454;2001.878;-1.065;3.626
875461;33.5;26.25;0.560;1.446;2028.821;-0.904;3.561
875561;33.5;26.25;0.548;1.460;2009.877;-0.780;3.435
875661;33.5;26.25;0.565;1.452;2010.359;-0.798;3.492
875761;33.5;26.25;0.566;1.480;2025.070;-1.562;3.242
875861;33.5;26.25;0.543;1.466;2011.360;-0.613;3.188
875961;33.5;26.25;0.476;1.488;1990.888;0.755;2.737
876061;33.5;26.25;0.448;1.472;2008.376;1.171;2.883
876161;33.5;26.25;0.492;1.487;1999.284;0.315;2.818
876261;33.5;26.25;0.578;1.447;2035.616;-1.357;3.570
876361;33.5;26.25;0.478;1.479;2009.273;0.728;2.787
876461;33.5;26.25;0.450;1.498;2004.770;1.042;2.613
876561;33.5;26.25;0.434;1.477;1977.981;1.364;2.966
876661;33.5;26.25;0.434;1.460;1997.169;1.339;3.133
876761;33.5;26.25;0.572;1.458;2004.191;-1.222;3.500
876861;33.5;26.25;0.546;1.461;1987.324;-0.440;3.234
876961;33.5;26.25;0.499;1.474;2010.652;0.334;2.930
877061;33.5;26.25;0.423;1.490;1997.401;1.456;2.711
877161;33.5;26.25;0.446;1.476;1979.204;1.240;2.995
877261;33.5;26.25;0.547;1.459;2018.500;-0.883;3.336
877361;33.5;26.25;0.417;1.487;1993.419;1.524;2.817
877461;33.5;26.25;0.463;1.483;1979.970;1.014;2.854
877561;33.5;26.25;0.525;1.468;2012.290;-0.097;3.084
877661;33.5;26.25;0.550;1.462;2003.514;-0.742;3.328
877761;33.6;26.25;0.577;1.440;2042.412;-1.394;3.727
877861;33.6;26.25;0.555;1.448;2017.056;-0.682;3.413
877961;33.6;26.25;0.550;1.466;2008.117;-0.797;3.278
878061;33.6;26.25;0.554;1.460;2000.109;-0.677;3.426
878161;33.6;26.25;0.569;1.447;2020.118;-0.958;3.623
878261;33.5;26.25;0.577;1.495;2022.518;-1.605;3.104
878361;33.5;26.25;0.550;1.462;2001.227;-0.585;3.426
878461;33.5;26.25;0.545;1.460;2017.644;-0.534;3.247
878561;33.6;26.25;0.441;1.492;1993.963;1.238;2.688
878661;33.6;26.25;0.459;1.484;1978.917;1.095;2.854
878761;33.6;26.25;0.540;1.459;2019.054;-0.691;3.310
878861;33.6;26.25;0.407;1.482;1995.011;1.632;2.867
878961;33.6;26.25;0.421;1.471;1973.943;1.467;3.127
879061;33.6;26.25;0.397;1.444;1988.496;1.585;3.280
879161;33.6;26.25;0.389;1.465;1982.729;1.690;3.112
879261;33.6;26.25;0.562;1.446;2015.111;-0.869;3.422
879361;33.6;26.25;0.428;1.462;1993.376;1.400;3.120
879461;33.6;26.25;0.414;1.486;2000.416;1.518;2.861
879561;33.6;26.25;0.438;1.476;1976.509;1.326;3.036
879661;33.6;26.25;0.417;1.453;1987.690;1.497;3.220
879761;33.6;26.25;0.561;1.455;1985.393;-0.757;3.351
879861;33.6;26.25;0.432;1.477;1972.285;1.395;3.072
879961;33.6;26.25;0.449;1.478;2005.572;1.140;2.973
880061;33.6;26.25;0.431;1.494;1999.398;1.310;2.756
880161;33.6;26.25;0.454;1.483;1977.910;1.145;2.972
880261;33.6;26.25;0.562;1.482;2028.916;-1.561;3.202
880361;33.6;26.25;0.406;1.484;2001.168;1.645;2.859
880461;33.6;26.25;0.446;1.488;1971.328;1.279;2.901
880561;33.6;26.25;0.464;1.480;2004.982;0.974;2.909
880661;33.6;26.25;0.518;1.480;2000.732;-0.082;3.061
880761;33.5;26.25;0.575;1.449;2038.513;-1.255;3.645
880861;33.5;26.25;0.465;1.474;2001.637;1.015;2.966
880961;33.5;26.25;0.441;1.495;2000.756;1.230;2.692
881061;33.5;26.25;0.454;1.488;1981.540;1.128;2.937
881161;33.5;26.25;0.456;1.477;2012.780;1.105;2.950
881261;33.5;26.25;0.566;1.453;2003.443;-0.998;3.626
881361;33.5;26.25;0.440;1.486;1980.527;1.308;2.960
881461;33.5;26.25;0.423;1.457;2003.436;1.432;3.224
881561;33.4;26.25;0.391;1.478;1996.369;1.628;2.999
881661;33.4;26.25;0.402;1.456;1962.082;1.549;3.294
881761;33.4;26.25;0.473;1.488;2001.178;0.651;2.737
881861;33.4;26.25;0.381;1.460;1993.751;1.667;3.197
881961;33.4;26.25;0.401;1.463;1969.618;1.555;3.217
882061;33.4;26.25;0.379;1.452;1982.181;1.753;3.190
882161;33.4;26.25;0.358;1.464;1981.992;1.887;3.095
882261;33.5;26.25;0.478;1.475;2006.757;0.752;2.772
882361;33.5;26.25;0.415;1.451;1980.917;1.517;3.300
882461;33.5;26.25;0.398;1.472;1990.145;1.641;3.086
882561;33.5;26.25;0.422;1.475;1975.331;1.474;3.124
882661;33.5;26.25;0.412;1.454;1997.074;1.531;3.252
882761;33.5;26.25;0.553;1.458;1987.645;-0.640;3.370
882861;33.5;26.25;0.423;1.467;1960.251;1.526;3.241
882961;33.5;26.25;0.454;1.478;2004.256;1.164;2.922
883061;33.6;26.25;0.441;1.501;2007.491;1.184;2.715
883161;33.6;26.25;0.462;1.495;1980.583;1.048;2.871
883261;33.5;26.25;0.543;1.466;2017.382;-0.738;3.316
883361;33.5;26.25;0.397;1.485;1997.588;1.715;2.903
883461;33.5;26.25;0.433;1.476;1968.660;1.402;3.164
883561;33.4;26.25;0.426;1.462;1988.731;1.464;3.202
883661;33.4;26.25;0.399;1.483;1991.588;1.728;2.960
883761;33.4;26.25;0.567;1.451;2027.678;-0.924;3.429
883861;33.4;26.25;0.422;1.454;2000.741;1.409;3.289
883961;33.4;26.25;0.383;1.466;1988.742;1.673;3.212
884061;33.5;26.25;0.408;1.466;1959.549;1.602;3.218
884161;33.5;26.25;0.413;1.456;1987.970;1.486;3.238
884261;33.5;26.25;0.551;1.462;2001.360;-0.645;3.360
884361;33.5;26.25;0.418;1.464;1962.801;1.485;3.331
884461;33.5;26.25;0.396;1.450;1987.237;1.576;3.268
884561;33.4;26.25;0.358;1.465;1985.615;1.890;3.122
884661;33.4;26.25;0.374;1.455;1958.602;1.818;3.261
884761;33.4;26.25;0.418;1.487;1993.384;1.491;2.765
884861;33.4;26.25;0.354;1.470;1983.492;1.954;3.061
884961;33.4;26.25;0.388;1.455;1959.792;1.719;3.248
885061;33.4;26.25;0.359;1.454;1978.962;2.001;3.111
885161;33.4;26.25;0.319;1.471;1978.445;2.339;2.965
885261;33.5;26.25;0.424;1.454;1990.782;1.427;3.214
885361;33.5;26.25;0.393;1.454;1983.307;1.703;3.299
885461;33.5;26.25;0.396;1.480;1987.396;1.642;3.092
885561;33.5;26.25;0.429;1.478;1969.482;1.424;3.154
885661;33.5;26.25;0.413;1.449;1992.940;1.505;3.344
885761;33.5;26.25;0.492;1.487;1983.453;0.528;2.844
885861;33.5;26.25;0.415;1.470;1973.176;1.540;3.230
885961;33.5;26.25;0.431;1.461;1985.281;1.424;3.273
886061;33.6;26.25;0.408;1.491;2001.776;1.631;2.941
886161;33.6;26.25;0.436;1.485;1981.410;1.420;2.971
886261;33.6;26.25;0.553;1.468;2014.182;-0.811;3.244
886361;33.6;26.25;0.378;1.468;1992.691;1.705;3.188
886461;33.6;26.25;0.391;1.462;1958.402;1.644;3.287
886561;33.5;26.25;0.392;1.448;1979.636;1.698;3.286
886661;33.5;26.25;0.376;1.466;1989.026;1.650;3.290
886761;33.5;26.25;0.437;1.465;1993.533;1.393;3.116
886861;33.5;26.25;0.379;1.456;1991.281;1.795;3.194
886961;33.5;26.25;0.325;1.471;1990.659;2.245;3.028
887061;33.5;26.25;0.354;1.467;1946.870;2.088;3.138
887161;33.5;26.25;0.344;1.457;1971.462;2.250;3.101
887261;33.5;26.25;0.437;1.483;1974.369;1.405;2.901
887361;33.5;26.25;0.398;1.459;1956.217;1.603;3.333
887461;33.5;26.25;0.378;1.457;1982.338;1.809;3.199
887561;33.5;26.25;0.332;1.471;1983.783;2.152;3.064
887661;33.5;26.25;0.337;1.461;1958.282;2.279;3.205
887761;33.5;26.25;0.395;1.473;1990.570;1.640;3.055
887861;33.5;26.25;0.333;1.468;1982.070;2.138;3.074
887961;33.5;26.25;0.363;1.460;1954.800;1.956;3.208
888061;33.6;26.25;0.356;1.460;1976.369;2.072;3.093
888161;33.6;26.25;0.328;1.474;1984.703;2.198;2.977
888261;33.5;26.25;0.430;1.462;1996.015;1.390;3.169
888361;33.5;26.25;0.369;1.455;1968.709;1.946;3.228
888461;33.5;26.25;0.376;1.469;1989.918;1.767;3.280
888561;33.5;26.25;0.415;1.473;1969.545;1.535;3.241
888661;33.5;26.25;0.414;1.458;1987.641;1.503;3.383
888761;33.6;26.25;0.481;1.491;1983.372;0.762;2.806
888861;33.6;26.25;0.401;1.462;1962.799;1.579;3.370
888961;33.6;26.25;0.397;1.457;1986.919;1.615;3.314
889061;33.6;26.25;0.386;1.478;1988.137;1.663;3.160
889161;33.6;26.25;0.406;1.464;1965.717;1.582;3.293
889261;33.6;26.25;0.422;1.500;2007.614;1.476;2.628
889361;33.6;26.25;0.344;1.474;1983.890;2.023;3.092
889461;33.6;26.25;0.330;1.464;1952.070;2.379;3.149
889561;33.6;26.25;0.277;1.468;1971.811;3.100;2.881
889661;33.6;26.25;0.206;1.493;1981.370;3.896;2.614
889761;33.5;26.25;0.463;1.478;2010.790;0.956;2.815
889861;33.5;26.25;0.302;1.471;1970.554;2.757;2.921
889961;33.5;26.25;0.210;1.488;1983.940;3.857;2.677
890061;33.5;26.25;0.220;1.491;1957.313;3.828;2.647
890161;33.5;26.25;0.294;1.464;1968.443;2.887;3.022
890261;33.5;26.25;0.411;1.459;1957.082;1.527;3.296
890361;33.5;26.25;0.327;1.468;1944.242;2.448;3.113
890461;33.5;26.25;0.315;1.464;1979.361;2.569;3.054
890561;33.6;26.25;0.299;1.475;1981.682;2.617;2.993
890661;33.6;26.25;0.328;1.473;1958.675;2.356;3.078
890761;33.5;26.25;0.382;1.469;1987.089;1.727;3.164
890861;33.5;26.25;0.308;1.478;1978.909;2.506;2.996
890961;33.5;26.25;0.350;1.468;1958.353;2.138;3.175
891061;33.5;26.25;0.327;1.464;1971.736;2.449;3.099
891161;33.5;26.25;0.290;1.474;1982.538;2.738;3.002
891261;33.5;26.25;0.410;1.451;1992.900;1.510;3.292
891361;33.5;26.25;0.330;1.464;1966.852;2.432;3.100
891461;33.5;26.25;0.332;1.479;1982.411;2.245;3.005
891561;33.5;26.25;0.385;1.468;1954.166;1.769;3.302
891661;33.5;26.25;0.379;1.459;1987.596;1.816;3.289
891761;33.6;26.25;0.412;1.471;1967.435;1.558;3.278
891861;33.6;26.25;0.310;1.469;1954.997;2.640;3.097
891961;33.6;26.25;0.290;1.467;1971.116;2.950;2.987
892061;33.6;26.25;0.300;1.480;1982.280;2.600;2.973
892161;33.6;26.25;0.354;1.466;1948.779;2.129;3.292
892261;33.6;26.25;0.393;1.475;1994.907;1.638;3.079
892361;33.6;26.25;0.189;1.529;1986.336;3.868;1.985
892461;33.6;26.25;0.200;1.513;1956.073;4.015;2.325
892561;33.7;26.25;0.164;1.547;1970.710;4.370;1.551
892661;33.7;26.25;0.470;1.525;1990.327;-1.607;2.113
892761;33.7;26.25;0.350;1.457;1968.960;2.167;3.100
892861;33.7;26.25;0.233;1.514;1967.033;3.369;2.161
892961;33.7;26.25;0.418;1.533;1985.703;-0.388;1.951
893061;33.7;26.25;0.340;1.533;1961.273;1.258;1.990
893161;33.7;26.25;0.170;1.546;1971.732;4.241;1.618
893261;33.6;26.25;0.397;1.459;1960.800;1.596;3.375
893361;33.6;26.25;0.260;1.478;1939.964;3.410;2.962
893461;33.6;26.25;0.294;1.472;1964.602;2.915;2.984
893561;33.6;26.25;0.299;1.480;1981.795;2.635;2.977
893661;33.6;26.25;0.325;1.467;1955.932;2.450;3.182
893761;33.6;26.25;0.388;1.475;1986.650;1.684;3.131
893861;33.6;26.25;0.182;1.503;1982.609;4.238;2.531
893961;33.6;26.25;0.303;1.471;1950.315;2.788;3.114
894061;33.7;26.25;0.269;1.481;1973.755;3.235;2.796
894161;33.7;26.25;0.177;1.502;1982.070;4.323;2.509
894261;33.7;26.25;0.382;1.452;1983.840;1.770;3.274
894361;33.7;26.25;0.368;1.526;1975.766;0.836;2.040
894461;33.7;26.25;0.164;1.517;1972.965;4.502;2.381
894561;33.5;26.25;0.220;1.492;1947.816;3.886;2.729
894661;33.5;26.25;0.221;1.491;1974.335;3.850;2.649
894761;33.6;26.25;0.397;1.460;1969.553;1.622;3.324
894861;33.6;26.25;0.216;1.500;1952.687;3.961;2.606
894961;33.6;26.25;0.183;1.547;1980.139;4.020;1.671
895061;33.5;26.25;0.103;1.558;1980.136;5.076;1.612
895161;33.5;26.25;0.248;1.519;1951.542;3.114;2.202
895261;33.5;26.25;0.362;1.466;1985.034;1.848;3.240
895361;33.5;26.25;0.108;1.558;1986.854;5.092;1.583
895461;33.5;26.25;0.155;1.547;1950.859;4.481;1.776
895561;33.6;26.25;0.292;1.558;1987.549;1.957;1.485
895661;33.6;26.25;0.245;1.582;1995.623;2.366;1.252
895761;33.6;26.25;0.267;1.470;1966.326;3.250;2.838
895861;33.6;26.25;0.488;1.513;1971.420;-1.587;2.355
895961;33.6;26.25;0.200;1.555;1986.579;3.519;1.640
896061;33.6;26.25;0.351;1.527;1947.726;1.219;2.186
896161;33.6;26.25;0.161;1.550;1975.924;4.430;1.649
896261;33.5;26.25;0.382;1.461;1953.101;1.783;3.334
896361;33.5;26.25;0.217;1.498;1946.584;3.969;2.654
896461;33.5;26.25;0.228;1.493;1966.879;3.851;2.652
896561;33.5;26.25;0.254;1.491;1981.894;3.247;2.858
896661;33.5;26.25;0.284;1.478;1954.364;3.057;3.026
896761;33.5;26.25;0.367;1.468;1986.850;1.783;3.220
896861;33.5;26.25;0.407;1.531;1977.057;-0.146;2.079
896961;33.5;26.25;0.416;1.525;1947.605;0.003;2.204
897061;33.5;26.25;0.403;1.526;1968.417;0.214;2.092
897161;33.5;26.25;0.294;1.549;1989.507;1.833;1.830
897261;33.6;26.25;0.270;1.480;1971.023;3.201;2.792
897361;33.6;26.25;0.238;1.572;1983.471;2.947;1.241
897461;33.6;26.25;0.232;1.582;1993.519;2.584;1.268
897561;33.5;26.25;0.162;1.552;1955.287;4.309;1.707
897661;33.5;26.25;0.488;1.517;1972.637;-1.578;2.320
897761;33.5;26.25;0.306;1.471;1947.796;2.731;3.097
897861;33.5;26.31;0.186;1.553;1957.846;3.909;1.716
897961;33.5;26.31;0.244;1.572;1988.935;2.700;1.337
898061;33.6;26.31;0.456;1.532;2003.087;-1.568;2.210
898161;33.6;26.31;0.336;1.552;1957.581;1.127;1.767
898261;33.6;26.31;0.205;1.497;1982.434;3.902;2.606
898361;33.6;26.31;0.487;1.537;1991.258;-1.937;2.131
898461;33.6;26.31;0.262;1.569;1954.667;2.517;1.488
898561;33.6;26.31;0.466;1.520;1985.085;-1.285;2.298
898661;33.6;26.31;0.469;1.539;2000.975;-1.656;2.114
898761;33.6;26.31;0.196;1.510;1972.511;4.097;2.228
898861;33.6;26.31;0.210;1.581;1971.096;3.539;1.194
898961;33.6;26.31;0.487;1.538;1992.692;-1.911;2.122
899061;33.7;26.31;0.393;1.530;1946.511;0.456;2.183
899161;33.7;26.31;0.486;1.518;1974.388;-1.518;2.340
899261;33.6;26.31;0.395;1.455;1953.504;1.678;3.414
899361;33.6;26.31;0.156;1.553;1951.060;4.548;1.776
899461;33.6;26.31;0.290;1.535;1969.716;2.241;1.971
899561;33.6;26.31;0.385;1.539;1973.983;0.240;2.053
899661;33.6;26.31;0.388;1.529;1956.945;0.494;2.217
899761;33.6;26.31;0.289;1.480;1990.204;2.737;2.966
899861;33.6;26.31;0.477;1.537;1995.637;-1.587;2.100
899961;33.6;26.31;0.480;1.523;1961.070;-1.423;2.350
900061;33.7;26.31;0.252;1.577;1977.308;2.660;1.327
900161;33.7;26.31;0.194;1.590;1998.940;3.277;1.190
900261;33.6;26.31;0.270;1.477;1978.475;3.188;2.815
900361;33.6;26.31;0.472;1.526;1984.666;-1.244;2.255
900461;33.6;26.31;0.445;1.540;2016.483;-0.933;2.089
900561;33.6;26.31;0.443;1.532;1971.413;-0.743;2.236
900661;33.6;26.31;0.472;1.527;1981.548;-1.337;2.272
900761;33.5;26.31;0.258;1.481;1945.464;3.411;2.900
900861;33.5;26.31;0.333;1.560;1958.275;1.276;1.710
900961;33.5;26.31;0.470;1.524;1987.944;-1.118;2.270
901061;33.5;26.31;0.451;1.535;2013.530;-1.202;2.221
901161;33.5;26.31;0.446;1.533;1964.692;-0.755;2.260
901261;33.6;26.31;0.166;1.525;1975.316;4.307;2.217
901361;33.6;26.31;0.155;1.598;1998.623;4.096;1.057
901461;33.6;26.31;0.470;1.520;1960.179;-1.224;2.418
901561;33.6;26.31;0.291;1.569;1976.372;-1.102;2.264
901661;33.6;26.31;0.468;1.534;2012.444;-1.494;2.243
901761;33.6;26.31;0.196;1.505;1965.892;4.155;2.318
901861;33.6;26.25;0.486;1.524;1984.350;-1.514;2.291
901961;33.6;26.25;0.213;1.591;1991.849;2.948;1.221
902061;33.7;26.25;0.475;1.526;1957.854;-1.270;2.311
902161;33.7;26.25;0.277;1.570;1983.375;2.310;1.452
902261;33.7;26.25;0.248;1.487;1951.555;3.478;2.793
902361;33.7;26.25;0.458;1.531;1962.137;-1.070;2.297
902461;33.7;26.25;0.483;1.525;1988.938;-1.554;2.291
902561;33.5;26.25;0.207;1.595;1993.651;3.218;1.165
902661;33.5;26.25;0.463;1.527;1946.986;-1.106;2.380
902761;33.5;26.25;0.354;1.535;1980.542;0.841;2.015
902861;33.5;26.31;0.466;1.537;2008.310;-1.450;2.199
902961;33.5;26.31;0.437;1.535;1984.942;-0.580;2.201
903061;33.6;26.31;0.458;1.533;1992.177;-0.898;2.190
903161;33.6;26.31;0.448;1.543;2014.352;-1.077;2.142
903261;33.7;26.31;0.483;1.511;1979.133;-1.484;2.345
903361;33.7;26.31;0.461;1.538;2009.978;-0.929;2.032
903461;33.7;26.31;0.465;1.544;2021.870;-1.248;2.050
903561;33.8;26.31;0.454;1.542;1983.051;-0.785;2.124
903661;33.8;26.31;0.463;1.538;1997.679;-0.938;2.101
903761;33.7;26.31;0.165;1.552;1954.878;4.397;1.735
903861;33.7;26.25;0.449;1.532;1958.288;-0.834;2.360
903961;33.7;26.25;0.467;1.531;1997.003;-1.169;2.219
904061;33.8;26.25;0.449;1.540;2015.145;-1.043;2.165
904161;33.8;26.25;0.437;1.539;1978.584;-0.599;2.196
904261;33.7;26.25;0.144;1.564;1971.157;4.595;1.576
904361;33.7;26.25;0.464;1.542;1995.929;-1.442;2.221
904461;33.7;26.25;0.389;1.542;1961.864;0.250;2.109
904561;33.6;26.25;0.475;1.529;1988.313;-1.346;2.252
904661;33.6;26.25;0.447;1.539;2010.602;-1.015;2.201
904761;33.6;26.25;0.468;1.524;1983.808;-1.234;2.297
904861;33.6;26.25;0.454;1.534;1997.463;-0.806;2.125
904961;33.6;26.25;0.442;1.543;2016.267;-0.903;2.176
905061;33.7;26.25;0.440;1.537;1970.622;-0.651;2.255
905161;33.7;26.25;0.454;1.537;1994.115;-0.868;2.156
905261;33.8;26.25;0.482;1.523;1972.543;-1.462;2.273
905361;33.8;26.25;0.445;1.547;1985.029;-0.646;2.089
905461;33.8;26.25;0.454;1.542;1987.371;-0.719;2.101
905561;33.7;26.25;0.444;1.548;2019.217;-0.911;2.091
905661;33.7;26.25;0.440;1.539;1982.442;-0.643;2.207
905761;33.7;26.25;0.374;1.543;1993.833;0.174;1.967
905861;33.7;26.25;0.460;1.546;2022.662;-1.100;2.065
905961;33.7;26.25;0.458;1.544;1989.546;-0.819;2.111
906061;33.6;26.25;0.506;1.539;2014.506;-1.522;2.076
906161;33.6;26.25;0.469;1.545;2022.328;-1.260;2.117
906261;33.7;26.25;0.462;1.525;1986.234;-1.177;2.270
906361;33.7;26.25;0.524;1.530;2015.565;-1.753;2.232
906461;33.7;26.25;0.509;1.540;2030.964;-1.807;2.201
906561;33.8;26.25;0.490;1.541;1998.788;-1.322;2.167
906661;33.8;26.25;0.502;1.538;1999.933;-1.414;2.196
906761;33.8;26.25;0.465;1.519;1953.644;-1.128;2.409
906861;33.8;26.25;0.440;1.546;1981.988;-0.583;2.113
906961;33.8;26.25;0.453;1.539;1991.874;-0.787;2.186
907061;33.7;26.25;0.463;1.547;2026.649;-1.129;2.084
907161;33.7;26.25;0.456;1.546;1984.848;-0.766;2.144
907261;33.7;26.25;0.174;1.598;1997.325;3.794;1.082
907361;33.7;26.25;0.439;1.555;2010.506;-0.898;2.067
907461;33.7;26.25;0.438;1.540;1978.302;-0.624;2.212
907561;33.8;26.25;0.463;1.544;1999.816;-0.852;2.091
907661;33.8;26.25;0.473;1.552;2030.189;-1.268;2.077
907761;33.8;26.25;0.505;1.520;1979.124;-1.820;2.303
907861;33.8;26.25;0.525;1.531;2011.735;-1.766;2.266
907961;33.8;26.25;0.515;1.546;2033.026;-1.888;2.142
908061;33.6;26.25;0.474;1.548;1999.546;-1.049;2.048
908161;33.6;26.25;0.488;1.540;1999.820;-1.252;2.196
908261;33.6;26.25;0.455;1.530;1975.581;-1.013;2.257
908361;33.6;26.25;0.510;1.543;2005.138;-1.554;2.189
908461;33.6;26.25;0.536;1.531;2010.477;-1.914;2.289
908561;33.7;26.25;0.521;1.539;2035.873;-1.993;2.236
908661;33.7;26.25;0.487;1.542;1996.035;-1.244;2.233
908761;33.8;26.25;0.473;1.533;1990.357;-1.665;2.178
908861;33.8;26.25;0.494;1.545;2030.330;-1.673;2.185
908961;33.8;26.25;0.508;1.539;2004.982;-1.588;2.271
909061;33.7;26.25;0.555;1.525;2022.882;-2.149;2.436
909161;33.7;26.25;0.551;1.529;2039.561;-2.278;2.399
909261;33.7;26.25;0.464;1.530;1993.064;-1.097;2.233
909361;33.7;26.25;0.545;1.532;2015.117;-2.025;2.350
909461;33.7;26.25;0.554;1.532;2040.506;-2.319;2.325
909561;33.7;26.25;0.537;1.532;2013.616;-1.870;2.348
909661;33.7;26.25;0.557;1.523;2014.628;-2.076;2.499
909761;33.6;26.25;0.442;1.535;1967.436;-0.649;2.256
909861;33.6;26.25;0.489;1.545;1997.985;-1.311;2.202
909961;33.6;26.25;0.489;1.546;2008.676;-1.277;2.149
910061;33.6;26.25;0.469;1.559;2020.564;-1.169;2.024
910161;33.6;26.25;0.496;1.541;2003.485;-1.416;2.225
910261;33.6;26.25;0.456;1.543;2010.611;-1.220;2.166
910361;33.6;26.25;0.525;1.541;2044.068;-1.991;2.254
910461;33.6;26.25;0.467;1.550;1987.596;-0.884;2.137
910561;33.6;26.25;0.509;1.543;2008.555;-1.524;2.216
910661;33.6;26.25;0.532;1.538;2038.445;-2.081;2.301
910761;33.8;26.25;0.455;1.537;1990.690;-0.874;2.153
910861;33.8;26.31;0.562;1.519;2016.375;-2.183;2.551
910961;33.8;26.31;0.576;1.518;2044.463;-2.353;2.584
911061;33.8;26.31;0.556;1.520;2020.536;-2.060;2.559
911161;33.8;26.31;0.558;1.529;2017.402;-2.095;2.426
911261;33.8;26.31;0.436;1.542;1978.489;-0.575;2.180
911361;33.8;26.31;0.548;1.533;2016.478;-2.054;2.379
911461;33.8;26.31;0.577;1.510;2024.130;-2.216;2.609
911561;33.7;26.31;0.569;1.529;2051.277;-2.400;2.491
911661;33.7;26.31;0.542;1.534;2009.831;-1.943;2.454
911761;33.7;26.31;0.451;1.539;2003.969;-1.088;2.225
911861;33.7;26.25;0.552;1.536;2041.431;-2.301;2.349
911961;33.7;26.25;0.513;1.548;2001.715;-1.597;2.243
912061;33.7;26.25;0.571;1.521;2020.659;-2.248;2.516
912161;33.7;26.25;0.570;1.524;2044.989;-2.355;2.534
912261;33.6;26.25;0.472;1.538;1997.725;-0.997;2.160
912361;33.6;26.25;0.567;1.524;2021.584;-2.203;2.508
912461;33.6;26.25;0.568;1.528;2041.495;-2.427;2.540
912561;33.6;26.25;0.549;1.531;2014.439;-1.882;2.480
912661;33.6;26.25;0.568;1.517;2020.268;-1.950;2.596
912761;33.8;26.25;0.466;1.547;1992.715;-0.909;2.123
912861;33.8;26.31;0.546;1.526;2007.138;-1.954;2.570
912961;33.8;26.31;0.558;1.530;2009.388;-2.099;2.479
913061;33.9;26.31;0.538;1.541;2036.860;-2.144;2.327
913161;33.9;26.31;0.526;1.544;2005.616;-1.779;2.329
913261;33.8;26.31;0.465;1.548;2020.652;-1.180;2.089
913361;33.8;26.31;0.578;1.520;2044.036;-2.398;2.616
913461;33.8;26.31;0.549;1.527;2010.266;-2.022;2.507
913561;33.8;26.31;0.566;1.526;2018.677;-2.253;2.497
913661;33.8;26.31;0.576;1.524;2047.910;-2.517;2.552
913761;33.7;26.31;0.488;1.543;2009.284;-1.245;2.096
913861;33.7;26.31;0.570;1.513;2029.426;-1.958;2.611
913961;33.7;26.31;0.579;1.499;2050.197;-2.123;2.888
914061;33.7;26.31;0.550;1.513;2021.646;-1.711;2.696
914161;33.7;26.31;0.574;1.519;2020.159;-2.061;2.595
914261;33.7;26.31;0.454;1.554;1993.435;-0.756;2.004
914361;33.7;26.31;0.554;1.531;2014.118;-1.874;2.471
914461;33.7;26.31;0.570;1.502;2028.870;-1.806;2.803
914561;33.8;26.31;0.582;1.496;2046.945;-2.055;2.916
914661;33.8;26.31;0.552;1.521;2016.621;-1.747;2.613
914761;33.8;26.31;0.470;1.546;2021.900;-1.286;2.209
914861;33.8;26.25;0.584;1.524;2041.243;-2.459;2.537
914961;33.8;26.25;0.553;1.529;2019.728;-1.911;2.514
915061;33.7;26.25;0.568;1.522;2026.539;-2.031;2.579
915161;33.7;26.25;0.573;1.520;2043.590;-2.178;2.664
915261;33.6;26.25;0.528;1.532;2007.125;-1.809;2.320
915361;33.6;26.25;0.569;1.519;2021.977;-1.951;2.640
915461;33.6;26.25;0.580;1.518;2052.168;-2.343;2.619
915561;33.9;26.25;0.553;1.526;2016.143;-1.798;2.596
915661;33.9;26.25;0.568;1.503;2033.624;-1.777;2.822
915761;33.9;26.25;0.526;1.538;2004.616;-1.783;2.296
915861;33.9;26.25;0.554;1.526;2016.302;-1.832;2.591
915961;33.9;26.25;0.581;1.519;2015.333;-2.142;2.622
916061;33.9;26.25;0.570;1.533;2041.927;-2.307;2.505
916161;33.9;26.25;0.556;1.525;2021.358;-1.993;2.567
916261;33.8;26.25;0.532;1.539;2030.684;-2.023;2.289
916361;33.8;26.25;0.584;1.492;2044.106;-2.125;3.019
916461;33.8;26.25;0.556;1.506;2023.952;-1.734;2.826
916561;33.8;26.25;0.574;1.523;2016.597;-2.108;2.584
916661;33.8;26.25;0.574;1.524;2048.318;-2.408;2.606
916761;33.9;26.25;0.486;1.544;2004.746;-1.220;2.143
916861;33.9;26.25;0.572;1.498;2024.304;-1.737;2.911
916961;33.9;26.25;0.575;1.476;2063.351;-1.836;3.203
917061;33.8;26.25;0.557;1.489;2022.398;-1.541;3.097
917161;33.8;26.25;0.576;1.480;2016.958;-1.590;3.173
917261;33.8;26.25;0.477;1.545;1984.737;-1.043;2.190
917361;33.8;26.25;0.555;1.507;2021.699;-1.645;2.820
917461;33.8;26.25;0.577;1.486;2027.448;-1.738;3.054
917561;33.8;26.25;0.581;1.460;2046.025;-1.758;3.408
917661;33.8;26.25;0.558;1.492;2021.169;-1.526;3.064
917761;33.8;26.25;0.532;1.541;2032.550;-2.070;2.311
917861;33.8;26.25;0.575;1.516;2047.076;-2.181;2.754
917961;33.8;26.25;0.553;1.524;2015.079;-1.770;2.640
918061;33.7;26.25;0.574;1.505;2034.211;-1.884;2.815
918161;33.7;26.25;0.579;1.493;2054.207;-2.027;3.108
918261;33.8;26.25;0.531;1.537;2009.822;-1.824;2.213
918361;33.8;26.25;0.573;1.490;2019.423;-1.714;3.112
918461;33.8;26.25;0.580;1.499;2054.874;-2.058;2.957
918561;33.8;26.25;0.553;1.506;2026.211;-1.568;2.870
918661;33.8;26.25;0.577;1.481;2023.961;-1.654;3.159
918761;33.8;26.25;0.546;1.528;2011.077;-1.905;2.463
918861;33.8;26.31;0.557;1.478;2022.540;-1.442;3.279
918961;33.8;26.31;0.575;1.483;2034.027;-1.743;3.133
919061;33.8;26.31;0.581;1.508;2050.060;-2.197;2.879
919161;33.8;26.31;0.553;1.519;2020.940;-1.733;2.701
919261;33.7;26.31;0.532;1.546;2036.628;-2.042;2.258
919361;33.7;26.31;0.586;1.480;2051.467;-1.949;3.199
919461;33.7;26.31;0.555;1.498;2020.463;-1.588;3.038
919561;33.8;26.31;0.576;1.486;2010.447;-1.629;3.157
919661;33.8;26.31;0.583;1.492;2056.114;-2.035;3.059
919761;33.8;26.31;0.553;1.531;2020.559;-2.087;2.424
919861;33.8;26.25;0.575;1.472;2030.787;-1.568;3.303
919961;33.8;26.25;0.582;1.448;2046.859;-1.615;3.577
920061;33.8;26.25;0.560;1.459;2031.576;-1.309;3.443
920161;33.8;26.25;0.573;1.446;2015.915;-1.301;3.587
920261;33.8;26.25;0.550;1.529;2007.907;-1.883;2.471
920361;33.8;26.25;0.564;1.467;2023.151;-1.429;3.357
920461;33.8;26.25;0.578;1.467;2024.884;-1.553;3.367
920561;33.8;26.25;0.579;1.452;2046.751;-1.586;3.570
920661;33.8;26.25;0.561;1.470;2016.017;-1.423;3.401
920761;33.9;26.25;0.568;1.528;2039.328;-2.334;2.504
920861;33.9;26.25;0.585;1.481;2045.221;-1.887;3.297
920961;33.9;26.25;0.553;1.505;2021.343;-1.557;3.021
921061;33.9;26.25;0.581;1.485;2027.057;-1.714;3.168
921161;33.9;26.25;0.582;1.475;2057.726;-1.834;3.307
921261;33.8;26.25;0.572;1.515;2029.460;-2.103;2.613
921361;33.8;26.25;0.579;1.466;2024.782;-1.566;3.400
921461;33.8;26.25;0.582;1.475;2044.769;-1.791;3.351
921561;33.8;26.25;0.557;1.479;2022.846;-1.389;3.263
921661;33.8;26.25;0.579;1.462;2024.626;-1.472;3.462
921761;33.9;26.25;0.547;1.535;2008.191;-1.867;2.448
921861;33.9;26.25;0.556;1.463;2015.618;-1.228;3.456
921961;33.9;26.25;0.582;1.457;2009.501;-1.448;3.530
922061;33.9;26.25;0.583;1.478;2054.958;-1.851;3.319
922161;33.9;26.25;0.556;1.489;2027.478;-1.504;3.194
922261;33.8;26.25;0.576;1.524;2048.859;-2.302;2.582
922361;33.8;26.25;0.585;1.452;2058.207;-1.692;3.564
922461;33.8;26.25;0.556;1.463;2024.128;-1.205;3.426
922561;33.8;26.25;0.584;1.452;2014.115;-1.426;3.577
922661;33.8;26.25;0.579;1.457;2046.757;-1.595;3.586
922761;33.8;26.25;0.575;1.516;2026.453;-2.103;2.634
922861;33.8;26.25;0.575;1.452;2023.294;-1.340;3.572
922961;33.8;26.25;0.580;1.437;2039.970;-1.370;3.738
923061;34.0;26.25;0.549;1.457;2020.984;-0.996;3.454
923161;34.0;26.25;0.566;1.448;2005.809;-0.953;3.435
923261;33.9;26.25;0.557;1.500;2023.613;-1.654;2.915
923361;33.9;26.25;0.556;1.460;2020.462;-1.177;3.473
923461;33.9;26.25;0.578;1.458;2013.143;-1.365;3.524
923561;33.9;26.25;0.580;1.444;2045.382;-1.450;3.670
923661;33.9;26.25;0.557;1.458;2020.431;-1.131;3.487
923761;34.0;26.25;0.575;1.510;2043.974;-2.091;2.844
923861;34.0;26.25;0.577;1.450;2044.113;-1.483;3.654
923961;34.0;26.25;0.565;1.474;2028.109;-1.493;3.407
924061;33.9;26.25;0.579;1.466;2030.368;-1.524;3.440
924161;33.9;26.25;0.587;1.450;2048.648;-1.695;3.660
924261;33.9;26.25;0.572;1.493;2026.800;-1.667;3.034
924361;33.9;26.25;0.570;1.444;2014.371;-1.140;3.622
924461;33.9;26.25;0.574;1.452;2038.879;-1.320;3.602
924561;33.9;26.25;0.558;1.457;2021.235;-1.201;3.521
924661;33.9;26.25;0.575;1.447;2015.140;-1.221;3.614
924761;34.0;26.25;0.556;1.502;2025.572;-1.627;2.831
924861;34.0;26.25;0.546;1.464;2019.818;-0.920;3.363
924961;34.0;26.25;0.562;1.456;2004.256;-0.852;3.406
925061;33.9;26.25;0.572;1.444;2032.335;-1.216;3.621
925161;33.9;26.25;0.560;1.454;2021.591;-1.164;3.533
925261;33.9;26.25;0.579;1.482;2050.749;-1.897;3.209
925361;33.9;26.25;0.574;1.442;2037.107;-1.233;3.670
925461;33.9;26.25;0.539;1.461;2017.966;-0.703;3.306
925561;33.9;26.25;0.552;1.451;2005.876;-0.648;3.359
925661;33.9;26.25;0.562;1.446;2029.481;-0.967;3.547
925761;33.9;26.25;0.572;1.498;2022.704;-1.734;2.996
925861;33.9;26.25;0.567;1.452;2014.096;-1.065;3.551
925961;33.9;26.25;0.567;1.442;2038.016;-1.061;3.594
926061;33.9;26.25;0.554;1.463;2016.986;-0.993;3.436
926161;33.9;26.25;0.548;1.455;2002.519;-0.569;3.301
926261;33.9;26.25;0.562;1.478;2027.376;-1.517;3.260
926361;33.9;26.25;0.547;1.464;2015.833;-0.808;3.318
926461;33.9;26.25;0.574;1.451;1997.772;-1.087;3.619
926561;33.8;26.25;0.577;1.439;2035.177;-1.240;3.708
926661;33.8;26.25;0.548;1.463;2020.568;-0.860;3.379
926761;33.8;26.25;0.577;1.514;2051.684;-2.191;2.678
926861;33.8;26.25;0.568;1.444;2030.139;-1.046;3.619
926961;33.8;26.25;0.551;1.459;2015.633;-0.961;3.483
927061;33.9;26.25;0.578;1.450;2009.649;-1.230;3.649
927161;33.9;26.25;0.577;1.448;2044.100;-1.393;3.708
927261;33.8;26.25;0.580;1.475;2024.217;-1.666;3.314
927361;33.8;26.25;0.563;1.450;2010.562;-0.932;3.551
927461;33.8;26.25;0.554;1.445;2022.915;-0.751;3.472
927561;33.9;26.25;0.533;1.468;2014.255;-0.556;3.243
927661;33.9;26.25;0.551;1.459;2000.831;-0.595;3.296
927761;33.8;26.25;0.565;1.477;2025.244;-1.502;3.246
927861;33.8;26.25;0.535;1.463;2013.378;-0.573;3.227
927961;33.8;26.25;0.489;1.482;1991.825;0.544;2.795
928061;33.9;26.25;0.511;1.464;2004.378;0.196;3.030
928161;33.9;26.25;0.538;1.464;2006.430;-0.605;3.189
928261;33.9;26.25;0.587;1.449;2047.754;-1.693;3.583
928361;33.9;26.25;0.556;1.445;2030.444;-0.760;3.504
928461;33.9;26.25;0.548;1.463;2010.701;-0.790;3.296
928561;33.9;26.25;0.557;1.456;1991.298;-0.672;3.296
928661;33.9;26.25;0.566;1.447;2013.807;-0.854;3.432
928761;33.9;26.25;0.577;1.469;2019.234;-1.502;3.412
928861;33.9;26.25;0.558;1.458;2007.590;-0.786;3.458
928961;33.9;26.25;0.558;1.447;2033.750;-0.841;3.540
929061;33.9;26.25;0.541;1.464;2014.782;-0.676;3.294
929161;33.9;26.25;0.564;1.454;1999.921;-0.825;3.393
929261;33.9;26.25;0.558;1.453;2019.901;-1.207;3.518
929361;33.9;26.25;0.535;1.465;2003.933;-0.513;3.237
929461;33.9;26.25;0.561;1.455;1992.862;-0.686;3.345
929561;33.8;26.25;0.568;1.442;2019.997;-0.893;3.526
929661;33.8;26.25;0.545;1.467;2011.548;-0.754;3.268
929761;33.8;26.25;0.573;1.438;2036.936;-1.243;3.705
929861;33.8;26.31;0.553;1.451;2011.893;-0.521;3.321
929961;33.8;26.31;0.547;1.466;2006.190;-0.782;3.350
930061;33.9;26.31;0.555;1.456;1992.340;-0.618;3.401
930161;33.9;26.31;0.558;1.446;2032.206;-0.808;3.550
930261;33.9;26.31;0.577;1.447;2025.304;-1.285;3.611
930361;33.9;26.31;0.557;1.458;1992.414;-0.585;3.308
930461;33.9;26.31;0.458;1.475;2002.862;1.101;2.886
930561;33.9;26.31;0.417;1.493;1994.303;1.459;2.748
930661;33.9;26.31;0.463;1.481;1983.611;1.037;2.846
930761;34.0;26.31;0.546;1.456;2018.622;-0.933;3.434
930861;34.0;26.31;0.400;1.482;2001.434;1.629;2.874
930961;34.0;26.31;0.418;1.469;1975.190;1.495;3.046
931061;34.0;26.31;0.421;1.454;1995.856;1.423;3.217
931161;34.0;26.31;0.422;1.491;1984.777;1.435;2.796
931261;34.0;26.31;0.569;1.442;2031.103;-1.172;3.690
931361;34.0;26.31;0.558;1.451;2016.597;-0.691;3.426
931461;34.0;26.31;0.545;1.469;2007.516;-0.694;3.281
931561;34.0;26.31;0.505;1.481;1982.093;0.376;2.877
931661;34.0;26.31;0.474;1.479;2008.386;0.836;2.839
931761;34.0;26.31;0.577;1.455;2012.423;-1.308;3.545
931861;34.0;26.25;0.550;1.463;1991.215;-0.534;3.379
931961;34.0;26.25;0.569;1.445;2019.570;-0.911;3.558
932061;33.9;26.25;0.544;1.469;2010.862;-0.683;3.231
932161;33.9;26.25;0.480;1.484;1985.019;0.761;2.841
932261;33.9;26.25;0.542;1.461;2020.390;-0.791;3.323
932361;33.9;26.25;0.412;1.494;1992.663;1.529;2.816
932461;33.9;26.25;0.453;1.478;1982.303;1.164;2.959
932561;34.0;26.25;0.473;1.479;2007.400;0.870;2.821
932661;34.0;26.25;0.535;1.472;2008.769;-0.487;3.185
932761;34.0;26.25;0.569;1.440;2032.988;-1.042;3.600
932861;34.0;26.25;0.432;1.460;1994.806;1.395;3.159
932961;34.0;26.25;0.413;1.487;1999.002;1.534;2.850
933061;34.0;26.25;0.466;1.480;1978.062;0.999;2.937
933161;34.0;26.25;0.462;1.483;2006.813;1.021;2.815
933261;33.9;26.25;0.562;1.451;2001.134;-0.824;3.449
933361;33.9;26.25;0.446;1.477;1979.679;1.275;2.980
933461;33.9;26.25;0.427;1.458;1989.355;1.417;3.219
933561;34.0;26.25;0.383;1.473;1988.631;1.687;3.114
933661;34.0;26.25;0.421;1.465;1967.780;1.504;3.133
933761;34.0;26.25;0.539;1.469;2012.724;-0.675;3.131
933861;34.0;26.25;0.403;1.483;1990.423;1.609;2.930
933961;34.0;26.25;0.421;1.466;1966.023;1.481;3.144
934061;34.0;26.25;0.412;1.450;1988.516;1.523;3.218
934161;34.0;26.25;0.396;1.476;1991.188;1.612;3.063
934261;34.0;26.25;0.570;1.440;2031.375;-1.080;3.666
934361;34.0;26.25;0.462;1.474;1999.934;1.073;3.004
934461;34.0;26.25;0.472;1.499;2000.653;0.625;2.778
934561;34.0;26.25;0.468;1.487;1984.681;0.941;2.857
934661;34.0;26.25;0.438;1.458;2001.883;1.316;3.200
934761;34.0;26.25;0.564;1.446;1999.818;-0.859;3.588
934861;34.0;26.25;0.468;1.486;1968.200;1.055;2.911
934961;34.0;26.25;0.492;1.477;2024.147;0.486;2.968
935061;34.0;26.25;0.456;1.502;2007.054;0.889;2.689
935161;34.0;26.25;0.443;1.478;1973.103;1.312;3.031
935261;34.0;26.25;0.536;1.464;2021.079;-0.610;3.306
935361;34.0;26.25;0.395;1.483;2001.710;1.620;2.972
935461;34.0;26.25;0.418;1.462;1963.565;1.507;3.216
935561;34.0;26.25;0.424;1.457;1990.527;1.418;3.275
935661;34.0;26.25;0.397;1.483;1999.539;1.614;2.975
935761;34.0;26.25;0.556;1.447;2028.616;-0.721;3.405
935861;34.0;26.25;0.399;1.447;1981.011;1.651;3.286
935961;34.0;26.25;0.374;1.467;1988.962;1.728;3.222
936061;34.0;26.25;0.412;1.461;1964.856;1.554;3.234
936161;34.0;26.25;0.408;1.450;1985.032;1.593;3.348
936261;34.0;26.25;0.563;1.450;2001.438;-0.880;3.528
936361;34.0;26.25;0.413;1.462;1965.969;1.559;3.201
936461;34.0;26.25;0.418;1.460;1995.180;1.446;3.197
936561;34.0;26.25;0.380;1.469;1999.523;1.686;3.148
936661;34.0;26.25;0.414;1.463;1960.659;1.529;3.246
936761;33.9;26.25;0.545;1.467;2013.413;-0.750;3.268
936861;33.9;26.25;0.388;1.474;1994.874;1.718;3.050
936961;33.9;26.25;0.416;1.467;1968.855;1.507;3.197
937061;33.9;26.25;0.408;1.450;1980.462;1.590;3.304
937161;33.9;26.25;0.378;1.468;1991.806;1.708;3.155
937261;33.9;26.25;0.558;1.451;2013.917;-0.713;3.458
937361;33.9;26.25;0.433;1.466;1990.580;1.385;3.216
937461;33.9;26.25;0.398;1.485;2000.392;1.681;2.957
937561;34.0;26.25;0.425;1.472;1977.368;1.517;3.157
937661;34.0;26.25;0.420;1.459;1996.121;1.455;3.221
937761;34.1;26.25;0.553;1.458;1988.622;-0.547;3.366
937861;34.1;26.25;0.421;1.467;1964.699;1.499;3.220
937961;34.1;26.25;0.435;1.463;2001.641;1.374;3.205
938061;34.0;26.25;0.406;1.495;2000.973;1.641;2.859
938161;34.0;26.25;0.427;1.473;1966.055;1.466;3.189
938261;34.0;26.25;0.428;1.501;2006.598;1.307;2.650
938361;34.0;26.25;0.361;1.467;1992.640;1.839;3.153
938461;34.0;26.25;0.378;1.454;1959.200;1.809;3.279
938561;34.0;26.25;0.376;1.455;1974.005;1.865;3.195
938661;34.0;26.25;0.355;1.465;1980.792;1.931;3.127
938761;34.0;26.25;0.449;1.468;2001.416;1.209;2.982
938861;34.0;26.25;0.371;1.453;1976.604;1.887;3.208
938961;34.0;26.25;0.327;1.468;1986.319;2.190;3.110
939061;34.0;26.25;0.366;1.458;1961.904;1.903;3.239
939161;34.0;26.25;0.380;1.455;1973.011;1.818;3.222
939261;34.0;26.25;0.506;1.485;1977.698;0.341;2.893
939361;34.0;26.25;0.418;1.469;1960.136;1.534;3.251
939461;34.0;26.25;0.404;1.452;1981.784;1.598;3.324
939561;34.0;26.25;0.379;1.472;1997.971;1.678;3.220
939661;34.0;26.25;0.394;1.457;1968.296;1.675;3.313
939761;34.0;26.25;0.456;1.499;1997.060;0.937;2.667
939861;34.0;26.25;0.379;1.467;1994.524;1.703;3.207
939961;34.0;26.25;0.402;1.464;1966.663;1.593;3.326
940061;34.0;26.25;0.398;1.450;1978.802;1.629;3.373
940161;34.0;26.25;0.348;1.469;1993.297;1.966;3.128
940261;34.0;26.25;0.445;1.466;1993.607;1.240;3.085
940361;34.0;26.25;0.398;1.450;1982.899;1.615;3.353
940461;34.0;26.25;0.387;1.474;1987.288;1.714;3.192
940561;34.0;26.25;0.418;1.464;1963.206;1.527;3.312
940661;34.0;26.25;0.406;1.453;1988.186;1.611;3.306
940761;34.0;26.25;0.454;1.478;1988.254;1.161;2.960
940861;34.0;26.25;0.391;1.456;1960.159;1.682;3.347
940961;34.0;26.25;0.383;1.457;1974.997;1.759;3.307
941061;34.0;26.25;0.370;1.468;1991.201;1.748;3.239
941161;34.0;26.25;0.392;1.457;1965.250;1.634;3.384
941261;34.0;26.25;0.394;1.478;1996.654;1.635;3.007
941361;34.0;26.25;0.293;1.479;1986.398;2.661;2.898
941461;34.0;26.25;0.213;1.485;1961.503;3.913;2.621
941561;34.0;26.25;0.225;1.483;1973.406;3.803;2.612
941661;34.0;26.25;0.260;1.484;1980.012;3.092;2.804
941761;33.9;26.25;0.421;1.456;1982.680;1.419;3.268
941861;33.9;26.25;0.335;1.459;1973.498;2.343;3.062
941961;33.9;26.25;0.305;1.476;1991.241;2.519;2.953
942061;34.1;26.25;0.346;1.460;1947.331;2.201;3.217
942161;34.1;26.25;0.356;1.458;1973.704;2.073;3.218
942261;34.1;26.25;0.444;1.485;1978.076;1.307;2.930
942361;34.1;26.25;0.404;1.462;1964.236;1.616;3.315
942461;34.1;26.25;0.402;1.454;1981.883;1.616;3.342
942561;34.1;26.25;0.369;1.465;1991.535;1.790;3.260
942661;34.1;26.25;0.381;1.460;1964.004;1.815;3.303
942761;34.0;26.25;0.395;1.483;2000.881;1.694;2.953
942861;34.0;26.25;0.351;1.474;1981.619;1.977;3.150
942961;34.0;26.25;0.370;1.461;1957.771;1.923;3.309
943061;34.1;26.25;0.362;1.455;1975.878;2.022;3.222
943161;34.1;26.25;0.339;1.475;1987.094;2.098;3.029
943261;34.1;26.25;0.422;1.453;1988.333;1.434;3.296
943361;34.1;26.25;0.361;1.457;1969.628;2.032;3.216
943461;34.1;26.25;0.337;1.470;1989.321;2.131;3.151
943561;34.0;26.25;0.382;1.462;1957.035;1.789;3.303
943661;34.0;26.25;0.375;1.451;1970.840;1.901;3.282
943761;34.0;26.25;0.419;1.469;1973.221;1.507;3.115
943861;34.0;26.25;0.280;1.471;1955.254;3.042;2.923
943961;34.0;26.25;0.284;1.471;1971.413;2.996;2.872
944061;34.0;26.25;0.244;1.486;1978.937;3.346;2.766
944161;34.0;26.25;0.296;1.466;1955.032;2.835;3.048
944261;34.0;26.25;0.370;1.466;1991.087;1.748;3.143
944361;34.0;26.25;0.207;1.501;1986.899;3.815;2.569
944461;34.0;26.25;0.196;1.509;1954.122;4.043;2.270
944561;33.9;26.25;0.351;1.521;1967.514;1.115;2.019
944661;33.9;26.25;0.155;1.515;1980.321;4.548;2.238
944761;33.9;26.25;0.413;1.452;1991.513;1.495;3.300
944861;33.9;26.25;0.312;1.467;1965.680;2.683;3.011
944961;33.9;26.25;0.283;1.483;1985.200;2.797;2.880
945061;34.1;26.25;0.305;1.466;1954.259;2.725;3.136
945161;34.1;26.25;0.319;1.463;1970.144;2.573;3.129
945261;34.0;26.25;0.420;1.468;1968.237;1.522;3.229
945361;34.0;26.25;0.374;1.460;1953.834;1.870;3.341
945461;34.0;26.25;0.374;1.460;1983.492;1.879;3.254
945561;33.9;26.25;0.353;1.480;1987.248;1.950;3.138
945661;33.9;26.25;0.332;1.467;1959.400;2.367;3.157
945761;34.0;26.25;0.419;1.494;2000.993;1.474;2.812
945861;34.0;26.25;0.218;1.492;1995.001;3.735;2.690
945961;34.0;26.25;0.335;1.466;1950.270;2.350;3.213
946061;34.0;26.25;0.284;1.475;1967.461;3.034;2.930
946161;34.0;26.25;0.167;1.511;1986.703;4.451;2.347
946261;34.0;26.25;0.366;1.456;1984.356;1.928;3.157
946361;34.0;26.25;0.326;1.523;1965.689;1.579;2.047
946461;34.0;26.25;0.302;1.536;1984.909;1.701;1.941
946561;34.0;26.25;0.245;1.491;1954.923;3.537;2.696
946661;34.0;26.25;0.256;1.475;1968.130;3.445;2.885
946761;33.9;26.25;0.380;1.456;1959.782;1.807;3.320
946861;33.9;26.25;0.415;1.521;1961.785;-0.060;2.146
946961;33.9;26.25;0.233;1.542;1968.837;3.183;1.742
947061;33.9;26.25;0.403;1.534;1988.999;-0.176;1.987
947161;33.9;26.25;0.271;1.477;1946.496;3.203;2.979
947261;33.9;26.25;0.384;1.476;1985.839;1.690;3.155
947361;33.9;26.25;0.161;1.512;1987.497;4.517;2.358
947461;33.9;26.25;0.198;1.506;1955.912;4.136;2.422
947561;33.9;26.25;0.351;1.525;1962.835;1.132;2.018
947661;33.9;26.25;0.321;1.544;1989.310;1.326;1.820
947761;33.9;26.25;0.367;1.462;1977.692;1.932;3.167
947861;33.9;26.25;0.266;1.477;1963.095;3.320;2.910
947961;33.9;26.25;0.221;1.495;1979.849;3.736;2.692
948061;33.9;26.25;0.205;1.501;1961.499;3.984;2.250
948161;33.9;26.25;0.419;1.521;1969.011;-0.059;2.119
948261;33.9;26.25;0.401;1.466;1970.277;1.613;3.266
948361;33.9;26.25;0.260;1.480;1946.912;3.340;2.949
948461;33.9;26.25;0.293;1.473;1966.402;2.916;2.983
948561;34.0;26.25;0.230;1.495;1987.752;3.596;2.737
948661;34.0;26.25;0.277;1.476;1956.032;3.124;3.034
948761;34.0;26.25;0.276;1.479;1983.556;2.902;2.948
948861;34.0;26.25;0.103;1.559;1992.040;5.073;1.613
948961;34.0;26.25;0.395;1.524;1953.362;0.313;2.171
949061;34.0;26.25;0.393;1.525;1970.985;0.393;2.072
949161;34.0;26.25;0.493;1.531;1991.531;-2.015;2.094
949261;34.1;26.25;0.253;1.475;1972.409;3.425;2.745
949361;34.1;26.25;0.462;1.521;1987.386;-1.185;2.216
949461;34.1;26.25;0.234;1.584;1995.041;2.488;1.264
949561;34.1;26.25;0.478;1.516;1954.296;-1.375;2.374
949661;34.1;26.25;0.241;1.549;1971.792;2.893;1.680
949761;33.9;26.25;0.349;1.464;1960.473;2.105;3.196
949861;33.9;26.25;0.354;1.530;1950.240;1.109;2.102
949961;33.9;26.25;0.497;1.516;1971.381;-1.671;2.254
950061;33.9;26.25;0.468;1.528;1985.304;-1.539;2.250
950161;33.9;26.25;0.198;1.507;1953.562;4.143;2.477
950261;33.9;26.25;0.379;1.468;1986.011;1.675;3.344
950361;33.9;26.25;0.278;1.540;1983.253;2.213;1.952
950461;33.9;26.25;0.412;1.525;1960.856;0.024;2.168
950561;33.9;26.25;0.162;1.558;1977.551;4.348;1.511
950661;33.9;26.25;0.474;1.530;1985.477;-1.671;2.174
950761;33.9;26.25;0.328;1.461;1970.304;2.428;3.160
950861;33.9;26.25;0.155;1.547;1972.139;4.473;1.705
950961;33.9;26.25;0.406;1.540;1982.623;-0.090;1.983
951061;34.0;26.25;0.433;1.522;1952.994;-0.319;2.301
951161;34.0;26.25;0.496;1.519;1975.192;-1.676;2.284
951261;34.1;26.25;0.327;1.465;1953.103;2.436;3.135
951361;34.1;26.25;0.420;1.522;1947.714;2.833;1.867
951461;34.1;26.25;0.178;1.555;1965.039;4.167;1.639
951561;34.1;26.25;0.109;1.563;1986.420;5.059;1.658
951661;34.1;26.25;0.463;1.521;1965.320;-1.139;2.308
951761;34.1;26.25;0.228;1.493;1990.036;3.579;2.647
951861;34.1;26.25;0.452;1.530;1997.682;-1.300;2.285
951961;34.1;26.25;0.452;1.526;1965.117;-0.998;2.301
952061;34.1;26.25;0.474;1.528;1983.698;-1.377;2.194
952161;34.1;26.25;0.464;1.530;2006.894;-1.441;2.249
952261;34.1;26.25;0.171;1.544;1962.385;4.288;1.669
952361;34.1;26.25;0.456;1.529;1989.403;-0.930;2.148
952461;34.1;26.25;0.441;1.534;2008.155;-0.891;2.141
952561;34.0;26.25;0.303;1.562;1960.052;1.784;1.637
952661;34.0;26.25;0.496;1.520;1967.564;-1.657;2.307
952761;34.0;26.25;0.363;1.466;1954.294;2.002;3.206
952861;34.0;26.25;0.160;1.557;1963.074;4.403;1.720
952961;34.0;26.25;0.490;1.521;1966.075;-1.502;2.298
953061;34.1;26.25;0.484;1.535;1984.471;-1.793;2.199
953161;34.1;26.25;0.467;1.517;1957.226;-1.203;2.420
953261;34.1;26.25;0.320;1.477;1986.066;2.341;3.105
953361;34.1;26.25;0.108;1.562;1984.696;5.138;1.642
953461;34.1;26.25;0.456;1.516;1960.459;-0.990;2.437
953561;34.1;26.25;0.231;1.573;1980.909;3.095;1.375
953661;34.1;26.25;0.476;1.536;2014.443;-1.823;2.173
953761;34.1;26.25;0.280;1.475;1966.523;3.054;2.899
953861;34.1;26.25;0.463;1.521;1977.138;-1.185;2.367
953961;34.1;26.25;0.219;1.589;1997.252;2.811;1.253
954061;34.1;26.25;0.270;1.570;1964.843;2.385;1.510
954161;34.1;26.25;0.482;1.526;1986.686;-1.523;2.267
954261;34.1;26.25;0.279;1.519;1951.912;2.481;2.168
954361;34.1;26.25;0.456;1.527;1968.562;-0.948;2.297
954461;34.1;26.25;0.470;1.526;1978.693;-1.263;2.261
954561;34.1;26.25;0.472;1.533;1998.053;-1.704;2.281
954661;34.1;26.25;0.448;1.525;1965.649;-0.857;2.337
954761;34.1;26.25;0.105;1.562;1988.431;5.142;1.542
954861;34.1;26.25;0.443;1.537;2019.385;-0.968;2.147
954961;34.1;26.25;0.435;1.536;1967.479;-0.466;2.192
955061;34.2;26.25;0.452;1.529;1988.825;-0.799;2.203
955161;34.2;26.25;0.446;1.540;2011.406;-1.088;2.150
955261;34.1;26.25;0.309;1.466;1974.050;2.624;2.983
955361;34.1;26.25;0.455;1.534;1988.171;-0.867;2.183
955461;34.1;26.25;0.440;1.545;2011.323;-0.747;2.050
955561;34.1;26.25;0.435;1.538;1967.188;-0.500;2.169
955661;34.1;26.25;0.454;1.524;1986.041;-0.994;2.350
955761;34.1;26.25;0.219;1.498;1946.202;3.944;2.696
955861;34.1;26.25;0.485;1.526;1956.963;-1.475;2.347
955961;34.1;26.25;0.244;1.576;1975.705;2.792;1.350
956061;34.0;26.25;0.475;1.539;2007.069;-1.675;2.258
956161;34.0;26.25;0.447;1.529;1969.425;-0.823;2.326
956261;34.1;26.25;0.159;1.561;1981.010;4.252;1.668
956361;34.1;26.25;0.199;1.596;2002.781;3.155;1.171
956461;34.1;26.25;0.473;1.526;1962.758;-1.150;2.361
956561;34.1;26.25;0.481;1.527;1983.793;-1.511;2.287
956661;34.1;26.25;0.454;1.540;2010.598;-1.193;2.194
956761;34.1;26.25;0.478;1.512;1978.100;-1.445;2.383
956861;34.1;26.25;0.459;1.540;1997.200;-0.824;2.058
956961;34.1;26.25;0.452;1.542;2021.732;-1.066;2.091
957061;34.1;26.25;0.439;1.538;1980.127;-0.542;2.161
957161;34.1;26.25;0.455;1.542;1998.438;-0.793;2.056
957261;34.1;26.25;0.333;1.554;1965.406;1.198;1.718
957361;34.1;26.25;0.461;1.542;1986.005;-0.915;2.124
957461;34.1;26.25;0.474;1.538;1998.064;-1.060;2.122
957561;34.1;26.25;0.449;1.542;2015.434;-1.010;2.131
957661;34.1;26.25;0.444;1.538;1967.986;-0.655;2.254
957761;34.1;26.25;0.248;1.557;1984.149;2.704;1.721
957861;34.1;26.25;0.444;1.538;2020.109;-1.001;2.199
957961;34.1;26.25;0.441;1.541;1991.296;-0.591;2.147
958061;34.1;26.25;0.464;1.542;1996.499;-0.930;2.099
958161;34.1;26.25;0.451;1.544;2015.599;-1.059;2.135
958261;34.1;26.25;0.485;1.514;1972.150;-1.487;2.343
958361;34.1;26.25;0.452;1.540;1994.984;-0.773;2.118
958461;34.1;26.25;0.453;1.545;2021.348;-1.067;2.087
958561;34.1;26.25;0.451;1.542;1985.145;-0.739;2.132
958661;34.1;26.25;0.450;1.543;1983.388;-0.698;2.117
958761;34.1;26.25;0.429;1.521;1955.023;-0.215;2.255
958861;34.1;26.25;0.449;1.537;1971.356;-0.857;2.282
958961;34.1;26.25;0.469;1.530;1986.382;-1.159;2.270
959061;34.1;26.25;0.443;1.542;2019.209;-0.881;2.164
959161;34.1;26.25;0.441;1.541;1986.683;-0.591;2.123
959261;34.1;26.25;0.481;1.529;1991.576;-1.810;2.201
959361;34.1;26.25;0.447;1.541;2017.874;-0.940;2.197
959461;34.1;26.25;0.438;1.541;1983.688;-0.584;2.200
959561;34.1;26.25;0.459;1.538;2004.082;-0.868;2.106
959661;34.1;26.25;0.475;1.546;2029.008;-1.371;2.095
959761;34.1;26.25;0.456;1.532;1997.862;-0.983;2.116
959861;34.1;26.25;0.542;1.531;2011.217;-1.980;2.295
959961;34.1;26.25;0.528;1.536;2032.327;-2.034;2.248
960061;34.2;26.25;0.489;1.545;1996.497;-1.338;2.157
960161;34.2;26.25;0.506;1.540;2001.304;-1.475;2.168
960261;34.2;26.25;0.452;1.530;1980.559;-0.929;2.229
960361;34.2;26.25;0.498;1.541;2006.124;-1.428;2.157
960461;34.2;26.25;0.518;1.538;2002.373;-1.646;2.205
960561;34.1;26.25;0.481;1.547;2028.649;-1.418;2.147
960661;34.1;26.25;0.441;1.546;1987.321;-0.642;2.153
960761;34.1;26.25;0.476;1.538;1993.085;-1.647;2.149
960861;34.1;26.25;0.462;1.550;2024.435;-1.194;2.117
960961;34.1;26.25;0.470;1.546;1998.629;-1.016;2.066
961061;34.2;26.25;0.501;1.542;2007.213;-1.408;2.126
961161;34.2;26.25;0.469;1.558;2023.876;-1.259;2.013
961261;34.2;26.25;0.225;1.580;1978.053;3.169;1.243
961361;34.2;26.25;0.482;1.543;2001.067;-1.168;2.134
961461;34.2;26.25;0.495;1.545;2032.530;-1.577;2.144
961561;34.1;26.25;0.506;1.538;1999.742;-1.530;2.252
961661;34.1;26.25;0.520;1.540;2002.315;-1.685;2.230
961761;34.1;26.25;0.452;1.529;1962.934;-0.900;2.344
961861;34.1;26.25;0.448;1.547;1988.200;-0.637;2.128
961961;34.1;26.25;0.454;1.546;1991.717;-0.796;2.137
962061;34.0;26.25;0.481;1.554;2025.562;-1.383;2.057
962161;34.0;26.25;0.510;1.538;2005.862;-1.530;2.228
962261;34.1;26.25;0.443;1.541;2025.357;-1.044;2.096
962361;34.1;26.25;0.512;1.545;2031.952;-1.918;2.225
962461;34.1;26.25;0.481;1.544;1994.192;-1.170;2.196
962561;34.1;26.25;0.506;1.542;2011.390;-1.491;2.157
962661;34.1;26.25;0.545;1.533;2043.538;-2.225;2.359
962761;34.1;26.25;0.453;1.540;1987.819;-0.790;2.103
962861;34.1;26.25;0.567;1.512;2022.411;-2.090;2.552
962961;34.1;26.25;0.569;1.523;2044.788;-2.430;2.461
963061;34.2;26.25;0.531;1.532;2012.663;-1.846;2.320
963161;34.2;26.25;0.529;1.532;2009.472;-1.841;2.352
963261;34.1;26.25;0.452;1.532;1982.352;-0.923;2.171
963361;34.1;26.25;0.533;1.534;2012.772;-1.868;2.347
963461;34.1;26.25;0.551;1.527;2016.238;-2.039;2.419
963561;34.1;26.25;0.526;1.538;2035.956;-2.070;2.324
963661;34.1;26.25;0.483;1.545;1994.982;-1.194;2.185
963761;34.1;26.25;0.159;1.597;1993.985;4.080;1.110
963861;34.1;26.25;0.482;1.549;2032.735;-1.430;2.139
963961;34.1;26.25;0.482;1.548;1997.832;-1.186;2.155
964061;34.2;26.25;0.538;1.535;2008.624;-1.874;2.321
964161;34.2;26.25;0.551;1.532;2048.399;-2.321;2.379
964261;34.2;26.25;0.294;1.569;1978.576;1.849;1.547
964361;34.2;26.25;0.525;1.538;2007.441;-1.754;2.263
964461;34.2;26.25;0.535;1.536;2045.158;-2.143;2.328
964561;34.1;26.25;0.527;1.533;2006.565;-1.743;2.356
964661;34.1;26.25;0.567;1.517;2015.635;-2.167;2.618
964761;34.0;26.25;0.455;1.532;1966.906;-0.988;2.257
964861;34.0;26.25;0.525;1.538;1999.172;-1.705;2.285
964961;34.0;26.25;0.539;1.536;2014.855;-1.902;2.314
965061;34.1;26.25;0.539;1.540;2043.886;-2.175;2.317
965161;34.1;26.25;0.546;1.520;2020.877;-1.940;2.536
965261;34.1;26.25;0.542;1.531;2032.890;-2.141;2.349
965361;34.1;26.25;0.573;1.522;2048.083;-2.383;2.556
965461;34.1;26.25;0.532;1.541;2002.089;-1.823;2.293
965561;34.1;26.25;0.558;1.526;2012.218;-2.109;2.499
965661;34.1;26.25;0.569;1.528;2045.294;-2.435;2.456
965761;34.2;26.25;0.452;1.540;1992.612;-0.760;2.086
965861;34.2;26.25;0.570;1.513;2021.719;-2.040;2.617
965961;34.2;26.25;0.574;1.516;2047.736;-2.153;2.638
966061;34.1;26.25;0.553;1.521;2019.343;-1.898;2.568
966161;34.1;26.25;0.566;1.524;2019.448;-2.196;2.540
966261;34.1;26.25;0.451;1.547;1990.646;-0.738;2.132
966361;34.1;26.25;0.557;1.523;2016.367;-2.040;2.503
966461;34.1;26.25;0.569;1.518;2020.775;-2.067;2.596
966561;34.1;26.25;0.560;1.527;2046.393;-2.344;2.523
966661;34.1;26.25;0.538;1.538;2008.753;-1.883;2.367
966761;34.2;26.25;0.450;1.542;2002.890;-1.137;2.231
966861;34.2;26.25;0.539;1.538;2039.846;-2.182;2.389
966961;34.2;26.25;0.519;1.540;2005.290;-1.682;2.309
967061;34.2;26.25;0.559;1.527;2013.968;-2.118;2.509
967161;34.2;26.25;0.565;1.531;2049.402;-2.350;2.464
967261;34.2;26.25;0.458;1.540;1993.572;-0.845;2.166
967361;34.2;26.25;0.569;1.527;2023.639;-2.189;2.494
967461;34.2;26.25;0.580;1.520;2050.147;-2.437;2.607
967561;34.2;26.25;0.555;1.510;2023.903;-1.738;2.698
967661;34.2;26.25;0.567;1.504;2024.655;-1.677;2.762
967761;34.2;26.25;0.519;1.536;2006.518;-1.714;2.234
967861;34.2;26.25;0.556;1.516;2018.166;-1.852;2.639
967961;34.2;26.25;0.575;1.516;2016.042;-1.932;2.674
968061;34.1;26.25;0.583;1.513;2050.569;-2.367;2.649
968161;34.1;26.25;0.548;1.526;2018.599;-1.754;2.547
968261;34.1;26.25;0.517;1.541;2035.385;-1.895;2.213
968361;34.1;26.25;0.574;1.503;2052.151;-2.060;2.867
968461;34.1;26.25;0.555;1.518;2015.133;-1.878;2.652
968561;34.1;26.25;0.571;1.527;2019.137;-2.284;2.531
968661;34.1;26.25;0.574;1.520;2042.330;-2.392;2.670
968761;34.2;26.25;0.508;1.539;2005.596;-1.537;2.207
968861;34.2;26.25;0.571;1.517;2021.798;-1.939;2.601
968961;34.2;26.25;0.572;1.512;2053.851;-2.072;2.747
969061;34.1;26.25;0.551;1.506;2018.328;-1.633;2.817
969161;34.1;26.25;0.574;1.512;2023.057;-1.968;2.690
969261;34.1;26.25;0.472;1.545;1990.235;-1.004;2.141
969361;34.1;26.25;0.550;1.531;2010.955;-1.835;2.533
969461;34.1;26.25;0.569;1.511;2027.572;-1.814;2.736
969561;34.1;26.25;0.575;1.514;2048.812;-2.098;2.728
969661;34.1;26.25;0.555;1.526;2019.430;-1.932;2.543
969761;34.1;26.25;0.445;1.548;2007.834;-0.850;2.168
969861;34.1;26.25;0.572;1.530;2047.539;-2.494;2.524
969961;34.1;26.25;0.552;1.534;2019.397;-1.917;2.472
970061;34.1;26.25;0.572;1.519;2026.341;-2.082;2.635
970161;34.1;26.25;0.575;1.515;2053.125;-2.170;2.762
970261;34.1;26.25;0.559;1.522;2013.685;-2.131;2.527
970361;34.1;26.25;0.574;1.499;2030.784;-1.811;2.904
970461;34.1;26.25;0.579;1.486;2055.794;-1.971;3.079
970561;34.1;26.25;0.556;1.496;2017.615;-1.545;2.997
970661;34.1;26.25;0.576;1.466;2024.194;-1.564;3.343
970761;34.1;26.25;0.553;1.514;2020.275;-1.739;2.611
970861;34.1;26.31;0.560;1.486;2024.995;-1.574;3.120
970961;34.1;26.31;0.569;1.497;2017.043;-1.652;2.960
971061;34.1;26.31;0.578;1.497;2048.311;-2.002;2.951
971161;34.1;26.31;0.559;1.519;2021.549;-1.775;2.673
971261;34.1;26.31;0.520;1.541;2027.725;-1.833;2.238
971361;34.1;26.31;0.582;1.480;2049.197;-1.936;3.187
971461;34.1;26.31;0.567;1.485;2025.911;-1.674;3.123
971561;34.2;26.31;0.572;1.506;2020.349;-1.807;2.887
971661;34.2;26.31;0.579;1.518;2052.676;-2.252;2.744
971761;34.2;26.31;0.530;1.536;2014.718;-1.829;2.286
971861;34.2;26.25;0.573;1.498;2024.576;-1.744;2.968
971961;34.2;26.25;0.577;1.471;2052.742;-1.774;3.319
972061;34.3;26.25;0.567;1.477;2023.873;-1.552;3.243
972161;34.3;26.25;0.576;1.475;2021.740;-1.592;3.310
972261;34.3;26.25;0.545;1.533;2003.658;-1.942;2.426
972361;34.3;26.25;0.555;1.507;2024.182;-1.675;2.868
972461;34.3;26.25;0.572;1.499;2023.869;-1.780;2.950
972561;34.1;26.25;0.582;1.475;2055.683;-1.874;3.263
972661;34.1;26.25;0.566;1.488;2023.677;-1.629;3.128
972761;34.1;26.25;0.576;1.524;2043.401;-2.504;2.539
972861;34.1;26.31;0.583;1.496;2051.604;-2.022;3.048
972961;34.1;26.31;0.559;1.503;2020.129;-1.610;2.986
973061;34.1;26.31;0.577;1.481;2022.966;-1.662;3.195
973161;34.1;26.31;0.579;1.466;2052.654;-1.756;3.389
973261;34.1;26.31;0.531;1.533;2012.250;-1.826;2.257
973361;34.1;26.31;0.574;1.466;2012.661;-1.390;3.399
973461;34.1;26.31;0.582;1.446;2049.193;-1.570;3.579
973561;34.1;26.31;0.561;1.468;2026.239;-1.368;3.326
973661;34.1;26.31;0.580;1.463;2010.591;-1.506;3.427
973761;34.1;26.31;0.565;1.484;2026.810;-1.642;3.099
973861;34.1;26.25;0.560;1.462;2016.841;-1.265;3.403
973961;34.1;26.25;0.576;1.461;2020.662;-1.470;3.443
974061;34.2;26.25;0.584;1.461;2051.214;-1.820;3.479
974161;34.2;26.25;0.561;1.483;2021.622;-1.548;3.230
974261;34.1;26.25;0.551;1.535;2041.503;-2.264;2.412
974361;34.1;26.25;0.576;1.458;2054.440;-1.627;3.551
974461;34.1;26.25;0.567;1.470;2015.591;-1.496;3.408
974561;34.1;26.25;0.578;1.468;2019.059;-1.537;3.434
974661;34.1;26.25;0.585;1.477;2052.722;-1.935;3.312
974761;34.1;26.25;0.558;1.530;2020.960;-2.187;2.468
974861;34.1;26.25;0.580;1.477;2019.413;-1.597;3.290
974961;34.1;26.25;0.579;1.463;2054.890;-1.721;3.447
975061;34.1;26.25;0.560;1.464;2022.450;-1.249;3.392
975161;34.1;26.25;0.579;1.460;2021.940;-1.452;3.470
975261;34.2;26.25;0.552;1.531;2002.506;-1.949;2.564
975361;34.2;26.25;0.564;1.472;2022.689;-1.436;3.356
975461;34.2;26.25;0.583;1.467;2024.265;-1.588;3.409
975561;34.2;26.25;0.571;1.456;2053.093;-1.481;3.537
975661;34.2;26.25;0.561;1.455;2017.532;-1.178;3.491
975761;34.3;26.25;0.577;1.496;2054.193;-2.090;2.978
975861;34.3;26.25;0.577;1.454;2052.652;-1.578;3.555
975961;34.3;26.25;0.567;1.480;2017.661;-1.519;3.299
976061;34.2;26.25;0.582;1.471;2021.597;-1.571;3.378
976161;34.2;26.25;0.578;1.458;2051.236;-1.586;3.551
976261;34.2;26.25;0.568;1.500;2029.759;-1.750;2.903
976361;34.2;26.25;0.571;1.450;2016.249;-1.223;3.614
976461;34.2;26.25;0.574;1.441;2035.172;-1.345;3.669
976561;34.1;26.25;0.560;1.460;2025.415;-1.181;3.472
976661;34.1;26.25;0.574;1.448;2020.794;-1.286;3.611
976761;34.1;26.25;0.553;1.506;2023.363;-1.665;2.832
976861;34.1;26.25;0.544;1.453;2011.655;-0.742;3.371
976961;34.1;26.25;0.571;1.446;2011.563;-1.135;3.623
977061;34.2;26.25;0.575;1.445;2042.346;-1.389;3.632
977161;34.2;26.25;0.568;1.467;2021.674;-1.412;3.422
977261;34.1;26.25;0.575;1.508;2048.725;-2.083;2.850
977361;34.1;26.25;0.575;1.447;2049.063;-1.436;3.653
977461;34.1;26.25;0.561;1.456;2021.581;-1.176;3.510
977561;34.2;26.25;0.581;1.457;2013.068;-1.421;3.598
977661;34.2;26.25;0.586;1.471;2042.373;-1.765;3.466
977761;34.2;26.25;0.572;1.525;2018.090;-2.212;2.595
977861;34.2;26.25;0.578;1.476;2026.017;-1.578;3.336
977961;34.2;26.25;0.582;1.451;2046.374;-1.520;3.619
978061;34.2;26.25;0.557;1.452;2025.472;-1.078;3.485
978161;34.2;26.25;0.558;1.452;2001.322;-0.797;3.437
978261;34.2;26.25;0.558;1.499;2018.890;-1.620;2.917
978361;34.2;26.25;0.553;1.459;2017.336;-1.029;3.463
978461;34.2;26.25;0.572;1.451;2008.190;-1.150;3.581
978561;34.3;26.25;0.568;1.443;2042.168;-1.139;3.570
978661;34.3;26.25;0.535;1.458;2019.475;-0.610;3.307
978761;34.3;26.25;0.578;1.467;2048.262;-1.826;3.413
978861;34.3;26.25;0.563;1.440;2032.467;-0.984;3.579
978961;34.3;26.25;0.557;1.466;2012.679;-1.141;3.485
979061;34.3;26.25;0.577;1.459;2026.891;-1.413;3.563
979161;34.3;26.25;0.581;1.441;2042.058;-1.391;3.710
979261;34.2;26.25;0.571;1.502;2028.402;-1.768;2.870
979361;34.2;26.25;0.555;1.450;2001.321;-0.725;3.453
979461;34.2;26.25;0.556;1.446;2026.338;-0.791;3.478
979561;34.3;26.25;0.553;1.457;2009.132;-0.930;3.509
979661;34.3;26.25;0.555;1.454;2002.389;-0.762;3.463
979761;34.4;26.25;0.565;1.474;2033.439;-1.570;3.275
979861;34.4;26.25;0.537;1.461;2012.445;-0.587;3.255
979961;34.4;26.25;0.560;1.457;1985.196;-0.732;3.336
980061;34.2;26.25;0.556;1.443;2026.328;-0.780;3.486
980161;34.2;26.25;0.553;1.458;2012.930;-0.986;3.512
980261;34.2;26.25;0.583;1.500;2054.929;-2.127;2.996
980361;34.2;26.25;0.583;1.444;2038.977;-1.467;3.740
980461;34.2;26.25;0.558;1.461;2017.420;-1.018;3.428
980561;34.2;26.25;0.558;1.450;2007.349;-0.776;3.497
980661;34.2;26.25;0.571;1.439;2039.738;-1.192;3.759
980761;34.3;26.25;0.570;1.511;2026.170;-1.816;2.844
980861;34.3;26.25;0.577;1.447;2013.353;-1.209;3.637
980961;34.3;26.25;0.561;1.443;2043.456;-0.971;3.636
981061;34.2;26.25;0.535;1.468;2012.633;-0.608;3.270
981161;34.2;26.25;0.556;1.454;1988.965;-0.658;3.351
981261;34.2;26.25;0.553;1.456;2019.253;-0.981;3.421
981361;34.2;26.25;0.543;1.461;2007.022;-0.609;3.225
981461;34.2;26.25;0.557;1.458;1992.721;-0.745;3.381
981561;34.2;26.25;0.562;1.444;2018.465;-0.818;3.465
981661;34.2;26.25;0.546;1.461;2019.240;-0.755;3.267
981761;34.3;26.25;0.576;1.446;2047.013;-1.548;3.607
981861;34.3;26.25;0.561;1.447;2017.982;-0.852;3.457
981961;34.3;26.25;0.551;1.466;2010.416;-0.806;3.218
982061;34.1;26.25;0.557;1.459;2003.274;-0.792;3.438
982161;34.1;26.25;0.555;1.451;2036.580;-0.787;3.442
982261;34.3;26.25;0.578;1.482;2013.314;-1.626;3.294
982361;34.3;26.25;0.561;1.459;2000.635;-0.810;3.360
982461;34.3;26.25;0.508;1.467;2013.748;0.151;2.975
982561;34.4;26.25;0.550;1.462;2009.157;-0.751;3.289
982661;34.4;26.25;0.565;1.458;1988.837;-0.794;3.364
982761;34.3;26.25;0.557;1.497;2022.555;-1.578;2.980
982861;34.3;26.25;0.538;1.463;2008.557;-0.541;3.233
982961;34.3;26.25;0.553;1.458;1989.469;-0.578;3.361
983061;34.2;26.25;0.567;1.444;2011.283;-0.883;3.535
983161;34.2;26.25;0.543;1.467;2003.137;-0.612;3.269
983261;34.3;26.25;0.585;1.473;2045.534;-1.807;3.403
983361;34.3;26.25;0.568;1.443;2040.895;-1.039;3.675
983461;34.3;26.25;0.541;1.465;2012.263;-0.647;3.281
983561;34.4;26.25;0.553;1.459;1990.806;-0.582;3.308
983661;34.4;26.25;0.515;1.466;2014.598;0.087;3.042
983761;34.4;26.25;0.581;1.470;2017.982;-1.573;3.417
983861;34.4;26.25;0.558;1.463;1999.734;-0.728;3.328
983961;34.4;26.25;0.557;1.447;2028.104;-0.729;3.454
984061;34.4;26.25;0.454;1.500;2010.694;0.915;2.639
984161;34.4;26.25;0.457;1.487;1984.732;1.102;2.810
984261;34.4;26.25;0.553;1.455;2006.484;-0.900;3.443
984361;34.4;26.25;0.412;1.487;1995.922;1.561;2.799
984461;34.4;26.25;0.472;1.488;1978.150;0.903;2.840
984561;34.4;26.25;0.475;1.483;2003.381;0.834;2.804
984661;34.4;26.25;0.430;1.493;1997.736;1.342;2.738
984761;34.4;26.25;0.554;1.446;2035.818;-0.833;3.449
984861;34.4;26.25;0.430;1.464;1999.799;1.380;3.078
984961;34.4;26.25;0.448;1.491;1990.100;1.171;2.796
985061;34.4;26.25;0.478;1.487;1980.277;0.725;2.859
985161;34.4;26.25;0.519;1.466;2009.272;0.038;3.130
985261;34.3;26.25;0.576;1.459;2022.185;-1.377;3.538
985361;34.3;26.25;0.482;1.491;1981.980;0.720;2.825
985461;34.3;26.25;0.455;1.479;2009.072;1.096;2.918
985561;34.2;26.25;0.435;1.496;2001.267;1.314;2.683
985661;34.2;26.25;0.502;1.482;1990.749;0.364;2.985
985761;34.3;26.25;0.552;1.461;2014.314;-1.000;3.509
985861;34.3;26.25;0.465;1.495;1994.094;0.872;2.701
985961;34.3;26.25;0.454;1.487;1985.019;1.133;2.834
986061;34.2;26.25;0.436;1.470;2002.777;1.352;3.011
986161;34.2;26.25;0.447;1.491;1993.558;1.138;2.738
986261;34.3;26.25;0.576;1.440;2042.921;-1.289;3.691
986361;34.3;26.25;0.467;1.482;2014.763;0.904;2.803
986461;34.3;26.25;0.479;1.493;2005.762;0.567;2.774
986561;34.4;26.25;0.443;1.479;1975.888;1.327;2.993
986661;34.4;26.25;0.430;1.459;1996.709;1.362;3.225
986761;34.4;26.25;0.562;1.456;2009.630;-0.938;3.476
986861;34.4;26.25;0.477;1.491;1984.836;0.754;2.879
986961;34.4;26.25;0.458;1.470;2005.220;1.073;3.004
987061;34.4;26.25;0.417;1.489;2006.515;1.490;2.804
987161;34.4;26.25;0.432;1.482;1975.629;1.419;3.013
987261;34.3;26.25;0.549;1.461;2012.202;-0.728;3.274
987361;34.3;26.25;0.389;1.468;1985.580;1.721;3.126
987461;34.3;26.25;0.417;1.468;1965.239;1.488;3.150
987561;34.3;26.25;0.426;1.459;1987.415;1.453;3.186
987661;34.3;26.25;0.403;1.485;1995.437;1.643;2.941
987761;34.2;26.25;0.481;1.479;2006.449;0.625;2.865
987861;34.2;26.25;0.412;1.463;1996.782;1.473;3.137
987961;34.2;26.25;0.396;1.474;1989.404;1.661;3.037
988061;34.2;26.25;0.429;1.470;1967.940;1.469;3.193
988161;34.2;26.25;0.433;1.460;1995.904;1.390;3.184
988261;34.3;26.25;0.562;1.456;2004.357;-0.878;3.565
988361;34.3;26.25;0.495;1.490;1984.271;0.513;2.917
988461;34.3;26.25;0.463;1.488;2008.202;0.976;2.873
988561;34.2;26.25;0.412;1.484;1989.523;1.611;2.952
988661;34.2;26.25;0.445;1.483;1974.010;1.309;3.001
988761;34.3;26.25;0.544;1.464;2021.535;-0.780;3.363
988861;34.3;26.25;0.413;1.488;1991.057;1.581;2.935
988961;34.3;26.25;0.427;1.472;1974.151;1.496;3.136
989061;34.4;26.25;0.415;1.455;1992.117;1.442;3.220
989161;34.4;26.25;0.388;1.478;1992.803;1.740;3.018
989261;34.3;26.25;0.566;1.442;2018.555;-0.839;3.497
989361;34.3;26.25;0.425;1.461;1989.131;1.420;3.218
989461;34.3;26.25;0.409;1.486;1996.136;1.634;2.939
989561;34.2;26.25;0.430;1.475;1979.533;1.468;3.137
989661;34.2;26.25;0.423;1.458;1988.564;1.431;3.260
989761;34.3;26.25;0.553;1.460;1982.911;-0.550;3.314
989861;34.3;26.31;0.417;1.473;1969.383;1.545;3.173
989961;34.3;26.31;0.429;1.466;1998.381;1.401;3.164
990061;34.3;26.31;0.402;1.484;1985.566;1.689;2.990
990161;34.3;26.31;0.420;1.461;1968.472;1.482;3.323
990261;34.2;26.31;0.425;1.493;2004.636;1.404;2.669
990361;34.2;26.31;0.359;1.464;1990.640;1.866;3.108
990461;34.2;26.31;0.390;1.457;1955.823;1.700;3.284
990561;34.2;26.31;0.387;1.449;1979.621;1.674;3.298
990661;34.2;26.31;0.382;1.466;1988.922;1.684;3.207
990761;34.2;26.31;0.491;1.481;2009.367;0.528;2.844
990861;34.2;26.25;0.399;1.450;1987.137;1.612;3.330
990961;34.2;26.25;0.380;1.468;1981.329;1.728;3.242
991061;34.3;26.25;0.418;1.471;1965.077;1.569;3.236
991161;34.3;26.25;0.432;1.466;1991.082;1.381;3.202
991261;34.3;26.25;0.558;1.459;1991.425;-0.627;3.490
991361;34.3;26.25;0.436;1.479;1977.254;1.434;3.080
991461;34.3;26.25;0.427;1.467;2003.713;1.407;3.177
991561;34.3;26.25;0.388;1.472;1994.490;1.688;3.159
991661;34.3;26.25;0.404;1.462;1959.869;1.600;3.311
991761;34.2;26.25;0.424;1.497;1996.410;1.442;2.719
991861;34.2;26.31;0.387;1.473;1990.660;1.716;3.229
991961;34.2;26.31;0.403;1.461;1967.244;1.585;3.303
992061;34.2;26.31;0.377;1.455;1985.409;1.789;3.183
992161;34.2;26.31;0.342;1.466;1982.096;2.066;3.123
992261;34.3;26.31;0.563;1.449;2022.324;-0.881;3.440
992361;34.3;26.31;0.403;1.451;1980.909;1.580;3.357
992461;34.3;26.31;0.390;1.473;1980.493;1.703;3.182
992561;34.2;26.31;0.412;1.460;1975.669;1.563;3.296
992661;34.2;26.31;0.399;1.454;1988.412;1.592;3.325
992761;34.3;26.31;0.443;1.480;1977.787;1.328;2.987
992861;34.3;26.25;0.386;1.461;1948.260;1.787;3.305
992961;34.3;26.25;0.390;1.454;1982.504;1.684;3.320
993061;34.4;26.25;0.381;1.471;1989.859;1.726;3.165
993161;34.4;26.25;0.406;1.464;1964.095;1.567;3.273
993261;34.4;26.25;0.415;1.490;1996.997;1.567;2.757
993361;34.4;26.25;0.331;1.473;1984.999;2.197;3.020
993461;34.4;26.25;0.348;1.464;1962.430;2.134;3.149
993561;34.4;26.25;0.357;1.456;1969.309;2.055;3.175
993661;34.4;26.25;0.369;1.463;1972.243;1.818;3.308
993761;34.4;26.25;0.498;1.481;2018.508;0.365;2.878
993861;34.4;26.25;0.402;1.452;1986.152;1.592;3.403
993961;34.4;26.25;0.361;1.466;1977.324;1.897;3.252
994061;34.3;26.25;0.397;1.455;1957.193;1.646;3.404
994161;34.3;26.25;0.400;1.453;1987.231;1.583;3.356
994261;34.3;26.25;0.526;1.477;1987.961;-0.011;3.088
994361;34.3;26.25;0.420;1.476;1967.727;1.522;3.247
994461;34.3;26.25;0.393;1.455;1987.127;1.651;3.349
994561;34.3;26.25;0.359;1.467;1990.926;1.871;3.198
994661;34.3;26.25;0.374;1.461;1966.381;1.854;3.214
994761;34.3;26.25;0.400;1.473;1986.804;1.655;3.135
994861;34.3;26.25;0.341;1.466;1977.358;2.106;3.138
994961;34.3;26.25;0.384;1.460;1957.093;1.761;3.334
995061;34.4;26.25;0.343;1.463;1985.011;2.175;3.094
995161;34.4;26.25;0.265;1.477;1981.684;3.069;2.935
995261;34.5;26.25;0.409;1.448;1979.389;1.525;3.370
995361;34.5;26.25;0.340;1.464;1976.668;2.252;3.099
995461;34.5;26.25;0.344;1.472;1977.387;2.077;3.086
995561;34.5;26.25;0.383;1.460;1954.881;1.818;3.341
995661;34.5;26.25;0.332;1.463;1982.368;2.329;3.073
995761;34.5;26.25;0.424;1.468;1978.126;1.466;3.189
995861;34.5;26.25;0.317;1.468;1953.019;2.575;3.132
995961;34.5;26.25;0.312;1.465;1965.797;2.648;2.997
996061;34.5;26.25;0.349;1.474;1982.622;2.013;3.128
996161;34.5;26.25;0.401;1.461;1958.845;1.588;3.406
996261;34.4;26.25;0.406;1.492;2003.397;1.636;2.862
996361;34.4;26.25;0.312;1.475;1981.173;2.439;2.995
996461;34.4;26.25;0.341;1.463;1948.617;2.297;3.192
996561;34.4;26.25;0.303;1.471;1979.055;2.719;2.967
996661;34.4;26.25;0.342;1.469;1975.000;2.127;3.178
996761;34.5;26.25;0.433;1.464;2002.255;1.384;3.193
996861;34.5;26.25;0.363;1.463;1980.368;1.998;3.196
996961;34.5;26.25;0.316;1.477;1987.901;2.387;2.971
997061;34.5;26.25;0.329;1.469;1953.852;2.379;3.148
997161;34.5;26.25;0.328;1.465;1972.377;2.404;3.090
997261;34.5;26.25;0.416;1.466;1970.717;1.515;3.280
997361;34.5;26.25;0.381;1.465;1960.784;1.792;3.355
997461;34.5;26.25;0.374;1.458;1976.910;1.900;3.241
997561;34.5;26.25;0.316;1.473;1981.854;2.388;3.113
997661;34.5;26.25;0.332;1.469;1960.039;2.352;3.125
997761;34.4;26.25;0.381;1.471;1995.122;1.730;3.145
997861;34.4;26.25;0.253;1.482;1971.806;3.270;2.940
997961;34.4;26.25;0.279;1.472;1956.589;3.058;3.025
998061;34.4;26.25;0.207;1.492;1976.223;4.056;2.491
998161;34.4;26.25;0.171;1.524;1984.597;4.197;2.095
998261;34.4;26.25;0.342;1.462;1978.085;2.166;3.045
998361;34.4;26.25;0.299;1.521;1966.275;2.058;2.029
998461;34.4;26.25;0.208;1.495;1974.627;3.903;2.663
998561;34.4;26.25;0.295;1.473;1948.602;2.870;3.062
998661;34.4;26.25;0.269;1.476;1972.658;3.236;2.854
998761;34.4;26.25;0.409;1.464;1966.512;1.555;3.244
998861;34.4;26.25;0.259;1.481;1949.277;3.385;2.879
998961;34.4;26.25;0.305;1.469;1973.908;2.712;3.043
999061;34.4;26.25;0.325;1.475;1976.560;2.316;3.136
999161;34.4;26.25;0.364;1.466;1956.690;2.005;3.287
999261;34.3;26.25;0.392;1.475;1997.792;1.690;3.104
999361;34.3;26.25;0.276;1.486;1987.165;2.928;2.865
999461;34.3;26.25;0.262;1.481;1962.027;3.274;2.931
999561;34.2;26.25;0.223;1.518;1974.494;3.501;2.102
999661;34.2;26.25;0.209;1.534;1978.604;3.464;1.953
999761;34.3;26.25;0.405;1.451;1977.531;1.593;3.338
999861;34.3;26.31;0.207;1.494;1968.456;4.084;2.565
999961;34.3;26.31;0.189;1.527;1985.678;3.893;2.070
1000061;34.3;26.31;0.280;1.525;1954.094;2.498;2.135
1000161;34.3;26.31;0.192;1.508;1971.326;4.205;2.354
1000261;34.3;26.31;0.377;1.455;1956.413;1.823;3.392
1000361;34.3;26.31;0.274;1.478;1953.938;3.157;2.999
1000461;34.3;26.31;0.277;1.475;1976.315;3.131;2.896
1000561;34.4;26.31;0.179;1.505;1977.099;4.315;2.523
1000661;34.4;26.31;0.207;1.502;1953.228;4.075;2.534
1000761;34.4;26.31;0.351;1.466;1981.130;1.991;3.179
1000861;34.4;26.25;0.118;1.565;1982.143;4.855;1.481
1000961;34.4;26.25;0.350;1.525;1952.392;1.158;2.162
1001061;34.3;26.25;0.451;1.518;1979.904;-0.969;2.205
1001161;34.3;26.25;0.467;1.528;1987.930;-1.862;2.171
1001261;34.3;26.25;0.254;1.478;1970.176;3.423;2.747
1001361;34.3;26.25;0.474;1.515;1972.862;-1.411;2.334
1001461;34.3;26.25;0.122;1.561;1978.284;4.871;1.570
1001561;34.4;26.25;0.199;1.504;1948.270;4.180;2.539
1001661;34.4;26.25;0.260;1.480;1966.884;3.391;2.854
1001761;34.5;26.25;0.488;1.495;1981.752;0.651;2.789
1001861;34.5;26.25;0.201;1.508;1951.208;4.115;2.464
1001961;34.5;26.25;0.292;1.524;1973.955;2.242;2.077
1002061;34.4;26.25;0.160;1.521;1981.852;4.518;2.222
1002161;34.4;26.25;0.298;1.476;1950.399;2.860;3.142
1002261;34.5;26.25;0.367;1.470;1977.781;1.861;3.272
1002361;34.5;26.25;0.290;1.536;1995.080;1.932;1.962
1002461;34.5;26.25;0.226;1.521;1956.301;3.527;2.200
1002561;34.5;26.25;0.470;1.513;1980.326;-1.273;2.362
1002661;34.5;26.25;0.494;1.532;1992.680;-2.011;2.143
1002761;34.5;26.25;0.328;1.468;1977.128;2.406;2.988
1002861;34.5;26.25;0.210;1.545;1967.806;3.645;1.765
1002961;34.5;26.25;0.112;1.559;1981.828;5.065;1.656
1003061;34.4;26.25;0.270;1.545;1966.390;2.342;1.849
1003161;34.4;26.25;0.254;1.570;1979.411;2.665;1.332
1003261;34.3;26.25;0.346;1.466;1957.286;2.182;3.215
1003361;34.3;26.25;0.161;1.559;1958.567;4.386;1.679
1003461;34.3;26.25;0.174;1.557;1971.585;4.115;1.601
1003561;34.3;26.25;0.130;1.568;1984.347;4.584;1.494
1003661;34.3;26.25;0.227;1.544;1955.383;3.302;1.870
1003761;34.4;26.25;0.219;1.490;1978.581;3.743;2.683
1003861;34.4;26.25;0.467;1.534;2004.664;-1.555;2.172
1003961;34.4;26.25;0.340;1.554;1960.563;1.106;1.751
1004061;34.4;26.25;0.237;1.575;1972.830;2.964;1.283
1004161;34.4;26.25;0.205;1.593;1994.203;3.203;1.106
1004261;34.5;26.25;0.238;1.484;1975.383;3.657;2.732
1004361;34.5;26.25;0.249;1.572;1984.765;2.618;1.397
1004461;34.5;26.25;0.489;1.531;1985.212;-1.928;2.195
1004561;34.4;26.25;0.154;1.556;1953.533;4.521;1.760
1004661;34.4;26.25;0.273;1.536;1968.978;2.523;1.939
1004761;34.5;26.25;0.395;1.464;1961.826;1.654;3.347
1004861;34.5;26.25;0.314;1.532;1951.882;1.843;2.145
1004961;34.5;26.25;0.504;1.520;1984.834;-1.838;2.289
1005061;34.4;26.25;0.185;1.595;1993.472;3.543;1.052
1005161;34.4;26.25;0.200;1.555;1947.891;3.852;1.762
1005261;34.4;26.25;0.323;1.473;1978.478;2.356;3.181
1005361;34.4;26.25;0.467;1.531;1988.317;-1.469;2.238
1005461;34.4;26.25;0.265;1.567;1969.076;2.436;1.523
1005561;34.4;26.25;0.467;1.523;1992.168;-1.289;2.296
1005661;34.4;26.25;0.451;1.534;2006.743;-1.142;2.198
1005761;34.3;26.25;0.297;1.518;1967.019;2.104;2.082
1005861;34.3;26.25;0.468;1.528;1982.731;-1.172;2.225
1005961;34.3;26.25;0.469;1.537;2002.804;-1.522;2.189
1006061;34.4;26.25;0.459;1.527;1970.646;-1.053;2.305
1006161;34.4;26.25;0.450;1.533;2001.426;-0.800;2.108
1006261;34.4;26.25;0.287;1.542;1959.842;2.036;1.871
1006361;34.4;26.25;0.453;1.527;1968.730;-0.919;2.321
1006461;34.4;26.25;0.482;1.522;1982.848;-1.561;2.316
1006561;34.3;26.25;0.478;1.539;1994.622;-1.769;2.179
1006661;34.3;26.25;0.454;1.524;1971.864;-0.992;2.342
1006761;34.5;26.25;0.169;1.510;1980.796;4.461;2.392
1006861;34.5;26.25;0.476;1.530;1994.297;-1.687;2.294
1006961;34.5;26.25;0.462;1.527;1969.951;-1.118;2.329
1007061;34.5;26.25;0.462;1.521;1978.333;-1.225;2.373
1007161;34.5;26.25;0.462;1.536;1992.890;-1.472;2.224
1007261;34.4;26.25;0.193;1.507;1970.198;4.179;2.337
1007361;34.4;26.25;0.466;1.529;1989.473;-1.158;2.259
1007461;34.4;26.25;0.456;1.537;2013.611;-1.228;2.162
1007561;34.4;26.25;0.294;1.567;1956.741;1.929;1.648
1007661;34.4;26.25;0.229;1.581;1975.462;2.996;1.306
1007761;34.4;26.25;0.347;1.466;1947.912;2.210;3.239
1007861;34.4;26.25;0.485;1.525;1970.218;-1.501;2.360
1007961;34.4;26.25;0.478;1.527;1990.221;-1.511;2.287
1008061;34.4;26.25;0.459;1.540;2005.439;-1.306;2.188
1008161;34.4;26.25;0.449;1.530;1977.019;-0.819;2.259
1008261;34.4;26.25;0.168;1.529;1975.962;4.376;2.155
1008361;34.4;26.25;0.456;1.538;1992.949;-1.420;2.274
1008461;34.4;26.25;0.454;1.529;1974.247;-0.745;2.249
1008561;34.4;26.25;0.456;1.537;1996.208;-0.857;2.133
1008661;34.4;26.25;0.471;1.545;2031.103;-1.308;2.020
1008761;34.4;26.25;0.298;1.560;1985.533;1.689;1.555
1008861;34.4;26.25;0.469;1.541;1993.644;-1.006;2.049
1008961;34.4;26.25;0.452;1.548;2016.033;-0.939;2.024
1009061;34.4;26.25;0.441;1.539;1988.395;-0.684;2.108
1009161;34.4;26.25;0.473;1.538;1998.468;-1.065;2.086
1009261;34.4;26.25;0.395;1.537;1966.729;0.076;2.029
1009361;34.4;26.25;0.443;1.546;1978.573;-0.605;2.075
1009461;34.4;26.25;0.451;1.534;1997.603;-0.818;2.185
1009561;34.4;26.25;0.476;1.542;1993.562;-1.664;2.226
1009661;34.4;26.25;0.368;1.556;1953.864;0.600;1.946
1009761;34.4;26.25;0.164;1.526;1983.676;4.425;2.195
1009861;34.4;26.25;0.453;1.545;2013.212;-1.178;2.126
1009961;34.4;26.25;0.446;1.537;1972.642;-0.739;2.275
1010061;34.4;26.25;0.459;1.532;1995.492;-1.007;2.209
1010161;34.4;26.25;0.460;1.543;2009.241;-1.339;2.207
1010261;34.4;26.25;0.163;1.554;1967.559;4.428;1.652
1010361;34.4;26.25;0.460;1.534;1992.917;-0.914;2.167
1010461;34.4;26.25;0.460;1.544;2025.702;-1.259;2.116
1010561;34.3;26.25;0.437;1.545;1983.375;-0.468;2.106
1010661;34.3;26.25;0.455;1.536;1995.288;-0.837;2.158
1010761;34.3;26.25;0.211;1.519;1952.928;3.756;2.361
1010861;34.3;26.25;0.443;1.535;1970.513;-0.636;2.282
1010961;34.3;26.25;0.459;1.534;2005.398;-0.930;2.205
1011061;34.3;26.25;0.452;1.546;2027.459;-1.066;2.087
1011161;34.3;26.25;0.443;1.546;1976.093;-0.610;2.135
1011261;34.4;26.25;0.158;1.519;1980.653;4.551;2.295
1011361;34.4;26.25;0.449;1.539;2018.317;-1.003;2.214
1011461;34.4;26.25;0.437;1.543;1988.525;-0.549;2.170
1011561;34.5;26.25;0.493;1.540;2009.352;-1.354;2.078
1011661;34.5;26.25;0.515;1.535;2034.917;-1.872;2.219
1011761;34.5;26.25;0.455;1.529;1991.049;-0.890;2.091
1011861;34.5;26.25;0.539;1.532;2009.029;-1.971;2.287
1011961;34.5;26.25;0.506;1.537;2025.392;-1.743;2.261
1012061;34.5;26.25;0.476;1.544;1994.231;-1.090;2.096
1012161;34.5;26.25;0.480;1.545;2009.005;-1.183;2.056
1012261;34.5;26.25;0.446;1.528;1966.147;-0.740;2.309
1012361;34.5;26.25;0.469;1.547;1989.163;-0.999;2.144
1012461;34.5;26.25;0.480;1.541;2006.740;-1.205;2.115
1012561;34.5;26.25;0.450;1.546;2008.061;-0.966;2.157
1012661;34.5;26.25;0.440;1.542;1971.241;-0.653;2.306
1012761;34.5;26.25;0.136;1.564;1981.505;4.710;1.624
1012861;34.5;26.25;0.449;1.545;2018.000;-0.910;2.128
1012961;34.5;26.25;0.449;1.546;1990.675;-0.704;2.124
1013061;34.5;26.25;0.468;1.543;1997.853;-0.998;2.124
1013161;34.5;26.25;0.470;1.549;2024.319;-1.250;2.086
1013261;34.5;26.25;0.250;1.571;1985.409;2.528;1.381
1013361;34.5;26.25;0.497;1.543;2020.748;-1.449;2.105
1013461;34.5;26.25;0.516;1.539;2025.651;-1.834;2.268
1013561;34.5;26.25;0.527;1.531;2015.466;-1.846;2.304
1013661;34.5;26.25;0.520;1.536;2014.715;-1.772;2.261
1013761;34.5;26.25;0.400;1.541;1966.356;0.005;2.083
1013861;34.5;26.25;0.472;1.548;1988.567;-1.028;2.163
1013961;34.5;26.25;0.522;1.533;2021.304;-1.759;2.272
1014061;34.5;26.25;0.540;1.531;2041.000;-2.180;2.332
1014161;34.5;26.25;0.537;1.530;2016.160;-1.937;2.368
1014261;34.5;26.25;0.445;1.540;2004.184;-0.952;2.154
1014361;34.5;26.25;0.517;1.540;2027.211;-1.861;2.260
1014461;34.5;26.25;0.496;1.547;2003.680;-1.411;2.162
1014561;34.5;26.25;0.534;1.532;2016.411;-1.894;2.305
1014661;34.5;26.25;0.555;1.533;2037.575;-2.309;2.336
1014761;34.5;26.25;0.460;1.541;2005.251;-0.928;2.028
1014861;34.5;26.25;0.568;1.524;2021.265;-2.247;2.415
1014961;34.5;26.25;0.550;1.533;2031.098;-2.266;2.361
1015061;34.5;26.25;0.496;1.546;1993.877;-1.345;2.224
1015161;34.5;26.25;0.516;1.542;2010.870;-1.656;2.231
1015261;34.5;26.25;0.437;1.544;1983.678;-0.546;2.091
1015361;34.5;26.25;0.508;1.544;1995.202;-1.504;2.237
1015461;34.5;26.25;0.513;1.538;2004.905;-1.626;2.244
1015561;34.5;26.25;0.494;1.551;2023.882;-1.520;2.136
1015661;34.5;26.25;0.458;1.551;1995.531;-0.847;2.125
1015761;34.5;26.25;0.490;1.536;1990.211;-1.863;2.214
1015861;34.5;26.25;0.492;1.546;2021.264;-1.556;2.227
1015961;34.5;26.25;0.495;1.542;2010.793;-1.388;2.237
1016061;34.5;26.25;0.550;1.528;2027.338;-2.070;2.392
1016161;34.5;26.25;0.542;1.536;2033.466;-2.183;2.358
1016261;34.5;26.25;0.451;1.544;1998.441;-0.764;2.076
1016361;34.5;26.25;0.563;1.522;2027.232;-2.180;2.487
1016461;34.5;26.25;0.574;1.524;2049.849;-2.335;2.481
1016561;34.5;26.25;0.553;1.518;2017.715;-1.774;2.545
1016661;34.5;26.25;0.567;1.504;2025.688;-1.864;2.722
1016761;34.5;26.25;0.459;1.544;1993.157;-0.847;2.089
1016861;34.5;26.25;0.548;1.523;2011.677;-1.886;2.522
1016961;34.5;26.25;0.576;1.512;2017.450;-2.255;2.626
1017061;34.5;26.25;0.574;1.519;2045.708;-2.397;2.568
1017161;34.5;26.25;0.553;1.519;2024.002;-1.866;2.541
1017261;34.5;26.25;0.489;1.545;2029.790;-1.527;2.063
1017361;34.5;26.25;0.572;1.524;2036.211;-2.383;2.532
1017461;34.5;26.25;0.543;1.527;2015.255;-1.992;2.449
1017561;34.5;26.25;0.567;1.524;2022.301;-2.277;2.475
1017661;34.5;26.25;0.560;1.532;2042.933;-2.297;2.420
1017761;34.5;26.25;0.460;1.536;1998.126;-0.877;2.146
1017861;34.5;26.25;0.570;1.517;2021.297;-2.038;2.573
1017961;34.5;26.25;0.572;1.522;2043.170;-2.258;2.525
1018061;34.4;26.25;0.541;1.534;2002.504;-1.933;2.446
1018161;34.4;26.25;0.552;1.536;2016.677;-2.094;2.361
1018261;34.4;26.25;0.438;1.541;1987.265;-0.548;2.146
1018361;34.4;26.25;0.549;1.528;2013.122;-1.990;2.469
1018461;34.4;26.25;0.575;1.517;2029.983;-2.242;2.611
1018561;34.4;26.25;0.564;1.531;2035.559;-2.405;2.462
1018661;34.4;26.25;0.538;1.540;2006.879;-1.928;2.376
1018761;34.5;26.25;0.445;1.545;2023.065;-0.952;2.140
1018861;34.5;26.25;0.553;1.532;2047.808;-2.284;2.491
1018961;34.5;26.25;0.546;1.527;2013.370;-1.854;2.511
1019061;34.5;26.25;0.572;1.503;2031.381;-1.909;2.714
1019161;34.5;26.25;0.580;1.494;2057.794;-2.052;2.897
1019261;34.5;26.25;0.530;1.531;2022.939;-1.891;2.262
1019361;34.5;26.25;0.572;1.491;2026.366;-1.732;2.911
1019461;34.5;26.25;0.571;1.481;2047.630;-1.778;3.154
1019561;34.5;26.25;0.558;1.481;2026.500;-1.548;3.071
1019661;34.5;26.25;0.575;1.465;2024.392;-1.568;3.262
1019761;34.6;26.25;0.532;1.529;1992.721;-1.843;2.396
1019861;34.6;26.25;0.551;1.500;2016.309;-1.554;2.918
1019961;34.6;26.25;0.576;1.494;2029.817;-1.833;2.891
1020061;34.6;26.25;0.574;1.518;2049.717;-2.263;2.641
1020161;34.6;26.25;0.553;1.516;2020.522;-1.726;2.644
1020261;34.5;26.25;0.538;1.538;2033.968;-2.133;2.279
1020361;34.5;26.25;0.579;1.511;2047.687;-2.177;2.712
1020461;34.5;26.25;0.548;1.535;2006.158;-1.852;2.503
1020561;34.5;26.25;0.572;1.520;2018.174;-2.154;2.648
1020661;34.5;26.25;0.568;1.530;2045.067;-2.318;2.519
1020761;34.5;26.25;0.452;1.535;1998.863;-0.807;2.189
1020861;34.5;26.25;0.569;1.518;2031.076;-1.941;2.624
1020961;34.5;26.25;0.576;1.499;2046.284;-2.047;2.878
1021061;34.4;26.25;0.546;1.517;2009.278;-1.532;2.695
1021161;34.4;26.25;0.578;1.513;2032.434;-2.072;2.678
1021261;34.3;26.25;0.484;1.543;1994.200;-1.191;2.221
1021361;34.3;26.25;0.553;1.515;2018.260;-1.723;2.671
1021461;34.3;26.25;0.575;1.494;2033.997;-1.804;2.909
1021561;34.4;26.25;0.575;1.502;2052.005;-1.964;2.869
1021661;34.4;26.25;0.556;1.505;2019.904;-1.679;2.865
1021761;34.5;26.25;0.532;1.540;2027.140;-2.072;2.279
1021861;34.5;26.25;0.576;1.498;2049.300;-2.022;2.938
1021961;34.5;26.25;0.555;1.498;2025.084;-1.549;2.897
1022061;34.4;26.25;0.573;1.466;2027.937;-1.530;3.300
1022161;34.4;26.25;0.575;1.444;2048.011;-1.531;3.556
1022261;34.4;26.25;0.569;1.516;2027.769;-1.919;2.547
1022361;34.4;26.25;0.577;1.456;2025.211;-1.522;3.420
1022461;34.4;26.25;0.574;1.445;2046.006;-1.553;3.604
1022561;34.4;26.25;0.562;1.461;2020.952;-1.346;3.353
1022661;34.4;26.25;0.573;1.450;2024.478;-1.376;3.500
1022761;34.5;26.25;0.549;1.523;2011.921;-1.785;2.500
1022861;34.5;26.25;0.554;1.489;2012.443;-1.482;3.148
1022961;34.5;26.25;0.576;1.486;2018.834;-1.708;3.093
1023061;34.5;26.25;0.576;1.512;2047.379;-2.122;2.799
1023161;34.5;26.25;0.556;1.512;2022.573;-1.732;2.791
1023261;34.5;26.25;0.561;1.527;2040.944;-2.406;2.464
1023361;34.5;26.25;0.580;1.487;2045.830;-1.962;3.127
1023461;34.5;26.25;0.553;1.511;2022.019;-1.634;2.809
1023561;34.6;26.25;0.577;1.515;2029.852;-2.184;2.704
1023661;34.6;26.25;0.574;1.525;2038.019;-2.247;2.629
1023761;34.5;26.25;0.542;1.534;2020.924;-2.015;2.342
1023861;34.5;26.25;0.575;1.500;2034.541;-1.817;2.901
1023961;34.5;26.25;0.579;1.470;2052.995;-1.818;3.295
1024061;34.5;26.25;0.565;1.469;2021.678;-1.520;3.338
1024161;34.5;26.25;0.582;1.475;2020.157;-1.637;3.207
1024261;34.5;26.25;0.544;1.528;2011.271;-1.997;2.417
1024361;34.5;26.25;0.564;1.490;2022.798;-1.644;3.080
1024461;34.5;26.25;0.574;1.449;2026.452;-1.335;3.478
1024561;34.5;26.25;0.575;1.440;2039.619;-1.376;3.601
1024661;34.5;26.25;0.557;1.460;2021.437;-1.280;3.437
1024761;34.5;26.25;0.569;1.525;2040.208;-2.228;2.505
1024861;34.5;26.25;0.582;1.456;2040.285;-1.642;3.507
1024961;34.5;26.25;0.560;1.464;2027.404;-1.410;3.386
1025061;34.6;26.25;0.572;1.472;2024.313;-1.409;3.411
1025161;34.6;26.25;0.577;1.436;2035.691;-1.341;3.632
1025261;34.5;26.25;0.570;1.489;2023.980;-1.738;2.994
1025361;34.5;26.25;0.575;1.450;2016.216;-1.364;3.524
1025461;34.5;26.25;0.580;1.451;2043.786;-1.578;3.574
1025561;34.5;26.25;0.559;1.468;2018.152;-1.369;3.405
1025661;34.5;26.25;0.575;1.456;2019.862;-1.358;3.469
1025761;34.5;26.25;0.556;1.492;2028.074;-1.586;2.993
1025861;34.5;26.25;0.560;1.468;2016.885;-1.377;3.440
1025961;34.5;26.25;0.581;1.471;2017.834;-1.594;3.368
1026061;34.5;26.25;0.583;1.483;2046.145;-1.932;3.209
1026161;34.5;26.25;0.555;1.512;2020.996;-1.597;2.871
1026261;34.5;26.25;0.563;1.529;2044.905;-2.342;2.524
1026361;34.5;26.25;0.582;1.462;2046.225;-1.758;3.469
1026461;34.5;26.25;0.567;1.472;2019.915;-1.500;3.347
1026561;34.6;26.25;0.578;1.485;2022.909;-1.677;3.209
1026661;34.6;26.25;0.577;1.495;2048.522;-1.898;3.104
1026761;34.6;26.25;0.555;1.529;2021.071;-2.125;2.439
1026861;34.6;26.31;0.578;1.458;2025.713;-1.470;3.462
1026961;34.6;26.31;0.576;1.441;2042.196;-1.421;3.640
1027061;34.6;26.31;0.546;1.460;2018.182;-0.908;3.386
1027161;34.6;26.31;0.560;1.448;2004.041;-0.886;3.471
1027261;34.5;26.31;0.555;1.500;2024.800;-1.709;2.800
1027361;34.5;26.31;0.552;1.455;2016.796;-1.023;3.389
1027461;34.5;26.31;0.562;1.451;2011.057;-0.946;3.418
1027561;34.7;26.31;0.557;1.439;2022.060;-0.828;3.405
1027661;34.7;26.31;0.539;1.458;2007.649;-0.701;3.287
1027761;34.7;26.31;0.576;1.474;2035.436;-1.779;3.236
1027861;34.7;26.25;0.568;1.444;2028.662;-1.227;3.652
1027961;34.7;26.25;0.562;1.463;2021.144;-1.279;3.436
1028061;34.7;26.25;0.575;1.444;2015.550;-1.226;3.612
1028161;34.7;26.25;0.575;1.449;2042.382;-1.409;3.568
1028261;34.6;26.25;0.571;1.508;2030.153;-1.789;2.749
1028361;34.6;26.25;0.577;1.444;2012.174;-1.294;3.627
1028461;34.6;26.25;0.574;1.449;2040.198;-1.356;3.587
1028561;34.6;26.25;0.560;1.460;2023.620;-1.257;3.464
1028661;34.6;26.25;0.584;1.454;2012.829;-1.393;3.533
1028761;34.6;26.25;0.553;1.498;2019.568;-1.582;2.944
1028861;34.6;26.25;0.554;1.452;2018.902;-1.055;3.511
1028961;34.6;26.25;0.580;1.454;2023.031;-1.446;3.569
1029061;34.6;26.25;0.584;1.452;2044.236;-1.668;3.632
1029161;34.6;26.25;0.566;1.468;2027.566;-1.491;3.449
1029261;34.6;26.25;0.571;1.522;2053.508;-2.258;2.597
1029361;34.6;26.25;0.576;1.449;2050.196;-1.475;3.619
1029461;34.6;26.25;0.559;1.459;2017.515;-1.214;3.516
1029561;34.6;26.25;0.576;1.445;2014.305;-1.222;3.577
1029661;34.6;26.25;0.579;1.451;2048.932;-1.569;3.637
1029761;34.5;26.25;0.574;1.495;2035.526;-1.763;2.915
1029861;34.5;26.25;0.564;1.450;2008.649;-0.896;3.468
1029961;34.5;26.25;0.562;1.444;2025.362;-0.920;3.430
1030061;34.6;26.25;0.534;1.459;2008.059;-0.510;3.129
1030161;34.6;26.25;0.555;1.455;1998.507;-0.718;3.272
1030261;34.6;26.25;0.551;1.506;2016.643;-1.673;2.744
1030361;34.6;26.25;0.541;1.459;2006.996;-0.699;3.236
1030461;34.6;26.25;0.553;1.455;1999.545;-0.655;3.321
1030561;34.6;26.25;0.557;1.446;2021.763;-0.823;3.406
1030661;34.6;26.25;0.548;1.453;2005.422;-0.738;3.324
1030761;34.6;26.25;0.580;1.465;2046.335;-1.783;3.395
1030861;34.6;26.25;0.571;1.440;2034.863;-1.234;3.690
1030961;34.6;26.25;0.566;1.459;2014.921;-1.364;3.595
1031061;34.7;26.25;0.578;1.452;2017.182;-1.281;3.613
1031161;34.7;26.25;0.568;1.445;2039.983;-1.189;3.610
1031261;34.6;26.25;0.572;1.499;2029.490;-1.765;2.933
1031361;34.6;26.25;0.572;1.450;2014.671;-1.136;3.567
1031461;34.6;26.25;0.576;1.438;2032.793;-1.292;3.728
1031561;34.6;26.25;0.557;1.458;2029.352;-1.082;3.427
1031661;34.6;26.25;0.571;1.446;2014.843;-1.076;3.585
1031761;34.7;26.25;0.560;1.495;2022.223;-1.621;3.015
1031861;34.7;26.31;0.538;1.455;2009.176;-0.582;3.311
1031961;34.7;26.31;0.556;1.454;2007.733;-0.739;3.395
1032061;34.7;26.31;0.574;1.441;2028.883;-1.182;3.725
1032161;34.7;26.31;0.554;1.466;2018.609;-1.030;3.406
1032261;34.7;26.31;0.584;1.493;2047.390;-2.074;3.054
1032361;34.7;26.31;0.561;1.444;2037.320;-0.975;3.544
1032461;34.7;26.31;0.547;1.459;2012.126;-0.777;3.299
1032561;34.7;26.31;0.560;1.453;1992.542;-0.787;3.396
1032661;34.7;26.31;0.567;1.440;2017.459;-0.907;3.492
1032761;34.7;26.31;0.577;1.450;2021.238;-1.384;3.497
1032861;34.7;26.25;0.562;1.445;2000.602;-0.805;3.465
1032961;34.7;26.25;0.516;1.464;2010.706;0.018;3.038
1033061;34.7;26.25;0.434;1.495;2009.104;1.226;2.552
1033161;34.7;26.25;0.451;1.476;1977.082;1.184;2.849
1033261;34.7;26.25;0.548;1.454;2020.460;-0.967;3.425
1033361;34.7;26.25;0.534;1.465;2000.683;-0.475;3.187
1033461;34.7;26.25;0.559;1.455;1988.291;-0.690;3.397
1033561;34.7;26.25;0.561;1.446;2017.939;-0.790;3.451
1033661;34.7;26.25;0.549;1.456;2006.755;-0.743;3.327
1033761;34.7;26.25;0.572;1.437;2034.411;-1.264;3.716
1033861;34.7;26.31;0.565;1.443;2012.620;-0.878;3.478
1033961;34.7;26.31;0.539;1.467;2018.723;-0.650;3.280
1034061;34.7;26.31;0.568;1.448;2010.019;-1.057;3.628
1034161;34.7;26.31;0.577;1.440;2034.335;-1.242;3.766
1034261;34.6;26.31;0.574;1.483;2028.326;-1.644;3.186
1034361;34.6;26.31;0.556;1.456;1996.390;-0.555;3.285
1034461;34.6;26.31;0.562;1.446;2023.867;-0.848;3.494
1034561;34.6;26.31;0.537;1.461;2008.905;-0.587;3.347
1034661;34.6;26.31;0.562;1.448;2003.507;-0.801;3.466
1034761;34.5;26.31;0.567;1.464;2027.633;-1.461;3.421
1034861;34.5;26.25;0.539;1.464;2011.738;-0.599;3.223
1034961;34.5;26.25;0.466;1.484;1984.374;0.977;2.767
1035061;34.6;26.25;0.477;1.479;2003.907;0.770;2.803
1035161;34.6;26.25;0.489;1.486;2004.135;0.298;2.855
1035261;34.7;26.25;0.577;1.447;2038.297;-1.432;3.636
1035361;34.7;26.25;0.518;1.463;2012.960;0.008;3.109
1035461;34.7;26.25;0.426;1.498;2005.072;1.364;2.549
1035561;34.7;26.25;0.435;1.475;1979.900;1.382;2.921
1035661;34.7;26.25;0.455;1.473;2003.308;1.100;2.881
1035761;34.6;26.25;0.564;1.450;1999.940;-0.869;3.475
1035861;34.6;26.25;0.498;1.477;1988.859;0.446;2.879
1035961;34.6;26.25;0.512;1.472;2015.483;0.106;2.991
1036061;34.7;26.25;0.485;1.487;1995.927;0.443;2.826
1036161;34.7;26.25;0.451;1.480;1987.379;1.166;2.922
1036261;34.5;26.25;0.545;1.456;2017.276;-0.832;3.367
1036361;34.5;26.25;0.417;1.491;2000.893;1.500;2.686
1036461;34.5;26.25;0.497;1.483;1979.090;0.483;2.898
1036561;34.5;26.25;0.535;1.457;2004.940;-0.269;3.269
1036661;34.5;26.25;0.494;1.485;2004.320;0.275;2.835
1036761;34.7;26.25;0.555;1.446;2029.868;-0.849;3.501
1036861;34.7;26.25;0.553;1.447;2004.356;-0.576;3.441
1036961;34.7;26.25;0.542;1.463;2002.788;-0.594;3.264
1037061;34.7;26.25;0.566;1.453;1994.527;-0.829;3.466
1037161;34.7;26.25;0.551;1.454;2024.210;-0.643;3.453
1037261;34.7;26.25;0.581;1.468;2017.750;-1.585;3.491
1037361;34.7;26.25;0.555;1.461;1993.841;-0.593;3.291
1037461;34.7;26.25;0.460;1.470;2004.782;1.064;2.900
1037561;34.7;26.25;0.433;1.497;2002.129;1.307;2.615
1037661;34.7;26.25;0.477;1.489;1985.698;0.799;2.752
1037761;34.7;26.25;0.550;1.460;2010.997;-0.799;3.262
1037861;34.7;26.25;0.391;1.476;2005.619;1.669;2.939
1037961;34.7;26.25;0.412;1.460;1974.997;1.511;3.186
1038061;34.4;26.25;0.410;1.447;1976.675;1.542;3.278
1038161;34.4;26.25;0.395;1.474;1989.577;1.612;3.001
1038261;34.5;26.25;0.562;1.442;2019.780;-0.851;3.457
1038361;34.5;26.25;0.440;1.467;1999.152;1.267;3.103
1038461;34.5;26.25;0.410;1.484;1998.463;1.547;2.886
1038561;34.5;26.25;0.419;1.468;1973.159;1.501;3.118
1038661;34.5;26.25;0.417;1.458;1993.155;1.464;3.152
1038761;34.5;26.25;0.571;1.449;2012.864;-1.172;3.593
1038861;34.5;26.25;0.483;1.490;1983.928;0.725;2.824
1038961;34.5;26.25;0.469;1.481;2009.227;0.901;2.840
1039061;34.6;26.25;0.411;1.490;2004.683;1.593;2.812
1039161;34.6;26.25;0.431;1.476;1980.144;1.440;2.966
1039261;34.6;26.25;0.534;1.465;2010.999;-0.577;3.239
1039361;34.6;26.25;0.397;1.478;1995.190;1.652;3.029
1039461;34.6;26.25;0.435;1.480;1977.371;1.371;3.010
1039561;34.7;26.25;0.447;1.472;2004.537;1.199;3.015
1039661;34.7;26.25;0.430;1.493;2000.484;1.337;2.778
1039761;34.7;26.25;0.569;1.436;2037.437;-1.124;3.668
1039861;34.7;26.31;0.429;1.458;1990.841;1.440;3.176
1039961;34.7;26.31;0.421;1.495;1995.415;1.474;2.810
1040061;34.7;26.31;0.458;1.481;1979.778;1.129;2.949
1040161;34.7;26.31;0.457;1.482;2011.693;1.085;2.887
1040261;34.7;26.31;0.571;1.450;2018.608;-1.078;3.530
1040361;34.7;26.31;0.431;1.475;1978.780;1.438;3.053
1040461;34.7;26.31;0.414;1.450;1986.879;1.484;3.304
1040561;34.7;26.31;0.372;1.461;1993.999;1.711;3.213
1040661;34.7;26.31;0.408;1.456;1968.740;1.476;3.289
1040761;34.7;26.31;0.450;1.499;1997.459;0.959;2.618
1040861;34.7;26.31;0.374;1.461;1988.287;1.732;3.191
1040961;34.7;26.31;0.393;1.451;1965.390;1.624;3.258
1041061;34.7;26.31;0.357;1.453;1984.227;1.982;3.123
1041161;34.7;26.31;0.374;1.461;1978.642;1.709;3.288
1041261;34.8;26.31;0.462;1.475;2008.046;0.949;2.888
1041361;34.8;26.31;0.413;1.452;1993.559;1.494;3.269
1041461;34.8;26.31;0.398;1.479;1995.565;1.655;2.980
1041561;34.9;26.31;0.418;1.464;1970.632;1.507;3.150
1041661;34.9;26.31;0.414;1.452;1980.338;1.514;3.298
1041761;34.8;26.31;0.492;1.486;1987.088;0.516;2.775
1041861;34.8;26.25;0.428;1.464;1972.000;1.516;3.232
1041961;34.8;26.25;0.434;1.462;1993.874;1.371;3.206
1042061;34.8;26.25;0.404;1.480;1998.542;1.636;2.990
1042161;34.8;26.25;0.426;1.467;1973.481;1.421;3.161
1042261;34.8;26.25;0.542;1.463;2011.925;-0.648;3.213
1042361;34.8;26.25;0.377;1.466;1983.526;1.693;3.212
1042461;34.8;26.25;0.412;1.457;1967.978;1.503;3.345
1042561;34.8;26.25;0.416;1.455;1986.446;1.507;3.273
1042661;34.8;26.25;0.389;1.484;1996.330;1.769;2.977
1042761;34.7;26.25;0.563;1.442;2013.570;-0.795;3.447
1042861;34.7;26.25;0.388;1.446;1988.592;1.655;3.334
1042961;34.7;26.25;0.379;1.464;1985.225;1.709;3.232
1043061;34.7;26.25;0.408;1.457;1966.226;1.584;3.307
1043161;34.7;26.25;0.408;1.455;1980.265;1.563;3.306
1043261;34.7;26.25;0.468;1.482;1983.492;1.000;2.794
1043361;34.7;26.25;0.404;1.461;1966.677;1.581;3.266
1043461;34.7;26.25;0.380;1.448;1976.932;1.810;3.294
1043561;34.7;26.25;0.346;1.467;1983.357;2.023;3.068
1043661;34.7;26.25;0.389;1.453;1953.161;1.813;3.277
1043761;34.7;26.25;0.393;1.479;1995.090;1.737;2.920
1043861;34.7;26.31;0.352;1.467;1983.686;1.920;3.157
1043961;34.7;26.31;0.366;1.456;1958.089;1.945;3.214
1044061;34.6;26.31;0.356;1.452;1971.865;2.048;3.164
1044161;34.6;26.31;0.343;1.464;1976.614;2.069;3.079
1044261;34.6;26.31;0.484;1.475;2009.075;0.599;2.880
1044361;34.6;26.31;0.398;1.451;1981.590;1.631;3.333
1044461;34.6;26.31;0.384;1.474;1988.758;1.717;3.199
1044561;34.7;26.31;0.410;1.462;1968.534;1.563;3.268
1044661;34.7;26.31;0.391;1.448;1977.877;1.668;3.354
1044761;34.6;26.31;0.459;1.486;1979.644;1.079;2.860
1044861;34.6;26.25;0.408;1.458;1962.799;1.568;3.315
1044961;34.6;26.25;0.426;1.461;1995.715;1.428;3.280
1045061;34.5;26.25;0.394;1.475;1989.585;1.654;3.169
1045161;34.5;26.25;0.407;1.460;1968.641;1.549;3.347
1045261;34.5;26.25;0.413;1.484;2000.557;1.544;2.884
1045361;34.5;26.25;0.353;1.469;1987.864;1.941;3.103
1045461;34.5;26.25;0.384;1.457;1960.321;1.750;3.298
1045561;34.6;26.25;0.380;1.456;1976.055;1.809;3.213
1045661;34.6;26.25;0.350;1.470;1986.146;1.960;3.149
1045761;34.7;26.25;0.426;1.465;2003.045;1.369;3.104
1045861;34.7;26.25;0.315;1.462;1976.381;2.534;2.992
1045961;34.7;26.25;0.259;1.482;1980.999;3.132;2.795
1046061;34.7;26.25;0.345;1.460;1958.695;2.172;3.166
1046161;34.7;26.25;0.359;1.456;1966.468;2.042;3.168
1046261;34.7;26.25;0.441;1.472;1965.157;1.352;3.068
1046361;34.7;26.25;0.370;1.452;1956.208;1.897;3.325
1046461;34.7;26.25;0.353;1.454;1978.957;2.067;3.194
1046561;34.6;26.25;0.313;1.476;1984.232;2.361;2.991
1046661;34.6;26.25;0.347;1.458;1950.874;2.183;3.172
1046761;34.6;26.25;0.402;1.489;1995.415;1.623;2.837
1046861;34.6;26.31;0.315;1.471;1987.764;2.387;3.004
1046961;34.6;26.31;0.363;1.459;1956.757;1.997;3.223
1047061;34.6;26.31;0.311;1.463;1969.874;2.607;2.998
1047161;34.6;26.31;0.245;1.483;1978.841;3.353;2.758
1047261;34.7;26.31;0.425;1.460;1989.590;1.436;3.202
1047361;34.7;26.31;0.366;1.458;1972.773;1.945;3.228
1047461;34.7;26.31;0.367;1.464;1977.209;1.801;3.358
1047561;34.7;26.31;0.402;1.456;1963.197;1.619;3.351
1047661;34.7;26.31;0.376;1.461;1979.980;1.828;3.202
1047761;34.7;26.31;0.434;1.472;1972.849;1.411;3.109
1047861;34.7;26.31;0.372;1.460;1951.044;1.930;3.305
1047961;34.7;26.31;0.380;1.458;1976.842;1.793;3.262
1048061;34.7;26.31;0.368;1.464;1987.632;1.791;3.284
1048161;34.7;26.31;0.392;1.457;1965.507;1.683;3.360
1048261;34.7;26.31;0.424;1.495;1992.885;1.447;2.715
1048361;34.7;26.31;0.248;1.488;1986.864;3.274;2.711
1048461;34.7;26.31;0.227;1.481;1964.387;3.761;2.759
1048561;34.7;26.31;0.189;1.502;1962.912;4.205;2.288
1048661;34.7;26.31;0.155;1.509;1979.100;4.558;2.285
1048761;34.6;26.31;0.367;1.455;1973.123;1.884;3.224
1048861;34.6;26.31;0.220;1.485;1970.906;3.858;2.580
1048961;34.6;26.31;0.218;1.529;1977.848;3.278;1.976
1049061;34.5;26.31;0.225;1.487;1946.656;3.842;2.683
1049161;34.5;26.31;0.242;1.480;1966.493;3.589;2.714
1049261;34.7;26.31;0.424;1.469;1977.744;1.468;3.142
1049361;34.7;26.31;0.336;1.464;1956.238;2.319;3.149
1049461;34.7;26.31;0.310;1.468;1973.731;2.625;2.982
1049561;34.7;26.31;0.287;1.480;1988.471;2.720;2.926
1049661;34.7;26.31;0.301;1.469;1954.335;2.801;3.056
1049761;34.7;26.31;0.378;1.476;1986.071;1.740;3.062
1049861;34.7;26.31;0.257;1.485;1979.131;3.204;2.807
1049961;34.7;26.31;0.321;1.467;1957.243;2.506;3.111
1050061;34.7;26.31;0.288;1.470;1975.873;2.918;2.924
1050161;34.7;26.31;0.191;1.492;1986.199;4.120;2.607
1050261;34.6;26.31;0.403;1.444;1971.205;1.624;3.416
1050361;34.6;26.31;0.300;1.470;1970.153;2.776;2.951
1050461;34.6;26.31;0.307;1.481;1982.948;2.500;2.979
1050561;34.6;26.31;0.367;1.463;1956.298;1.947;3.308
1050661;34.6;26.31;0.346;1.465;1977.373;2.128;3.097
1050761;34.6;26.31;0.416;1.465;1973.558;1.487;3.255
1050861;34.6;26.31;0.299;1.470;1960.106;2.789;3.067
1050961;34.6;26.31;0.251;1.482;1963.136;3.868;2.626
1051061;34.5;26.31;0.237;1.491;1986.881;3.435;2.748
1051161;34.5;26.31;0.297;1.470;1958.845;2.789;3.067
1051261;34.6;26.31;0.360;1.467;1989.024;1.852;3.185
1051361;34.6;26.31;0.434;1.531;1991.333;-0.687;2.009
1051461;34.6;26.31;0.194;1.547;1954.676;3.909;1.704
1051561;34.7;26.31;0.473;1.508;1977.199;-1.345;2.278
1051661;34.7;26.31;0.102;1.564;1982.584;5.052;1.503
1051761;34.7;26.31;0.382;1.451;1970.575;1.825;3.230
1051861;34.7;26.31;0.372;1.519;1972.318;0.738;2.109
1051961;34.7;26.31;0.383;1.536;1993.852;0.199;1.961
1052061;34.7;26.31;0.387;1.520;1954.450;0.466;2.151
1052161;34.7;26.31;0.379;1.520;1964.155;0.620;2.058
1052261;34.7;26.31;0.406;1.462;1960.932;1.570;3.233
1052361;34.7;26.31;0.278;1.475;1952.447;3.120;2.988
1052461;34.7;26.31;0.285;1.477;1966.150;2.988;2.939
1052561;34.7;26.31;0.171;1.506;1986.158;4.386;2.463
1052661;34.7;26.31;0.208;1.495;1957.416;4.037;2.599
1052761;34.7;26.31;0.366;1.465;1991.053;1.794;3.230
1052861;34.7;26.31;0.187;1.502;1973.626;4.187;2.617
1052961;34.7;26.31;0.229;1.483;1950.565;3.827;2.829
1053061;34.7;26.31;0.198;1.498;1968.256;4.208;2.476
1053161;34.7;26.31;0.169;1.529;1981.339;4.233;2.093
1053261;34.8;26.31;0.338;1.461;1974.505;2.270;3.099
1053361;34.8;26.31;0.175;1.542;1965.927;4.215;1.685
1053461;34.8;26.31;0.179;1.531;1982.256;4.027;2.082
1053561;34.8;26.31;0.233;1.485;1957.489;3.699;2.795
1053661;34.8;26.31;0.205;1.494;1969.853;4.116;2.571
1053761;34.7;26.31;0.376;1.459;1965.096;1.841;3.248
1053861;34.7;26.25;0.175;1.552;1954.101;4.135;1.641
1053961;34.7;26.25;0.231;1.548;1974.198;3.009;1.634
1054061;34.7;26.25;0.110;1.554;1977.405;5.094;1.661
1054161;34.7;26.25;0.372;1.522;1952.205;0.757;2.162
1054261;34.7;26.25;0.317;1.472;1990.183;2.341;3.018
1054361;34.7;26.25;0.466;1.532;1997.631;-1.603;2.116
1054461;34.7;26.25;0.479;1.520;1966.376;-1.384;2.252
1054561;34.7;26.25;0.461;1.522;1975.564;-1.163;2.209
1054661;34.7;26.25;0.202;1.587;1996.873;3.199;1.118
1054761;34.7;26.25;0.319;1.463;1968.702;2.520;3.061
1054861;34.7;26.25;0.155;1.555;1971.763;4.434;1.549
1054961;34.7;26.25;0.460;1.529;1997.699;-1.520;2.167
1055061;34.6;26.25;0.465;1.516;1959.427;-1.136;2.373
1055161;34.6;26.25;0.486;1.515;1973.037;-1.597;2.295
1055261;34.6;26.25;0.318;1.463;1949.768;2.557;3.191
1055361;34.6;26.25;0.306;1.524;1962.296;1.911;2.143
1055461;34.6;26.25;0.191;1.508;1965.491;4.253;2.330
1055561;34.7;26.25;0.165;1.524;1987.856;4.370;2.167
1055661;34.7;26.25;0.374;1.524;1956.140;0.744;2.194
1055761;34.7;26.25;0.293;1.480;1983.626;2.667;2.893
1055861;34.7;26.25;0.121;1.565;1992.115;4.772;1.523
1055961;34.7;26.25;0.389;1.523;1955.366;0.458;2.220
1056061;34.7;26.25;0.165;1.552;1963.919;4.367;1.637
1056161;34.7;26.25;0.490;1.532;1999.518;-1.958;2.112
1056261;34.7;26.25;0.289;1.468;1974.241;2.895;2.898
1056361;34.7;26.25;0.467;1.524;1973.053;-1.294;2.227
1056461;34.7;26.25;0.456;1.532;1993.106;-1.489;2.197
1056561;34.8;26.25;0.472;1.517;1954.522;-1.291;2.394
1056661;34.8;26.25;0.189;1.555;1976.657;3.765;1.647
1056761;34.7;26.25;0.349;1.462;1961.950;2.121;3.214
1056861;34.7;26.25;0.320;1.554;1971.691;1.424;1.692
1056961;34.7;26.25;0.478;1.523;1981.318;-1.444;2.211
1057061;34.7;26.25;0.219;1.582;1993.887;2.841;1.360
1057161;34.7;26.25;0.153;1.554;1956.162;4.543;1.702
1057261;34.7;26.25;0.290;1.485;1982.319;2.736;2.845
1057361;34.7;26.25;0.192;1.590;2001.937;3.390;1.126
1057461;34.7;26.25;0.274;1.561;1968.143;2.302;1.547
1057561;34.7;26.25;0.481;1.521;1982.977;-1.507;2.238
1057661;34.7;26.25;0.460;1.532;2001.991;-1.347;2.196
1057761;34.7;26.25;0.347;1.459;1970.326;2.130;3.125
1057861;34.7;26.25;0.225;1.578;1978.098;3.099;1.261
1057961;34.7;26.25;0.489;1.530;1984.482;-1.925;2.241
1058061;34.8;26.25;0.477;1.521;1963.782;-1.360;2.330
1058161;34.8;26.25;0.460;1.522;1983.931;-1.219;2.298
1058261;34.7;26.25;0.310;1.469;1951.128;2.692;3.085
1058361;34.7;26.25;0.331;1.541;1951.172;1.323;2.023
1058461;34.7;26.25;0.224;1.549;1967.652;3.359;1.723
1058561;34.7;26.25;0.143;1.564;1986.662;4.555;1.593
1058661;34.7;26.25;0.319;1.538;1957.340;1.693;1.999
1058761;34.7;26.25;0.268;1.488;1979.338;3.040;2.820
1058861;34.7;26.25;0.471;1.541;2003.924;-1.722;2.099
1058961;34.7;26.25;0.452;1.521;1964.140;-0.903;2.381
1059061;34.7;26.25;0.462;1.524;1983.443;-1.218;2.276
1059161;34.7;26.25;0.462;1.527;2008.390;-1.469;2.260
1059261;34.8;26.25;0.282;1.530;1965.174;2.314;1.872
1059361;34.8;26.25;0.458;1.531;2004.869;-0.941;2.112
1059461;34.8;26.25;0.438;1.541;2008.978;-0.919;2.102
1059561;34.8;26.25;0.445;1.525;1969.073;-0.700;2.269
1059661;34.8;26.25;0.478;1.522;1983.093;-1.427;2.307
1059761;34.8;26.25;0.215;1.496;1953.687;3.988;2.556
1059861;34.8;26.25;0.461;1.526;1966.224;-1.043;2.282
1059961;34.8;26.25;0.458;1.532;1994.128;-0.903;2.122
1060061;34.8;26.25;0.450;1.540;2011.535;-1.227;2.124
1060161;34.8;26.25;0.450;1.524;1958.219;-0.897;2.322
1060261;34.7;26.25;0.156;1.519;1980.128;4.530;2.266
1060361;34.7;26.25;0.474;1.538;2004.543;-1.781;2.173
1060461;34.7;26.25;0.453;1.530;1968.403;-0.868;2.228
1060561;34.7;26.25;0.470;1.529;1986.902;-1.205;2.230
1060661;34.7;26.25;0.439;1.540;2013.379;-0.998;2.133
1060761;34.8;26.25;0.382;1.524;1971.152;0.532;2.057
1060861;34.8;26.25;0.481;1.528;1987.320;-1.485;2.214
1060961;34.8;26.25;0.473;1.538;2009.300;-1.777;2.172
1061061;34.8;26.25;0.454;1.528;1969.518;-0.995;2.303
1061161;34.8;26.25;0.459;1.530;2001.323;-1.005;2.172
1061261;34.8;26.25;0.240;1.519;1952.292;3.241;2.226
1061361;34.8;26.25;0.457;1.526;1974.107;-1.057;2.326
1061461;34.8;26.25;0.485;1.522;1976.773;-1.621;2.361
1061561;34.8;26.25;0.476;1.538;2006.987;-1.732;2.168
1061661;34.8;26.25;0.451;1.532;1969.734;-0.776;2.239
1061761;34.8;26.25;0.472;1.531;1994.501;-1.625;2.176
1061861;34.8;26.25;0.438;1.537;2013.939;-0.858;2.165
1061961;34.8;26.25;0.441;1.537;1978.030;-0.543;2.136
1062061;34.8;26.25;0.454;1.537;1985.030;-0.745;2.101
1062161;34.8;26.25;0.442;1.540;2017.476;-0.878;2.149
1062261;34.8;26.25;0.495;1.519;1973.439;-1.644;2.223
1062361;34.8;26.25;0.488;1.537;2011.175;-1.316;2.093
1062461;34.8;26.25;0.486;1.545;2036.776;-1.565;2.043
1062561;34.8;26.25;0.439;1.540;1973.920;-0.505;2.157
1062661;34.8;26.25;0.462;1.535;1991.160;-0.917;2.116
1062761;34.8;26.25;0.213;1.549;1958.466;3.368;1.747
1062861;34.8;26.25;0.441;1.537;1971.866;-0.605;2.172
1062961;34.8;26.25;0.460;1.540;1999.491;-0.878;2.102
1063061;34.8;26.25;0.452;1.553;2019.045;-1.018;1.934
1063161;34.8;26.25;0.443;1.540;1977.024;-0.568;2.117
1063261;34.8;26.25;0.160;1.531;1982.248;4.363;2.116
1063361;34.8;26.25;0.466;1.535;2003.250;-1.517;2.279
1063461;34.8;26.25;0.455;1.528;1972.502;-0.924;2.307
1063561;34.7;26.25;0.456;1.536;1991.271;-0.840;2.157
1063661;34.7;26.25;0.446;1.543;2026.379;-0.971;2.119
1063761;34.8;26.25;0.156;1.556;1969.685;4.441;1.616
1063861;34.8;26.25;0.459;1.542;1997.766;-0.867;2.071
1063961;34.8;26.25;0.440;1.545;2016.929;-0.889;2.107
1064061;34.8;26.25;0.441;1.533;1981.828;-0.652;2.228
1064161;34.8;26.25;0.457;1.543;1994.505;-0.829;2.100
1064261;34.8;26.25;0.295;1.560;1959.753;1.917;1.585
1064361;34.8;26.25;0.461;1.548;1980.367;-0.842;2.091
1064461;34.8;26.25;0.475;1.539;2005.750;-1.074;2.115
1064561;34.8;26.25;0.445;1.547;2012.459;-0.922;2.140
1064661;34.8;26.25;0.441;1.541;1981.363;-0.586;2.149
1064761;34.8;26.25;0.196;1.590;1998.052;3.349;1.156
1064861;34.8;26.25;0.461;1.548;2026.168;-1.184;2.051
1064961;34.8;26.25;0.479;1.539;1990.302;-1.092;2.165
1065061;34.8;26.25;0.509;1.536;2011.630;-1.602;2.219
1065161;34.8;26.25;0.490;1.546;2033.668;-1.568;2.117
1065261;34.8;26.25;0.335;1.554;1987.220;1.088;1.685
1065361;34.8;26.25;0.519;1.535;2010.124;-1.702;2.184
1065461;34.8;26.25;0.530;1.535;2048.586;-2.139;2.224
1065561;34.7;26.25;0.507;1.536;1995.862;-1.514;2.207
1065661;34.7;26.25;0.504;1.536;2009.675;-1.515;2.182
1065761;34.8;26.25;0.329;1.556;1953.121;1.436;1.729
1065861;34.8;26.25;0.448;1.542;1979.053;-0.656;2.140
1065961;34.8;26.25;0.466;1.546;1998.791;-0.932;2.062
1066061;34.8;26.25;0.461;1.551;2024.630;-1.187;2.014
1066161;34.8;26.25;0.453;1.540;1977.019;-0.737;2.169
1066261;34.8;26.25;0.214;1.586;1986.807;3.073;1.298
1066361;34.8;26.25;0.440;1.554;2014.893;-0.894;2.032
1066461;34.8;26.25;0.448;1.533;1972.602;-0.714;2.307
1066561;34.8;26.25;0.470;1.540;2009.040;-1.029;2.109
1066661;34.8;26.25;0.480;1.551;2035.716;-1.440;2.029
1066761;34.8;26.25;0.467;1.527;1988.363;-1.148;2.207
1066861;34.8;26.25;0.523;1.533;2015.734;-1.795;2.255
1066961;34.8;26.25;0.534;1.540;2037.374;-2.182;2.252
1067061;34.7;26.25;0.508;1.535;1998.211;-1.539;2.254
1067161;34.7;26.25;0.514;1.537;2014.100;-1.615;2.251
1067261;34.7;26.25;0.390;1.537;1965.074;0.256;1.999
1067361;34.7;26.25;0.534;1.528;2003.866;-1.864;2.395
1067461;34.7;26.25;0.549;1.522;2015.337;-2.054;2.418
1067561;34.7;26.25;0.530;1.536;2035.052;-2.194;2.261
1067661;34.7;26.25;0.489;1.540;1989.195;-1.258;2.225
1067761;34.7;26.25;0.470;1.536;2007.224;-1.689;2.211
1067861;34.7;26.25;0.524;1.545;2038.642;-2.016;2.138
1067961;34.7;26.25;0.532;1.533;2002.695;-1.783;2.309
1068061;34.7;26.25;0.562;1.522;2017.869;-2.188;2.460
1068161;34.7;26.25;0.553;1.536;2032.307;-2.297;2.297
1068261;34.7;26.25;0.470;1.541;2001.703;-0.985;2.026
1068361;34.7;26.25;0.550;1.525;2018.031;-2.061;2.458
1068461;34.7;26.25;0.557;1.532;2041.863;-2.403;2.390
1068561;34.7;26.25;0.544;1.520;2004.022;-1.889;2.541
1068661;34.7;26.25;0.545;1.529;2015.284;-2.045;2.409
1068761;34.8;26.25;0.442;1.533;1975.304;-0.652;2.228
1068861;34.8;26.25;0.464;1.548;1987.926;-0.912;2.125
1068961;34.8;26.25;0.481;1.548;2005.727;-1.140;2.114
1069061;34.8;26.25;0.500;1.547;2044.306;-1.718;2.160
1069161;34.8;26.25;0.510;1.540;2003.444;-1.560;2.249
1069261;34.8;26.25;0.448;1.542;2004.891;-1.119;2.248
1069361;34.8;26.25;0.495;1.554;2034.234;-1.641;2.090
1069461;34.8;26.25;0.478;1.546;1991.755;-1.049;2.152
1069561;34.8;26.25;0.507;1.544;2012.607;-1.525;2.149
1069661;34.8;26.25;0.556;1.533;2046.716;-2.409;2.384
1069761;34.8;26.25;0.528;1.531;2025.373;-1.834;2.219
1069861;34.8;26.25;0.571;1.510;2024.593;-1.965;2.602
1069961;34.8;26.25;0.571;1.522;2047.437;-2.361;2.528
1070061;34.8;26.25;0.552;1.524;2001.655;-1.962;2.491
1070161;34.8;26.25;0.564;1.522;2019.429;-2.167;2.498
1070261;34.8;26.25;0.462;1.543;1989.896;-0.830;2.101
1070361;34.8;26.25;0.555;1.516;2018.783;-1.860;2.546
1070461;34.8;26.25;0.573;1.512;2018.158;-2.108;2.655
1070561;34.7;26.25;0.569;1.526;2044.258;-2.368;2.521
1070661;34.7;26.25;0.542;1.529;2009.081;-1.929;2.421
1070761;34.6;26.25;0.456;1.538;2008.606;-1.310;2.230
1070861;34.6;26.25;0.564;1.526;2045.136;-2.455;2.462
1070961;34.6;26.25;0.548;1.523;2014.768;-1.799;2.497
1071061;34.6;26.25;0.568;1.514;2033.338;-1.937;2.581
1071161;34.6;26.25;0.574;1.522;2044.926;-2.375;2.567
1071261;34.6;26.25;0.465;1.543;2000.732;-0.968;2.077
1071361;34.6;26.25;0.564;1.519;2020.818;-2.128;2.558
1071461;34.6;26.25;0.571;1.524;2052.900;-2.496;2.496
1071561;34.6;26.25;0.553;1.522;2016.204;-1.933;2.517
1071661;34.6;26.25;0.575;1.509;2014.795;-2.090;2.690
1071761;34.6;26.25;0.449;1.544;1981.309;-0.652;2.123
1071861;34.6;26.25;0.534;1.529;2005.801;-1.822;2.398
1071961;34.6;26.25;0.543;1.539;2007.486;-2.006;2.333
1072061;34.8;26.25;0.557;1.529;2049.693;-2.419;2.451
1072161;34.8;26.25;0.554;1.521;2019.752;-1.913;2.520
1072261;34.8;26.25;0.479;1.548;2032.220;-1.430;2.070
1072361;34.8;26.25;0.571;1.523;2041.367;-2.229;2.574
1072461;34.8;26.25;0.552;1.526;2014.945;-2.002;2.495
1072561;34.8;26.25;0.566;1.523;2019.945;-2.157;2.580
1072661;34.8;26.25;0.575;1.517;2057.868;-2.320;2.592
1072761;34.8;26.25;0.512;1.538;2009.359;-1.597;2.156
1072861;34.8;26.25;0.573;1.485;2029.534;-1.712;3.025
1072961;34.8;26.25;0.574;1.482;2056.643;-1.943;3.097
1073061;34.7;26.25;0.555;1.500;2021.982;-1.641;2.822
1073161;34.7;26.25;0.573;1.507;2023.259;-1.896;2.720
1073261;34.7;26.25;0.485;1.540;1998.055;-1.228;2.099
1073361;34.7;26.25;0.560;1.493;2029.408;-1.669;2.907
1073461;34.7;26.25;0.577;1.486;2025.244;-1.785;3.024
1073561;34.8;26.25;0.573;1.501;2042.892;-2.040;2.904
1073661;34.8;26.25;0.557;1.511;2019.040;-1.744;2.693
1073761;34.8;26.25;0.495;1.544;2034.686;-1.647;2.151
1073861;34.8;26.25;0.573;1.522;2054.889;-2.312;2.573
1073961;34.8;26.25;0.559;1.523;2014.556;-1.902;2.559
1074061;34.8;26.25;0.575;1.512;2028.799;-1.981;2.657
1074161;34.8;26.25;0.575;1.510;2050.265;-2.138;2.720
1074261;34.8;26.25;0.469;1.545;2002.625;-1.065;2.086
1074361;34.8;26.25;0.576;1.513;2024.172;-2.039;2.684
1074461;34.8;26.25;0.570;1.505;2060.270;-2.109;2.809
1074561;34.8;26.25;0.553;1.509;2021.966;-1.638;2.765
1074661;34.8;26.25;0.572;1.490;2030.962;-1.760;3.000
1074761;34.8;26.25;0.524;1.533;1992.961;-1.736;2.335
1074861;34.8;26.31;0.554;1.507;2021.499;-1.629;2.853
1074961;34.8;26.31;0.571;1.506;2025.932;-1.834;2.785
1075061;34.8;26.31;0.573;1.514;2046.857;-2.138;2.742
1075161;34.8;26.31;0.559;1.499;2022.616;-1.645;2.879
1075261;34.9;26.31;0.557;1.526;2042.525;-2.358;2.438
1075361;34.9;26.31;0.577;1.486;2057.119;-1.948;3.031
1075461;34.9;26.31;0.559;1.520;2008.242;-1.844;2.665
1075561;34.9;26.31;0.568;1.505;2018.791;-1.750;2.866
1075661;34.9;26.31;0.576;1.495;2055.451;-1.980;2.966
1075761;34.9;26.31;0.563;1.523;2023.930;-2.217;2.426
1075861;34.9;26.25;0.580;1.473;2022.544;-1.646;3.222
1075961;34.9;26.25;0.572;1.447;2050.211;-1.487;3.496
1076061;34.8;26.25;0.560;1.465;2023.185;-1.452;3.331
1076161;34.8;26.25;0.576;1.470;2024.837;-1.583;3.254
1076261;34.8;26.25;0.550;1.527;2002.377;-1.980;2.504
1076361;34.8;26.25;0.558;1.468;2026.885;-1.403;3.257
1076461;34.8;26.25;0.578;1.455;2023.515;-1.508;3.426
1076561;34.8;26.25;0.579;1.475;2053.479;-1.847;3.239
1076661;34.8;26.25;0.558;1.495;2013.635;-1.601;3.031
1076761;34.8;26.25;0.445;1.548;2017.297;-0.911;2.115
1076861;34.8;26.31;0.573;1.511;2058.504;-2.128;2.884
1076961;34.8;26.31;0.558;1.510;2021.216;-1.739;2.787
1077061;34.8;26.31;0.577;1.500;2027.595;-1.854;2.920
1077161;34.8;26.31;0.582;1.482;2054.797;-1.925;3.150
1077261;34.7;26.31;0.563;1.526;2016.850;-2.231;2.441
1077361;34.7;26.31;0.572;1.497;2032.836;-1.715;2.962
1077461;34.7;26.31;0.576;1.472;2051.786;-1.820;3.314
1077561;34.7;26.31;0.561;1.469;2021.259;-1.411;3.349
1077661;34.7;26.31;0.577;1.452;2022.950;-1.424;3.462
1077761;34.8;26.31;0.554;1.496;2024.091;-1.561;2.868
1077861;34.8;26.25;0.563;1.465;2017.277;-1.433;3.415
1077961;34.8;26.25;0.574;1.467;2024.260;-1.564;3.363
1078061;34.7;26.25;0.582;1.474;2056.595;-1.877;3.242
1078161;34.7;26.25;0.559;1.485;2025.821;-1.525;3.105
1078261;34.7;26.25;0.571;1.523;2043.066;-2.353;2.486
1078361;34.7;26.25;0.575;1.453;2044.909;-1.564;3.522
1078461;34.7;26.25;0.565;1.461;2026.050;-1.415;3.383
1078561;34.7;26.25;0.575;1.483;2021.188;-1.618;3.178
1078661;34.7;26.25;0.581;1.460;2050.286;-1.774;3.480
1078761;34.8;26.25;0.569;1.506;2031.386;-1.904;2.671
1078861;34.8;26.31;0.568;1.450;2018.555;-1.194;3.510
1078961;34.8;26.31;0.570;1.434;2037.426;-1.258;3.682
1079061;34.8;26.31;0.552;1.450;2011.862;-1.019;3.466
1079161;34.8;26.31;0.578;1.446;2016.788;-1.356;3.586
1079261;34.8;26.31;0.554;1.518;2017.666;-1.814;2.560
1079361;34.8;26.31;0.566;1.478;2014.617;-1.491;3.296
1079461;34.8;26.31;0.572;1.465;2028.509;-1.473;3.384
1079561;34.8;26.31;0.576;1.456;2051.694;-1.585;3.512
1079661;34.8;26.31;0.569;1.473;2022.798;-1.614;3.272
1079761;34.8;26.31;0.559;1.533;2037.637;-2.302;2.468
1079861;34.8;26.31;0.585;1.478;2050.084;-1.909;3.265
1079961;34.8;26.31;0.561;1.489;2025.264;-1.596;3.149
1080061;34.8;26.31;0.576;1.491;2022.916;-1.683;3.125
1080161;34.8;26.31;0.580;1.453;2045.286;-1.648;3.562
1080261;34.8;26.31;0.575;1.496;2024.094;-1.838;2.887
1080361;34.8;26.31;0.581;1.444;2009.984;-1.291;3.609
1080461;34.8;26.31;0.569;1.445;2044.141;-1.337;3.594
1080561;34.7;26.31;0.562;1.457;2013.808;-1.267;3.498
1080661;34.7;26.31;0.568;1.448;2008.247;-1.068;3.513
1080761;34.7;26.31;0.557;1.478;2026.691;-1.489;3.139
1080861;34.7;26.25;0.557;1.447;2018.504;-1.079;3.522
1080961;34.7;26.25;0.576;1.447;2006.524;-1.275;3.577
1081061;34.8;26.25;0.575;1.445;2041.037;-1.404;3.608
1081161;34.8;26.25;0.560;1.461;2024.693;-1.280;3.477
1081261;34.8;26.25;0.575;1.495;2057.306;-2.022;2.916
1081361;34.8;26.25;0.565;1.437;2029.612;-1.032;3.583
1081461;34.8;26.25;0.553;1.454;2013.529;-0.967;3.387
1081561;34.9;26.25;0.571;1.443;2005.656;-1.086;3.601
1081661;34.9;26.25;0.575;1.441;2049.852;-1.390;3.690
1081761;34.9;26.25;0.576;1.499;2016.222;-1.745;2.925
1081861;34.9;26.25;0.570;1.457;2003.327;-1.116;3.460
1081961;34.9;26.25;0.569;1.438;2047.466;-1.255;3.663
1082061;34.8;26.25;0.548;1.456;2016.706;-0.928;3.398
1082161;34.8;26.25;0.568;1.446;2007.250;-1.092;3.580
1082261;34.7;26.25;0.558;1.492;2022.634;-1.587;3.051
1082361;34.7;26.25;0.562;1.462;2023.613;-1.307;3.463
1082461;34.7;26.25;0.579;1.460;2013.335;-1.397;3.531
1082561;34.7;26.25;0.572;1.436;2037.040;-1.206;3.644
1082661;34.7;26.25;0.552;1.453;2017.914;-0.986;3.457
1082761;34.7;26.25;0.584;1.484;2050.664;-1.986;3.134
1082861;34.7;26.31;0.576;1.443;2039.229;-1.362;3.683
1082961;34.7;26.31;0.562;1.456;2016.119;-1.228;3.550
1083061;34.7;26.31;0.576;1.446;2012.327;-1.228;3.631
1083161;34.7;26.31;0.567;1.440;2039.270;-1.107;3.598
1083261;34.7;26.31;0.576;1.471;2026.646;-1.591;3.310
1083361;34.7;26.31;0.548;1.455;1991.195;-0.563;3.338
1083461;34.7;26.31;0.551;1.445;2026.805;-0.758;3.449
1083561;34.8;26.31;0.535;1.463;2011.555;-0.578;3.203
1083661;34.8;26.31;0.546;1.455;1994.662;-0.563;3.320
1083761;34.8;26.31;0.545;1.457;2017.946;-0.933;3.379
1083861;34.8;26.31;0.480;1.482;2007.050;0.451;2.719
1083961;34.8;26.31;0.562;1.451;1994.137;-0.809;3.339
1084061;34.8;26.31;0.563;1.441;2023.726;-0.879;3.456
1084161;34.8;26.31;0.538;1.462;2008.653;-0.541;3.227
1084261;34.8;26.31;0.578;1.448;2058.281;-1.601;3.544
1084361;34.8;26.31;0.560;1.442;2031.429;-0.870;3.437
1084461;34.8;26.31;0.543;1.461;2005.460;-0.723;3.270
1084561;34.8;26.31;0.550;1.459;1991.922;-0.597;3.314
1084661;34.8;26.31;0.571;1.442;2039.054;-1.224;3.711
1084761;34.9;26.31;0.570;1.511;2021.579;-1.792;2.816
1084861;34.9;26.31;0.570;1.452;2005.703;-1.039;3.559
1084961;34.9;26.31;0.558;1.443;2032.639;-0.902;3.544
1085061;34.8;26.31;0.540;1.467;2010.324;-0.632;3.174
1085161;34.8;26.31;0.554;1.453;1996.771;-0.659;3.375
1085261;34.8;26.31;0.551;1.505;2018.109;-1.601;2.852
1085361;34.8;26.31;0.541;1.458;2003.236;-0.668;3.349
1085461;34.8;26.31;0.555;1.458;2002.755;-0.736;3.396
1085561;34.8;26.31;0.566;1.443;2027.391;-0.937;3.419
1085661;34.8;26.31;0.486;1.485;2001.869;0.405;2.737
1085761;34.9;26.31;0.570;1.444;2041.420;-1.348;3.630
1085861;34.9;26.31;0.565;1.443;2019.704;-0.911;3.491
1085961;34.9;26.31;0.539;1.458;2006.132;-0.640;3.374
1086061;34.9;26.31;0.553;1.455;2004.065;-0.715;3.437
1086161;34.9;26.31;0.565;1.447;2022.020;-0.909;3.390
1086261;35.0;26.31;0.578;1.463;2022.510;-1.529;3.338
1086361;35.0;26.31;0.489;1.477;1984.756;0.608;2.843
1086461;35.0;26.31;0.452;1.470;2005.896;1.120;2.873
1086561;34.9;26.31;0.461;1.493;1998.131;0.872;2.595
1086661;34.9;26.31;0.463;1.482;1989.059;0.984;2.800
1086761;34.9;26.31;0.549;1.451;2015.541;-0.944;3.394
1086861;34.9;26.25;0.395;1.474;1990.480;1.655;2.905
1086961;34.9;26.25;0.428;1.466;1966.992;1.468;3.038
1087061;34.9;26.25;0.447;1.468;2003.759;1.178;2.880
1087161;34.9;26.25;0.537;1.459;2003.131;-0.535;3.270
1087261;35.0;26.25;0.583;1.459;2038.883;-1.662;3.518
1087361;35.0;26.25;0.563;1.445;2023.146;-0.868;3.466
1087461;35.0;26.25;0.542;1.463;2002.876;-0.609;3.241
1087561;35.0;26.25;0.563;1.454;1992.707;-0.750;3.426
1087661;35.0;26.25;0.571;1.443;2012.705;-0.983;3.568
1087761;35.0;26.25;0.580;1.479;2025.824;-1.624;3.255
1087861;35.0;26.31;0.562;1.453;2003.718;-0.805;3.509
1087961;35.0;26.31;0.564;1.447;2024.849;-0.841;3.399
1088061;35.0;26.31;0.485;1.485;2002.432;0.396;2.809
1088161;35.0;26.31;0.448;1.480;1985.898;1.214;2.867
1088261;34.9;26.31;0.552;1.451;2019.835;-0.996;3.454
1088361;34.9;26.31;0.454;1.493;1995.609;1.001;2.668
1088461;34.9;26.31;0.477;1.487;1989.505;0.735;2.786
1088561;34.9;26.31;0.464;1.473;2012.839;0.940;2.856
1088661;34.9;26.31;0.421;1.489;1997.078;1.505;2.683
1088761;34.9;26.31;0.574;1.436;2029.642;-1.274;3.694
1088861;34.9;26.31;0.438;1.472;2005.055;1.280;2.976
1088961;34.9;26.31;0.441;1.498;2003.232;1.148;2.628
1089061;34.8;26.31;0.497;1.484;1983.888;0.436;2.881
1089161;34.8;26.31;0.447;1.472;2012.468;1.172;2.883
1089261;34.8;26.31;0.554;1.451;2003.889;-0.681;3.334
1089361;34.8;26.31;0.427;1.469;1976.862;1.450;3.023
1089461;34.8;26.31;0.419;1.451;1999.356;1.435;3.174
1089561;34.8;26.31;0.394;1.475;1989.563;1.671;3.009
1089661;34.8;26.31;0.425;1.461;1973.002;1.430;3.205
1089761;34.8;26.31;0.541;1.462;2009.847;-0.671;3.169
1089861;34.8;26.31;0.392;1.479;1991.546;1.705;2.909
1089961;34.8;26.31;0.425;1.465;1963.868;1.500;3.081
1090061;34.8;26.31;0.438;1.466;1999.096;1.276;3.099
1090161;34.8;26.31;0.458;1.499;1995.586;0.880;2.657
1090261;34.8;26.31;0.579;1.447;2049.700;-1.505;3.665
1090361;34.8;26.31;0.555;1.451;2018.546;-0.676;3.378
1090461;34.8;26.31;0.449;1.500;2000.957;1.072;2.597
1090561;34.9;26.31;0.450;1.481;1984.257;1.216;2.902
1090661;34.9;26.31;0.457;1.478;2005.685;1.020;2.922
1090761;35.0;26.31;0.575;1.458;2012.544;-1.244;3.587
1090861;35.0;26.25;0.499;1.483;1987.286;0.467;2.876
1090961;35.0;26.25;0.454;1.476;2017.541;1.097;2.882
1091061;34.9;26.25;0.407;1.483;1991.803;1.649;2.854
1091161;34.9;26.25;0.422;1.467;1977.702;1.486;3.088
1091261;34.9;26.25;0.536;1.461;2007.523;-0.543;3.209
1091361;34.9;26.25;0.395;1.474;1990.850;1.679;2.971
1091461;34.9;26.25;0.432;1.466;1973.244;1.440;3.147
1091561;34.9;26.25;0.419;1.459;1996.825;1.405;3.149
1091661;34.9;26.25;0.395;1.471;1993.008;1.624;3.071
1091761;34.9;26.25;0.465;1.481;2012.811;0.863;2.682
1091861;34.9;26.31;0.407;1.453;1988.324;1.558;3.230
1091961;34.9;26.31;0.391;1.466;1988.370;1.729;3.063
1092061;34.9;26.31;0.423;1.464;1975.510;1.527;3.091
1092161;34.9;26.31;0.417;1.461;2002.084;1.429;3.130
1092261;34.9;26.31;0.555;1.450;1993.297;-0.668;3.401
1092361;34.9;26.31;0.418;1.461;1971.614;1.484;3.208
1092461;34.9;26.31;0.404;1.452;1993.161;1.526;3.209
1092561;34.9;26.31;0.394;1.474;1988.590;1.662;3.024
1092661;34.9;26.31;0.436;1.471;1976.736;1.396;3.109
1092761;34.9;26.31;0.546;1.457;1997.239;-0.666;3.355
1092861;34.9;26.31;0.395;1.473;1991.966;1.665;3.028
1092961;34.9;26.31;0.419;1.467;1975.209;1.485;3.134
1093061;34.8;26.31;0.417;1.457;1987.634;1.472;3.232
1093161;34.8;26.31;0.413;1.482;1995.988;1.563;2.914
1093261;34.9;26.31;0.563;1.442;2019.275;-0.810;3.494
1093361;34.9;26.31;0.453;1.477;2010.057;1.125;2.943
1093461;34.9;26.31;0.416;1.485;1995.802;1.611;2.918
1093561;35.0;26.31;0.417;1.466;1984.138;1.481;3.153
1093661;35.0;26.31;0.412;1.451;1990.674;1.503;3.237
1093761;34.8;26.31;0.562;1.458;1996.540;-0.804;3.361
1093861;34.8;26.31;0.440;1.477;1972.590;1.390;3.032
1093961;34.8;26.31;0.432;1.463;2003.229;1.356;3.176
1094061;35.0;26.31;0.395;1.480;1995.857;1.689;2.966
1094161;35.0;26.31;0.410;1.456;1971.938;1.514;3.340
1094261;35.0;26.31;0.397;1.473;1997.477;1.654;2.938
1094361;35.0;26.31;0.359;1.461;1988.309;1.836;3.126
1094461;35.0;26.31;0.391;1.449;1965.091;1.632;3.385
1094561;34.9;26.31;0.392;1.446;1977.870;1.642;3.327
1094661;34.9;26.31;0.372;1.459;1980.443;1.773;3.219
1094761;34.9;26.31;0.557;1.444;2023.921;-0.863;3.350
1094861;34.9;26.25;0.360;1.458;1979.541;1.965;3.067
1094961;34.9;26.25;0.375;1.461;1981.351;1.718;3.243
1095061;35.0;26.25;0.403;1.460;1958.791;1.599;3.245
1095161;35.0;26.25;0.409;1.456;1990.634;1.497;3.260
1095261;34.9;26.25;0.559;1.456;1999.784;-0.753;3.388
1095361;34.9;26.25;0.427;1.473;1972.191;1.469;3.156
1095461;34.9;26.25;0.405;1.456;1988.201;1.522;3.233
1095561;34.9;26.25;0.385;1.464;1984.577;1.660;3.219
1095661;34.9;26.25;0.419;1.464;1967.325;1.477;3.259
1095761;34.8;26.25;0.470;1.495;1996.008;0.770;2.682
1095861;34.8;26.25;0.387;1.464;1979.115;1.714;3.181
1095961;34.8;26.25;0.402;1.456;1973.176;1.526;3.330
1096061;34.8;26.25;0.386;1.450;1983.547;1.682;3.307
1096161;34.8;26.25;0.373;1.459;1976.879;1.772;3.310
1096261;34.8;26.25;0.440;1.471;1999.411;1.251;3.031
1096361;34.8;26.25;0.407;1.456;1985.491;1.529;3.295
1096461;34.8;26.25;0.396;1.474;1991.225;1.662;3.081
1096561;34.8;26.25;0.411;1.461;1970.713;1.472;3.291
1096661;34.8;26.25;0.385;1.452;1985.044;1.671;3.260
1096761;34.9;26.25;0.440;1.480;1973.775;1.349;2.942
1096861;34.9;26.31;0.400;1.459;1967.824;1.553;3.369
1096961;34.9;26.31;0.382;1.454;1988.216;1.691;3.237
1097061;34.9;26.31;0.355;1.462;1980.502;1.967;3.145
1097161;34.9;26.31;0.354;1.462;1965.744;2.057;3.088
1097261;35.0;26.31;0.385;1.460;1989.819;1.652;3.156
1097361;35.0;26.31;0.227;1.482;1970.313;3.632;2.684
1097461;35.0;26.31;0.272;1.471;1949.929;3.159;2.877
1097561;35.1;26.31;0.295;1.468;1974.169;2.773;2.895
1097661;35.1;26.31;0.330;1.466;1974.560;2.240;3.063
1097761;34.8;26.31;0.413;1.456;1985.813;1.535;3.174
1097861;34.8;26.31;0.320;1.464;1979.051;2.469;2.946
1097961;34.8;26.31;0.353;1.464;1977.232;1.978;3.150
1098061;34.8;26.31;0.400;1.460;1962.515;1.637;3.370
1098161;34.8;26.31;0.394;1.456;1981.640;1.640;3.355
1098261;34.8;26.31;0.562;1.460;1995.618;-0.718;3.381
1098361;34.8;26.31;0.413;1.468;1973.761;1.508;3.266
1098461;34.8;26.31;0.397;1.459;1991.429;1.594;3.275
1098561;34.9;26.31;0.368;1.464;1978.369;1.832;3.209
1098661;34.9;26.31;0.388;1.454;1959.862;1.687;3.358
1098761;35.0;26.31;0.425;1.488;1995.087;1.478;2.770
1098861;35.0;26.25;0.359;1.467;1980.970;1.901;3.168
1098961;35.0;26.25;0.370;1.464;1960.930;1.915;3.191
1099061;35.1;26.25;0.314;1.463;1986.051;2.498;3.023
1099161;35.1;26.25;0.285;1.471;1983.831;2.798;2.926
1099261;35.1;26.25;0.414;1.463;1989.143;1.477;3.201
1099361;35.1;26.25;0.362;1.459;1975.917;2.001;3.127
1099461;35.1;26.25;0.351;1.466;1977.975;2.052;3.143
1099561;35.0;26.25;0.380;1.459;1964.120;1.765;3.332
1099661;35.0;26.25;0.281;1.466;1979.657;2.943;2.936
1099761;34.9;26.25;0.415;1.456;1974.239;1.490;3.225
1099861;34.9;26.31;0.260;1.472;1951.757;3.322;2.858
1099961;34.9;26.31;0.316;1.468;1977.408;2.482;2.991
1100061;35.0;26.31;0.293;1.470;1973.839;2.720;2.972
1100161;35.0;26.31;0.278;1.475;1951.685;3.078;2.885
1100261;35.0;26.31;0.358;1.461;1982.095;1.900;3.169
1100361;35.0;26.31;0.214;1.523;1979.591;3.361;2.017
1100461;35.0;26.31;0.224;1.486;1946.182;3.829;2.702
1100561;34.9;26.31;0.258;1.476;1971.636;3.304;2.802
1100661;34.9;26.31;0.302;1.474;1981.712;2.539;2.991
1100761;34.8;26.31;0.415;1.456;1992.300;1.479;3.276
1100861;34.8;26.31;0.298;1.466;1979.060;2.753;2.972
1100961;34.8;26.31;0.266;1.478;1982.288;3.037;2.880
1101061;34.8;26.31;0.356;1.463;1951.213;2.101;3.241
1101161;34.8;26.31;0.359;1.462;1975.610;2.039;3.128
1101261;35.0;26.31;0.441;1.481;1975.944;1.329;3.023
1101361;35.0;26.31;0.397;1.457;1963.080;1.629;3.426
1101461;35.0;26.31;0.367;1.461;1980.594;1.900;3.187
1101561;34.9;26.31;0.309;1.474;1985.679;2.456;3.026
1101661;34.9;26.31;0.328;1.465;1952.923;2.403;3.130
1101761;35.0;26.31;0.396;1.475;1982.899;1.659;3.098
1101861;35.0;26.31;0.298;1.472;1981.594;2.609;3.000
1101961;35.0;26.31;0.346;1.463;1952.255;2.201;3.202
1102061;35.1;26.31;0.221;1.483;1974.870;3.842;2.607
1102161;35.1;26.31;0.435;1.533;1987.219;-0.762;1.916
1102261;35.0;26.31;0.378;1.456;1979.907;1.801;3.138
1102361;35.0;26.31;0.225;1.512;1974.251;3.425;2.114
1102461;35.0;26.31;0.162;1.509;1974.949;4.485;2.351
1102561;35.1;26.31;0.255;1.474;1956.467;3.416;2.895
1102661;35.1;26.31;0.210;1.511;1980.823;3.666;2.118
1102761;35.1;26.31;0.365;1.456;1963.336;1.927;3.212
1102861;35.1;26.31;0.314;1.527;1950.876;1.806;1.980
1102961;35.1;26.31;0.200;1.511;1968.262;3.930;2.212
1103061;35.1;26.31;0.245;1.484;1982.004;3.348;2.820
1103161;35.1;26.31;0.305;1.472;1955.634;2.733;3.025
1103261;35.1;26.31;0.365;1.458;1982.006;1.836;3.235
1103361;35.1;26.31;0.183;1.523;1979.532;3.994;2.078
1103461;35.1;26.31;0.260;1.516;1958.325;2.833;2.216
1103561;34.9;26.31;0.203;1.511;1965.047;3.927;2.219
1103661;34.9;26.31;0.202;1.495;1971.880;4.022;2.589
1103761;34.8;26.31;0.406;1.451;1987.013;1.520;3.334
1103861;34.8;26.31;0.276;1.474;1982.550;3.059;2.884
1103961;34.8;26.31;0.162;1.517;1977.652;4.446;2.224
1104061;34.9;26.31;0.209;1.495;1948.514;4.059;2.560
1104161;34.9;26.31;0.229;1.485;1969.464;3.743;2.708
1104261;34.9;26.31;0.459;1.483;1980.497;1.138;2.939
1104361;34.9;26.31;0.346;1.466;1952.434;2.210;3.182
1104461;34.9;26.31;0.275;1.473;1982.163;3.061;2.882
1104561;34.9;26.31;0.257;1.482;1986.866;3.209;2.858
1104661;34.9;26.31;0.253;1.480;1958.521;3.453;2.832
1104761;34.9;26.31;0.363;1.462;1975.895;1.898;3.227
1104861;34.9;26.31;0.386;1.531;1978.926;0.203;1.993
1104961;34.9;26.31;0.422;1.519;1955.388;-0.075;2.179
1105061;34.9;26.31;0.480;1.509;1983.071;-1.512;2.315
1105161;34.9;26.31;0.292;1.563;1997.457;1.541;1.466
1105261;34.9;26.31;0.191;1.492;1979.957;4.140;2.405
1105361;34.9;26.31;0.217;1.570;1982.388;3.260;1.252
1105461;34.9;26.31;0.463;1.525;1976.009;-1.508;2.187
1105561;34.8;26.31;0.403;1.520;1953.718;0.198;2.213
1105661;34.8;26.31;0.156;1.551;1978.284;4.465;1.556
1105761;34.8;26.31;0.356;1.455;1956.226;2.090;3.248
1105861;34.8;26.25;0.345;1.530;1950.824;1.245;2.023
1105961;34.8;26.25;0.399;1.522;1967.214;0.229;2.090
1106061;34.9;26.25;0.175;1.508;1977.460;4.359;2.447
1106161;34.9;26.25;0.256;1.482;1952.257;3.420;2.890
1106261;34.9;26.25;0.351;1.468;1987.475;1.959;3.161
1106361;34.9;26.25;0.433;1.534;1984.115;-0.644;2.031
1106461;34.9;26.25;0.354;1.526;1959.065;1.100;2.041
1106561;34.9;26.25;0.198;1.545;1970.160;3.786;1.666
1106661;34.9;26.25;0.417;1.533;1978.032;-0.390;2.011
1106761;34.8;26.25;0.384;1.453;1977.382;1.740;3.317
1106861;34.8;26.25;0.413;1.520;1975.580;-0.032;2.116
1106961;34.8;26.25;0.442;1.532;1980.768;-0.760;2.074
1107061;34.8;26.25;0.350;1.522;1945.425;1.156;2.158
1107161;34.8;26.25;0.408;1.527;1972.837;0.046;2.047
1107261;34.9;26.25;0.399;1.459;1960.612;1.613;3.381
1107361;34.9;26.25;0.233;1.493;1950.734;3.757;2.702
1107461;34.9;26.25;0.343;1.521;1972.993;1.275;2.104
1107561;34.9;26.25;0.118;1.565;1983.828;4.792;1.475
1107661;34.9;26.25;0.481;1.517;1970.887;-1.437;2.259
1107761;34.9;26.25;0.183;1.495;1981.588;4.205;2.465
1107861;34.9;26.31;0.470;1.532;1998.705;-1.706;2.156
1107961;34.9;26.31;0.453;1.520;1975.050;-0.953;2.269
1108061;34.9;26.31;0.457;1.520;1996.517;-1.024;2.210
1108161;34.9;26.31;0.452;1.529;2000.218;-1.177;2.210
1108261;35.1;26.31;0.348;1.528;1973.852;1.057;1.872
1108361;35.1;26.31;0.456;1.526;1993.196;-1.028;2.161
1108461;35.1;26.31;0.450;1.525;1991.797;-1.422;2.313
1108561;35.1;26.31;0.168;1.550;1956.873;4.245;1.703
1108661;35.1;26.31;0.233;1.545;1974.193;3.115;1.738
1108761;35.1;26.31;0.332;1.465;1959.251;2.388;3.098
1108861;35.1;26.31;0.329;1.540;1966.122;1.293;1.932
1108961;35.1;26.31;0.191;1.558;1975.169;3.732;1.560
1109061;35.1;26.31;0.436;1.532;1966.582;-0.655;2.125
1109161;35.1;26.31;0.198;1.509;1956.612;4.143;2.477
1109261;35.0;26.31;0.361;1.471;1987.589;1.873;3.104
1109361;35.0;26.31;0.120;1.558;1984.838;4.961;1.587
1109461;35.0;26.31;0.471;1.514;1953.588;-1.252;2.404
1109561;35.0;26.31;0.282;1.568;1986.308;1.946;1.423
1109661;35.0;26.31;0.204;1.585;1994.519;3.216;1.171
1109761;35.0;26.31;0.249;1.481;1975.033;3.449;2.760
1109861;35.0;26.25;0.480;1.515;1973.559;-1.510;2.316
1109961;35.0;26.25;0.480;1.531;1988.171;-1.664;2.127
1110061;35.1;26.25;0.387;1.541;1977.856;0.282;1.971
1110161;35.1;26.25;0.475;1.527;1979.250;-1.471;2.206
1110261;35.1;26.25;0.265;1.475;1951.006;3.282;2.932
1110361;35.1;26.25;0.459;1.519;1965.820;-1.089;2.338
1110461;35.1;26.25;0.460;1.524;1990.376;-1.086;2.221
1110561;35.0;26.25;0.474;1.533;2007.957;-1.726;2.130
1110661;35.0;26.25;0.447;1.525;1980.801;-0.788;2.233
1110761;35.0;26.25;0.177;1.585;1987.276;3.754;1.106
1110861;35.0;26.31;0.446;1.540;2016.475;-0.962;2.013
1110961;35.0;26.31;0.445;1.529;1971.802;-0.711;2.184
1111061;35.0;26.31;0.455;1.530;1991.687;-0.965;2.115
1111161;35.0;26.31;0.449;1.532;2007.497;-1.123;2.162
1111261;35.0;26.31;0.230;1.516;1972.561;3.325;2.109
1111361;35.0;26.31;0.464;1.526;1991.926;-1.169;2.219
1111461;35.0;26.31;0.468;1.532;1991.839;-1.559;2.274
1111561;35.0;26.31;0.288;1.566;1964.032;2.031;1.524
1111661;35.0;26.31;0.495;1.521;1980.600;-1.711;2.283
1111761;35.0;26.31;0.336;1.468;1954.608;2.333;3.153
1111861;35.0;26.31;0.486;1.521;1966.602;-1.510;2.303
1111961;35.0;26.31;0.346;1.549;1985.491;0.893;1.805
1112061;35.0;26.31;0.196;1.587;1990.543;3.221;1.271
1112161;35.0;26.31;0.338;1.544;1951.927;1.208;1.980
1112261;35.0;26.31;0.302;1.477;1974.884;2.605;3.003
1112361;35.0;26.31;0.327;1.562;1994.748;1.113;1.619
1112461;35.0;26.31;0.257;1.567;1965.225;2.640;1.500
1112561;35.0;26.31;0.465;1.526;1989.597;-1.216;2.210
1112661;35.0;26.31;0.443;1.533;2010.148;-1.057;2.173
1112761;34.9;26.31;0.316;1.521;1970.374;1.710;2.046
1112861;34.9;26.31;0.462;1.531;1993.093;-1.131;2.170
1112961;34.9;26.31;0.443;1.536;2006.248;-0.971;2.146
1113061;34.9;26.31;0.441;1.538;1988.724;-0.520;2.069
1113161;34.9;26.31;0.486;1.531;2011.503;-1.326;2.087
1113261;35.0;26.31;0.289;1.556;1965.100;2.029;1.606
1113361;35.0;26.31;0.447;1.537;1983.515;-0.655;2.086
1113461;35.0;26.31;0.456;1.538;1998.888;-0.858;2.074
1113561;35.0;26.31;0.445;1.537;2008.713;-1.039;2.136
1113661;35.0;26.31;0.451;1.527;1973.788;-0.873;2.301
1113761;35.0;26.31;0.303;1.471;1978.393;2.586;2.996
1113861;35.0;26.31;0.443;1.541;2013.523;-0.962;2.061
1113961;35.0;26.31;0.436;1.529;1981.150;-0.490;2.208
1114061;35.0;26.31;0.464;1.531;2002.169;-0.981;2.201
1114161;35.0;26.31;0.443;1.536;1997.497;-0.944;2.175
1114261;35.0;26.31;0.355;1.523;1971.763;1.027;2.058
1114361;35.0;26.31;0.455;1.534;1999.087;-0.898;2.124
1114461;35.0;26.31;0.443;1.540;1997.147;-0.929;2.181
1114561;35.1;26.31;0.456;1.529;1974.045;-0.973;2.264
1114661;35.1;26.31;0.468;1.529;1989.847;-1.262;2.254
1114761;34.9;26.31;0.321;1.466;1961.112;2.518;3.190
1114861;34.9;26.31;0.351;1.551;1963.588;0.870;1.902
1114961;34.9;26.31;0.463;1.530;1993.747;-1.085;2.201
1115061;34.9;26.31;0.453;1.536;1995.861;-1.152;2.223
1115161;34.9;26.31;0.464;1.531;1969.207;-1.146;2.266
1115261;34.9;26.31;0.160;1.520;1972.326;4.550;2.293
1115361;34.9;26.31;0.483;1.534;2001.893;-1.841;2.196
1115461;34.9;26.31;0.440;1.535;1989.792;-0.593;2.171
1115561;35.0;26.31;0.472;1.543;2015.506;-1.098;1.996
1115661;35.0;26.31;0.505;1.542;2023.070;-1.722;2.104
1115761;35.1;26.31;0.463;1.522;1987.232;-1.175;2.163
1115861;35.1;26.31;0.520;1.532;2017.571;-1.830;2.131
1115961;35.1;26.31;0.479;1.545;2022.441;-1.406;2.046
1116061;35.1;26.31;0.482;1.536;1989.644;-1.148;2.208
1116161;35.1;26.31;0.543;1.524;2027.013;-2.073;2.266
1116261;35.0;26.31;0.451;1.521;1971.349;-0.847;2.274
1116361;35.0;26.31;0.472;1.540;1989.428;-1.024;2.096
1116461;35.0;26.31;0.469;1.539;2002.587;-1.060;2.088
1116561;35.0;26.31;0.443;1.547;2000.913;-0.946;2.045
1116661;35.0;26.31;0.442;1.530;1978.787;-0.577;2.304
1116761;35.0;26.31;0.267;1.548;1981.490;2.375;1.767
1116861;35.0;26.31;0.454;1.546;2016.680;-1.020;2.077
1116961;35.0;26.31;0.451;1.538;1990.767;-0.722;2.174
1117061;35.1;26.31;0.453;1.542;1994.366;-0.813;2.077
1117161;35.1;26.31;0.446;1.542;2016.482;-0.974;2.130
1117261;35.1;26.31;0.228;1.572;1982.099;3.062;1.366
1117361;35.1;26.31;0.471;1.540;2009.635;-1.297;2.102
1117461;35.1;26.31;0.481;1.544;2026.756;-1.440;2.104
1117561;35.1;26.31;0.449;1.542;1979.311;-0.668;2.109
1117661;35.1;26.31;0.455;1.535;1994.529;-0.827;2.181
1117761;35.1;26.31;0.318;1.524;1949.469;1.816;2.207
1117861;35.1;26.31;0.452;1.535;1972.848;-0.877;2.250
1117961;35.1;26.31;0.452;1.539;2003.615;-0.853;2.152
1118061;35.0;26.31;0.477;1.550;2024.083;-1.290;2.035
1118161;35.0;26.31;0.488;1.540;1992.286;-1.238;2.165
1118261;35.0;26.31;0.455;1.530;1989.485;-1.498;2.198
1118361;35.0;26.31;0.470;1.548;2017.510;-1.264;2.045
1118461;35.0;26.31;0.495;1.538;2003.575;-1.349;2.189
1118561;35.1;26.31;0.565;1.515;2033.572;-2.297;2.444
1118661;35.1;26.31;0.560;1.520;2042.212;-2.205;2.428
1118761;34.9;26.31;0.479;1.540;2004.300;-1.244;2.024
1118861;34.9;26.31;0.575;1.509;2031.253;-2.202;2.524
1118961;34.9;26.31;0.559;1.520;2040.428;-2.360;2.455
1119061;35.0;26.31;0.520;1.534;2004.856;-1.698;2.246
1119161;35.0;26.31;0.550;1.524;2022.398;-2.158;2.380
1119261;35.0;26.31;0.439;1.530;1980.920;-0.594;2.184
1119361;35.0;26.31;0.523;1.534;1998.828;-1.716;2.276
1119461;35.0;26.31;0.498;1.544;2007.819;-1.414;2.088
1119561;35.1;26.31;0.460;1.551;2014.106;-1.092;2.103
1119661;35.1;26.31;0.449;1.544;1986.019;-0.636;2.128
1119761;35.0;26.31;0.181;1.593;1992.932;3.690;1.102
1119861;35.0;26.31;0.475;1.549;2026.737;-1.337;2.043
1119961;35.0;26.31;0.482;1.543;1991.144;-1.179;2.156
1120061;35.0;26.31;0.510;1.541;2008.690;-1.570;2.200
1120161;35.0;26.31;0.479;1.549;2020.968;-1.370;2.099
1120261;35.1;26.31;0.291;1.564;1989.938;1.826;1.519
1120361;35.1;26.31;0.519;1.534;2018.330;-1.764;2.224
1120461;35.1;26.31;0.530;1.536;2035.280;-2.020;2.261
1120561;35.0;26.31;0.515;1.533;2000.918;-1.566;2.286
1120661;35.0;26.31;0.496;1.544;2014.806;-1.455;2.135
1120761;35.0;26.31;0.459;1.529;1965.539;-0.997;2.315
1120861;35.0;26.31;0.485;1.540;1994.938;-1.221;2.206
1120961;35.0;26.31;0.540;1.528;2026.776;-2.044;2.316
1121061;35.0;26.31;0.563;1.527;2042.345;-2.396;2.395
1121161;35.0;26.31;0.543;1.526;2007.075;-1.850;2.443
1121261;35.1;26.31;0.449;1.542;2012.877;-0.996;2.024
1121361;35.1;26.31;0.564;1.526;2038.161;-2.300;2.388
1121461;35.1;26.31;0.548;1.526;2010.938;-1.939;2.391
1121561;34.9;26.31;0.576;1.511;2022.176;-2.121;2.570
1121661;34.9;26.31;0.570;1.512;2046.123;-2.195;2.580
1121761;34.9;26.31;0.556;1.519;2021.452;-2.123;2.402
1121861;34.9;26.31;0.571;1.511;2022.363;-2.148;2.622
1121961;34.9;26.31;0.565;1.524;2038.556;-2.394;2.472
1122061;35.0;26.31;0.545;1.526;2010.371;-1.991;2.422
1122161;35.0;26.31;0.563;1.523;2023.980;-2.230;2.442
1122261;35.1;26.31;0.448;1.545;1984.809;-0.622;2.060
1122361;35.1;26.31;0.548;1.525;2001.657;-1.903;2.464
1122461;35.1;26.31;0.559;1.521;2018.098;-2.136;2.513
1122561;35.1;26.31;0.533;1.540;2034.859;-2.110;2.232
1122661;35.1;26.31;0.482;1.544;1985.565;-1.153;2.239
1122761;35.1;26.31;0.462;1.539;2002.444;-1.348;2.196
1122861;35.1;26.31;0.521;1.549;2036.511;-1.967;2.166
1122961;35.1;26.31;0.524;1.540;2005.615;-1.719;2.243
1123061;35.1;26.31;0.553;1.525;2016.466;-2.159;2.456
1123161;35.1;26.31;0.545;1.536;2029.680;-2.231;2.353
1123261;35.1;26.31;0.247;1.573;1986.132;2.729;1.325
1123361;35.1;26.31;0.569;1.521;2029.357;-2.227;2.508
1123461;35.1;26.31;0.574;1.518;2048.477;-2.342;2.571
1123561;35.1;26.31;0.550;1.504;2026.095;-1.658;2.711
1123661;35.1;26.31;0.571;1.499;2022.961;-1.852;2.750
1123761;35.1;26.31;0.461;1.541;1992.507;-0.836;2.063
1123861;35.1;26.31;0.549;1.522;2012.810;-1.786;2.498
1123961;35.1;26.31;0.573;1.507;2029.569;-2.093;2.663
1124061;35.1;26.31;0.570;1.508;2048.132;-2.045;2.700
1124161;35.1;26.31;0.544;1.503;2020.871;-1.543;2.786
1124261;35.1;26.31;0.508;1.544;2027.567;-1.849;2.115
1124361;35.1;26.31;0.575;1.517;2041.312;-2.346;2.591
1124461;35.1;26.31;0.546;1.535;2006.977;-1.915;2.392
1124561;35.1;26.31;0.566;1.520;2028.079;-2.214;2.525
1124661;35.1;26.31;0.572;1.520;2043.994;-2.209;2.639
1124761;35.2;26.31;0.518;1.528;2013.504;-1.716;2.282
1124861;35.2;26.31;0.575;1.497;2025.959;-1.899;2.848
1124961;35.2;26.31;0.572;1.509;2051.747;-2.150;2.710
1125061;35.1;26.31;0.548;1.525;2006.763;-1.807;2.510
1125161;35.1;26.31;0.574;1.516;2027.158;-2.196;2.625
1125261;35.1;26.31;0.454;1.542;1995.834;-0.766;2.108
1125361;35.1;26.31;0.550;1.522;2016.138;-1.765;2.532
1125461;35.1;26.31;0.581;1.512;2016.922;-2.123;2.637
1125561;35.1;26.31;0.573;1.523;2046.593;-2.351;2.561
1125661;35.1;26.31;0.541;1.535;2005.178;-1.910;2.390
1125761;35.2;26.31;0.442;1.549;2010.144;-0.866;2.133
1125861;35.2;26.31;0.559;1.536;2038.534;-2.336;2.432
1125961;35.2;26.31;0.543;1.535;2008.871;-1.837;2.391
1126061;35.1;26.31;0.569;1.506;2027.973;-1.865;2.701
1126161;35.1;26.31;0.575;1.496;2058.038;-2.079;2.876
1126261;35.1;26.31;0.556;1.526;2019.640;-2.169;2.409
1126361;35.1;26.31;0.576;1.472;2029.599;-1.696;3.159
1126461;35.1;26.31;0.576;1.470;2051.470;-1.811;3.217
1126561;35.2;26.31;0.552;1.473;2020.482;-1.429;3.189
1126661;35.2;26.31;0.571;1.459;2026.260;-1.495;3.393
1126761;35.1;26.31;0.542;1.522;2004.879;-1.895;2.390
1126861;35.1;26.25;0.556;1.496;2014.104;-1.607;2.947
1126961;35.1;26.25;0.574;1.501;2019.987;-1.857;2.856
1127061;35.1;26.25;0.574;1.502;2049.779;-2.051;2.807
1127161;35.1;26.25;0.550;1.503;2026.998;-1.661;2.793
1127261;35.1;26.25;0.553;1.532;2037.437;-2.301;2.371
1127361;35.1;26.25;0.575;1.496;2051.298;-2.057;2.936
1127461;35.1;26.25;0.549;1.524;2010.857;-1.761;2.585
1127561;35.1;26.25;0.574;1.521;2028.831;-2.134;2.584
1127661;35.1;26.25;0.578;1.522;2057.390;-2.326;2.563
1127761;35.1;26.25;0.516;1.539;2011.749;-1.629;2.176
1127861;35.1;26.25;0.575;1.487;2032.497;-1.722;2.958
1127961;35.1;26.25;0.578;1.483;2055.701;-1.986;3.134
1128061;35.0;26.25;0.553;1.494;2024.579;-1.569;2.967
1128161;35.0;26.25;0.573;1.497;2020.772;-1.830;2.919
1128261;35.0;26.25;0.489;1.542;1994.452;-1.263;2.188
1128361;35.0;26.25;0.549;1.514;2017.999;-1.632;2.710
1128461;35.0;26.25;0.577;1.494;2029.375;-1.783;2.900
1128561;35.1;26.25;0.578;1.495;2054.500;-2.071;2.948
1128661;35.1;26.25;0.547;1.512;2020.833;-1.590;2.776
1128761;35.0;26.25;0.504;1.545;2033.579;-1.709;2.135
1128861;35.0;26.31;0.580;1.502;2053.790;-2.105;2.879
1128961;35.0;26.31;0.550;1.499;2023.284;-1.532;2.930
1129061;34.9;26.31;0.574;1.467;2028.245;-1.522;3.244
1129161;34.9;26.31;0.580;1.441;2049.979;-1.550;3.569
1129261;35.0;26.31;0.572;1.513;2024.518;-2.064;2.523
1129361;35.0;26.31;0.569;1.448;2021.829;-1.338;3.516
1129461;35.0;26.31;0.577;1.441;2045.075;-1.512;3.585
1129561;35.0;26.31;0.556;1.459;2026.451;-1.260;3.348
1129661;35.0;26.31;0.573;1.443;2018.517;-1.271;3.483
1129761;35.1;26.31;0.555;1.506;2014.202;-1.766;2.722
1129861;35.1;26.25;0.561;1.471;2021.626;-1.524;3.260
1129961;35.1;26.25;0.573;1.487;2022.880;-1.672;3.071
1130061;35.1;26.25;0.577;1.501;2048.832;-2.078;2.986
1130161;35.1;26.25;0.551;1.499;2021.306;-1.513;2.963
1130261;35.1;26.25;0.564;1.528;2050.216;-2.400;2.416
1130361;35.1;26.25;0.582;1.475;2052.859;-1.887;3.236
1130461;35.1;26.25;0.557;1.508;2013.739;-1.713;2.863
1130561;35.1;26.25;0.580;1.504;2021.487;-1.892;2.853
1130661;35.1;26.25;0.576;1.501;2052.196;-2.044;2.966
1130761;35.2;26.25;0.539;1.532;2018.018;-1.947;2.322
1130861;35.2;26.25;0.582;1.471;2030.505;-1.687;3.262
1130961;35.2;26.25;0.575;1.453;2044.780;-1.559;3.504
1131061;35.1;26.25;0.562;1.469;2025.826;-1.450;3.293
1131161;35.1;26.25;0.572;1.487;2029.018;-1.649;3.124
1131261;35.1;26.25;0.528;1.537;2000.353;-1.800;2.326
1131361;35.1;26.25;0.558;1.477;2026.751;-1.434;3.226
1131461;35.1;26.25;0.577;1.450;2028.243;-1.439;3.494
1131561;35.1;26.25;0.578;1.444;2044.601;-1.508;3.624
1131661;35.1;26.25;0.561;1.469;2010.127;-1.373;3.344
1131761;35.1;26.25;0.573;1.515;2050.569;-2.400;2.565
1131861;35.1;26.25;0.579;1.449;2051.251;-1.645;3.543
1131961;35.1;26.25;0.560;1.466;2025.960;-1.406;3.349
1132061;35.1;26.25;0.573;1.444;2017.346;-1.251;3.528
1132161;35.1;26.25;0.561;1.439;2031.571;-1.067;3.554
1132261;35.1;26.25;0.573;1.471;2020.846;-1.614;3.180
1132361;35.1;26.25;0.574;1.447;2013.178;-1.288;3.572
1132461;35.1;26.25;0.586;1.437;2045.910;-1.632;3.640
1132561;35.1;26.25;0.557;1.449;2026.628;-1.234;3.510
1132661;35.1;26.25;0.574;1.440;2010.976;-1.179;3.535
1132761;35.1;26.25;0.551;1.517;2018.517;-1.743;2.566
1132861;35.1;26.25;0.561;1.460;2015.288;-1.317;3.461
1132961;35.1;26.25;0.579;1.463;2021.279;-1.534;3.435
1133061;35.1;26.25;0.583;1.466;2050.687;-1.840;3.406
1133161;35.1;26.25;0.551;1.499;2023.462;-1.484;3.034
1133261;35.2;26.25;0.578;1.511;2051.788;-2.213;2.729
1133361;35.2;26.25;0.580;1.446;2050.823;-1.591;3.648
1133461;35.2;26.25;0.561;1.470;2026.020;-1.434;3.339
1133561;35.2;26.25;0.576;1.493;2020.039;-1.705;3.132
1133661;35.2;26.25;0.585;1.483;2046.668;-1.968;3.190
1133761;35.1;26.25;0.574;1.517;2031.535;-2.145;2.621
1133861;35.1;26.25;0.582;1.463;2032.638;-1.586;3.390
1133961;35.1;26.25;0.572;1.442;2039.409;-1.322;3.583
1134061;35.1;26.25;0.553;1.449;2009.575;-0.993;3.492
1134161;35.1;26.25;0.570;1.445;2012.192;-1.131;3.568
1134261;35.1;26.25;0.557;1.488;2025.699;-1.586;2.993
1134361;35.1;26.25;0.554;1.461;2014.346;-1.072;3.393
1134461;35.1;26.25;0.557;1.451;2004.264;-0.778;3.331
1134561;35.2;26.25;0.561;1.439;2025.931;-0.895;3.378
1134661;35.2;26.25;0.531;1.462;2009.377;-0.594;3.219
1134761;35.2;26.25;0.578;1.490;2048.835;-1.978;3.034
1134861;35.2;26.25;0.574;1.430;2035.160;-1.279;3.715
1134961;35.2;26.25;0.557;1.457;2021.023;-1.156;3.423
1135061;35.2;26.25;0.579;1.445;2016.614;-1.318;3.637
1135161;35.2;26.25;0.574;1.439;2042.001;-1.359;3.666
1135261;35.1;26.25;0.577;1.480;2020.818;-1.714;3.127
1135361;35.1;26.25;0.570;1.442;2008.696;-1.094;3.617
1135461;35.1;26.25;0.573;1.445;2053.469;-1.394;3.576
1135561;35.1;26.25;0.549;1.451;2012.656;-0.986;3.515
1135661;35.1;26.25;0.568;1.442;2013.175;-1.010;3.531
1135761;35.2;26.25;0.553;1.504;2020.371;-1.554;2.772
1135861;35.2;26.25;0.549;1.454;2012.118;-0.918;3.477
1135961;35.2;26.25;0.581;1.445;2002.210;-1.217;3.616
1136061;35.1;26.25;0.580;1.444;2042.553;-1.493;3.634
1136161;35.1;26.25;0.558;1.469;2018.830;-1.282;3.442
1136261;35.1;26.25;0.569;1.520;2051.485;-2.144;2.668
1136361;35.1;26.25;0.567;1.437;2034.915;-1.098;3.583
1136461;35.1;26.25;0.548;1.455;2015.601;-0.958;3.446
1136561;35.2;26.25;0.579;1.450;2017.827;-1.325;3.577
1136661;35.2;26.25;0.579;1.453;2046.280;-1.561;3.601
1136761;35.2;26.25;0.576;1.502;2029.241;-1.921;2.833
1136861;35.2;26.25;0.560;1.449;2013.061;-0.900;3.449
1136961;35.2;26.25;0.546;1.449;2030.961;-0.676;3.320
1137061;35.2;26.25;0.546;1.454;2004.811;-0.721;3.259
1137161;35.2;26.25;0.554;1.450;1992.793;-0.623;3.301
1137261;35.2;26.25;0.561;1.461;2019.980;-1.295;3.393
1137361;35.2;26.25;0.543;1.460;2010.445;-0.709;3.204
1137461;35.2;26.25;0.562;1.450;1996.699;-0.784;3.345
1137561;35.2;26.25;0.499;1.464;2008.800;0.339;2.894
1137661;35.2;26.25;0.538;1.457;2000.883;-0.585;3.225
1137761;35.2;26.25;0.578;1.478;2051.534;-1.880;3.157
1137861;35.2;26.25;0.567;1.439;2026.567;-1.108;3.710
1137961;35.2;26.25;0.551;1.457;2008.880;-0.958;3.484
1138061;35.1;26.25;0.561;1.450;2014.414;-0.888;3.434
1138161;35.1;26.25;0.569;1.442;2034.692;-1.155;3.621
1138261;35.1;26.25;0.579;1.471;2032.664;-1.641;3.264
1138361;35.1;26.25;0.555;1.452;2003.029;-0.663;3.374
1138461;35.1;26.25;0.558;1.440;2030.296;-0.895;3.565
1138561;35.2;26.25;0.537;1.462;2015.638;-0.642;3.264
1138661;35.2;26.25;0.555;1.451;1992.771;-0.651;3.377
1138761;35.2;26.25;0.561;1.456;2020.640;-1.328;3.455
1138861;35.2;26.25;0.543;1.459;2007.636;-0.719;3.239
1138961;35.2;26.25;0.555;1.454;1999.128;-0.699;3.459
1139061;35.2;26.25;0.564;1.436;2028.940;-1.022;3.680
1139161;35.2;26.25;0.544;1.455;2013.383;-0.795;3.509
1139261;35.2;26.25;0.575;1.479;2053.148;-1.782;3.233
1139361;35.2;26.25;0.549;1.448;2030.613;-0.687;3.391
1139461;35.2;26.25;0.543;1.464;2002.218;-0.689;3.209
1139561;35.2;26.25;0.555;1.451;1992.571;-0.595;3.306
1139661;35.2;26.25;0.565;1.442;2021.961;-0.937;3.521
1139761;35.2;26.25;0.573;1.456;2025.229;-1.369;3.503
1139861;35.2;26.25;0.559;1.452;1994.621;-0.671;3.297
1139961;35.2;26.25;0.452;1.471;2005.045;1.082;2.894
1140061;35.2;26.25;0.414;1.488;2002.914;1.471;2.741
1140161;35.2;26.25;0.448;1.478;1979.897;1.182;2.880
1140261;35.2;26.25;0.540;1.458;2006.143;-0.780;3.344
1140361;35.2;26.25;0.463;1.486;1996.218;0.777;2.708
1140461;35.2;26.25;0.560;1.452;1992.346;-0.712;3.346
1140561;35.1;26.25;0.555;1.448;2023.071;-0.734;3.380
1140661;35.1;26.25;0.460;1.494;1998.707;0.825;2.687
1140761;35.1;26.25;0.585;1.434;2039.503;-1.528;3.719
1140861;35.1;26.25;0.564;1.439;2015.249;-0.842;3.508
1140961;35.1;26.25;0.536;1.471;2005.866;-0.603;3.253
1141061;35.1;26.25;0.557;1.454;1997.393;-0.684;3.425
1141161;35.1;26.25;0.558;1.446;2021.571;-0.797;3.465
1141261;35.1;26.25;0.576;1.492;2026.847;-1.782;2.964
1141361;35.1;26.25;0.561;1.454;1992.262;-0.731;3.357
1141461;35.1;26.25;0.528;1.460;2015.237;-0.183;3.131
1141561;35.1;26.25;0.537;1.467;2004.936;-0.561;3.141
1141661;35.1;26.25;0.554;1.456;1990.337;-0.575;3.258
1141761;35.1;26.25;0.558;1.463;2016.544;-1.210;3.422
1141861;35.1;26.25;0.443;1.495;2002.663;1.106;2.614
1141961;35.1;26.25;0.446;1.474;1974.362;1.281;2.904
1142061;35.1;26.25;0.479;1.477;2012.479;0.649;2.825
1142161;35.1;26.25;0.490;1.483;1995.841;0.372;2.823
1142261;35.1;26.25;0.582;1.448;2044.567;-1.560;3.622
1142361;35.1;26.25;0.491;1.475;2015.265;0.489;2.861
1142461;35.1;26.25;0.430;1.496;2003.506;1.284;2.626
1142561;35.2;26.25;0.456;1.476;1976.857;1.169;2.885
1142661;35.2;26.25;0.446;1.466;1991.794;1.245;3.027
1142761;35.2;26.25;0.576;1.447;2017.117;-1.282;3.612
1142861;35.2;26.25;0.555;1.456;1991.438;-0.584;3.328
1142961;35.2;26.25;0.452;1.474;2006.481;1.080;2.924
1143061;35.2;26.25;0.418;1.492;1998.074;1.521;2.674
1143161;35.2;26.25;0.426;1.469;1981.763;1.480;3.016
1143261;35.2;26.25;0.546;1.454;2021.137;-0.794;3.340
1143361;35.2;26.25;0.423;1.495;1988.592;1.446;2.681
1143461;35.2;26.25;0.473;1.483;1980.859;0.891;2.851
1143561;35.2;26.25;0.461;1.474;2008.399;0.992;2.861
1143661;35.2;26.25;0.428;1.491;2006.002;1.336;2.705
1143761;35.1;26.25;0.573;1.437;2032.038;-1.280;3.694
1143861;35.1;26.25;0.454;1.474;2006.213;1.102;2.922
1143961;35.1;26.25;0.482;1.490;1993.998;0.510;2.830
1144061;35.1;26.25;0.554;1.459;1991.925;-0.554;3.313
1144161;35.1;26.25;0.558;1.446;2012.878;-0.716;3.457
1144261;35.1;26.25;0.579;1.447;2024.007;-1.289;3.572
1144361;35.1;26.25;0.463;1.479;1986.968;1.036;2.846
1144461;35.1;26.25;0.445;1.472;2005.607;1.207;2.940
1144561;35.1;26.25;0.420;1.495;1994.131;1.507;2.681
1144661;35.1;26.25;0.441;1.473;1979.062;1.327;3.005
1144761;35.2;26.25;0.532;1.468;2011.314;-0.549;3.172
1144861;35.2;26.25;0.393;1.475;1988.059;1.657;3.027
1144961;35.2;26.25;0.410;1.458;1968.423;1.563;3.161
1145061;35.1;26.25;0.416;1.452;1987.151;1.516;3.232
1145161;35.1;26.25;0.401;1.484;1989.655;1.668;2.883
1145261;35.2;26.25;0.560;1.441;2026.190;-0.905;3.600
1145361;35.2;26.25;0.448;1.465;2001.796;1.188;3.141
1145461;35.2;26.25;0.405;1.488;1997.601;1.613;2.843
1145561;35.3;26.25;0.427;1.466;1967.901;1.452;3.074
1145661;35.3;26.25;0.427;1.459;1995.392;1.388;3.169
1145761;35.2;26.25;0.574;1.450;2010.786;-1.193;3.624
1145861;35.2;26.25;0.459;1.478;1987.198;1.098;2.924
1145961;35.2;26.25;0.442;1.468;2006.080;1.270;3.053
1146061;35.1;26.25;0.414;1.487;1994.790;1.514;2.864
1146161;35.1;26.25;0.427;1.465;1976.213;1.434;3.166
1146261;35.1;26.25;0.501;1.476;1999.166;0.154;2.918
1146361;35.1;26.25;0.388;1.474;1991.712;1.690;3.015
1146461;35.1;26.25;0.435;1.465;1971.678;1.403;3.223
1146561;35.1;26.25;0.428;1.457;1992.357;1.402;3.171
1146661;35.1;26.25;0.395;1.483;1999.245;1.708;2.941
1146761;35.1;26.25;0.458;1.477;2011.336;1.007;2.820
1146861;35.1;26.25;0.421;1.454;1988.034;1.444;3.282
1146961;35.1;26.25;0.398;1.479;1991.232;1.683;2.993
1147061;35.1;26.25;0.438;1.472;1976.090;1.403;3.063
1147161;35.1;26.25;0.443;1.473;2009.836;1.238;2.994
1147261;35.1;26.25;0.559;1.456;1984.507;-0.629;3.356
1147361;35.1;26.25;0.417;1.466;1983.030;1.526;3.152
1147461;35.1;26.25;0.401;1.446;1988.439;1.607;3.308
1147561;35.1;26.25;0.380;1.464;1988.030;1.653;3.204
1147661;35.1;26.25;0.410;1.456;1960.645;1.564;3.268
1147761;35.2;26.25;0.456;1.495;2001.009;0.849;2.638
1147861;35.2;26.25;0.377;1.462;1990.773;1.660;3.184
1147961;35.2;26.25;0.385;1.449;1964.302;1.719;3.248
1148061;35.1;26.25;0.373;1.451;1972.210;1.836;3.211
1148161;35.1;26.25;0.373;1.463;1983.985;1.748;3.183
1148261;35.2;26.25;0.550;1.441;2015.906;-0.582;3.404
1148361;35.2;26.25;0.430;1.463;1989.557;1.387;3.215
1148461;35.2;26.25;0.396;1.486;1995.168;1.678;2.925
1148561;35.1;26.25;0.414;1.456;1974.024;1.502;3.269
1148661;35.1;26.25;0.401;1.451;1983.874;1.592;3.315
1148761;35.1;26.25;0.554;1.455;1998.418;-0.638;3.398
1148861;35.1;26.25;0.431;1.472;1970.626;1.444;3.161
1148961;35.1;26.25;0.431;1.461;2000.416;1.336;3.208
1149061;35.1;26.25;0.393;1.479;2006.771;1.671;3.014
1149161;35.1;26.25;0.416;1.465;1973.160;1.505;3.189
1149261;35.1;26.25;0.419;1.486;1993.843;1.442;2.795
1149361;35.1;26.25;0.360;1.463;1985.057;1.875;3.150
1149461;35.1;26.25;0.409;1.454;1959.980;1.566;3.339
1149561;35.1;26.25;0.411;1.460;1983.891;1.511;3.243
1149661;35.1;26.25;0.388;1.476;1989.310;1.676;3.119
1149761;35.1;26.25;0.497;1.471;2017.979;0.359;2.950
1149861;35.1;26.25;0.392;1.449;1982.190;1.657;3.294
1149961;35.1;26.25;0.378;1.465;1980.584;1.711;3.252
1150061;35.2;26.25;0.401;1.450;1961.377;1.608;3.395
1150161;35.2;26.25;0.403;1.450;1984.519;1.599;3.300
1150261;35.1;26.25;0.491;1.487;1997.792;0.530;2.773
1150361;35.1;26.25;0.402;1.455;1958.996;1.625;3.376
1150461;35.1;26.25;0.377;1.452;1978.471;1.798;3.206
1150561;35.1;26.25;0.329;1.465;1983.255;2.345;2.950
1150661;35.1;26.25;0.380;1.454;1956.113;1.817;3.302
1150761;35.1;26.25;0.538;1.460;2012.598;-0.658;3.278
1150861;35.1;26.25;0.355;1.466;1985.743;1.894;3.172
1150961;35.1;26.25;0.372;1.453;1959.074;1.876;3.269
1151061;35.1;26.25;0.355;1.454;1977.399;2.046;3.124
1151161;35.1;26.25;0.361;1.465;1974.597;1.840;3.176
1151261;35.1;26.25;0.441;1.460;1995.683;1.318;3.141
1151361;35.1;26.25;0.403;1.452;1980.950;1.584;3.304
1151461;35.1;26.25;0.393;1.480;1988.806;1.638;3.079
1151561;35.1;26.25;0.405;1.454;1961.574;1.548;3.359
1151661;35.1;26.25;0.372;1.454;1978.867;1.878;3.159
1151761;35.2;26.25;0.432;1.468;1971.020;1.420;3.142
1151861;35.2;26.25;0.423;1.465;1963.492;1.511;3.265
1151961;35.2;26.25;0.415;1.452;1985.592;1.475;3.368
1152061;35.1;26.25;0.382;1.470;1990.201;1.658;3.192
1152161;35.1;26.25;0.389;1.452;1969.558;1.707;3.386
1152261;35.1;26.25;0.405;1.486;2001.276;1.628;2.830
1152361;35.1;26.25;0.331;1.467;1984.302;2.164;3.086
1152461;35.1;26.25;0.370;1.451;1957.418;1.947;3.295
1152561;35.2;26.25;0.376;1.452;1974.711;1.867;3.234
1152661;35.2;26.25;0.357;1.472;1988.981;1.868;3.136
1152761;35.2;26.25;0.405;1.451;1985.916;1.586;3.268
1152861;35.2;26.25;0.308;1.466;1970.527;2.650;2.960
1152961;35.2;26.25;0.280;1.474;1989.632;2.802;2.913
1153061;35.2;26.25;0.377;1.458;1949.096;1.846;3.286
1153161;35.2;26.25;0.366;1.454;1976.985;1.928;3.211
1153261;35.2;26.25;0.441;1.473;1979.271;1.346;3.016
1153361;35.2;26.25;0.372;1.459;1954.541;1.922;3.214
1153461;35.2;26.25;0.362;1.455;1978.717;1.959;3.233
1153561;35.2;26.25;0.328;1.472;1984.046;2.192;3.066
1153661;35.2;26.25;0.369;1.456;1952.953;1.933;3.276
1153761;35.2;26.25;0.408;1.485;1997.794;1.553;2.919
1153861;35.2;26.25;0.329;1.472;1983.691;2.206;3.034
1153961;35.2;26.25;0.343;1.459;1954.300;2.246;3.186
1154061;35.1;26.25;0.301;1.463;1981.391;2.729;3.005
1154161;35.1;26.25;0.267;1.482;1986.227;2.970;2.805
1154261;35.2;26.25;0.418;1.456;1994.029;1.452;3.260
1154361;35.2;26.25;0.364;1.455;1970.369;1.993;3.199
1154461;35.2;26.25;0.361;1.468;1984.526;1.855;3.235
1154561;35.2;26.25;0.384;1.457;1965.797;1.796;3.340
1154661;35.2;26.25;0.361;1.457;1971.029;2.016;3.198
1154761;35.3;26.25;0.423;1.465;1968.138;1.510;3.189
1154861;35.3;26.25;0.361;1.459;1962.398;1.979;3.290
1154961;35.3;26.25;0.381;1.457;1981.967;1.763;3.318
1155061;35.3;26.25;0.364;1.470;1981.380;1.841;3.204
1155161;35.3;26.25;0.375;1.459;1960.081;1.841;3.317
1155261;35.3;26.25;0.388;1.476;1998.296;1.667;3.033
1155361;35.3;26.25;0.188;1.494;1989.758;4.126;2.536
1155461;35.3;26.25;0.266;1.476;1945.083;3.271;2.875
1155561;35.2;26.25;0.222;1.487;1970.010;3.835;2.623
1155661;35.2;26.25;0.210;1.488;1984.202;3.825;2.670
1155761;35.2;26.25;0.402;1.458;1983.750;1.583;3.242
1155861;35.2;26.25;0.240;1.478;1964.070;3.634;2.709
1155961;35.2;26.25;0.159;1.516;1983.424;4.379;2.217
1156061;35.2;26.25;0.274;1.474;1954.468;3.127;2.922
1156161;35.2;26.25;0.311;1.466;1970.211;2.650;3.006
1156261;35.2;26.25;0.423;1.465;1962.789;1.498;3.287
1156361;35.2;26.25;0.360;1.458;1952.553;2.035;3.297
1156461;35.2;26.25;0.341;1.460;1976.705;2.234;3.125
1156561;35.2;26.25;0.265;1.484;1991.764;3.020;2.841
1156661;35.2;26.25;0.293;1.467;1944.357;2.917;3.053
1156761;35.2;26.25;0.383;1.470;1987.327;1.734;3.134
1156861;35.2;26.25;0.229;1.490;1980.430;3.583;2.701
1156961;35.2;26.25;0.272;1.471;1956.782;3.176;2.958
1157061;35.2;26.25;0.200;1.498;1966.068;4.142;2.402
1157161;35.2;26.25;0.171;1.526;1986.122;4.143;2.063
1157261;35.2;26.25;0.394;1.446;1966.908;1.670;3.366
1157361;35.2;26.25;0.262;1.473;1965.742;3.320;2.911
1157461;35.2;26.25;0.248;1.486;1977.460;3.308;2.823
1157561;35.2;26.25;0.330;1.464;1951.716;2.443;3.174
1157661;35.2;26.25;0.311;1.469;1971.972;2.662;2.995
1157761;35.2;26.25;0.405;1.460;1970.892;1.564;3.262
1157861;35.2;26.25;0.214;1.494;1950.702;4.005;2.589
1157961;35.2;26.25;0.191;1.499;1966.951;4.244;2.411
1158061;35.2;26.25;0.217;1.492;1983.741;3.750;2.670
1158161;35.2;26.25;0.276;1.474;1947.632;3.160;2.985
1158261;35.3;26.25;0.368;1.461;1987.229;1.808;3.251
1158361;35.3;26.25;0.130;1.559;1996.317;4.646;1.465
1158461;35.3;26.25;0.177;1.547;1958.743;4.181;1.691
1158561;35.3;26.25;0.477;1.511;1969.805;-1.402;2.299
1158661;35.3;26.25;0.103;1.556;1988.668;5.096;1.569
1158761;35.2;26.25;0.371;1.456;1976.538;1.869;3.192
1158861;35.2;26.25;0.214;1.514;1966.571;3.823;2.221
1158961;35.2;26.25;0.206;1.555;1983.181;3.394;1.617
1159061;35.2;26.25;0.388;1.515;1946.808;0.534;2.212
1159161;35.2;26.25;0.261;1.518;1967.151;2.788;2.083
1159261;35.2;26.25;0.400;1.451;1956.175;1.634;3.461
1159361;35.2;26.25;0.275;1.474;1943.480;3.185;3.008
1159461;35.2;26.25;0.224;1.486;1969.225;3.834;2.681
1159561;35.3;26.25;0.200;1.503;1988.472;3.974;2.608
1159661;35.3;26.25;0.226;1.517;1962.206;3.473;2.170
1159761;35.3;26.25;0.366;1.468;1980.653;1.779;3.171
1159861;35.3;26.25;0.102;1.556;1989.131;5.128;1.587
1159961;35.3;26.25;0.360;1.523;1952.529;0.998;2.143
1160061;35.2;26.25;0.407;1.521;1976.913;0.089;2.135
1160161;35.2;26.25;0.464;1.526;1989.493;-1.482;2.175
1160261;35.2;26.25;0.377;1.451;1981.274;1.803;3.202
1160361;35.2;26.25;0.147;1.548;1972.556;4.601;1.634
1160461;35.2;26.25;0.435;1.535;1981.789;-0.713;2.000
1160561;35.2;26.25;0.324;1.520;1947.637;1.674;2.218
1160661;35.2;26.25;0.382;1.523;1970.635;0.618;2.087
1160761;35.2;26.25;0.320;1.464;1960.660;2.522;3.098
1160861;35.2;26.25;0.465;1.514;1949.996;-1.100;2.343
1160961;35.2;26.25;0.501;1.512;1973.813;-1.832;2.344
1161061;35.2;26.25;0.102;1.563;1983.600;5.081;1.520
1161161;35.2;26.25;0.289;1.522;1954.590;2.368;2.198
1161261;35.3;26.25;0.306;1.476;1990.502;2.462;2.977
1161361;35.3;26.25;0.172;1.594;1996.824;3.746;1.029
1161461;35.3;26.25;0.364;1.545;1967.481;0.639;1.806
1161561;35.3;26.25;0.462;1.521;1986.066;-1.280;2.262
1161661;35.3;26.25;0.177;1.593;1988.171;3.612;1.041
1161761;35.3;26.25;0.345;1.458;1971.052;2.211;3.141
1161861;35.3;26.25;0.488;1.514;1974.839;-1.600;2.293
1161961;35.3;26.25;0.484;1.532;1999.348;-1.870;2.120
1162061;35.3;26.25;0.287;1.559;1954.315;2.098;1.612
1162161;35.3;26.25;0.230;1.575;1969.378;3.067;1.262
1162261;35.4;26.25;0.280;1.470;1952.867;3.078;2.983
1162361;35.4;26.25;0.389;1.522;1950.041;0.529;2.243
1162461;35.4;26.25;0.390;1.520;1960.285;0.471;2.164
1162561;35.2;26.25;0.409;1.536;1991.348;-0.474;2.100
1162661;35.2;26.25;0.467;1.513;1961.674;-1.235;2.373
1162761;35.2;26.25;0.182;1.499;1988.033;4.223;2.497
1162861;35.2;26.25;0.196;1.590;1984.026;3.428;1.114
1162961;35.2;26.25;0.471;1.523;1954.793;-1.157;2.294
1163061;35.3;26.25;0.202;1.579;1976.081;3.619;1.144
1163161;35.3;26.25;0.261;1.577;2002.399;2.081;1.357
1163261;35.4;26.25;0.209;1.506;1970.565;3.813;2.239
1163361;35.4;26.25;0.464;1.529;1988.947;-1.144;2.163
1163461;35.4;26.25;0.472;1.533;2013.013;-1.789;2.163
1163561;35.4;26.25;0.478;1.522;1953.430;-1.321;2.324
1163661;35.4;26.25;0.498;1.516;1968.625;-1.686;2.328
1163761;35.4;26.25;0.215;1.484;1955.668;3.968;2.655
1163861;35.4;26.25;0.451;1.524;1968.455;-0.838;2.278
1163961;35.4;26.25;0.481;1.525;1985.132;-1.438;2.254
1164061;35.3;26.25;0.447;1.537;1984.180;-1.308;2.241
1164161;35.3;26.25;0.479;1.516;1957.031;-1.376;2.373
1164261;35.2;26.25;0.198;1.502;1988.479;3.986;2.587
1164361;35.2;26.25;0.215;1.589;2000.010;3.058;1.162
1164461;35.2;26.25;0.447;1.524;1969.098;-0.797;2.260
1164561;35.2;26.25;0.455;1.528;1998.037;-0.888;2.166
1164661;35.2;26.25;0.450;1.533;2016.560;-1.201;2.183
1164761;35.2;26.25;0.193;1.508;1976.018;4.160;2.308
1164861;35.2;26.31;0.468;1.518;1973.948;-1.220;2.354
1164961;35.2;26.31;0.459;1.535;2000.501;-1.337;2.165
1165061;35.3;26.31;0.454;1.520;1973.252;-0.904;2.302
1165161;35.3;26.31;0.463;1.530;1987.908;-1.140;2.165
1165261;35.2;26.31;0.204;1.495;1944.866;4.150;2.588
1165361;35.2;26.31;0.347;1.548;1958.519;0.929;1.888
1165461;35.2;26.31;0.216;1.578;1978.594;3.366;1.232
1165561;35.2;26.31;0.190;1.592;2006.173;3.279;1.186
1165661;35.2;26.31;0.454;1.521;1962.019;-0.925;2.320
1165761;35.3;26.31;0.165;1.524;1986.737;4.299;2.102
1165861;35.3;26.25;0.444;1.539;2020.102;-1.073;2.119
1165961;35.3;26.25;0.461;1.527;1963.595;-1.074;2.273
1166061;35.3;26.25;0.465;1.529;1990.915;-1.116;2.170
1166161;35.3;26.25;0.440;1.543;2013.665;-0.861;2.061
1166261;35.3;26.25;0.497;1.519;1982.885;-1.787;2.158
1166361;35.3;26.25;0.470;1.536;2001.328;-1.051;2.059
1166461;35.3;26.25;0.443;1.543;2014.778;-0.975;2.043
1166561;35.4;26.25;0.442;1.533;1973.477;-0.651;2.191
1166661;35.4;26.25;0.470;1.530;1985.473;-1.267;2.234
1166761;35.4;26.25;0.227;1.487;1949.832;3.853;2.725
1166861;35.4;26.25;0.451;1.533;1976.782;-0.802;2.178
1166961;35.4;26.25;0.447;1.534;1988.744;-0.727;2.139
1167061;35.3;26.25;0.453;1.541;2007.632;-1.300;2.165
1167161;35.3;26.25;0.313;1.560;1949.968;-0.451;2.283
1167261;35.3;26.25;0.203;1.533;1978.540;3.529;2.028
1167361;35.3;26.25;0.465;1.542;2009.006;-1.535;2.131
1167461;35.3;26.25;0.441;1.527;1977.301;-0.605;2.245
1167561;35.3;26.25;0.454;1.540;2002.489;-0.824;2.073
1167661;35.3;26.25;0.456;1.544;2023.950;-1.118;2.018
1167761;35.4;26.25;0.480;1.513;1974.750;-1.534;2.289
1167861;35.4;26.25;0.454;1.533;2002.520;-0.842;2.147
1167961;35.4;26.25;0.439;1.542;2010.218;-0.976;2.144
1168061;35.4;26.25;0.439;1.534;1985.005;-0.569;2.129
1168161;35.4;26.25;0.472;1.542;2004.107;-1.054;2.022
1168261;35.4;26.25;0.186;1.545;1954.128;4.129;1.739
1168361;35.4;26.25;0.440;1.539;1968.888;-0.570;2.130
1168461;35.4;26.25;0.465;1.527;1995.487;-1.133;2.283
1168561;35.4;26.25;0.448;1.538;2020.714;-1.157;2.183
1168661;35.4;26.25;0.445;1.529;1973.760;-0.677;2.271
1168761;35.4;26.25;0.151;1.563;1991.106;4.111;1.510
1168861;35.4;26.25;0.447;1.549;2023.710;-1.003;2.017
1168961;35.4;26.25;0.450;1.535;1980.587;-0.624;2.131
1169061;35.4;26.25;0.465;1.538;2002.282;-1.001;2.061
1169161;35.4;26.25;0.473;1.545;2029.937;-1.302;2.062
1169261;35.4;26.25;0.478;1.519;1991.191;-1.486;2.223
1169361;35.4;26.25;0.512;1.531;2012.194;-1.615;2.210
1169461;35.4;26.25;0.487;1.541;2022.521;-1.524;2.167
1169561;35.4;26.25;0.453;1.542;1975.541;-0.687;2.121
1169661;35.4;26.25;0.458;1.536;2002.945;-0.900;2.130
1169761;35.4;26.25;0.227;1.486;1952.497;3.834;2.758
1169861;35.4;26.25;0.437;1.535;1979.467;-0.484;2.180
1169961;35.4;26.25;0.475;1.537;2007.112;-1.099;2.103
1170061;35.3;26.25;0.453;1.550;2021.754;-1.065;2.049
1170161;35.3;26.25;0.442;1.541;1981.645;-0.494;2.087
1170261;35.2;26.25;0.394;1.543;1980.118;0.094;1.909
1170361;35.2;26.25;0.443;1.545;2020.244;-0.942;2.101
1170461;35.2;26.25;0.463;1.537;1989.982;-0.814;2.077
1170561;35.3;26.25;0.489;1.539;2012.296;-1.312;2.130
1170661;35.3;26.25;0.509;1.543;2035.554;-1.896;2.103
1170761;35.3;26.25;0.463;1.529;1996.233;-1.062;2.175
1170861;35.3;26.25;0.510;1.533;2011.712;-1.647;2.228
1170961;35.3;26.25;0.467;1.551;2023.967;-1.285;2.032
1171061;35.3;26.25;0.454;1.538;1979.700;-0.696;2.182
1171161;35.3;26.25;0.525;1.531;2021.399;-1.804;2.216
1171261;35.3;26.25;0.463;1.521;1965.871;-1.093;2.292
1171361;35.3;26.25;0.471;1.540;1988.882;-1.004;2.140
1171461;35.3;26.25;0.492;1.541;2006.600;-1.366;2.104
1171561;35.3;26.25;0.457;1.547;2018.711;-1.134;2.080
1171661;35.3;26.25;0.455;1.540;1985.803;-0.740;2.124
1171761;35.4;26.25;0.329;1.564;1996.870;1.030;1.573
1171861;35.4;26.25;0.508;1.548;2039.552;-1.871;2.078
1171961;35.4;26.25;0.504;1.535;1999.406;-1.490;2.205
1172061;35.4;26.25;0.521;1.529;2010.117;-1.771;2.294
1172161;35.4;26.25;0.502;1.545;2034.133;-1.712;2.132
1172261;35.3;26.25;0.471;1.527;1986.099;-1.249;2.237
1172361;35.3;26.25;0.530;1.533;2010.561;-1.821;2.261
1172461;35.3;26.25;0.535;1.533;2040.856;-2.195;2.289
1172561;35.2;26.25;0.504;1.538;1994.610;-1.454;2.214
1172661;35.2;26.25;0.527;1.534;2008.623;-1.824;2.213
1172761;35.2;26.25;0.321;1.553;1957.959;1.492;1.749
1172861;35.2;26.25;0.466;1.546;1988.465;-0.877;2.144
1172961;35.2;26.25;0.498;1.543;2010.584;-1.474;2.128
1173061;35.2;26.25;0.524;1.540;2035.924;-2.043;2.210
1173161;35.2;26.25;0.528;1.528;2004.810;-1.795;2.361
1173261;35.2;26.25;0.472;1.533;1998.984;-1.707;2.272
1173361;35.2;26.25;0.495;1.548;2024.010;-1.652;2.115
1173461;35.2;26.25;0.496;1.540;2000.668;-1.358;2.217
1173561;35.2;26.25;0.537;1.534;2016.433;-1.950;2.288
1173661;35.2;26.25;0.533;1.538;2043.249;-2.161;2.223
1173761;35.3;26.25;0.452;1.539;1999.635;-0.830;2.099
1173861;35.3;26.25;0.569;1.514;2019.100;-2.155;2.549
1173961;35.3;26.25;0.556;1.525;2043.389;-2.387;2.459
1174061;35.4;26.25;0.510;1.540;1998.423;-1.565;2.213
1174161;35.4;26.25;0.547;1.527;2018.887;-2.068;2.376
1174261;35.4;26.25;0.440;1.532;1982.352;-0.544;2.172
1174361;35.4;26.25;0.548;1.519;2010.594;-1.956;2.478
1174461;35.4;26.25;0.552;1.528;2010.911;-2.137;2.418
1174561;35.4;26.25;0.532;1.535;2030.944;-2.144;2.357
1174661;35.4;26.25;0.508;1.540;2000.277;-1.512;2.232
1174761;35.3;26.25;0.440;1.546;2019.044;-0.833;2.102
1174861;35.3;26.25;0.534;1.539;2040.532;-2.169;2.245
1174961;35.3;26.25;0.528;1.533;1995.006;-1.760;2.330
1175061;35.4;26.25;0.563;1.521;2021.706;-2.203;2.466
1175161;35.4;26.25;0.552;1.531;2044.712;-2.315;2.407
1175261;35.4;26.25;0.456;1.540;1997.134;-0.836;2.061
1175361;35.4;26.25;0.570;1.517;2017.643;-2.278;2.563
1175461;35.4;26.25;0.566;1.521;2050.402;-2.331;2.506
1175561;35.4;26.25;0.550;1.517;2010.820;-1.833;2.509
1175661;35.4;26.25;0.558;1.520;2022.694;-2.128;2.520
1175761;35.4;26.25;0.443;1.536;1961.797;-0.654;2.217
1175861;35.4;26.25;0.535;1.530;2008.163;-1.851;2.405
1175961;35.4;26.25;0.558;1.522;2016.441;-2.115;2.494
1176061;35.4;26.25;0.565;1.531;2046.819;-2.450;2.416
1176161;35.4;26.25;0.552;1.520;2009.805;-1.923;2.512
1176261;35.4;26.25;0.448;1.545;2017.555;-1.019;2.045
1176361;35.4;26.25;0.542;1.531;2045.169;-2.246;2.387
1176461;35.4;26.25;0.509;1.545;1996.898;-1.692;2.344
1176561;35.4;26.25;0.567;1.521;2023.978;-2.208;2.509
1176661;35.4;26.25;0.568;1.518;2050.633;-2.352;2.585
1176761;35.5;26.25;0.504;1.534;2010.742;-1.489;2.159
1176861;35.5;26.25;0.569;1.514;2019.828;-1.980;2.614
1176961;35.5;26.25;0.576;1.512;2049.687;-2.270;2.614
1177061;35.5;26.25;0.552;1.522;2012.278;-1.982;2.504
1177161;35.5;26.25;0.570;1.521;2018.554;-2.164;2.541
1177261;35.4;26.25;0.479;1.544;1993.880;-1.068;2.107
1177361;35.4;26.25;0.555;1.511;2012.782;-1.758;2.648
1177461;35.4;26.25;0.573;1.512;2028.642;-2.038;2.615
1177561;35.4;26.25;0.567;1.529;2045.465;-2.404;2.462
1177661;35.4;26.25;0.536;1.532;1996.778;-1.858;2.415
1177761;35.4;26.25;0.444;1.556;2015.066;-0.815;2.029
1177861;35.4;26.31;0.563;1.533;2052.453;-2.401;2.415
1177961;35.4;26.31;0.554;1.522;2015.029;-1.911;2.495
1178061;35.4;26.31;0.570;1.515;2021.135;-2.039;2.663
1178161;35.4;26.31;0.577;1.514;2049.225;-2.274;2.610
1178261;35.4;26.31;0.461;1.535;2001.963;-0.986;2.091
1178361;35.4;26.31;0.573;1.515;2030.336;-2.052;2.580
1178461;35.4;26.31;0.571;1.496;2057.225;-2.037;2.905
1178561;35.4;26.31;0.557;1.485;2015.273;-1.512;2.997
1178661;35.4;26.31;0.575;1.489;2025.764;-1.837;2.953
1178761;35.4;26.31;0.463;1.540;1989.479;-0.897;2.132
1178861;35.4;26.31;0.554;1.521;2001.924;-1.880;2.570
1178961;35.4;26.31;0.570;1.516;2023.252;-2.167;2.658
1179061;35.4;26.31;0.573;1.523;2054.654;-2.371;2.545
1179161;35.4;26.31;0.552;1.511;2017.154;-1.678;2.682
1179261;35.4;26.31;0.507;1.547;2027.981;-1.844;2.150
1179361;35.4;26.31;0.578;1.520;2043.044;-2.450;2.644
1179461;35.4;26.31;0.553;1.530;2014.592;-1.969;2.450
1179561;35.4;26.31;0.572;1.521;2025.540;-2.217;2.564
1179661;35.4;26.31;0.569;1.520;2050.601;-2.203;2.597
1179761;35.4;26.31;0.542;1.530;2024.226;-2.013;2.284
1179861;35.4;26.31;0.576;1.467;2029.717;-1.631;3.231
1179961;35.4;26.31;0.579;1.478;2055.230;-1.978;3.161
1180061;35.4;26.31;0.553;1.508;2008.353;-1.582;2.781
1180161;35.4;26.31;0.571;1.509;2023.027;-1.813;2.756
1180261;35.4;26.31;0.521;1.535;2005.796;-1.660;2.262
1180361;35.4;26.31;0.551;1.495;2022.029;-1.547;2.922
1180461;35.4;26.31;0.577;1.491;2022.714;-1.841;3.012
1180561;35.4;26.31;0.576;1.503;2057.384;-2.097;2.841
1180661;35.4;26.31;0.549;1.525;2005.473;-1.729;2.590
1180761;35.4;26.31;0.457;1.548;2026.341;-1.067;2.120
1180861;35.4;26.31;0.579;1.504;2058.083;-2.194;2.791
1180961;35.4;26.31;0.555;1.508;2024.111;-1.732;2.749
1181061;35.4;26.31;0.576;1.487;2032.299;-1.794;2.999
1181161;35.4;26.31;0.578;1.483;2050.160;-1.928;3.128
1181261;35.4;26.31;0.551;1.527;2007.816;-2.069;2.405
1181361;35.4;26.31;0.576;1.472;2031.018;-1.650;3.183
1181461;35.4;26.31;0.580;1.475;2066.362;-1.953;3.198
1181561;35.4;26.31;0.555;1.482;2017.593;-1.461;3.135
1181661;35.4;26.31;0.578;1.462;2019.873;-1.564;3.343
1181761;35.4;26.31;0.536;1.535;1998.320;-1.855;2.328
1181861;35.4;26.25;0.553;1.507;2018.182;-1.610;2.847
1181961;35.4;26.25;0.576;1.512;2017.984;-1.965;2.759
1182061;35.3;26.25;0.572;1.503;2055.067;-2.052;2.873
1182161;35.3;26.25;0.558;1.491;2029.929;-1.605;2.983
1182261;35.4;26.25;0.567;1.523;2053.077;-2.433;2.484
1182361;35.4;26.25;0.574;1.493;2051.663;-1.923;3.046
1182461;35.4;26.25;0.554;1.507;2017.300;-1.636;2.873
1182561;35.4;26.25;0.574;1.505;2033.648;-1.868;2.826
1182661;35.4;26.25;0.574;1.500;2051.294;-1.956;2.896
1182761;35.4;26.25;0.559;1.527;2019.415;-2.145;2.477
1182861;35.4;26.31;0.578;1.463;2022.806;-1.538;3.355
1182961;35.4;26.31;0.575;1.449;2051.669;-1.599;3.506
1183061;35.4;26.31;0.559;1.476;2015.755;-1.465;3.212
1183161;35.4;26.31;0.575;1.475;2026.173;-1.673;3.270
1183261;35.4;26.31;0.552;1.520;2006.065;-1.959;2.538
1183361;35.4;26.31;0.560;1.477;2026.441;-1.482;3.183
1183461;35.4;26.31;0.576;1.456;2025.171;-1.440;3.456
1183561;35.4;26.31;0.582;1.468;2039.228;-1.775;3.361
1183661;35.4;26.31;0.557;1.479;2020.544;-1.483;3.226
1183761;35.5;26.31;0.555;1.535;2040.933;-2.336;2.386
1183861;35.5;26.25;0.578;1.479;2055.966;-1.836;3.244
1183961;35.5;26.25;0.563;1.474;2014.462;-1.502;3.291
1184061;35.4;26.25;0.578;1.464;2020.890;-1.498;3.373
1184161;35.4;26.25;0.577;1.441;2054.563;-1.548;3.570
1184261;35.5;26.25;0.570;1.514;2025.381;-2.043;2.636
1184361;35.5;26.25;0.581;1.462;2021.752;-1.589;3.390
1184461;35.5;26.25;0.573;1.455;2049.565;-1.577;3.495
1184561;35.5;26.25;0.557;1.464;2023.947;-1.312;3.389
1184661;35.5;26.25;0.577;1.452;2017.336;-1.366;3.504
1184761;35.4;26.25;0.552;1.509;2016.129;-1.750;2.696
1184861;35.4;26.31;0.568;1.468;2026.806;-1.554;3.301
1184961;35.4;26.31;0.580;1.476;2029.741;-1.626;3.252
1185061;35.3;26.31;0.579;1.488;2051.427;-1.925;3.150
1185161;35.3;26.31;0.559;1.474;2015.986;-1.364;3.295
1185261;35.3;26.31;0.574;1.518;2047.521;-2.241;2.613
1185361;35.3;26.31;0.573;1.455;2053.680;-1.563;3.503
1185461;35.3;26.31;0.561;1.474;2014.038;-1.445;3.338
1185561;35.3;26.31;0.581;1.481;2023.826;-1.656;3.197
1185661;35.3;26.31;0.578;1.469;2057.154;-1.773;3.380
1185761;35.4;26.31;0.575;1.516;2025.709;-2.006;2.595
1185861;35.4;26.31;0.581;1.457;2015.328;-1.413;3.505
1185961;35.4;26.31;0.570;1.436;2046.598;-1.289;3.636
1186061;35.4;26.31;0.553;1.458;2016.428;-1.070;3.394
1186161;35.4;26.31;0.573;1.449;2018.388;-1.250;3.528
1186261;35.4;26.31;0.551;1.520;2014.044;-1.756;2.563
1186361;35.4;26.31;0.557;1.458;2017.810;-1.174;3.417
1186461;35.4;26.31;0.566;1.441;2017.605;-1.004;3.495
1186561;35.4;26.31;0.558;1.442;2035.893;-0.980;3.486
1186661;35.4;26.31;0.554;1.452;2011.745;-1.050;3.475
1186761;35.4;26.31;0.578;1.513;2052.334;-2.360;2.655
1186861;35.4;26.25;0.578;1.451;2046.251;-1.570;3.597
1186961;35.4;26.25;0.567;1.465;2022.022;-1.448;3.388
1187061;35.4;26.25;0.581;1.457;2023.868;-1.497;3.509
1187161;35.4;26.25;0.575;1.441;2048.785;-1.413;3.646
1187261;35.4;26.25;0.575;1.500;2027.072;-1.907;2.799
1187361;35.4;26.25;0.580;1.451;2021.173;-1.350;3.568
1187461;35.4;26.25;0.574;1.440;2041.176;-1.364;3.682
1187561;35.4;26.25;0.555;1.457;2018.578;-1.056;3.398
1187661;35.4;26.25;0.570;1.445;2014.229;-1.094;3.542
1187761;35.4;26.25;0.548;1.522;2011.971;-1.761;2.473
1187861;35.4;26.31;0.555;1.457;1999.913;-0.983;3.439
1187961;35.4;26.31;0.580;1.450;2017.890;-1.330;3.595
1188061;35.4;26.31;0.576;1.444;2051.538;-1.501;3.647
1188161;35.4;26.31;0.559;1.466;2018.821;-1.266;3.406
1188261;35.4;26.31;0.573;1.517;2046.712;-2.176;2.644
1188361;35.4;26.31;0.570;1.442;2042.082;-1.229;3.578
1188461;35.4;26.31;0.557;1.456;2021.767;-1.094;3.424
1188561;35.4;26.31;0.578;1.452;2019.335;-1.362;3.621
1188661;35.4;26.31;0.577;1.443;2039.628;-1.471;3.661
1188761;35.4;26.31;0.575;1.480;2034.001;-1.728;3.141
1188861;35.4;26.25;0.575;1.443;2012.391;-1.115;3.576
1188961;35.4;26.25;0.552;1.444;2036.234;-0.872;3.495
1189061;35.4;26.25;0.540;1.460;2002.436;-0.682;3.223
1189161;35.4;26.25;0.559;1.445;1997.024;-0.745;3.406
1189261;35.3;26.25;0.564;1.464;2019.965;-1.484;3.296
1189361;35.3;26.25;0.538;1.459;2004.092;-0.719;3.396
1189461;35.3;26.25;0.553;1.453;1997.762;-0.602;3.295
1189561;35.3;26.25;0.554;1.447;2021.634;-0.798;3.392
1189661;35.3;26.25;0.534;1.455;2014.237;-0.626;3.362
1189761;35.3;26.25;0.578;1.486;2050.452;-1.987;3.154
1189861;35.3;26.25;0.570;1.438;2045.233;-1.250;3.685
1189961;35.3;26.25;0.562;1.460;2016.102;-1.220;3.477
1190061;35.4;26.25;0.579;1.452;2013.489;-1.279;3.613
1190161;35.4;26.25;0.572;1.436;2038.204;-1.224;3.676
1190261;35.4;26.25;0.584;1.467;2023.833;-1.638;3.366
1190361;35.4;26.25;0.562;1.447;2005.809;-0.903;3.485
1190461;35.4;26.25;0.564;1.443;2039.018;-1.099;3.603
1190561;35.4;26.25;0.547;1.457;2009.475;-0.820;3.389
1190661;35.4;26.25;0.546;1.455;1999.457;-0.559;3.358
1190761;35.4;26.25;0.553;1.459;2021.810;-1.100;3.366
1190861;35.4;26.31;0.549;1.454;2004.437;-0.772;3.300
1190961;35.4;26.31;0.555;1.446;1999.973;-0.694;3.459
1191061;35.4;26.31;0.564;1.440;2031.489;-0.824;3.529
1191161;35.4;26.31;0.549;1.456;2017.867;-0.961;3.538
1191261;35.4;26.31;0.582;1.478;2055.687;-1.912;3.201
1191361;35.4;26.31;0.553;1.446;2028.801;-0.739;3.455
1191461;35.4;26.31;0.545;1.455;2003.719;-0.703;3.311
1191561;35.4;26.31;0.550;1.452;1995.149;-0.613;3.384
1191661;35.4;26.31;0.567;1.440;2037.216;-1.058;3.615
1191761;35.3;26.31;0.577;1.474;2016.065;-1.562;3.285
1191861;35.3;26.25;0.562;1.452;1996.007;-0.768;3.385
1191961;35.3;26.25;0.552;1.445;2023.668;-0.653;3.324
1192061;35.2;26.25;0.448;1.492;2003.240;1.004;2.632
1192161;35.2;26.25;0.460;1.477;1973.821;1.064;2.866
1192261;35.3;26.25;0.553;1.455;2010.055;-1.091;3.501
1192361;35.3;26.25;0.536;1.467;2005.846;-0.568;3.204
1192461;35.3;26.25;0.555;1.453;1999.788;-0.652;3.395
1192561;35.3;26.25;0.550;1.446;2029.113;-0.668;3.373
1192661;35.3;26.25;0.540;1.461;1992.699;-0.572;3.227
1192761;35.3;26.25;0.579;1.456;2054.519;-1.714;3.472
1192861;35.3;26.25;0.558;1.449;2024.431;-0.857;3.501
1192961;35.3;26.25;0.552;1.461;2012.758;-0.937;3.433
1193061;35.3;26.25;0.566;1.448;2011.522;-0.886;3.545
1193161;35.3;26.25;0.557;1.446;2042.204;-0.963;3.602
1193261;35.4;26.25;0.572;1.449;2015.210;-1.200;3.603
1193361;35.4;26.25;0.561;1.453;1995.127;-0.728;3.342
1193461;35.4;26.25;0.560;1.450;2012.711;-0.792;3.367
1193561;35.4;26.25;0.542;1.464;2009.440;-0.672;3.241
1193661;35.4;26.25;0.564;1.448;1989.131;-0.754;3.409
1193761;35.4;26.25;0.554;1.454;2017.642;-1.094;3.443
1193861;35.4;26.25;0.423;1.492;1998.300;1.437;2.614
1193961;35.4;26.25;0.487;1.479;1988.819;0.608;2.879
1194061;35.3;26.25;0.521;1.461;2007.128;-0.080;3.085
1194161;35.3;26.25;0.549;1.457;2000.071;-0.762;3.376
1194261;35.3;26.25;0.575;1.446;2056.192;-1.486;3.614
1194361;35.3;26.25;0.528;1.464;2022.529;-0.264;3.089
1194461;35.3;26.25;0.418;1.487;1993.757;1.518;2.711
1194561;35.4;26.25;0.445;1.475;1976.605;1.295;2.929
1194661;35.4;26.25;0.481;1.473;2005.808;0.634;2.899
1194761;35.3;26.25;0.579;1.455;2025.799;-1.425;3.481
1194861;35.3;26.25;0.557;1.449;1990.589;-0.623;3.394
1194961;35.3;26.25;0.471;1.481;2016.303;0.749;2.773
1195061;35.3;26.25;0.421;1.485;1997.893;1.492;2.727
1195161;35.3;26.25;0.437;1.478;1978.885;1.349;2.973
1195261;35.4;26.25;0.539;1.457;2008.085;-0.677;3.386
1195361;35.4;26.25;0.478;1.488;1997.318;0.519;2.793
1195461;35.4;26.25;0.560;1.454;1986.653;-0.649;3.374
1195561;35.4;26.25;0.552;1.453;2021.239;-0.666;3.322
1195661;35.4;26.25;0.431;1.496;1997.555;1.304;2.616
1195761;35.4;26.25;0.566;1.442;2035.021;-1.133;3.627
1195861;35.4;26.25;0.489;1.471;2019.893;0.478;2.934
1195961;35.4;26.25;0.548;1.466;2003.000;-0.743;3.307
1196061;35.3;26.25;0.568;1.456;1988.002;-0.771;3.421
1196161;35.3;26.25;0.490;1.477;2019.574;0.473;2.864
1196261;35.2;26.25;0.571;1.457;2021.239;-1.285;3.535
1196361;35.2;26.25;0.494;1.485;1985.240;0.533;2.843
1196461;35.2;26.25;0.446;1.470;1999.179;1.223;2.964
1196561;35.4;26.25;0.479;1.493;2000.979;0.531;2.755
1196661;35.4;26.25;0.453;1.479;1989.657;1.184;2.874
1196761;35.4;26.25;0.528;1.463;2016.526;-0.506;3.179
1196861;35.4;26.31;0.395;1.474;1992.437;1.621;2.977
1196961;35.4;26.31;0.421;1.461;1968.493;1.481;3.174
1197061;35.4;26.31;0.423;1.456;2007.782;1.386;3.178
1197161;35.4;26.31;0.405;1.484;1987.262;1.692;2.863
1197261;35.4;26.31;0.579;1.449;2048.635;-1.601;3.586
1197361;35.4;26.31;0.424;1.462;2006.071;1.408;3.109
1197461;35.4;26.31;0.398;1.478;1992.416;1.701;2.904
1197561;35.4;26.31;0.429;1.469;1971.044;1.434;3.091
1197661;35.4;26.31;0.434;1.465;1998.063;1.344;3.094
1197761;35.4;26.31;0.568;1.442;2006.792;-0.970;3.652
1197861;35.4;26.31;0.529;1.472;1987.407;-0.049;3.104
1197961;35.4;26.31;0.449;1.474;2011.267;1.114;2.947
1198061;35.5;26.31;0.411;1.487;1998.974;1.594;2.812
1198161;35.5;26.31;0.432;1.472;1983.216;1.393;3.043
1198261;35.4;26.31;0.533;1.468;2006.017;-0.520;3.213
1198361;35.4;26.31;0.416;1.486;1986.057;1.536;2.886
1198461;35.4;26.31;0.447;1.476;1973.435;1.299;3.012
1198561;35.4;26.31;0.434;1.466;2005.942;1.322;3.140
1198661;35.4;26.31;0.402;1.481;1998.703;1.660;2.891
1198761;35.5;26.31;0.564;1.439;2015.835;-0.903;3.493
1198861;35.5;26.25;0.424;1.457;1992.124;1.425;3.161
1198961;35.5;26.25;0.417;1.488;1992.536;1.493;2.874
1199061;35.5;26.25;0.461;1.481;1978.305;1.097;2.960
1199161;35.5;26.25;0.437;1.466;2004.736;1.316;3.106
1199261;35.4;26.25;0.556;1.455;2003.545;-0.758;3.409
1199361;35.4;26.25;0.428;1.471;1973.916;1.416;3.128
1199461;35.4;26.25;0.420;1.457;2001.202;1.424;3.216
1199561;35.4;26.25;0.394;1.480;1990.596;1.682;3.007
1199661;35.4;26.25;0.416;1.464;1970.401;1.509;3.149
1199761;35.4;26.25;0.466;1.486;2008.402;0.716;2.740
1199861;35.4;26.31;0.376;1.462;1981.603;1.720;3.159
1199961;35.4;26.31;0.399;1.452;1955.247;1.559;3.303
1200061;35.5;26.31;0.394;1.444;1980.296;1.610;3.317
1200161;35.5;26.31;0.388;1.471;1987.531;1.672;3.083
1200261;35.6;26.31;0.552;1.450;2023.976;-0.717;3.404
1200361;35.6;26.31;0.431;1.462;1998.724;1.385;3.233
1200461;35.6;26.31;0.394;1.478;1997.006;1.676;3.006
1200561;35.5;26.31;0.418;1.468;1969.388;1.516;3.149
1200661;35.5;26.31;0.426;1.460;1993.702;1.405;3.215
1200761;35.4;26.31;0.554;1.459;1995.910;-0.658;3.394
1200861;35.4;26.31;0.445;1.482;1987.951;1.269;3.018
1200961;35.4;26.31;0.442;1.468;2009.170;1.270;3.089
1201061;35.4;26.31;0.397;1.479;1988.709;1.677;3.048
1201161;35.4;26.31;0.415;1.461;1968.303;1.522;3.200
1201261;35.5;26.31;0.454;1.495;1994.988;0.967;2.651
1201361;35.5;26.31;0.379;1.458;1983.564;1.713;3.252
1201461;35.5;26.31;0.409;1.457;1964.020;1.540;3.290
1201561;35.5;26.31;0.405;1.448;1981.704;1.559;3.292
1201661;35.5;26.31;0.382;1.467;1992.470;1.739;3.140
1201761;35.5;26.31;0.434;1.460;1999.392;1.313;3.091
1201861;35.5;26.31;0.396;1.448;1979.999;1.618;3.339
1201961;35.5;26.31;0.373;1.460;1979.417;1.787;3.229
1202061;35.5;26.31;0.413;1.461;1965.755;1.516;3.280
1202161;35.5;26.31;0.419;1.458;1997.432;1.426;3.234
1202261;35.5;26.31;0.566;1.450;1990.788;-0.756;3.446
1202361;35.5;26.31;0.404;1.452;1973.544;1.594;3.326
1202461;35.5;26.31;0.380;1.452;1980.141;1.739;3.238
1202561;35.4;26.31;0.364;1.465;1983.834;1.843;3.139
1202661;35.4;26.31;0.405;1.451;1956.336;1.560;3.379
1202761;35.5;26.31;0.412;1.482;1994.526;1.564;2.832
1202861;35.5;26.31;0.365;1.460;1988.353;1.787;3.154
1202961;35.5;26.31;0.398;1.455;1961.931;1.635;3.357
1203061;35.5;26.31;0.385;1.455;1977.306;1.712;3.226
1203161;35.5;26.31;0.380;1.463;1980.361;1.720;3.227
1203261;35.5;26.31;0.558;1.445;2018.924;-0.747;3.435
1203361;35.5;26.31;0.426;1.459;1996.865;1.393;3.267
1203461;35.5;26.31;0.395;1.484;1993.659;1.711;2.982
1203561;35.5;26.31;0.418;1.464;1971.588;1.491;3.243
1203661;35.5;26.31;0.402;1.453;1991.345;1.617;3.319
1203761;35.4;26.31;0.525;1.473;1989.979;-0.018;3.016
1203861;35.4;26.31;0.420;1.461;1961.766;1.512;3.337
1203961;35.4;26.31;0.415;1.455;1993.174;1.482;3.240
1204061;35.5;26.31;0.379;1.465;1994.981;1.693;3.212
1204161;35.5;26.31;0.402;1.458;1962.816;1.572;3.360
1204261;35.5;26.31;0.393;1.473;1991.978;1.650;3.043
1204361;35.5;26.31;0.301;1.470;1975.217;2.584;2.987
1204461;35.5;26.31;0.361;1.457;1951.976;1.982;3.233
1204561;35.5;26.31;0.372;1.457;1981.125;1.844;3.179
1204661;35.5;26.31;0.352;1.467;1985.429;1.977;3.128
1204761;35.5;26.31;0.422;1.460;1999.393;1.426;3.140
1204861;35.5;26.31;0.339;1.457;1981.926;2.227;3.031
1204961;35.5;26.31;0.345;1.466;1977.925;2.054;3.131
1205061;35.5;26.31;0.372;1.459;1954.681;1.882;3.265
1205161;35.5;26.31;0.384;1.456;1980.720;1.746;3.247
1205261;35.5;26.31;0.433;1.474;1977.439;1.402;3.069
1205361;35.5;26.31;0.402;1.456;1958.783;1.587;3.340
1205461;35.5;26.31;0.356;1.455;1993.316;2.017;3.075
1205561;35.4;26.31;0.334;1.466;1976.389;2.181;3.063
1205661;35.4;26.31;0.386;1.458;1962.965;1.685;3.280
1205761;35.4;26.31;0.446;1.500;1997.950;1.074;2.702
1205861;35.4;26.31;0.353;1.467;1983.979;1.943;3.160
1205961;35.4;26.31;0.384;1.455;1965.081;1.723;3.326
1206061;35.5;26.31;0.363;1.455;1987.898;1.957;3.180
1206161;35.5;26.31;0.360;1.465;1972.475;1.900;3.209
1206261;35.5;26.31;0.447;1.472;1999.217;1.240;2.957
1206361;35.5;26.31;0.386;1.452;1984.179;1.726;3.337
1206461;35.5;26.31;0.378;1.472;1986.231;1.764;3.222
1206561;35.4;26.31;0.398;1.459;1960.628;1.640;3.328
1206661;35.4;26.31;0.364;1.456;1985.625;1.958;3.179
1206761;35.4;26.31;0.449;1.481;1981.546;1.222;2.858
1206861;35.4;26.31;0.381;1.455;1957.323;1.783;3.360
1206961;35.4;26.31;0.379;1.449;1980.145;1.793;3.329
1207061;35.4;26.31;0.342;1.467;1985.225;2.085;3.140
1207161;35.4;26.31;0.362;1.458;1958.568;2.023;3.235
1207261;35.4;26.31;0.396;1.471;1996.367;1.635;3.019
1207361;35.4;26.31;0.194;1.496;1971.072;4.093;2.472
1207461;35.4;26.31;0.259;1.476;1953.752;3.325;2.803
1207561;35.4;26.31;0.277;1.469;1973.793;3.043;2.843
1207661;35.4;26.31;0.317;1.474;1980.454;2.580;2.991
1207761;35.6;26.31;0.401;1.444;1988.872;1.574;3.374
1207861;35.6;26.31;0.258;1.474;1974.533;3.340;2.758
1207961;35.6;26.31;0.221;1.489;1975.192;3.721;2.659
1208061;35.6;26.31;0.342;1.464;1947.221;2.265;3.172
1208161;35.6;26.31;0.326;1.459;1968.997;2.453;3.072
1208261;35.5;26.31;0.442;1.477;1973.346;1.322;3.038
1208361;35.5;26.31;0.375;1.461;1960.668;1.866;3.234
1208461;35.5;26.31;0.365;1.464;1978.014;1.954;3.141
1208561;35.5;26.31;0.321;1.471;1977.370;2.338;3.053
1208661;35.5;26.31;0.340;1.462;1956.243;2.253;3.181
1208761;35.5;26.31;0.385;1.468;1985.243;1.720;3.189
1208861;35.5;26.31;0.336;1.468;1980.225;2.150;3.138
1208961;35.5;26.31;0.358;1.462;1956.074;2.284;3.158
1209061;35.5;26.31;0.263;1.474;1978.685;3.274;2.801
1209161;35.5;26.31;0.159;1.506;1986.377;4.518;2.356
1209261;35.4;26.31;0.413;1.451;1987.369;1.461;3.337
1209361;35.4;26.31;0.302;1.469;1975.814;2.757;2.921
1209461;35.4;26.31;0.300;1.479;1980.109;2.589;2.927
1209561;35.5;26.31;0.360;1.459;1956.956;2.052;3.230
1209661;35.5;26.31;0.281;1.470;1980.697;3.430;2.791
1209761;35.6;26.31;0.408;1.452;1955.858;1.601;3.349
1209861;35.6;26.31;0.250;1.480;1951.131;3.500;2.820
1209961;35.6;26.31;0.305;1.462;1974.458;2.715;3.029
1210061;35.5;26.31;0.302;1.481;1976.148;2.578;2.936
1210161;35.5;26.31;0.312;1.463;1954.820;2.643;3.094
1210261;35.5;26.31;0.381;1.466;1984.976;1.725;3.165
1210361;35.5;26.31;0.448;1.529;1989.114;-0.930;1.995
1210461;35.5;26.31;0.405;1.515;1946.407;0.137;2.219
1210561;35.5;26.31;0.409;1.518;1971.373;0.044;2.047
1210661;35.5;26.31;0.212;1.527;1976.870;3.414;2.050
1210761;35.5;26.31;0.380;1.456;1981.381;1.739;3.251
1210861;35.5;26.31;0.252;1.515;1971.696;2.922;2.087
1210961;35.5;26.31;0.447;1.526;1981.163;-0.925;2.057
1211061;35.5;26.31;0.203;1.507;1946.815;4.002;2.349
1211161;35.5;26.31;0.271;1.473;1977.470;3.164;2.901
1211261;35.4;26.31;0.409;1.459;1959.867;1.566;3.354
1211361;35.4;26.31;0.340;1.465;1954.840;2.268;3.213
1211461;35.4;26.31;0.297;1.465;1976.065;2.826;3.033
1211561;35.4;26.31;0.232;1.485;1981.315;3.580;2.817
1211661;35.4;26.31;0.208;1.495;1957.571;4.028;2.613
1211761;35.4;26.31;0.372;1.457;1978.886;1.793;3.322
1211861;35.4;26.31;0.184;1.504;1977.978;4.253;2.505
1211961;35.4;26.31;0.214;1.495;1950.406;3.988;2.619
1212061;35.4;26.31;0.192;1.539;1972.819;3.871;1.705
1212161;35.4;26.31;0.150;1.558;1983.182;4.206;1.523
1212261;35.5;26.31;0.334;1.458;1984.478;2.256;3.040
1212361;35.5;26.31;0.403;1.521;1977.075;0.108;2.072
1212461;35.5;26.31;0.392;1.534;1976.201;0.100;2.000
1212561;35.5;26.31;0.205;1.498;1950.291;4.095;2.559
1212661;35.5;26.31;0.393;1.518;1980.301;0.340;2.081
1212761;35.5;26.31;0.345;1.460;1951.729;2.207;3.198
1212861;35.5;26.31;0.202;1.540;1953.073;3.732;1.804
1212961;35.5;26.31;0.357;1.528;1973.415;0.935;1.982
1213061;35.5;26.31;0.283;1.535;1985.627;2.037;1.959
1213161;35.5;26.31;0.228;1.511;1948.925;3.462;2.329
1213261;35.5;26.31;0.334;1.469;1979.832;2.146;3.056
1213361;35.5;26.31;0.465;1.527;1986.342;-1.564;2.156
1213461;35.5;26.31;0.463;1.519;1968.593;-1.169;2.287
1213561;35.4;26.31;0.478;1.514;1976.912;-1.541;2.272
1213661;35.4;26.31;0.237;1.554;1985.999;2.574;1.694
1213761;35.5;26.31;0.336;1.461;1976.920;2.296;3.067
1213861;35.5;26.31;0.335;1.524;1973.368;1.471;2.056
1213961;35.5;26.31;0.110;1.559;1983.558;5.068;1.572
1214061;35.5;26.31;0.382;1.517;1946.736;0.651;2.263
1214161;35.5;26.31;0.344;1.519;1979.012;1.238;2.107
1214261;35.5;26.31;0.405;1.459;1961.945;1.634;3.372
1214361;35.5;26.31;0.223;1.488;1946.905;3.888;2.788
1214461;35.5;26.31;0.252;1.523;1979.123;2.960;2.081
1214561;35.5;26.31;0.410;1.534;1990.327;-0.243;1.992
1214661;35.5;26.31;0.432;1.518;1951.333;-0.259;2.231
1214761;35.6;26.31;0.323;1.472;1974.902;2.319;3.035
1214861;35.6;26.31;0.100;1.562;1979.921;5.099;1.548
1214961;35.6;26.31;0.457;1.515;1957.537;-0.941;2.341
1215061;35.6;26.31;0.201;1.579;1983.779;3.556;1.135
1215161;35.6;26.31;0.454;1.529;1995.600;-1.399;2.207
1215261;35.5;26.31;0.330;1.460;1979.043;2.330;3.028
1215361;35.5;26.31;0.232;1.569;1977.176;2.959;1.319
1215461;35.5;26.31;0.492;1.524;1987.296;-1.985;2.221
1215561;35.6;26.31;0.165;1.548;1947.828;4.391;1.752
1215661;35.6;26.31;0.494;1.521;1990.055;-1.714;2.238
1215761;35.5;26.31;0.281;1.473;1960.053;3.025;2.961
1215861;35.5;26.31;0.389;1.539;1960.356;0.209;2.024
1215961;35.5;26.31;0.281;1.561;1979.349;1.984;1.514
1216061;35.5;26.31;0.471;1.532;1983.164;-1.591;2.168
1216161;35.5;26.31;0.160;1.550;1960.446;4.441;1.709
1216261;35.5;26.31;0.350;1.469;1982.664;2.007;3.173
1216361;35.5;26.31;0.204;1.592;1992.078;3.210;1.081
1216461;35.5;26.31;0.478;1.521;1960.268;-1.359;2.330
1216561;35.5;26.31;0.329;1.557;1987.638;1.207;1.588
1216661;35.5;26.31;0.213;1.590;1983.219;3.084;1.176
1216761;35.5;26.31;0.327;1.466;1970.479;2.400;3.049
1216861;35.5;26.31;0.157;1.556;1978.302;4.473;1.622
1216961;35.5;26.31;0.458;1.523;1989.874;-1.731;2.143
1217061;35.5;26.31;0.252;1.570;1960.593;2.681;1.480
1217161;35.5;26.31;0.264;1.568;1978.999;2.320;1.436
1217261;35.4;26.31;0.326;1.467;1956.642;2.394;3.079
1217361;35.4;26.31;0.165;1.550;1957.056;4.382;1.773
1217461;35.4;26.31;0.477;1.515;1972.974;-1.404;2.352
1217561;35.4;26.31;0.159;1.596;1988.790;4.042;1.025
1217661;35.4;26.31;0.379;1.540;1971.794;0.358;2.013
1217761;35.4;26.31;0.297;1.544;1987.800;1.799;1.679
1217861;35.4;26.31;0.470;1.536;1989.927;-1.545;2.204
1217961;35.4;26.31;0.454;1.527;1970.496;-0.995;2.277
1218061;35.5;26.31;0.469;1.525;2001.544;-1.253;2.190
1218161;35.5;26.31;0.440;1.536;2015.054;-0.935;2.104
1218261;35.5;26.31;0.155;1.546;1974.424;4.465;1.563
1218361;35.5;26.31;0.473;1.530;2000.710;-1.103;2.099
1218461;35.5;26.31;0.444;1.536;2006.732;-0.950;2.155
1218561;35.5;26.31;0.440;1.527;1976.167;-0.673;2.263
1218661;35.5;26.31;0.478;1.521;1985.417;-1.379;2.258
1218761;35.5;26.31;0.214;1.512;1955.689;3.770;2.264
1218861;35.5;26.31;0.442;1.529;1972.329;-0.631;2.246
1218961;35.5;26.31;0.460;1.534;1986.405;-0.979;2.126
1219061;35.5;26.31;0.461;1.535;2001.801;-1.387;2.210
1219161;35.5;26.31;0.294;1.560;1958.710;1.997;1.710
1219261;35.6;26.31;0.188;1.503;1984.485;4.174;2.517
1219361;35.6;26.31;0.459;1.534;1996.744;-1.477;2.220
1219461;35.6;26.31;0.451;1.529;1969.910;-0.901;2.254
1219561;35.5;26.31;0.463;1.521;2004.484;-1.123;2.250
1219661;35.5;26.31;0.448;1.534;2009.292;-1.086;2.196
1219761;35.5;26.31;0.356;1.523;1972.554;1.014;2.089
1219861;35.5;26.31;0.477;1.525;1989.291;-1.464;2.272
1219961;35.5;26.31;0.456;1.530;2006.777;-1.219;2.273
1220061;35.5;26.31;0.444;1.530;1980.075;-0.663;2.215
1220161;35.5;26.31;0.452;1.537;1997.124;-0.821;2.054
1220261;35.7;26.31;0.174;1.546;1950.693;4.269;1.807
1220361;35.7;26.31;0.434;1.530;1980.778;-0.511;2.240
1220461;35.7;26.31;0.478;1.528;1985.742;-1.406;2.280
1220561;35.6;26.31;0.447;1.539;2006.828;-1.038;2.179
1220661;35.6;26.31;0.435;1.539;1978.185;-0.519;2.135
1220761;35.5;26.31;0.486;1.528;1991.237;-1.802;2.104
1220861;35.5;26.31;0.466;1.543;2027.821;-1.235;1.987
1220961;35.5;26.31;0.454;1.536;1982.193;-0.787;2.129
1221061;35.5;26.31;0.491;1.531;2008.535;-1.350;2.110
1221161;35.5;26.31;0.474;1.543;2027.745;-1.274;2.007
1221261;35.6;26.31;0.451;1.530;2003.338;-0.852;2.078
1221361;35.6;26.31;0.518;1.528;2012.095;-1.729;2.207
1221461;35.6;26.31;0.485;1.541;2025.331;-1.533;2.093
1221561;35.7;26.31;0.439;1.536;1983.477;-0.623;2.127
1221661;35.7;26.31;0.453;1.538;1994.924;-0.838;2.121
1221761;35.7;26.31;0.207;1.506;1940.400;4.019;2.451
1221861;35.7;26.31;0.446;1.532;1978.211;-0.758;2.256
1221961;35.7;26.31;0.453;1.533;2000.827;-0.880;2.169
1222061;35.7;26.31;0.447;1.542;2007.055;-1.009;2.129
1222161;35.7;26.31;0.453;1.528;1960.213;-0.922;2.333
1222261;35.6;26.31;0.159;1.519;1977.254;4.505;2.246
1222361;35.6;26.31;0.456;1.538;2013.100;-1.263;2.232
1222461;35.6;26.31;0.438;1.533;1981.867;-0.562;2.220
1222561;35.6;26.31;0.471;1.537;2008.151;-1.052;2.095
1222661;35.6;26.31;0.495;1.539;2027.934;-1.631;2.130
1222761;35.5;26.31;0.265;1.566;1981.144;2.278;1.371
1222861;35.5;26.31;0.469;1.542;2006.522;-1.008;2.047
1222961;35.5;26.31;0.457;1.549;2019.356;-1.123;2.050
1223061;35.5;26.31;0.472;1.539;1995.067;-1.006;2.105
1223161;35.5;26.31;0.525;1.531;2018.847;-1.846;2.163
1223261;35.5;26.31;0.450;1.526;1974.696;-0.831;2.217
1223361;35.5;26.31;0.493;1.533;1991.051;-1.324;2.232
1223461;35.5;26.31;0.501;1.535;2010.812;-1.484;2.155
1223561;35.5;26.31;0.467;1.541;2028.515;-1.246;2.089
1223661;35.5;26.31;0.467;1.538;1994.451;-0.976;2.155
1223761;35.6;26.31;0.442;1.534;2009.100;-0.953;2.154
1223861;35.6;26.31;0.543;1.529;2038.504;-2.248;2.308
1223961;35.6;26.31;0.521;1.533;2009.313;-1.711;2.188
1224061;35.6;26.31;0.517;1.535;2008.209;-1.677;2.160
1224161;35.6;26.31;0.501;1.542;2025.933;-1.681;2.146
1224261;35.5;26.31;0.472;1.523;1994.696;-1.346;2.206
1224361;35.5;26.31;0.531;1.527;2022.276;-1.896;2.304
1224461;35.5;26.31;0.508;1.547;2023.750;-1.803;2.108
1224561;35.6;26.31;0.455;1.547;1988.085;-0.799;2.083
1224661;35.6;26.31;0.464;1.539;2001.870;-0.946;2.128
1224761;35.6;26.31;0.293;1.474;1953.231;2.923;3.047
1224861;35.6;26.31;0.441;1.537;1980.999;-0.645;2.206
1224961;35.6;26.31;0.474;1.541;2010.034;-1.104;2.063
1225061;35.7;26.31;0.480;1.545;2024.175;-1.409;2.113
1225161;35.7;26.31;0.458;1.548;1988.991;-0.807;2.080
1225261;35.6;26.31;0.223;1.591;1989.281;2.910;1.216
1225361;35.6;26.31;0.456;1.550;2017.091;-1.056;2.054
1225461;35.6;26.31;0.470;1.539;1998.378;-0.990;2.149
1225561;35.5;26.31;0.518;1.532;2024.565;-1.736;2.201
1225661;35.5;26.31;0.559;1.517;2039.606;-2.330;2.461
1225761;35.5;26.31;0.477;1.533;2005.696;-1.119;2.090
1225861;35.5;26.31;0.566;1.512;2023.652;-2.185;2.550
1225961;35.5;26.31;0.556;1.523;2040.085;-2.354;2.414
1226061;35.6;26.31;0.535;1.528;2001.491;-1.888;2.347
1226161;35.6;26.31;0.570;1.511;2032.204;-2.181;2.520
1226261;35.6;26.31;0.482;1.530;1994.238;-1.199;2.182
1226361;35.6;26.31;0.550;1.521;2012.654;-2.009;2.417
1226461;35.6;26.31;0.573;1.511;2022.818;-2.361;2.554
1226561;35.5;26.31;0.546;1.534;2034.373;-2.274;2.297
1226661;35.5;26.31;0.518;1.530;1998.988;-1.633;2.302
1226761;35.6;26.31;0.450;1.534;2005.071;-1.187;2.191
1226861;35.6;26.31;0.546;1.531;2040.795;-2.259;2.312
1226961;35.6;26.31;0.542;1.527;2008.394;-1.890;2.395
1227061;35.6;26.31;0.560;1.523;2020.213;-2.240;2.384
1227161;35.6;26.31;0.502;1.546;2018.527;-1.647;2.162
1227261;35.6;26.31;0.476;1.528;1981.026;-1.448;2.261
1227361;35.6;26.31;0.549;1.527;2021.706;-2.106;2.361
1227461;35.6;26.31;0.549;1.535;2037.688;-2.230;2.290
1227561;35.6;26.31;0.512;1.534;1992.877;-1.571;2.314
1227661;35.6;26.31;0.539;1.534;2015.619;-2.024;2.256
1227761;35.5;26.31;0.449;1.522;1963.821;-0.830;2.361
1227861;35.5;26.31;0.467;1.544;1995.764;-0.898;2.163
1227961;35.5;26.31;0.536;1.533;2025.001;-1.992;2.299
1228061;35.5;26.31;0.556;1.524;2042.425;-2.304;2.436
1228161;35.5;26.31;0.543;1.522;2001.241;-1.903;2.470
1228261;35.5;26.31;0.445;1.539;2002.901;-1.024;2.159
1228361;35.5;26.31;0.538;1.536;2034.519;-2.152;2.339
1228461;35.5;26.31;0.538;1.528;2008.918;-1.864;2.411
1228561;35.5;26.31;0.573;1.508;2031.079;-2.007;2.594
1228661;35.5;26.31;0.571;1.499;2053.343;-2.155;2.706
1228761;35.5;26.31;0.522;1.527;2023.563;-1.835;2.172
1228861;35.5;26.31;0.574;1.479;2029.257;-1.784;3.005
1228961;35.5;26.31;0.573;1.493;2051.209;-2.008;2.861
1229061;35.5;26.31;0.547;1.513;2018.501;-1.673;2.576
1229161;35.5;26.31;0.569;1.504;2024.431;-1.901;2.696
1229261;35.5;26.31;0.517;1.526;2003.824;-1.661;2.293
1229361;35.5;26.31;0.546;1.510;2008.188;-1.585;2.680
1229461;35.5;26.31;0.570;1.511;2027.950;-2.123;2.643
1229561;35.6;26.31;0.571;1.521;2035.325;-2.405;2.560
1229661;35.6;26.31;0.539;1.529;2005.110;-1.919;2.441
1229761;35.5;26.31;0.447;1.547;2015.859;-0.908;2.043
1229861;35.5;26.31;0.539;1.539;2040.781;-2.194;2.290
1229961;35.5;26.31;0.540;1.528;2007.455;-1.950;2.432
1230061;35.5;26.31;0.576;1.513;2021.334;-2.265;2.592
1230161;35.5;26.31;0.549;1.537;2040.961;-2.250;2.320
1230261;35.5;26.31;0.455;1.538;2006.659;-0.879;2.116
1230361;35.5;26.31;0.577;1.514;2032.976;-2.249;2.603
1230461;35.5;26.31;0.572;1.512;2056.267;-2.239;2.615
1230561;35.5;26.31;0.558;1.511;2018.735;-1.806;2.628
1230661;35.5;26.31;0.576;1.509;2029.201;-2.151;2.639
1230761;35.5;26.31;0.460;1.542;1990.606;-0.838;2.129
1230861;35.5;26.31;0.554;1.521;2011.573;-1.948;2.511
1230961;35.5;26.31;0.573;1.509;2036.065;-2.104;2.631
1231061;35.6;26.31;0.572;1.503;2052.129;-2.068;2.772
1231161;35.6;26.31;0.549;1.498;2011.607;-1.493;2.853
1231261;35.6;26.31;0.548;1.528;2034.669;-2.306;2.344
1231361;35.6;26.31;0.567;1.501;2045.265;-2.007;2.818
1231461;35.6;26.31;0.554;1.509;2018.196;-1.751;2.713
1231561;35.5;26.31;0.579;1.481;2032.849;-1.826;2.978
1231661;35.5;26.31;0.576;1.468;2049.525;-1.839;3.222
1231761;35.5;26.31;0.570;1.498;2038.765;-1.936;2.645
1231861;35.5;26.31;0.573;1.461;2020.973;-1.594;3.349
1231961;35.5;26.31;0.576;1.472;2044.843;-1.825;3.189
1232061;35.6;26.31;0.555;1.488;2018.262;-1.591;2.973
1232161;35.6;26.31;0.570;1.499;2029.056;-1.826;2.790
1232261;35.6;26.31;0.495;1.540;1993.248;-1.355;2.152
1232361;35.6;26.31;0.554;1.498;2020.926;-1.634;2.868
1232461;35.6;26.31;0.571;1.505;2026.651;-1.906;2.736
1232561;35.7;26.31;0.567;1.525;2044.678;-2.380;2.534
1232661;35.7;26.31;0.545;1.526;2003.966;-1.975;2.520
1232761;35.7;26.31;0.444;1.551;2011.712;-0.949;2.031
1232861;35.7;26.31;0.569;1.523;2043.662;-2.389;2.527
1232961;35.7;26.31;0.552;1.529;2015.333;-1.912;2.494
1233061;35.6;26.31;0.567;1.511;2031.338;-1.930;2.676
1233161;35.6;26.31;0.581;1.499;2049.922;-2.231;2.853
1233261;35.6;26.31;0.524;1.532;2014.559;-1.758;2.241
1233361;35.6;26.31;0.571;1.502;2034.213;-1.829;2.765
1233461;35.6;26.31;0.577;1.483;2052.012;-1.970;3.059
1233561;35.7;26.31;0.553;1.472;2029.337;-1.411;3.175
1233661;35.7;26.31;0.578;1.457;2022.001;-1.493;3.355
1233761;35.7;26.31;0.544;1.522;2009.448;-1.966;2.425
1233861;35.7;26.31;0.556;1.484;2013.041;-1.545;3.077
1233961;35.7;26.31;0.580;1.475;2030.555;-1.711;3.127
1234061;35.6;26.31;0.574;1.465;2052.428;-1.797;3.286
1234161;35.6;26.31;0.556;1.471;2021.365;-1.461;3.271
1234261;35.6;26.31;0.511;1.532;2025.888;-1.859;2.184
1234361;35.6;26.31;0.576;1.456;2042.607;-1.699;3.459
1234461;35.6;26.31;0.557;1.483;2021.086;-1.515;3.110
1234561;35.6;26.31;0.575;1.481;2019.120;-1.695;3.118
1234661;35.6;26.31;0.579;1.463;2048.310;-1.805;3.304
1234761;35.6;26.31;0.573;1.506;2032.483;-2.115;2.621
1234861;35.6;26.31;0.576;1.455;2025.926;-1.532;3.376
1234961;35.6;26.31;0.582;1.459;2043.397;-1.794;3.390
1235061;35.6;26.31;0.561;1.486;2022.295;-1.659;3.072
1235161;35.6;26.31;0.575;1.494;2026.544;-1.803;2.952
1235261;35.6;26.31;0.507;1.539;2004.746;-1.510;2.233
1235361;35.6;26.31;0.553;1.508;2016.069;-1.625;2.814
1235461;35.6;26.31;0.578;1.486;2025.098;-1.840;3.013
1235561;35.6;26.31;0.574;1.495;2052.593;-1.972;2.971
1235661;35.6;26.31;0.554;1.508;2016.790;-1.724;2.797
1235761;35.6;26.31;0.512;1.547;2034.296;-1.860;2.151
1235861;35.6;26.31;0.575;1.507;2050.394;-2.189;2.793
1235961;35.6;26.31;0.552;1.508;2028.758;-1.664;2.768
1236061;35.6;26.31;0.577;1.474;2025.526;-1.637;3.168
1236161;35.6;26.31;0.577;1.461;2056.005;-1.776;3.379
1236261;35.6;26.31;0.576;1.509;2021.225;-2.161;2.608
1236361;35.6;26.31;0.572;1.455;2030.510;-1.362;3.390
1236461;35.6;26.31;0.576;1.444;2047.094;-1.513;3.525
1236561;35.6;26.31;0.553;1.454;2020.625;-1.150;3.387
1236661;35.6;26.31;0.560;1.440;2006.379;-0.904;3.429
1236761;35.7;26.31;0.552;1.499;2020.467;-1.635;2.761
1236861;35.7;26.31;0.557;1.458;2020.747;-1.256;3.406
1236961;35.7;26.31;0.577;1.449;2012.973;-1.408;3.526
1237061;35.7;26.31;0.578;1.438;2042.664;-1.521;3.639
1237161;35.7;26.31;0.556;1.459;2024.938;-1.185;3.337
1237261;35.6;26.31;0.574;1.473;2054.340;-1.867;3.143
1237361;35.6;26.31;0.576;1.444;2043.096;-1.516;3.563
1237461;35.6;26.31;0.562;1.471;2022.721;-1.528;3.297
1237561;35.5;26.31;0.580;1.470;2030.617;-1.671;3.270
1237661;35.5;26.31;0.576;1.479;2055.864;-1.851;3.214
1237761;35.5;26.31;0.577;1.515;2022.959;-2.162;2.605
1237861;35.5;26.31;0.576;1.466;2027.023;-1.526;3.321
1237961;35.5;26.31;0.582;1.447;2042.510;-1.614;3.578
1238061;35.5;26.31;0.560;1.475;2024.450;-1.515;3.264
1238161;35.5;26.31;0.576;1.477;2017.660;-1.635;3.209
1238261;35.4;26.31;0.534;1.533;2006.563;-1.906;2.362
1238361;35.4;26.31;0.559;1.485;2028.594;-1.520;3.125
1238461;35.4;26.31;0.577;1.457;2027.120;-1.484;3.417
1238561;35.5;26.31;0.577;1.460;2043.193;-1.634;3.469
1238661;35.5;26.31;0.557;1.466;2020.575;-1.382;3.403
1238761;35.6;26.31;0.564;1.528;2045.671;-2.328;2.435
1238861;35.6;26.31;0.577;1.465;2053.482;-1.752;3.411
1238961;35.6;26.31;0.564;1.465;2021.601;-1.441;3.372
1239061;35.6;26.31;0.574;1.443;2029.379;-1.319;3.523
1239161;35.6;26.31;0.559;1.433;2037.547;-1.032;3.546
1239261;35.5;26.31;0.576;1.468;2036.242;-1.682;3.164
1239361;35.5;26.31;0.568;1.438;2008.903;-1.030;3.562
1239461;35.5;26.31;0.556;1.440;2031.824;-0.932;3.445
1239561;35.5;26.31;0.527;1.462;2010.583;-0.472;3.095
1239661;35.5;26.31;0.559;1.441;1992.642;-0.705;3.326
1239761;35.6;26.31;0.556;1.461;2015.846;-1.378;3.285
1239861;35.6;26.31;0.534;1.462;2007.897;-0.651;3.226
1239961;35.6;26.31;0.575;1.439;2009.700;-1.138;3.567
1240061;35.7;26.31;0.577;1.452;2037.736;-1.565;3.599
1240161;35.7;26.31;0.561;1.464;2019.964;-1.288;3.357
1240261;35.6;26.31;0.576;1.504;2054.647;-2.181;2.709
1240361;35.6;26.31;0.571;1.442;2046.756;-1.382;3.599
1240461;35.6;26.31;0.565;1.472;2011.265;-1.464;3.383
1240561;35.6;26.31;0.589;1.472;2021.691;-1.733;3.298
1240661;35.6;26.31;0.574;1.480;2056.753;-1.804;3.262
1240761;35.6;26.31;0.575;1.518;2038.076;-2.264;2.545
1240861;35.6;26.31;0.581;1.460;2027.539;-1.421;3.502
1240961;35.6;26.31;0.570;1.436;2037.688;-1.252;3.646
1241061;35.6;26.31;0.551;1.459;2015.839;-1.054;3.381
1241161;35.6;26.31;0.577;1.449;2013.761;-1.259;3.563
1241261;35.6;26.31;0.558;1.515;2012.656;-1.790;2.682
1241361;35.6;26.31;0.564;1.461;2017.119;-1.303;3.426
1241461;35.6;26.31;0.572;1.441;2020.708;-1.126;3.570
1241561;35.7;26.31;0.554;1.443;2028.965;-0.866;3.443
1241661;35.7;26.31;0.546;1.454;2006.496;-0.862;3.454
1241761;35.7;26.31;0.579;1.471;2052.460;-1.848;3.237
1241861;35.7;26.31;0.569;1.440;2039.639;-1.204;3.607
1241961;35.7;26.31;0.546;1.453;2020.540;-0.905;3.404
1242061;35.7;26.31;0.553;1.451;2001.902;-0.663;3.338
1242161;35.7;26.31;0.547;1.439;2023.050;-0.647;3.356
1242261;35.7;26.31;0.575;1.440;2018.111;-1.292;3.514
1242361;35.7;26.31;0.555;1.449;2000.768;-0.636;3.283
1242461;35.7;26.31;0.552;1.444;2010.007;-0.676;3.335
1242561;35.6;26.31;0.543;1.455;2009.128;-0.704;3.190
1242661;35.6;26.31;0.561;1.447;1998.602;-0.739;3.289
1242761;35.6;26.31;0.561;1.466;2021.335;-1.476;3.279
1242861;35.6;26.31;0.532;1.462;1998.766;-0.693;3.220
1242961;35.6;26.31;0.559;1.448;2001.806;-0.827;3.504
1243061;35.8;26.31;0.569;1.439;2041.702;-1.288;3.689
1243161;35.8;26.31;0.561;1.467;2022.251;-1.319;3.422
1243261;35.7;26.31;0.573;1.496;2047.633;-2.001;2.973
1243361;35.7;26.31;0.569;1.437;2038.130;-1.211;3.660
1243461;35.7;26.31;0.556;1.459;2017.777;-1.117;3.454
1243561;35.7;26.31;0.580;1.456;2022.343;-1.397;3.569
1243661;35.7;26.31;0.577;1.448;2037.478;-1.428;3.656
1243761;35.7;26.31;0.571;1.518;2031.521;-1.998;2.601
1243861;35.7;26.31;0.568;1.448;2015.787;-1.011;3.475
1243961;35.7;26.31;0.550;1.449;2023.841;-0.763;3.465
1244061;35.7;26.31;0.542;1.458;2009.568;-0.672;3.281
1244161;35.7;26.31;0.567;1.448;1992.098;-0.823;3.342
1244261;35.7;26.31;0.562;1.465;2025.465;-1.432;3.319
1244361;35.7;26.31;0.541;1.462;2000.898;-0.643;3.245
1244461;35.7;26.31;0.549;1.452;1994.007;-0.456;3.215
1244561;35.7;26.31;0.443;1.467;2007.415;1.153;2.896
1244661;35.7;26.31;0.445;1.489;2001.279;1.062;2.636
1244761;35.7;26.31;0.568;1.442;2038.838;-1.352;3.570
1244861;35.7;26.31;0.480;1.476;2012.362;0.602;2.774
1244961;35.7;26.31;0.524;1.462;2002.729;-0.307;3.113
1245061;35.7;26.31;0.499;1.476;1990.880;0.369;2.878
1245161;35.7;26.31;0.452;1.470;2004.191;1.056;2.832
1245261;35.7;26.31;0.573;1.440;2013.069;-1.125;3.515
1245361;35.7;26.31;0.482;1.477;1984.463;0.697;2.804
1245461;35.7;26.31;0.558;1.443;2018.444;-0.766;3.380
1245561;35.7;26.31;0.534;1.461;1998.172;-0.470;3.188
1245661;35.7;26.31;0.502;1.470;1993.300;0.378;2.876
1245761;35.7;26.31;0.558;1.462;2018.251;-1.278;3.341
1245861;35.7;26.31;0.539;1.460;1998.721;-0.623;3.291
1245961;35.7;26.31;0.559;1.445;1997.976;-0.659;3.413
1246061;35.7;26.31;0.557;1.444;2029.782;-0.866;3.499
1246161;35.7;26.31;0.547;1.460;2011.841;-0.837;3.423
1246261;35.7;26.31;0.581;1.465;2058.105;-1.776;3.421
1246361;35.7;26.31;0.560;1.442;2023.547;-0.862;3.497
1246461;35.7;26.31;0.549;1.463;2001.345;-0.778;3.246
1246561;35.7;26.31;0.567;1.444;2001.200;-0.789;3.432
1246661;35.7;26.31;0.561;1.443;2032.833;-0.968;3.583
1246761;35.8;26.31;0.587;1.471;2021.080;-1.695;3.338
1246861;35.8;26.31;0.553;1.453;1999.610;-0.559;3.276
1246961;35.8;26.31;0.461;1.475;2017.937;0.912;2.801
1247061;35.7;26.31;0.412;1.491;1994.992;1.514;2.714
1247161;35.7;26.31;0.436;1.468;1974.729;1.408;2.951
1247261;35.7;26.31;0.540;1.455;2003.060;-0.664;3.178
1247361;35.7;26.31;0.399;1.478;1994.672;1.678;2.838
1247461;35.7;26.31;0.442;1.470;1973.542;1.331;2.991
1247561;35.8;26.31;0.410;1.451;1998.301;1.443;3.161
1247661;35.8;26.31;0.382;1.464;1991.106;1.719;3.011
1247761;35.7;26.31;0.448;1.467;2000.721;1.105;2.915
1247861;35.7;26.31;0.427;1.459;1999.099;1.357;3.139
1247961;35.7;26.31;0.422;1.489;1993.322;1.463;2.670
1248061;35.6;26.31;0.471;1.473;1979.358;0.961;2.885
1248161;35.6;26.31;0.487;1.473;2011.312;0.473;2.899
1248261;35.6;26.31;0.571;1.442;2011.624;-1.079;3.585
1248361;35.6;26.31;0.459;1.477;1985.513;1.089;2.892
1248461;35.6;26.31;0.489;1.481;2003.449;0.491;2.826
1248561;35.6;26.31;0.537;1.468;2007.325;-0.540;3.160
1248661;35.6;26.31;0.562;1.448;1992.138;-0.678;3.425
1248761;35.7;26.31;0.560;1.453;2011.453;-1.162;3.515
1248861;35.7;26.31;0.420;1.494;1993.423;1.499;2.651
1248961;35.7;26.31;0.491;1.479;1978.976;0.625;2.911
1249061;35.7;26.31;0.485;1.475;2008.133;0.588;2.918
1249161;35.7;26.31;0.535;1.465;1998.901;-0.483;3.222
1249261;35.8;26.31;0.576;1.449;2044.619;-1.513;3.622
1249361;35.8;26.31;0.486;1.476;2012.002;0.559;2.863
1249461;35.8;26.31;0.416;1.492;1994.596;1.540;2.699
1249561;35.7;26.31;0.432;1.464;1973.660;1.420;3.104
1249661;35.7;26.31;0.436;1.464;2000.772;1.285;3.089
1249761;35.7;26.31;0.568;1.442;2011.471;-1.006;3.568
1249861;35.7;26.31;0.438;1.469;1972.960;1.409;2.987
1249961;35.7;26.31;0.406;1.450;1993.505;1.509;3.196
1250061;35.7;26.31;0.377;1.462;1990.060;1.735;3.095
1250161;35.7;26.31;0.391;1.444;1970.508;1.660;3.278
1250261;35.8;26.31;0.413;1.486;1987.144;1.561;2.650
1250361;35.8;26.31;0.370;1.457;1976.435;1.733;3.184
1250461;35.8;26.31;0.410;1.452;1965.664;1.528;3.241
1250561;35.7;26.31;0.403;1.450;1990.709;1.531;3.234
1250661;35.7;26.31;0.377;1.463;1980.408;1.674;3.105
1250761;35.7;26.31;0.565;1.441;2017.936;-0.933;3.420
1250861;35.7;26.31;0.411;1.455;1995.527;1.511;3.197
1250961;35.7;26.31;0.409;1.483;1984.261;1.542;2.921
1251061;35.7;26.31;0.467;1.476;1973.028;1.069;2.941
1251161;35.7;26.31;0.451;1.477;2005.432;1.128;2.906
1251261;35.7;26.31;0.570;1.444;2019.203;-1.010;3.568
1251361;35.7;26.31;0.445;1.472;1979.387;1.282;2.982
1251461;35.7;26.31;0.429;1.457;1995.613;1.371;3.177
1251561;35.7;26.31;0.406;1.476;1990.379;1.612;2.958
1251661;35.7;26.31;0.450;1.475;1980.272;1.250;2.966
1251761;35.7;26.31;0.536;1.463;2009.914;-0.630;3.285
1251861;35.7;26.31;0.396;1.480;1988.887;1.653;2.943
1251961;35.7;26.31;0.424;1.462;1969.473;1.478;3.192
1252061;35.6;26.31;0.417;1.460;1997.867;1.461;3.145
1252161;35.6;26.31;0.393;1.477;1987.907;1.714;3.013
1252261;35.6;26.31;0.576;1.441;2042.646;-1.452;3.669
1252361;35.6;26.31;0.413;1.454;1995.812;1.522;3.200
1252461;35.6;26.31;0.382;1.467;1990.235;1.681;3.103
1252561;35.7;26.31;0.401;1.451;1968.244;1.550;3.306
1252661;35.7;26.31;0.377;1.449;1983.898;1.772;3.167
1252761;35.7;26.31;0.473;1.475;1984.644;0.852;2.799
1252861;35.7;26.31;0.408;1.454;1965.500;1.545;3.257
1252961;35.7;26.31;0.383;1.448;1979.202;1.671;3.260
1253061;35.7;26.31;0.339;1.461;1980.203;2.068;3.068
1253161;35.7;26.31;0.352;1.450;1965.114;2.043;3.152
1253261;35.8;26.31;0.392;1.469;1988.177;1.660;2.987
1253361;35.8;26.31;0.348;1.460;1974.799;1.995;3.127
1253461;35.8;26.31;0.406;1.448;1957.413;1.532;3.379
1253561;35.8;26.31;0.394;1.449;1989.671;1.603;3.310
1253661;35.8;26.31;0.386;1.470;1983.662;1.688;3.090
1253761;35.7;26.31;0.447;1.466;1998.887;1.155;3.003
1253861;35.7;26.31;0.410;1.452;1991.591;1.485;3.304
1253961;35.7;26.31;0.398;1.482;1984.325;1.713;2.972
1254061;35.7;26.31;0.451;1.474;1970.421;1.317;3.040
1254161;35.7;26.31;0.438;1.466;2001.300;1.283;3.170
1254261;35.7;26.31;0.565;1.446;2000.796;-0.758;3.467
1254361;35.7;26.31;0.423;1.466;1983.191;1.448;3.130
1254461;35.7;26.31;0.411;1.457;1997.090;1.486;3.207
1254561;35.7;26.31;0.385;1.473;1984.270;1.695;3.048
1254661;35.7;26.31;0.420;1.458;1969.249;1.474;3.205
1254761;35.7;26.31;0.459;1.493;1997.318;0.868;2.667
1254861;35.7;26.31;0.359;1.461;1988.594;1.877;3.148
1254961;35.7;26.31;0.373;1.448;1961.878;1.839;3.252
1255061;35.8;26.31;0.341;1.454;1975.868;2.193;3.056
1255161;35.8;26.31;0.355;1.464;1982.428;1.924;3.113
1255261;35.7;26.31;0.427;1.463;2000.376;1.346;3.114
1255361;35.7;26.31;0.376;1.454;1974.811;1.807;3.147
1255461;35.7;26.31;0.329;1.461;1984.150;2.169;3.083
1255561;35.7;26.31;0.324;1.455;1959.015;2.443;3.086
1255661;35.7;26.31;0.306;1.465;1971.884;2.619;2.884
1255761;35.7;26.31;0.426;1.461;1966.149;1.467;3.097
1255861;35.7;26.31;0.381;1.452;1962.720;1.760;3.240
1255961;35.7;26.31;0.377;1.451;1985.306;1.750;3.245
1256061;35.7;26.31;0.342;1.464;1978.478;2.077;3.062
1256161;35.7;26.31;0.350;1.453;1961.244;2.102;3.198
1256261;35.7;26.31;0.371;1.462;1983.024;1.764;3.183
1256361;35.7;26.31;0.332;1.471;1987.069;2.137;2.978
1256461;35.7;26.31;0.390;1.453;1962.221;1.684;3.332
1256561;35.7;26.31;0.388;1.446;1979.732;1.706;3.349
1256661;35.7;26.31;0.376;1.467;1992.967;1.686;3.187
1256761;35.8;26.31;0.428;1.462;1997.368;1.392;3.116
1256861;35.8;26.25;0.376;1.454;1977.470;1.808;3.200
1256961;35.8;26.25;0.362;1.461;1977.979;1.856;3.252
1257061;35.8;26.25;0.413;1.454;1967.957;1.500;3.343
1257161;35.8;26.25;0.411;1.462;1993.946;1.492;3.242
1257261;35.7;26.25;0.519;1.468;1986.574;0.125;3.096
1257361;35.7;26.25;0.410;1.453;1967.513;1.518;3.334
1257461;35.7;26.25;0.378;1.454;1984.376;1.868;3.165
1257561;35.7;26.25;0.332;1.469;1988.888;2.133;3.066
1257661;35.7;26.25;0.378;1.450;1955.430;1.825;3.285
1257761;35.7;26.25;0.394;1.469;1988.531;1.651;3.036
1257861;35.7;26.25;0.268;1.476;1987.874;2.993;2.821
1257961;35.7;26.25;0.273;1.470;1958.167;3.170;2.865
1258061;35.7;26.25;0.275;1.513;1975.846;2.425;1.979
1258161;35.7;26.25;0.191;1.521;1973.858;3.763;2.051
1258261;35.7;26.25;0.393;1.446;1992.437;1.596;3.274
1258361;35.7;26.25;0.297;1.466;1972.604;2.760;2.918
1258461;35.7;26.25;0.262;1.478;1981.832;3.060;2.839
1258561;35.8;26.25;0.271;1.469;1957.541;3.162;2.873
1258661;35.8;26.25;0.235;1.474;1974.293;3.625;2.721
1258761;35.8;26.25;0.417;1.459;1970.882;1.495;3.137
1258861;35.8;26.25;0.372;1.452;1949.166;1.905;3.321
1258961;35.8;26.25;0.365;1.458;1973.273;1.933;3.182
1259061;35.8;26.25;0.350;1.468;1986.955;1.980;3.108
1259161;35.8;26.25;0.371;1.453;1959.295;1.892;3.288
1259261;35.8;26.25;0.392;1.468;1989.570;1.708;3.036
1259361;35.8;26.25;0.291;1.476;1980.270;2.670;2.926
1259461;35.8;26.25;0.355;1.456;1953.013;2.257;3.178
1259561;35.7;26.25;0.358;1.462;1975.531;2.012;3.062
1259661;35.7;26.25;0.341;1.470;1976.985;2.117;3.108
1259761;35.7;26.25;0.418;1.458;2003.382;1.453;3.186
1259861;35.7;26.31;0.306;1.463;1973.940;2.657;2.942
1259961;35.7;26.31;0.331;1.471;1977.271;2.202;3.102
1260061;35.7;26.31;0.361;1.455;1957.832;2.000;3.194
1260161;35.7;26.31;0.355;1.459;1976.281;2.057;3.145
1260261;35.7;26.31;0.432;1.471;1978.842;1.404;3.082
1260361;35.7;26.31;0.350;1.459;1950.526;2.141;3.200
1260461;35.7;26.31;0.247;1.472;1971.640;3.503;2.737
1260561;35.7;26.31;0.212;1.526;1989.736;3.374;1.926
1260661;35.7;26.31;0.204;1.502;1955.715;3.901;2.276
1260761;35.7;26.31;0.333;1.467;1983.193;2.127;3.028
1260861;35.7;26.25;0.101;1.553;1983.448;5.039;1.535
1260961;35.7;26.25;0.357;1.520;1957.923;0.833;2.014
1261061;35.8;26.25;0.476;1.511;1973.949;-1.485;2.196
1261161;35.8;26.25;0.426;1.524;1979.614;-0.802;2.088
1261261;35.8;26.25;0.376;1.453;1976.352;1.795;3.139
1261361;35.8;26.25;0.204;1.486;1971.713;4.062;2.544
1261461;35.8;26.25;0.252;1.483;1982.067;3.208;2.794
1261561;35.7;26.25;0.287;1.468;1956.576;2.976;2.973
1261661;35.7;26.25;0.194;1.493;1976.207;4.181;2.395
1261761;35.7;26.25;0.434;1.468;1976.488;1.396;3.035
1261861;35.7;26.31;0.346;1.463;1954.853;2.172;3.179
1261961;35.7;26.31;0.348;1.462;1976.321;2.110;3.139
1262061;35.7;26.31;0.334;1.471;1982.077;2.138;3.074
1262161;35.7;26.31;0.327;1.465;1962.533;2.418;3.105
1262261;35.7;26.31;0.381;1.465;1991.131;1.655;3.214
1262361;35.7;26.31;0.203;1.493;1980.105;3.902;2.664
1262461;35.7;26.31;0.253;1.478;1954.933;3.428;2.819
1262561;35.8;26.31;0.245;1.476;1966.035;3.523;2.765
1262661;35.8;26.31;0.269;1.483;1985.137;2.966;2.810
1262761;35.8;26.31;0.402;1.451;1994.217;1.566;3.266
1262861;35.8;26.25;0.239;1.513;1976.246;3.173;2.071
1262961;35.8;26.25;0.382;1.535;1989.045;0.164;1.871
1263061;35.7;26.25;0.201;1.502;1951.162;4.080;2.399
1263161;35.7;26.25;0.315;1.515;1967.757;1.789;2.100
1263261;35.7;26.25;0.375;1.455;1960.982;1.832;3.226
1263361;35.7;26.25;0.252;1.514;1957.636;3.043;2.139
1263461;35.7;26.25;0.328;1.527;1967.604;1.483;1.913
1263561;35.8;26.25;0.486;1.523;1992.201;-1.946;2.123
1263661;35.8;26.25;0.305;1.546;1964.929;1.751;1.649
1263761;35.8;26.25;0.211;1.485;1979.289;3.807;2.637
1263861;35.8;26.25;0.470;1.526;1979.460;-1.620;2.136
1263961;35.8;26.25;0.482;1.503;1950.575;-1.346;2.363
1264061;35.7;26.25;0.500;1.508;1978.103;-1.783;2.262
1264161;35.7;26.25;0.201;1.585;1997.329;3.143;1.086
1264261;35.7;26.25;0.351;1.454;1968.193;2.110;3.236
1264361;35.7;26.25;0.388;1.522;1970.553;0.391;2.042
1264461;35.7;26.25;0.159;1.520;1974.885;4.436;2.177
1264561;35.8;26.25;0.282;1.471;1956.932;3.098;2.962
1264661;35.8;26.25;0.192;1.504;1975.986;4.183;2.329
1264761;35.8;26.25;0.410;1.452;1960.549;1.565;3.378
1264861;35.8;26.25;0.210;1.501;1949.932;3.941;2.402
1264961;35.8;26.25;0.250;1.482;1973.538;3.473;2.783
1265061;35.8;26.25;0.248;1.489;1976.889;3.296;2.787
1265161;35.8;26.25;0.246;1.480;1956.186;3.596;2.788
1265261;35.8;26.25;0.347;1.468;1983.760;1.952;3.137
1265361;35.8;26.25;0.388;1.538;1992.753;0.119;1.906
1265461;35.8;26.25;0.465;1.510;1952.759;-1.170;2.357
1265561;35.8;26.25;0.490;1.515;1978.799;-1.622;2.197
1265661;35.8;26.25;0.486;1.530;1989.775;-1.922;2.057
1265761;35.8;26.25;0.311;1.461;1980.815;2.554;2.976
1265861;35.8;26.25;0.232;1.572;1982.058;2.962;1.184
1265961;35.8;26.25;0.466;1.527;2010.185;-1.696;2.120
1266061;35.8;26.25;0.452;1.514;1964.555;-0.908;2.289
1266161;35.8;26.25;0.464;1.519;1976.918;-1.275;2.234
1266261;35.8;26.25;0.318;1.456;1946.336;2.577;3.117
1266361;35.8;26.25;0.479;1.511;1952.420;-1.319;2.351
1266461;35.8;26.25;0.295;1.556;1980.389;1.894;1.472
1266561;35.8;26.25;0.202;1.582;1993.989;3.252;1.159
1266661;35.8;26.25;0.298;1.557;1963.728;1.835;1.539
1266761;35.8;26.25;0.197;1.491;1973.602;3.998;2.567
1266861;35.8;26.31;0.239;1.576;1995.276;2.422;1.275
1266961;35.8;26.31;0.473;1.508;1951.453;-1.266;2.422
1267061;35.8;26.31;0.492;1.519;1977.176;-1.691;2.214
1267161;35.8;26.31;0.189;1.582;1994.101;3.343;1.184
1267261;35.8;26.31;0.242;1.478;1973.307;3.531;2.695
1267361;35.8;26.31;0.152;1.553;1970.718;4.546;1.607
1267461;35.8;26.31;0.107;1.560;1980.702;5.118;1.609
1267561;35.8;26.31;0.257;1.518;1944.260;3.015;2.199
1267661;35.8;26.31;0.302;1.521;1973.300;2.033;2.087
1267761;35.8;26.31;0.372;1.455;1956.913;1.931;3.291
1267861;35.8;26.31;0.264;1.537;1952.024;2.691;1.886
1267961;35.8;26.31;0.157;1.548;1976.702;4.408;1.618
1268061;35.8;26.31;0.380;1.535;1989.822;0.270;1.988
1268161;35.8;26.31;0.395;1.521;1954.332;0.412;2.192
1268261;35.8;26.31;0.165;1.506;1985.654;4.429;2.389
1268361;35.8;26.31;0.451;1.527;2006.846;-1.426;2.213
1268461;35.8;26.31;0.440;1.522;1984.800;-0.631;2.187
1268561;35.8;26.31;0.453;1.523;1987.369;-0.854;2.161
1268661;35.8;26.31;0.432;1.530;2004.615;-0.868;2.151
1268761;35.8;26.31;0.244;1.536;1976.245;2.932;1.695
1268861;35.8;26.31;0.458;1.527;2000.623;-1.029;2.161
1268961;35.8;26.31;0.439;1.536;2014.881;-0.869;2.006
1269061;35.8;26.31;0.439;1.528;1982.411;-0.549;2.110
1269161;35.8;26.31;0.447;1.530;1989.003;-0.752;2.098
1269261;35.7;26.31;0.206;1.493;1951.281;4.061;2.493
1269361;35.7;26.31;0.286;1.553;1958.549;2.004;1.670
1269461;35.7;26.31;0.465;1.519;1980.737;-1.292;2.304
1269561;35.7;26.31;0.345;1.557;1995.631;0.666;1.733
1269661;35.7;26.31;0.451;1.519;1965.983;-0.906;2.342
1269761;35.7;26.31;0.205;1.531;1983.468;3.497;1.957
1269861;35.7;26.31;0.448;1.530;1992.747;-1.339;2.253
1269961;35.7;26.31;0.301;1.559;1966.892;1.839;1.534
1270061;35.7;26.31;0.434;1.528;1977.082;-0.514;2.114
1270161;35.7;26.31;0.448;1.535;1994.097;-1.213;2.196
1270261;35.7;26.31;0.282;1.468;1975.860;2.995;2.814
1270361;35.7;26.31;0.462;1.522;1980.611;-1.263;2.281
1270461;35.7;26.31;0.198;1.591;1992.208;3.258;1.137
1270561;35.7;26.31;0.271;1.544;1946.793;2.403;1.866
1270661;35.7;26.31;0.477;1.517;1974.588;-1.403;2.339
1270761;35.7;26.31;0.215;1.489;1960.242;3.989;2.618
1270861;35.7;26.31;0.448;1.522;1972.663;-0.768;2.293
1270961;35.7;26.31;0.460;1.523;1985.517;-1.018;2.212
1271061;35.7;26.31;0.462;1.536;2002.994;-1.499;2.161
1271161;35.7;26.31;0.454;1.523;1960.694;-0.893;2.309
1271261;35.7;26.31;0.278;1.479;1983.597;2.852;2.864
1271361;35.7;26.31;0.436;1.537;2015.155;-0.911;2.098
1271461;35.7;26.31;0.457;1.537;1992.869;-0.800;2.011
1271561;35.7;26.31;0.512;1.528;2017.028;-1.637;2.104
1271661;35.7;26.31;0.475;1.544;2025.338;-1.429;1.968
1271761;35.7;26.31;0.227;1.574;1979.899;3.037;1.144
1271861;35.7;26.31;0.462;1.538;1998.705;-0.917;2.001
1271961;35.7;26.31;0.436;1.537;2020.928;-0.892;2.099
1272061;35.8;26.31;0.449;1.530;1982.218;-0.706;2.115
1272161;35.8;26.31;0.467;1.531;1999.578;-1.041;2.139
1272261;35.8;26.31;0.427;1.513;1940.910;-0.127;2.248
1272361;35.8;26.31;0.465;1.523;1960.104;-1.092;2.314
1272461;35.8;26.31;0.470;1.523;1982.517;-1.295;2.283
1272561;35.7;26.31;0.467;1.535;2003.778;-1.647;2.202
1272661;35.7;26.31;0.461;1.525;1969.938;-1.048;2.268
1272761;35.7;26.31;0.162;1.515;1985.468;4.403;2.239
1272861;35.7;26.31;0.450;1.534;2003.815;-1.195;2.224
1272961;35.7;26.31;0.456;1.525;1962.732;-0.909;2.300
1273061;35.8;26.31;0.464;1.530;1996.094;-1.077;2.184
1273161;35.8;26.31;0.448;1.532;2011.976;-1.177;2.210
1273261;35.8;26.31;0.478;1.511;1975.657;-1.505;2.278
1273361;35.8;26.31;0.462;1.537;2004.284;-0.964;2.043
1273461;35.8;26.31;0.438;1.544;2017.982;-0.892;2.062
1273561;35.8;26.31;0.442;1.529;1973.463;-0.627;2.248
1273661;35.8;26.31;0.460;1.531;1995.176;-1.039;2.186
1273761;35.7;26.31;0.267;1.537;1957.081;2.511;1.845
1273861;35.7;26.31;0.454;1.537;1988.135;-0.707;2.035
1273961;35.7;26.31;0.488;1.534;2010.456;-1.334;2.086
1274061;35.7;26.31;0.483;1.544;2022.607;-1.471;2.055
1274161;35.7;26.31;0.451;1.537;1982.336;-0.662;2.075
1274261;35.7;26.31;0.204;1.586;1995.052;3.239;1.096
1274361;35.7;26.31;0.463;1.544;2033.817;-1.276;2.037
1274461;35.7;26.31;0.481;1.531;1994.361;-1.168;2.128
1274561;35.7;26.31;0.540;1.520;2019.763;-2.008;2.270
1274661;35.7;26.31;0.509;1.534;2034.583;-1.886;2.175
1274761;35.8;26.31;0.459;1.525;1990.724;-1.028;2.208
1274861;35.8;26.31;0.478;1.537;1998.435;-1.157;2.140
1274961;35.8;26.31;0.461;1.541;2025.097;-1.181;2.053
1275061;35.8;26.31;0.454;1.536;1985.912;-0.749;2.121
1275161;35.8;26.31;0.483;1.537;2004.179;-1.229;2.103
1275261;35.8;26.31;0.453;1.528;1965.628;-0.867;2.229
1275361;35.8;26.31;0.441;1.530;1977.954;-0.609;2.240
1275461;35.8;26.31;0.455;1.533;1988.151;-0.888;2.195
1275561;35.8;26.31;0.460;1.537;2006.536;-1.342;2.199
1275661;35.8;26.31;0.447;1.534;1974.793;-0.698;2.201
1275761;35.8;26.31;0.168;1.587;1994.319;3.907;1.140
1275861;35.8;26.31;0.451;1.545;2025.470;-1.006;2.012
1275961;35.8;26.31;0.445;1.535;1975.233;-0.603;2.169
1276061;35.9;26.31;0.472;1.539;2008.506;-1.106;2.062
1276161;35.9;26.31;0.490;1.543;2027.288;-1.523;2.066
1276261;35.8;26.31;0.456;1.524;1994.259;-0.946;2.171
1276361;35.8;26.31;0.552;1.522;2012.187;-2.129;2.330
1276461;35.8;26.31;0.551;1.521;2037.575;-2.353;2.392
1276561;35.7;26.31;0.510;1.532;2001.798;-1.577;2.173
1276661;35.7;26.31;0.513;1.529;2019.506;-1.670;2.230
1276761;35.7;26.31;0.432;1.521;1957.177;-0.475;2.258
1276861;35.7;26.37;0.523;1.528;2004.229;-1.720;2.273
1276961;35.7;26.37;0.550;1.520;2020.415;-2.117;2.388
1277061;35.7;26.37;0.540;1.534;2038.207;-2.209;2.188
1277161;35.7;26.37;0.502;1.534;1986.022;-1.398;2.170
1277261;35.7;26.37;0.456;1.530;1999.246;-1.529;2.162
1277361;35.7;26.37;0.489;1.550;2035.980;-1.577;1.976
1277461;35.7;26.37;0.511;1.532;2001.662;-1.561;2.248
1277561;35.7;26.37;0.544;1.524;2021.853;-2.095;2.293
1277661;35.7;26.37;0.548;1.529;2043.082;-2.322;2.322
1277761;35.8;26.37;0.454;1.527;1998.451;-0.949;2.123
1277861;35.8;26.37;0.509;1.539;2003.265;-1.577;2.153
1277961;35.8;26.37;0.482;1.543;2019.514;-1.461;2.123
1278061;35.9;26.37;0.477;1.536;1997.362;-1.079;2.171
1278161;35.9;26.37;0.519;1.529;2022.490;-1.775;2.259
1278261;35.9;26.37;0.457;1.523;1967.025;-1.027;2.328
1278361;35.9;26.37;0.457;1.542;1979.701;-0.808;2.116
1278461;35.9;26.37;0.476;1.537;1995.689;-1.034;2.139
1278561;35.8;26.37;0.452;1.548;2030.013;-1.084;2.075
1278661;35.8;26.37;0.449;1.537;1986.628;-0.660;2.147
1278761;35.8;26.37;0.470;1.534;2002.666;-1.740;2.167
1278861;35.8;26.31;0.530;1.536;2043.107;-2.101;2.241
1278961;35.8;26.31;0.530;1.524;2003.022;-1.778;2.343
1279061;35.8;26.31;0.554;1.523;2018.169;-2.135;2.401
1279161;35.8;26.31;0.565;1.524;2043.199;-2.396;2.369
1279261;35.8;26.31;0.476;1.533;2008.024;-1.154;2.035
1279361;35.8;26.31;0.573;1.499;2031.487;-2.086;2.599
1279461;35.8;26.31;0.566;1.512;2048.073;-2.194;2.559
1279561;35.8;26.31;0.552;1.511;2006.839;-1.862;2.531
1279661;35.8;26.31;0.569;1.513;2023.538;-2.113;2.512
1279761;35.8;26.31;0.360;1.539;1958.001;0.798;1.923
1279861;35.8;26.37;0.526;1.528;1999.900;-1.726;2.355
1279961;35.8;26.37;0.573;1.511;2027.454;-2.269;2.515
1280061;35.8;26.37;0.565;1.524;2041.546;-2.406;2.435
1280161;35.8;26.37;0.536;1.527;2012.218;-1.855;2.373
1280261;35.8;26.37;0.450;1.549;2018.376;-1.051;2.059
1280361;35.8;26.37;0.526;1.538;2039.189;-2.092;2.260
1280461;35.8;26.37;0.516;1.531;1999.843;-1.617;2.270
1280561;35.8;26.37;0.552;1.525;2021.474;-2.130;2.358
1280661;35.8;26.37;0.556;1.526;2048.484;-2.396;2.397
1280761;35.9;26.37;0.455;1.532;1990.869;-0.875;2.117
1280861;35.9;26.37;0.555;1.523;2017.445;-2.130;2.424
1280961;35.9;26.37;0.520;1.540;2033.241;-2.000;2.246
1281061;35.9;26.37;0.492;1.540;1989.551;-1.306;2.205
1281161;35.9;26.37;0.539;1.530;2018.580;-1.939;2.298
1281261;35.9;26.37;0.442;1.535;1988.715;-0.620;2.117
1281361;35.9;26.37;0.519;1.536;2005.490;-1.694;2.249
1281461;35.9;26.37;0.551;1.522;2009.687;-2.072;2.466
1281561;36.0;26.37;0.554;1.530;2042.495;-2.366;2.353
1281661;36.0;26.37;0.534;1.528;2006.492;-1.879;2.339
1281761;36.1;26.37;0.446;1.546;2022.678;-0.978;2.001
1281861;36.1;26.31;0.573;1.516;2044.128;-2.256;2.505
1281961;36.1;26.31;0.546;1.512;2022.083;-1.662;2.559
1282061;36.0;26.31;0.569;1.493;2019.601;-1.740;2.826
1282161;36.0;26.31;0.569;1.498;2061.559;-2.110;2.787
1282261;35.9;26.31;0.515;1.529;2005.196;-1.658;2.164
1282361;35.9;26.31;0.571;1.492;2027.541;-1.814;2.838
1282461;35.9;26.31;0.574;1.482;2055.710;-1.949;2.945
1282561;36.0;26.31;0.549;1.498;2016.593;-1.643;2.762
1282661;36.0;26.31;0.571;1.503;2023.134;-1.943;2.687
1282761;35.9;26.31;0.459;1.530;1988.874;-0.832;2.172
1282861;35.9;26.37;0.549;1.527;2013.225;-1.950;2.400
1282961;35.9;26.37;0.569;1.519;2018.552;-2.224;2.511
1283061;35.9;26.37;0.573;1.513;2045.076;-2.292;2.591
1283161;35.9;26.37;0.556;1.514;2013.181;-1.904;2.564
1283261;35.9;26.37;0.476;1.542;2026.374;-1.402;2.078
1283361;35.9;26.37;0.548;1.537;2036.302;-2.426;2.444
1283461;35.9;26.37;0.536;1.530;2004.578;-1.859;2.414
1283561;35.9;26.37;0.569;1.521;2026.310;-2.254;2.462
1283661;35.9;26.37;0.560;1.528;2049.380;-2.396;2.394
1283761;36.0;26.37;0.521;1.535;2007.993;-1.724;2.211
1283861;36.0;26.31;0.580;1.507;2025.323;-2.138;2.648
1283961;36.0;26.31;0.569;1.524;2050.904;-2.349;2.468
1284061;35.9;26.31;0.548;1.520;2015.419;-1.844;2.509
1284161;35.9;26.31;0.570;1.518;2028.639;-2.135;2.608
1284261;35.9;26.31;0.525;1.526;2008.469;-1.748;2.264
1284361;35.9;26.31;0.551;1.487;2023.061;-1.546;2.963
1284461;35.9;26.31;0.571;1.484;2024.179;-1.724;2.960
1284561;35.9;26.31;0.574;1.496;2049.748;-2.078;2.876
1284661;35.9;26.31;0.551;1.511;2008.307;-1.690;2.632
1284761;35.9;26.31;0.521;1.538;2038.283;-2.000;2.184
1284861;35.9;26.31;0.574;1.499;2056.365;-2.102;2.816
1284961;35.9;26.31;0.553;1.486;2013.296;-1.527;2.989
1285061;35.9;26.31;0.576;1.465;2024.831;-1.628;3.232
1285161;35.9;26.31;0.571;1.479;2055.636;-1.893;3.086
1285261;35.9;26.31;0.550;1.520;2022.577;-2.112;2.374
1285361;35.9;26.31;0.575;1.476;2024.587;-1.737;3.114
1285461;35.9;26.31;0.575;1.471;2056.397;-1.833;3.184
1285561;35.9;26.31;0.555;1.470;2023.738;-1.461;3.135
1285661;35.9;26.31;0.575;1.485;2023.049;-1.746;3.008
1285761;36.0;26.31;0.480;1.538;1991.094;-1.164;2.165
1285861;36.0;26.37;0.550;1.525;2005.228;-1.759;2.518
1285961;36.0;26.37;0.580;1.510;2028.721;-2.243;2.655
1286061;36.0;26.37;0.576;1.513;2058.201;-2.273;2.636
1286161;36.0;26.37;0.552;1.513;2013.798;-1.695;2.664
1286261;35.9;26.37;0.500;1.545;2031.283;-1.723;2.124
1286361;35.9;26.37;0.565;1.530;2051.829;-2.404;2.487
1286461;35.9;26.37;0.547;1.523;2007.500;-1.949;2.539
1286561;35.9;26.37;0.577;1.512;2026.480;-2.204;2.619
1286661;35.9;26.37;0.578;1.503;2057.243;-2.264;2.759
1286761;35.9;26.37;0.538;1.526;2018.682;-1.952;2.287
1286861;35.9;26.37;0.575;1.470;2021.980;-1.619;3.217
1286961;35.9;26.37;0.573;1.466;2056.919;-1.782;3.315
1287061;35.8;26.37;0.559;1.478;2021.749;-1.543;3.114
1287161;35.8;26.37;0.576;1.476;2026.706;-1.695;3.116
1287261;35.8;26.37;0.546;1.518;2014.758;-1.956;2.469
1287361;35.8;26.37;0.552;1.453;2016.151;-1.205;3.408
1287461;35.8;26.37;0.577;1.451;2014.644;-1.438;3.456
1287561;35.8;26.37;0.577;1.465;2051.430;-1.726;3.305
1287661;35.8;26.37;0.553;1.482;2014.946;-1.464;3.100
1287761;35.9;26.37;0.569;1.524;2043.547;-2.465;2.401
1287861;35.9;26.31;0.579;1.471;2050.204;-1.850;3.238
1287961;35.9;26.31;0.557;1.470;2022.207;-1.423;3.209
1288061;36.0;26.31;0.578;1.451;2019.914;-1.501;3.468
1288161;36.0;26.31;0.575;1.446;2050.471;-1.605;3.505
1288261;35.9;26.31;0.570;1.513;2028.387;-2.148;2.576
1288361;35.9;26.31;0.576;1.471;2021.013;-1.563;3.224
1288461;35.9;26.31;0.573;1.462;2054.218;-1.651;3.342
1288561;36.0;26.31;0.559;1.463;2024.785;-1.403;3.311
1288661;36.0;26.31;0.578;1.458;2022.937;-1.535;3.375
1288761;35.9;26.31;0.550;1.519;2006.497;-1.984;2.519
1288861;35.9;26.37;0.556;1.505;2012.049;-1.688;2.836
1288961;35.9;26.37;0.576;1.501;2029.389;-1.938;2.865
1289061;35.9;26.37;0.572;1.500;2060.571;-2.014;2.878
1289161;35.9;26.37;0.558;1.491;2026.713;-1.597;2.987
1289261;35.8;26.37;0.462;1.555;2019.584;-1.179;1.947
1289361;35.8;26.37;0.583;1.473;2051.602;-1.951;3.261
1289461;35.8;26.37;0.554;1.503;2020.426;-1.598;2.854
1289561;35.8;26.37;0.571;1.492;2031.330;-1.697;3.017
1289661;35.8;26.37;0.579;1.462;2052.363;-1.756;3.370
1289761;35.9;26.37;0.569;1.496;2027.866;-1.786;2.731
1289861;35.9;26.37;0.566;1.443;2016.055;-1.090;3.469
1289961;35.9;26.37;0.563;1.436;2039.035;-1.259;3.548
1290061;35.8;26.37;0.559;1.443;2007.915;-1.136;3.523
1290161;35.8;26.37;0.574;1.446;2017.837;-1.268;3.541
1290261;36.0;26.37;0.550;1.496;2024.526;-1.549;2.840
1290361;36.0;26.37;0.552;1.445;2017.566;-1.011;3.412
1290461;36.0;26.37;0.568;1.431;2005.529;-1.037;3.597
1290561;36.0;26.37;0.567;1.439;2040.594;-1.306;3.607
1290661;36.0;26.37;0.564;1.458;2020.343;-1.299;3.390
1290761;36.0;26.37;0.566;1.525;2043.461;-2.388;2.502
1290861;36.0;26.31;0.571;1.452;2052.479;-1.567;3.500
1290961;36.0;26.31;0.562;1.469;2020.684;-1.405;3.310
1291061;35.9;26.31;0.576;1.447;2022.928;-1.365;3.505
1291161;35.9;26.31;0.573;1.452;2043.222;-1.553;3.547
1291261;35.9;26.31;0.574;1.506;2026.413;-2.074;2.723
1291361;35.9;26.31;0.571;1.455;2023.473;-1.319;3.447
1291461;35.9;26.31;0.581;1.443;2051.378;-1.619;3.577
1291561;36.0;26.31;0.556;1.470;2014.384;-1.293;3.340
1291661;36.0;26.31;0.581;1.445;2016.578;-1.414;3.563
1291761;36.0;26.31;0.567;1.508;2012.783;-2.033;2.660
1291861;36.0;26.37;0.562;1.480;2016.964;-1.521;3.225
1291961;36.0;26.37;0.576;1.482;2025.726;-1.695;3.240
1292061;36.0;26.37;0.581;1.465;2052.565;-1.809;3.423
1292161;36.0;26.37;0.560;1.467;2019.656;-1.309;3.352
1292261;35.9;26.37;0.571;1.495;2051.332;-1.936;2.866
1292361;35.9;26.37;0.574;1.441;2036.241;-1.419;3.623
1292461;35.9;26.37;0.565;1.460;2015.116;-1.354;3.407
1292561;35.9;26.37;0.579;1.453;2027.344;-1.487;3.514
1292661;35.9;26.37;0.575;1.448;2049.067;-1.434;3.597
1292761;36.0;26.37;0.577;1.479;2025.501;-1.737;3.072
1292861;36.0;26.37;0.554;1.446;2007.800;-0.739;3.359
1292961;36.0;26.37;0.558;1.440;2020.000;-0.888;3.343
1293061;35.9;26.37;0.535;1.457;2007.400;-0.594;3.181
1293161;35.9;26.37;0.559;1.438;2005.103;-0.832;3.521
1293261;35.9;26.37;0.556;1.482;2017.976;-1.510;3.095
1293361;35.9;26.37;0.540;1.449;2011.596;-0.694;3.328
1293461;35.9;26.37;0.553;1.445;2004.034;-0.688;3.406
1293561;35.9;26.37;0.559;1.440;2034.729;-1.011;3.517
1293661;35.9;26.37;0.549;1.454;2010.253;-0.970;3.463
1293761;36.0;26.37;0.573;1.495;2058.359;-2.065;2.908
1293861;36.0;26.37;0.572;1.447;2052.628;-1.537;3.611
1293961;36.0;26.37;0.557;1.464;2017.317;-1.247;3.413
1294061;35.9;26.37;0.576;1.450;2021.501;-1.332;3.536
1294161;35.9;26.37;0.571;1.437;2051.368;-1.356;3.667
1294261;35.9;26.37;0.576;1.488;2022.180;-1.733;3.076
1294361;35.9;26.37;0.578;1.445;2016.534;-1.333;3.632
1294461;35.9;26.37;0.569;1.440;2045.308;-1.303;3.608
1294561;35.9;26.37;0.556;1.460;2019.526;-1.152;3.424
1294661;35.9;26.37;0.567;1.442;2011.954;-1.020;3.565
1294761;35.9;26.37;0.558;1.472;2010.067;-1.403;3.262
1294861;35.9;26.37;0.548;1.455;2016.710;-0.926;3.418
1294961;35.9;26.37;0.575;1.439;2010.910;-1.158;3.598
1295061;35.9;26.37;0.572;1.439;2040.931;-1.350;3.669
1295161;35.9;26.37;0.541;1.459;2013.663;-0.763;3.313
1295261;35.9;26.37;0.570;1.461;2061.254;-1.694;3.340
1295361;35.9;26.37;0.554;1.441;2031.311;-0.851;3.405
1295461;35.9;26.37;0.534;1.457;2006.367;-0.575;3.296
1295561;35.9;26.37;0.565;1.445;2002.299;-0.899;3.469
1295661;35.9;26.37;0.556;1.441;2032.499;-0.912;3.505
1295761;35.9;26.37;0.575;1.461;2032.173;-1.577;3.297
1295861;35.9;26.37;0.553;1.451;1998.730;-0.670;3.284
1295961;35.9;26.37;0.553;1.443;2022.837;-0.715;3.282
1296061;35.9;26.37;0.491;1.477;1999.781;0.254;2.836
1296161;35.9;26.37;0.560;1.451;1990.305;-0.767;3.334
1296261;35.9;26.37;0.562;1.471;2011.946;-1.406;3.273
1296361;35.9;26.37;0.534;1.461;2006.456;-0.572;3.223
1296461;35.9;26.37;0.552;1.452;2004.027;-0.662;3.356
1296561;35.9;26.37;0.548;1.449;2026.813;-0.734;3.383
1296661;35.9;26.37;0.540;1.456;2003.455;-0.664;3.314
1296761;36.0;26.37;0.586;1.461;2055.235;-1.885;3.407
1296861;36.0;26.37;0.568;1.445;2043.650;-1.228;3.616
1296961;36.0;26.37;0.554;1.462;2016.987;-1.118;3.475
1297061;36.1;26.37;0.582;1.442;2014.506;-1.307;3.662
1297161;36.1;26.37;0.562;1.443;2037.030;-1.015;3.533
1297261;36.0;26.37;0.581;1.466;2025.035;-1.621;3.255
1297361;36.0;26.37;0.557;1.453;2002.910;-0.742;3.358
1297461;36.0;26.37;0.547;1.450;2031.314;-0.743;3.381
1297561;35.9;26.37;0.542;1.460;2005.785;-0.709;3.237
1297661;35.9;26.37;0.556;1.448;1996.968;-0.649;3.316
1297761;36.1;26.37;0.556;1.452;2021.188;-1.227;3.400
1297861;36.1;26.37;0.488;1.482;1992.055;0.330;2.805
1297961;36.1;26.37;0.558;1.450;1988.006;-0.647;3.301
1298061;36.1;26.37;0.550;1.444;2018.512;-0.662;3.374
1298161;36.1;26.37;0.548;1.460;2004.384;-0.750;3.264
1298261;36.1;26.37;0.567;1.439;2045.884;-1.331;3.597
1298361;36.1;26.37;0.469;1.476;2011.547;0.791;2.718
1298461;36.1;26.37;0.465;1.489;2001.075;0.711;2.635
1298561;36.0;26.37;0.563;1.451;1989.709;-0.772;3.369
1298661;36.0;26.37;0.556;1.446;2018.343;-0.800;3.423
1298761;36.1;26.37;0.574;1.456;2028.043;-1.425;3.462
1298861;36.1;26.37;0.549;1.452;1995.573;-0.516;3.226
1298961;36.1;26.37;0.488;1.476;2014.996;0.486;2.756
1299061;36.1;26.37;0.425;1.487;1994.840;1.423;2.622
1299161;36.1;26.37;0.481;1.477;1982.780;0.699;2.839
1299261;36.0;26.37;0.554;1.459;2020.376;-1.203;3.409
1299361;36.0;26.37;0.544;1.466;1999.350;-0.706;3.237
1299461;36.0;26.37;0.562;1.449;1998.734;-0.760;3.387
1299561;36.1;26.37;0.551;1.445;2015.829;-0.604;3.348
1299661;36.1;26.37;0.541;1.465;2001.307;-0.668;3.245
1299761;36.1;26.37;0.579;1.462;2051.003;-1.713;3.432
1299861;36.1;26.37;0.553;1.447;2026.643;-0.750;3.453
1299961;36.1;26.37;0.543;1.460;2010.358;-0.620;3.324
1300061;36.2;26.37;0.551;1.458;2002.084;-0.588;3.316
1300161;36.2;26.37;0.560;1.441;2026.506;-0.799;3.409
1300261;36.1;26.37;0.555;1.451;2003.784;-0.746;3.412
1300361;36.1;26.37;0.443;1.470;1982.879;1.307;2.960
1300461;36.1;26.37;0.449;1.469;2008.609;1.114;2.911
1300561;36.0;26.37;0.427;1.490;1993.674;1.389;2.641
1300661;36.0;26.37;0.433;1.467;1981.709;1.431;3.008
1300761;36.0;26.37;0.541;1.457;2007.929;-0.686;3.185
1300861;36.0;26.37;0.393;1.473;1991.329;1.689;2.960
1300961;36.0;26.37;0.434;1.465;1969.510;1.414;3.058
1301061;36.0;26.37;0.441;1.464;2004.740;1.200;2.985
1301161;36.0;26.37;0.460;1.494;1996.470;0.867;2.596
1301261;36.0;26.37;0.558;1.439;2040.030;-0.979;3.506
1301361;36.0;26.37;0.434;1.464;2005.236;1.295;3.012
1301461;36.0;26.37;0.408;1.478;1992.903;1.607;2.881
1301561;36.0;26.37;0.443;1.472;1980.694;1.306;2.888
1301661;36.0;26.37;0.535;1.456;2012.650;-0.331;3.264
1301761;36.0;26.37;0.576;1.457;2016.062;-1.418;3.484
1301861;36.0;26.37;0.528;1.470;1986.910;-0.089;3.083
1301961;36.0;26.37;0.460;1.476;2011.736;0.975;2.838
1302061;36.0;26.37;0.418;1.489;1996.653;1.478;2.735
1302161;36.0;26.37;0.441;1.472;1973.845;1.331;2.986
1302261;36.0;26.37;0.556;1.455;2016.311;-1.184;3.471
1302361;36.0;26.37;0.488;1.487;1999.760;0.407;2.772
1302461;36.0;26.37;0.552;1.452;1993.251;-0.550;3.386
1302561;36.0;26.37;0.459;1.480;2007.657;0.996;2.824
1302661;36.0;26.37;0.410;1.483;1998.249;1.602;2.808
1302761;36.1;26.37;0.555;1.441;2028.374;-0.835;3.487
1302861;36.1;26.37;0.449;1.470;1998.954;1.189;2.954
1302961;36.1;26.37;0.435;1.492;1991.149;1.335;2.705
1303061;36.1;26.37;0.465;1.479;1982.202;0.973;2.917
1303161;36.1;26.37;0.443;1.469;2009.326;1.236;2.959
1303261;36.0;26.37;0.561;1.449;1997.677;-0.822;3.372
1303361;36.0;26.37;0.416;1.455;1960.088;1.511;3.195
1303461;36.0;26.37;0.414;1.452;1989.073;1.450;3.195
1303561;36.0;26.37;0.393;1.477;2000.373;1.695;2.915
1303661;36.0;26.37;0.419;1.461;1965.499;1.508;3.160
1303761;35.9;26.37;0.541;1.458;2003.263;-0.630;3.185
1303861;35.9;26.37;0.377;1.455;1985.590;1.699;3.248
1303961;35.9;26.37;0.413;1.456;1963.134;1.488;3.248
1304061;35.9;26.37;0.416;1.456;1988.377;1.478;3.163
1304161;35.9;26.37;0.403;1.487;1992.159;1.616;2.844
1304261;35.9;26.37;0.562;1.440;2027.383;-0.882;3.492
1304361;35.9;26.37;0.436;1.466;2001.484;1.312;3.048
1304461;35.9;26.37;0.394;1.476;1991.041;1.707;2.942
1304561;35.9;26.37;0.427;1.472;1972.345;1.481;3.063
1304661;35.9;26.37;0.438;1.462;2001.830;1.284;3.096
1304761;35.9;26.37;0.576;1.450;2011.494;-1.220;3.615
1304861;35.9;26.37;0.468;1.481;1977.463;0.972;2.946
1304961;35.9;26.37;0.432;1.463;2000.898;1.325;3.079
1305061;35.9;26.37;0.400;1.478;1997.305;1.655;2.934
1305161;35.9;26.37;0.420;1.462;1972.933;1.491;3.148
1305261;35.9;26.37;0.409;1.487;1992.640;1.640;2.712
1305361;35.9;26.37;0.389;1.472;1995.389;1.665;3.035
1305461;35.9;26.37;0.424;1.460;1971.339;1.501;3.186
1305561;35.9;26.37;0.419;1.450;1999.445;1.442;3.217
1305661;35.9;26.37;0.379;1.461;1986.226;1.707;3.195
1305761;36.0;26.37;0.434;1.459;2004.115;1.287;3.095
1305861;36.0;26.37;0.412;1.453;1994.482;1.466;3.198
1305961;36.0;26.37;0.391;1.471;1982.748;1.693;3.096
1306061;36.0;26.37;0.419;1.466;1965.391;1.494;3.176
1306161;36.0;26.37;0.402;1.447;1997.303;1.582;3.248
1306261;35.9;26.37;0.557;1.455;1995.041;-0.629;3.284
1306361;35.9;26.37;0.404;1.452;1958.073;1.599;3.273
1306461;35.9;26.37;0.387;1.447;1985.689;1.637;3.238
1306561;35.9;26.37;0.371;1.461;1985.313;1.758;3.167
1306661;35.9;26.37;0.408;1.450;1967.135;1.502;3.341
1306761;36.0;26.37;0.417;1.488;2000.509;1.477;2.663
1306861;36.0;26.37;0.364;1.457;1984.365;1.792;3.215
1306961;36.0;26.37;0.382;1.449;1955.064;1.765;3.264
1307061;36.1;26.37;0.394;1.447;1988.904;1.610;3.291
1307161;36.1;26.37;0.389;1.471;1979.138;1.706;3.127
1307261;36.2;26.37;0.580;1.446;2048.316;-1.531;3.598
1307361;36.2;26.37;0.421;1.460;2002.007;1.460;3.182
1307461;36.2;26.37;0.390;1.479;1992.348;1.690;3.008
1307561;36.2;26.37;0.419;1.460;1960.861;1.498;3.268
1307661;36.2;26.37;0.413;1.457;1991.742;1.485;3.207
1307761;36.1;26.37;0.564;1.452;2005.338;-0.896;3.505
1307861;36.1;26.37;0.436;1.478;1978.423;1.417;3.019
1307961;36.1;26.37;0.414;1.458;1996.058;1.472;3.251
1308061;36.0;26.37;0.379;1.467;1989.250;1.697;3.160
1308161;36.0;26.37;0.395;1.454;1971.142;1.599;3.309
1308261;36.1;26.37;0.414;1.487;1998.155;1.531;2.705
1308361;36.1;26.37;0.353;1.459;1974.268;1.939;3.174
1308461;36.1;26.37;0.392;1.452;1950.897;1.674;3.337
1308561;36.1;26.37;0.388;1.446;1987.895;1.663;3.290
1308661;36.1;26.37;0.362;1.463;1982.362;1.802;3.210
1308761;36.0;26.37;0.417;1.454;1993.569;1.432;3.204
1308861;36.0;26.37;0.362;1.453;1982.248;1.908;3.141
1308961;36.0;26.37;0.371;1.456;1977.795;1.767;3.257
1309061;36.1;26.37;0.404;1.458;1964.748;1.555;3.291
1309161;36.1;26.37;0.393;1.448;1986.397;1.607;3.357
1309261;36.2;26.37;0.422;1.471;1968.035;1.509;3.069
1309361;36.2;26.37;0.379;1.453;1960.993;1.818;3.221
1309461;36.2;26.37;0.353;1.452;1980.633;2.068;3.179
1309561;36.1;26.37;0.336;1.464;1979.525;2.130;3.068
1309661;36.1;26.37;0.379;1.456;1960.113;1.821;3.219
1309761;36.2;26.37;0.411;1.483;1994.777;1.565;2.831
1309861;36.2;26.37;0.349;1.467;1980.589;1.979;3.086
1309961;36.2;26.37;0.361;1.454;1950.305;2.012;3.214
1310061;36.3;26.37;0.342;1.452;1978.001;2.160;3.134
1310161;36.3;26.37;0.369;1.462;1983.728;1.783;3.236
1310261;36.2;26.37;0.462;1.480;2015.723;0.941;2.784
1310361;36.2;26.37;0.397;1.446;1979.182;1.651;3.364
1310461;36.2;26.37;0.379;1.465;1994.694;1.666;3.208
1310561;36.1;26.37;0.399;1.453;1963.680;1.607;3.331
1310661;36.1;26.37;0.380;1.457;1987.007;1.741;3.183
1310761;36.1;26.37;0.430;1.466;1957.662;1.479;3.158
1310861;36.1;26.37;0.400;1.454;1967.221;1.575;3.398
1310961;36.1;26.37;0.386;1.447;1983.567;1.719;3.328
1311061;36.1;26.37;0.345;1.465;1984.204;2.025;3.108
1311161;36.1;26.37;0.354;1.457;1965.643;2.052;3.175
1311261;36.3;26.37;0.358;1.458;1989.377;1.883;3.138
1311361;36.3;26.37;0.262;1.474;1984.557;3.102;2.843
1311461;36.3;26.37;0.327;1.458;1949.968;2.395;3.180
1311561;36.3;26.37;0.311;1.460;1975.670;2.607;2.998
1311661;36.3;26.37;0.318;1.466;1979.255;2.363;3.045
1311761;36.3;26.37;0.403;1.455;1995.011;1.553;3.175
1311861;36.3;26.37;0.276;1.468;1969.607;3.082;2.909
1311961;36.3;26.37;0.250;1.477;1977.222;3.280;2.812
1312061;36.2;26.37;0.326;1.460;1953.540;2.391;3.126
1312161;36.2;26.37;0.351;1.459;1971.446;2.118;3.134
1312261;36.3;26.37;0.436;1.476;1974.591;1.408;2.945
1312361;36.3;26.37;0.360;1.457;1962.555;1.956;3.236
1312461;36.3;26.37;0.321;1.465;1984.158;2.431;2.956
1312561;36.2;26.37;0.314;1.470;1985.292;2.380;3.021
1312661;36.2;26.37;0.353;1.458;1947.999;2.126;3.210
1312761;36.2;26.37;0.384;1.470;1985.943;1.707;3.110
1312861;36.2;26.43;0.321;1.471;1981.361;2.294;3.066
1312961;36.2;26.43;0.354;1.460;1958.666;2.056;3.228
1313061;36.2;26.43;0.275;1.470;1983.873;3.060;2.825
1313161;36.2;26.43;0.295;1.471;1976.916;2.630;3.037
1313261;36.2;26.43;0.408;1.456;1993.711;1.537;3.221
1313361;36.2;26.43;0.353;1.457;1976.509;2.084;3.170
1313461;36.2;26.43;0.328;1.469;1986.269;2.248;3.057
1313561;36.2;26.43;0.321;1.461;1962.925;2.455;3.063
1313661;36.2;26.43;0.271;1.474;1973.162;3.158;2.798
1313761;36.1;26.43;0.408;1.465;1971.420;1.548;3.188
1313861;36.1;26.43;0.350;1.461;1944.167;2.149;3.195
1313961;36.1;26.43;0.322;1.464;1976.631;2.445;2.989
1314061;36.2;26.43;0.299;1.473;1984.049;2.601;2.972
1314161;36.2;26.43;0.316;1.461;1953.649;2.582;3.113
1314261;36.2;26.43;0.374;1.457;1986.895;1.689;3.192
1314361;36.2;26.43;0.397;1.521;1983.454;-0.046;2.010
1314461;36.2;26.43;0.205;1.495;1953.196;4.039;2.471
1314561;36.2;26.43;0.201;1.497;1967.894;4.089;2.371
1314661;36.2;26.43;0.185;1.495;1974.616;4.231;2.544
1314761;36.1;26.43;0.381;1.451;1983.844;1.753;3.190
1314861;36.1;26.43;0.264;1.515;1976.581;2.639;2.033
1314961;36.1;26.43;0.160;1.511;1971.214;4.488;2.279
1315061;36.1;26.43;0.255;1.475;1949.551;3.401;2.860
1315161;36.1;26.43;0.288;1.467;1979.178;2.925;2.906
1315261;36.1;26.43;0.428;1.466;1973.856;1.443;3.199
1315361;36.1;26.43;0.356;1.455;1948.796;2.069;3.332
1315461;36.1;26.43;0.300;1.467;1984.342;2.714;2.972
1315561;36.1;26.43;0.212;1.489;1980.514;3.816;2.684
1315661;36.1;26.43;0.290;1.470;1951.432;2.941;2.971
1315761;36.1;26.43;0.390;1.471;1985.132;1.683;3.085
1315861;36.1;26.43;0.219;1.492;1980.454;3.721;2.663
1315961;36.1;26.43;0.219;1.486;1956.064;3.893;2.662
1316061;36.0;26.43;0.388;1.515;1977.308;0.376;2.078
1316161;36.0;26.43;0.201;1.546;1969.598;3.478;1.657
1316261;36.0;26.43;0.361;1.452;1980.719;1.964;3.176
1316361;36.0;26.43;0.204;1.496;1966.489;4.093;2.427
1316461;36.0;26.43;0.272;1.480;1973.782;3.003;2.924
1316561;36.0;26.43;0.248;1.478;1954.902;3.497;2.823
1316661;36.0;26.43;0.346;1.517;1982.009;1.172;2.045
1316761;35.9;26.43;0.419;1.462;1972.452;1.494;3.185
1316861;35.9;26.43;0.208;1.496;1951.199;4.008;2.530
1316961;35.9;26.43;0.214;1.490;1971.297;3.963;2.587
1317061;36.0;26.43;0.157;1.508;1982.454;4.539;2.315
1317161;36.0;26.43;0.208;1.493;1958.184;4.032;2.547
1317261;36.1;26.43;0.314;1.470;1984.609;2.357;2.951
1317361;36.1;26.43;0.489;1.524;1990.446;-1.895;2.130
1317461;36.1;26.43;0.467;1.507;1959.927;-1.247;2.367
1317561;36.1;26.43;0.192;1.545;1972.724;3.714;1.604
1317661;36.1;26.43;0.405;1.529;1971.509;-0.112;2.015
1317761;36.2;26.43;0.375;1.452;1976.503;1.844;3.234
1317861;36.2;26.43;0.353;1.523;1980.856;1.001;1.912
1317961;36.2;26.43;0.107;1.556;1981.216;5.031;1.558
1318061;36.1;26.43;0.201;1.504;1946.683;4.091;2.447
1318161;36.1;26.43;0.203;1.514;1968.638;3.892;2.152
1318261;36.1;26.43;0.405;1.456;1968.846;1.528;3.368
1318361;36.1;26.43;0.284;1.475;1956.128;3.044;2.931
1318461;36.1;26.43;0.214;1.488;1975.585;3.984;2.611
1318561;36.1;26.43;0.360;1.534;1979.858;0.692;1.943
1318661;36.1;26.43;0.166;1.549;1960.781;4.236;1.637
1318761;36.1;26.43;0.214;1.489;1973.144;3.818;2.681
1318861;36.1;26.43;0.101;1.557;1985.807;5.095;1.572
1318961;36.1;26.43;0.176;1.549;1958.166;4.065;1.654
1319061;36.1;26.43;0.242;1.568;1985.544;2.781;1.253
1319161;36.1;26.43;0.258;1.571;1998.028;2.114;1.351
1319261;36.1;26.43;0.293;1.464;1974.535;2.787;2.987
1319361;36.1;26.43;0.482;1.509;1980.650;-1.568;2.296
1319461;36.1;26.43;0.104;1.554;1981.654;5.149;1.619
1319561;36.1;26.43;0.211;1.512;1956.604;3.886;2.306
1319661;36.1;26.43;0.156;1.547;1979.248;4.408;1.615
1319761;36.0;26.43;0.216;1.506;1951.018;3.785;2.235
1319861;36.0;26.50;0.482;1.507;1956.489;-1.380;2.371
1319961;36.0;26.50;0.196;1.547;1979.152;3.597;1.651
1320061;36.0;26.50;0.105;1.560;1975.275;5.171;1.561
1320161;36.0;26.50;0.215;1.543;1953.823;3.609;1.785
1320261;36.0;26.50;0.258;1.476;1978.922;3.150;2.825
1320361;36.0;26.50;0.212;1.582;1994.375;2.991;1.164
1320461;36.0;26.50;0.282;1.563;1949.966;2.201;1.486
1320561;36.0;26.50;0.250;1.570;1980.830;2.550;1.305
1320661;36.0;26.50;0.484;1.529;1985.994;-1.756;2.158
1320761;36.1;26.50;0.343;1.457;1974.209;2.197;3.164
1320861;36.1;26.43;0.270;1.540;1984.086;2.270;1.753
1320961;36.1;26.43;0.483;1.528;1989.231;-1.819;2.170
1321061;36.1;26.43;0.467;1.511;1957.673;-1.217;2.382
1321161;36.1;26.43;0.163;1.550;1975.326;4.330;1.648
1321261;36.0;26.43;0.357;1.461;1952.581;2.055;3.229
1321361;36.0;26.43;0.290;1.534;1954.769;2.253;1.974
1321461;36.0;26.43;0.481;1.514;1989.212;-1.572;2.282
1321561;36.0;26.43;0.484;1.534;1987.355;-1.852;2.092
1321661;36.0;26.43;0.328;1.546;1961.235;1.368;1.746
1321761;35.9;26.43;0.164;1.519;1974.012;4.353;2.132
1321861;35.9;26.50;0.449;1.533;1992.614;-1.410;2.151
1321961;35.9;26.50;0.283;1.559;1957.334;2.170;1.591
1322061;35.9;26.50;0.472;1.519;1993.254;-1.382;2.230
1322161;35.9;26.50;0.451;1.529;2008.325;-1.286;2.167
1322261;36.0;26.50;0.390;1.517;1978.617;0.308;1.989
1322361;36.0;26.50;0.464;1.518;1979.210;-1.325;2.315
1322461;36.0;26.50;0.277;1.567;1989.954;1.846;1.516
1322561;36.0;26.50;0.263;1.562;1963.827;2.491;1.584
1322661;36.0;26.50;0.465;1.518;1990.615;-1.335;2.260
1322761;36.1;26.50;0.237;1.514;1957.344;3.213;2.207
1322861;36.1;26.50;0.453;1.524;1966.087;-0.994;2.278
1322961;36.1;26.50;0.477;1.522;1984.731;-1.505;2.257
1323061;36.0;26.50;0.471;1.530;1986.197;-1.554;2.163
1323161;36.0;26.50;0.173;1.553;1956.384;4.142;1.711
1323261;36.0;26.50;0.203;1.493;1979.946;3.941;2.600
1323361;36.0;26.50;0.464;1.533;2005.310;-1.579;2.143
1323461;36.0;26.50;0.450;1.522;1972.014;-0.811;2.301
1323561;36.0;26.50;0.469;1.524;1983.904;-1.322;2.242
1323661;36.0;26.50;0.471;1.530;1998.899;-1.631;2.171
1323761;36.0;26.50;0.205;1.509;1977.416;3.829;2.208
1323861;36.0;26.50;0.473;1.525;1996.613;-1.463;2.245
1323961;36.0;26.50;0.447;1.531;2001.932;-1.120;2.209
1324061;36.0;26.50;0.440;1.528;1978.140;-0.622;2.151
1324161;36.0;26.50;0.453;1.526;1999.169;-0.975;2.194
1324261;36.0;26.50;0.233;1.512;1957.741;3.377;2.226
1324361;36.0;26.50;0.451;1.520;1962.987;-0.950;2.348
1324461;36.0;26.50;0.478;1.523;1989.930;-1.552;2.253
1324561;36.0;26.50;0.469;1.535;2001.482;-1.571;2.181
1324661;36.0;26.50;0.435;1.526;1972.346;-0.501;2.237
1324761;36.0;26.50;0.441;1.533;1974.007;-0.826;1.984
1324861;36.0;26.50;0.440;1.535;2005.800;-0.982;2.149
1324961;36.0;26.50;0.441;1.528;1976.125;-0.587;2.176
1325061;36.0;26.50;0.455;1.530;2000.961;-0.931;2.131
1325161;36.0;26.50;0.442;1.538;2016.718;-0.960;2.087
1325261;36.0;26.50;0.473;1.511;1985.417;-1.492;2.233
1325361;36.0;26.50;0.479;1.535;2013.245;-1.235;2.027
1325461;36.0;26.50;0.439;1.539;2001.855;-0.916;2.096
1325561;36.1;26.50;0.444;1.529;1975.251;-0.621;2.190
1325661;36.1;26.50;0.468;1.523;1990.332;-1.255;2.272
1325761;36.2;26.50;0.224;1.487;1954.258;3.859;2.660
1325861;36.2;26.50;0.439;1.533;1975.619;-0.572;2.153
1325961;36.2;26.50;0.457;1.531;1995.001;-0.941;2.172
1326061;36.2;26.50;0.457;1.537;1996.381;-1.353;2.153
1326161;36.2;26.50;0.399;1.540;1962.052;0.100;2.088
1326261;36.1;26.50;0.182;1.502;1978.300;4.266;2.484
1326361;36.1;26.50;0.443;1.542;2003.987;-1.059;2.096
1326461;36.1;26.50;0.433;1.534;1984.310;-0.446;2.130
1326561;36.1;26.50;0.490;1.528;2024.835;-1.361;2.107
1326661;36.1;26.50;0.478;1.545;2027.414;-1.443;1.992
1326761;36.1;26.50;0.302;1.560;1986.608;1.614;1.478
1326861;36.1;26.50;0.472;1.536;2004.498;-1.065;2.086
1326961;36.1;26.50;0.448;1.549;2019.428;-0.986;1.956
1327061;36.1;26.50;0.463;1.535;1987.449;-0.891;2.098
1327161;36.1;26.50;0.487;1.536;2007.857;-1.330;2.084
1327261;36.1;26.50;0.464;1.511;1952.894;-1.146;2.384
1327361;36.1;26.50;0.439;1.539;1976.888;-0.541;2.100
1327461;36.1;26.50;0.456;1.533;1996.002;-0.922;2.127
1327561;36.1;26.50;0.441;1.544;2019.394;-0.922;2.043
1327661;36.1;26.50;0.437;1.537;1984.240;-0.506;2.085
1327761;36.1;26.50;0.448;1.531;2014.955;-1.154;2.139
1327861;36.1;26.50;0.506;1.538;2030.507;-1.816;2.097
1327961;36.1;26.50;0.485;1.538;1995.109;-1.219;2.139
1328061;36.2;26.50;0.519;1.528;2022.680;-1.771;2.198
1328161;36.2;26.50;0.500;1.540;2032.587;-1.764;2.102
1328261;36.3;26.50;0.459;1.525;1991.951;-1.035;2.112
1328361;36.3;26.50;0.541;1.526;2019.168;-2.039;2.230
1328461;36.3;26.50;0.488;1.543;2021.470;-1.556;2.050
1328561;36.3;26.50;0.453;1.538;1980.123;-0.683;2.131
1328661;36.3;26.50;0.451;1.538;1994.157;-0.786;2.132
1328761;36.3;26.50;0.167;1.546;1958.649;4.296;1.740
1328861;36.3;26.50;0.442;1.537;1982.415;-0.581;2.150
1328961;36.3;26.50;0.474;1.537;2007.188;-1.101;2.100
1329061;36.3;26.50;0.459;1.547;2016.587;-1.157;2.031
1329161;36.3;26.50;0.438;1.538;1977.845;-0.457;2.157
1329261;36.2;26.50;0.486;1.532;1988.742;-1.843;2.144
1329361;36.2;26.50;0.458;1.551;2023.165;-1.122;1.944
1329461;36.2;26.50;0.480;1.536;1999.428;-1.187;2.152
1329561;36.2;26.50;0.547;1.520;2029.855;-2.114;2.324
1329661;36.2;26.50;0.547;1.523;2038.968;-2.237;2.361
1329761;36.2;26.50;0.461;1.527;1992.147;-1.108;2.136
1329861;36.2;26.50;0.534;1.527;2013.662;-1.964;2.308
1329961;36.2;26.50;0.492;1.545;2025.362;-1.578;2.076
1330061;36.3;26.50;0.487;1.536;2005.828;-1.278;2.146
1330161;36.3;26.50;0.541;1.523;2023.675;-2.050;2.328
1330261;36.2;26.50;0.449;1.527;1964.131;-0.828;2.244
1330361;36.2;26.50;0.492;1.534;1992.904;-1.323;2.233
1330461;36.2;26.50;0.494;1.536;2013.634;-1.381;2.139
1330561;36.2;26.50;0.483;1.547;2029.580;-1.472;2.054
1330661;36.2;26.50;0.487;1.539;1990.666;-1.242;2.163
1330761;36.1;26.50;0.448;1.539;2024.454;-1.029;2.081
1330861;36.1;26.50;0.540;1.531;2042.156;-2.210;2.266
1330961;36.1;26.50;0.522;1.531;1993.586;-1.707;2.314
1331061;36.2;26.50;0.527;1.525;2012.227;-1.862;2.303
1331161;36.2;26.50;0.508;1.542;2028.834;-1.807;2.136
1331261;36.1;26.50;0.450;1.531;1997.215;-0.750;2.083
1331361;36.1;26.50;0.559;1.519;2021.554;-2.182;2.417
1331461;36.1;26.50;0.546;1.531;2037.232;-2.307;2.315
1331561;36.1;26.50;0.496;1.531;1995.210;-1.386;2.238
1331661;36.1;26.50;0.497;1.538;2010.647;-1.434;2.143
1331761;36.2;26.50;0.373;1.545;1962.184;0.505;1.972
1331861;36.2;26.43;0.496;1.539;1998.919;-1.382;2.141
1331961;36.2;26.43;0.548;1.531;2027.321;-2.064;2.293
1332061;36.2;26.43;0.553;1.531;2042.320;-2.347;2.294
1332161;36.2;26.43;0.512;1.533;1989.776;-1.606;2.300
1332261;36.2;26.43;0.474;1.531;1995.260;-1.710;2.228
1332361;36.2;26.43;0.496;1.548;2026.618;-1.641;2.090
1332461;36.2;26.43;0.508;1.535;2008.643;-1.565;2.245
1332561;36.2;26.43;0.570;1.515;2023.852;-2.247;2.490
1332661;36.2;26.43;0.568;1.509;2048.929;-2.281;2.600
1332761;36.2;26.43;0.466;1.535;2005.735;-1.028;2.074
1332861;36.2;26.50;0.553;1.520;2025.437;-2.115;2.465
1332961;36.2;26.50;0.553;1.531;2037.605;-2.296;2.298
1333061;36.2;26.50;0.532;1.531;2011.028;-1.838;2.296
1333161;36.2;26.50;0.572;1.509;2031.148;-2.165;2.534
1333261;36.2;26.50;0.444;1.541;1979.617;-0.596;2.041
1333361;36.2;26.50;0.547;1.525;2004.190;-1.960;2.447
1333461;36.2;26.50;0.567;1.516;2018.388;-2.222;2.470
1333561;36.2;26.50;0.525;1.541;2034.455;-2.022;2.181
1333661;36.2;26.50;0.490;1.540;1992.412;-1.269;2.222
1333761;36.1;26.50;0.447;1.537;2012.010;-1.111;2.138
1333861;36.1;26.43;0.561;1.524;2041.835;-2.354;2.461
1333961;36.1;26.43;0.543;1.520;2015.023;-1.864;2.459
1334061;36.1;26.43;0.556;1.525;2025.005;-2.242;2.439
1334161;36.1;26.43;0.552;1.529;2033.737;-2.320;2.429
1334261;36.1;26.43;0.455;1.537;2008.317;-0.811;2.041
1334361;36.1;26.43;0.573;1.511;2033.528;-2.232;2.548
1334461;36.1;26.43;0.570;1.514;2043.545;-2.248;2.583
1334561;36.1;26.43;0.555;1.520;2005.289;-1.931;2.498
1334661;36.1;26.43;0.575;1.519;2026.143;-2.311;2.525
1334761;36.2;26.43;0.438;1.530;1970.412;-0.491;2.240
1334861;36.2;26.43;0.536;1.528;2004.284;-1.855;2.402
1334961;36.2;26.43;0.571;1.513;2032.534;-2.179;2.546
1335061;36.2;26.43;0.571;1.515;2049.699;-2.314;2.549
1335161;36.2;26.43;0.548;1.520;2009.126;-1.848;2.533
1335261;36.2;26.43;0.455;1.546;2008.787;-1.101;2.103
1335361;36.2;26.43;0.565;1.524;2040.894;-2.428;2.438
1335461;36.2;26.43;0.541;1.523;2012.575;-1.879;2.460
1335561;36.2;26.43;0.576;1.506;2033.192;-2.188;2.608
1335661;36.2;26.43;0.572;1.500;2049.363;-2.108;2.787
1335761;36.1;26.43;0.497;1.534;2010.863;-1.449;2.071
1335861;36.1;26.43;0.569;1.495;2030.169;-1.794;2.831
1335961;36.1;26.43;0.573;1.498;2049.620;-2.061;2.778
1336061;36.0;26.43;0.549;1.516;2011.633;-1.697;2.585
1336161;36.0;26.43;0.571;1.496;2034.122;-1.821;2.748
1336261;36.1;26.43;0.536;1.520;2009.441;-1.862;2.412
1336361;36.1;26.43;0.552;1.513;2013.606;-1.742;2.616
1336461;36.1;26.43;0.569;1.514;2026.157;-2.137;2.606
1336561;36.2;26.43;0.568;1.522;2041.557;-2.370;2.544
1336661;36.2;26.43;0.542;1.528;2009.474;-1.930;2.419
1336761;36.0;26.43;0.449;1.544;2015.157;-0.985;2.107
1336861;36.0;26.43;0.573;1.516;2053.887;-2.418;2.573
1336961;36.0;26.43;0.548;1.519;2017.639;-1.773;2.534
1337061;36.0;26.43;0.576;1.509;2030.232;-2.114;2.598
1337161;36.0;26.43;0.576;1.509;2055.416;-2.343;2.644
1337261;36.1;26.43;0.517;1.527;2014.621;-1.729;2.272
1337361;36.1;26.43;0.573;1.481;2035.498;-1.800;2.973
1337461;36.1;26.43;0.571;1.488;2051.203;-1.862;2.957
1337561;36.1;26.43;0.548;1.496;2011.223;-1.544;2.907
1337661;36.1;26.43;0.571;1.498;2021.798;-1.836;2.804
1337761;36.1;26.43;0.483;1.538;1990.382;-1.186;2.155
1337861;36.1;26.43;0.548;1.520;2017.585;-1.830;2.537
1337961;36.1;26.43;0.574;1.511;2024.530;-1.959;2.607
1338061;36.0;26.43;0.567;1.491;2054.302;-1.900;2.912
1338161;36.0;26.43;0.553;1.495;2018.720;-1.673;2.869
1338261;36.0;26.43;0.494;1.539;2029.575;-1.622;2.128
1338361;36.0;26.43;0.581;1.513;2040.434;-2.424;2.619
1338461;36.0;26.43;0.549;1.515;2024.783;-1.756;2.607
1338561;36.0;26.43;0.569;1.484;2031.468;-1.682;2.984
1338661;36.0;26.43;0.574;1.478;2056.820;-1.897;3.105
1338761;36.2;26.43;0.568;1.516;2027.500;-2.277;2.460
1338861;36.2;26.43;0.582;1.468;2025.169;-1.731;3.197
1338961;36.2;26.43;0.581;1.478;2049.132;-1.989;3.112
1339061;36.2;26.43;0.548;1.506;2023.890;-1.593;2.733
1339161;36.2;26.43;0.577;1.490;2027.249;-1.856;2.941
1339261;36.2;26.43;0.534;1.528;2005.416;-1.872;2.314
1339361;36.2;26.43;0.551;1.496;2017.064;-1.541;2.902
1339461;36.2;26.43;0.574;1.503;2028.719;-1.924;2.764
1339561;36.2;26.43;0.579;1.506;2048.814;-2.288;2.739
1339661;36.2;26.43;0.550;1.527;2016.214;-1.825;2.514
1339761;36.2;26.43;0.514;1.543;2034.164;-1.877;2.183
1339861;36.2;26.43;0.569;1.517;2049.644;-2.112;2.648
1339961;36.2;26.43;0.554;1.499;2020.180;-1.674;2.862
1340061;36.3;26.43;0.576;1.474;2029.471;-1.667;3.131
1340161;36.3;26.43;0.580;1.482;2042.337;-1.954;3.112
1340261;36.2;26.43;0.561;1.517;2019.750;-2.209;2.469
1340361;36.2;26.43;0.576;1.470;2028.691;-1.706;3.191
1340461;36.2;26.43;0.573;1.469;2051.721;-1.686;3.384
1340561;36.3;26.43;0.549;1.467;2022.983;-1.295;3.246
1340661;36.3;26.43;0.574;1.483;2021.117;-1.673;3.088
1340761;36.2;26.43;0.527;1.531;1994.126;-1.756;2.333
1340861;36.2;26.43;0.559;1.486;2018.388;-1.607;3.045
1340961;36.2;26.43;0.577;1.487;2032.598;-1.806;2.972
1341061;36.1;26.43;0.580;1.476;2053.192;-1.941;3.182
1341161;36.1;26.43;0.556;1.464;2021.477;-1.344;3.282
1341261;36.2;26.43;0.569;1.515;2043.783;-2.302;2.557
1341361;36.2;26.43;0.578;1.473;2057.814;-1.881;3.240
1341461;36.2;26.43;0.549;1.500;2012.412;-1.508;2.926
1341561;36.2;26.43;0.580;1.474;2029.659;-1.725;3.160
1341661;36.2;26.43;0.579;1.463;2049.624;-1.802;3.346
1341761;36.2;26.43;0.573;1.510;2035.469;-2.220;2.533
1341861;36.2;26.43;0.578;1.454;2020.711;-1.480;3.439
1341961;36.2;26.43;0.576;1.453;2044.966;-1.673;3.471
1342061;36.1;26.43;0.557;1.477;2023.011;-1.494;3.155
1342161;36.1;26.43;0.579;1.475;2028.879;-1.719;3.144
1342261;36.1;26.43;0.550;1.519;2013.654;-1.937;2.528
1342361;36.1;26.43;0.559;1.466;2019.435;-1.413;3.309
1342461;36.1;26.43;0.582;1.464;2025.372;-1.503;3.429
1342561;36.2;26.43;0.580;1.461;2056.307;-1.766;3.346
1342661;36.2;26.43;0.556;1.481;2011.041;-1.485;3.186
1342761;36.2;26.43;0.552;1.533;2028.315;-2.297;2.348
1342861;36.2;26.43;0.575;1.471;2048.685;-1.807;3.301
1342961;36.2;26.43;0.557;1.473;2022.619;-1.440;3.223
1343061;36.2;26.43;0.583;1.456;2023.543;-1.615;3.437
1343161;36.2;26.43;0.576;1.446;2047.020;-1.542;3.533
1343261;36.2;26.43;0.573;1.508;2033.933;-2.065;2.616
1343361;36.2;26.43;0.581;1.456;2027.317;-1.529;3.417
1343461;36.2;26.43;0.578;1.446;2044.562;-1.577;3.575
1343561;36.2;26.43;0.553;1.449;2024.064;-1.159;3.462
1343661;36.2;26.43;0.572;1.438;2012.962;-1.159;3.559
1343761;36.3;26.43;0.540;1.521;2014.268;-1.602;2.503
1343861;36.3;26.43;0.562;1.459;2013.548;-1.348;3.391
1343961;36.3;26.43;0.579;1.454;2018.715;-1.473;3.480
1344061;36.3;26.43;0.579;1.453;2053.509;-1.663;3.476
1344161;36.3;26.43;0.560;1.464;2020.159;-1.402;3.371
1344261;36.3;26.43;0.550;1.540;2033.144;-2.321;2.218
1344361;36.3;26.43;0.577;1.443;2048.137;-1.570;3.599
1344461;36.3;26.43;0.559;1.476;2020.256;-1.476;3.203
1344561;36.3;26.43;0.583;1.478;2024.422;-1.719;3.225
1344661;36.3;26.43;0.580;1.465;2053.245;-1.752;3.413
1344761;36.3;26.43;0.572;1.510;2028.460;-1.995;2.627
1344861;36.3;26.43;0.574;1.446;2019.223;-1.246;3.492
1344961;36.3;26.43;0.572;1.440;2045.615;-1.408;3.607
1345061;36.3;26.43;0.555;1.451;2013.045;-1.172;3.475
1345161;36.3;26.43;0.577;1.443;2021.528;-1.326;3.558
1345261;36.2;26.43;0.550;1.520;2008.722;-1.773;2.508
1345361;36.2;26.43;0.551;1.455;2025.126;-1.147;3.426
1345461;36.2;26.43;0.571;1.439;2010.750;-1.115;3.556
1345561;36.3;26.43;0.568;1.433;2037.101;-1.239;3.650
1345661;36.3;26.43;0.558;1.453;2016.872;-1.213;3.461
1345761;36.2;26.43;0.569;1.520;2047.081;-2.293;2.565
1345861;36.2;26.43;0.575;1.456;2051.229;-1.594;3.528
1345961;36.2;26.43;0.554;1.460;2020.791;-1.239;3.416
1346061;36.2;26.43;0.576;1.447;2018.374;-1.283;3.517
1346161;36.2;26.43;0.567;1.435;2036.941;-1.223;3.674
1346261;36.2;26.43;0.580;1.492;2023.419;-1.931;2.868
1346361;36.2;26.43;0.566;1.449;2015.974;-1.095;3.467
1346461;36.2;26.43;0.567;1.434;2047.727;-1.243;3.632
1346561;36.2;26.43;0.538;1.452;2007.835;-0.720;3.340
1346661;36.2;26.43;0.549;1.451;2001.985;-0.602;3.222
1346761;36.3;26.43;0.555;1.476;2016.435;-1.408;3.199
1346861;36.3;26.43;0.557;1.462;2015.150;-1.199;3.389
1346961;36.3;26.43;0.581;1.451;2012.601;-1.427;3.557
1347061;36.2;26.43;0.579;1.451;2046.784;-1.617;3.615
1347161;36.2;26.43;0.559;1.458;2021.273;-1.248;3.428
1347261;36.2;26.43;0.576;1.492;2053.986;-2.072;2.947
1347361;36.2;26.43;0.582;1.439;2040.596;-1.507;3.654
1347461;36.2;26.43;0.559;1.464;2011.842;-1.302;3.428
1347561;36.2;26.43;0.576;1.454;2030.201;-1.437;3.495
1347661;36.2;26.43;0.583;1.454;2054.361;-1.690;3.526
1347761;36.2;26.43;0.579;1.477;2029.583;-1.765;3.140
1347861;36.2;26.43;0.557;1.451;2008.565;-0.757;3.299
1347961;36.2;26.43;0.558;1.439;2021.607;-0.852;3.411
1348061;36.3;26.43;0.531;1.459;2011.463;-0.599;3.217
1348161;36.3;26.43;0.556;1.443;1998.393;-0.772;3.498
1348261;36.2;26.43;0.556;1.481;2018.299;-1.521;3.106
1348361;36.2;26.43;0.540;1.459;2017.235;-0.792;3.285
1348461;36.2;26.43;0.564;1.448;1998.064;-0.808;3.302
1348561;36.3;26.43;0.555;1.441;2021.315;-0.826;3.442
1348661;36.3;26.43;0.533;1.456;2007.718;-0.615;3.306
1348761;36.2;26.43;0.583;1.471;2051.743;-1.899;3.272
1348861;36.2;26.43;0.572;1.441;2041.930;-1.312;3.663
1348961;36.2;26.43;0.543;1.460;2016.868;-0.879;3.356
1349061;36.1;26.43;0.560;1.446;2007.203;-0.796;3.382
1349161;36.1;26.43;0.563;1.438;2029.062;-0.945;3.468
1349261;36.2;26.43;0.576;1.446;2018.030;-1.346;3.512
1349361;36.2;26.43;0.554;1.450;1999.671;-0.711;3.347
1349461;36.2;26.43;0.554;1.441;2019.272;-0.750;3.382
1349561;36.2;26.43;0.526;1.465;2010.784;-0.459;3.152
1349661;36.2;26.43;0.559;1.449;2000.910;-0.782;3.340
1349761;36.2;26.43;0.560;1.470;2016.160;-1.417;3.285
1349861;36.2;26.43;0.533;1.464;2001.851;-0.561;3.205
1349961;36.2;26.43;0.573;1.445;2002.457;-1.058;3.573
1350061;36.3;26.43;0.581;1.446;2036.650;-1.455;3.706
1350161;36.3;26.43;0.549;1.456;2017.318;-0.988;3.457
1350261;36.3;26.43;0.578;1.466;2057.409;-1.767;3.324
1350361;36.3;26.43;0.551;1.447;2032.458;-0.725;3.331
1350461;36.3;26.43;0.537;1.467;2007.328;-0.675;3.275
1350561;36.3;26.43;0.564;1.445;1999.832;-0.872;3.493
1350661;36.3;26.43;0.562;1.442;2036.139;-0.980;3.526
1350761;36.3;26.43;0.578;1.465;2028.996;-1.517;3.286
1350861;36.3;26.43;0.559;1.450;1988.823;-0.684;3.309
1350961;36.3;26.43;0.449;1.465;2011.491;1.104;2.844
1351061;36.3;26.43;0.457;1.486;1998.108;0.818;2.724
1351161;36.3;26.43;0.500;1.476;1985.810;0.368;2.842
1351261;36.2;26.43;0.557;1.462;2015.717;-1.319;3.420
1351361;36.2;26.43;0.534;1.460;2009.593;-0.576;3.227
1351461;36.2;26.43;0.539;1.459;1990.833;-0.338;3.153
1351561;36.2;26.43;0.456;1.468;2008.795;1.051;2.840
1351661;36.2;26.43;0.509;1.474;1995.457;-0.056;2.974
1351761;36.2;26.43;0.578;1.434;2044.982;-1.478;3.658
1351861;36.2;26.43;0.567;1.438;2018.861;-0.890;3.482
1351961;36.2;26.43;0.539;1.464;2010.213;-0.717;3.252
1352061;36.3;26.43;0.557;1.448;1989.929;-0.679;3.347
1352161;36.3;26.43;0.542;1.446;2016.845;-0.476;3.323
1352261;36.2;26.43;0.570;1.445;2014.985;-1.179;3.515
1352361;36.2;26.43;0.559;1.446;1988.716;-0.655;3.388
1352461;36.2;26.43;0.552;1.445;2015.137;-0.686;3.405
1352561;36.2;26.43;0.529;1.463;2005.014;-0.415;3.157
1352661;36.2;26.43;0.497;1.474;1994.316;0.408;2.825
1352761;36.3;26.43;0.548;1.449;2020.060;-0.953;3.429
1352861;36.3;26.43;0.493;1.482;1994.002;0.274;2.835
1352961;36.3;26.43;0.541;1.457;1987.327;-0.338;3.225
1353061;36.2;26.43;0.557;1.446;2011.082;-0.742;3.379
1353161;36.2;26.43;0.544;1.463;2009.343;-0.740;3.303
1353261;36.2;26.43;0.562;1.437;2036.689;-1.039;3.618
1353361;36.2;26.43;0.461;1.475;2006.010;0.943;2.855
1353461;36.2;26.43;0.434;1.493;2005.658;1.215;2.593
1353561;36.2;26.43;0.544;1.454;1980.065;-0.371;3.276
1353661;36.2;26.43;0.557;1.448;2017.788;-0.763;3.381
1353761;36.3;26.43;0.580;1.464;2027.405;-1.562;3.323
1353861;36.3;26.43;0.461;1.482;1986.203;1.053;2.728
1353961;36.3;26.43;0.444;1.468;1999.383;1.231;2.925
1354061;36.3;26.43;0.404;1.479;2000.570;1.603;2.810
1354161;36.3;26.43;0.433;1.468;1981.297;1.396;2.956
1354261;36.3;26.43;0.545;1.453;2015.517;-0.881;3.393
1354361;36.3;26.43;0.431;1.490;1998.051;1.279;2.666
1354461;36.3;26.43;0.438;1.467;1980.563;1.351;2.977
1354561;36.3;26.43;0.422;1.456;2001.431;1.445;3.092
1354661;36.3;26.43;0.406;1.481;1987.252;1.589;2.859
1354761;36.3;26.43;0.568;1.434;2031.887;-1.130;3.666
1354861;36.3;26.43;0.458;1.475;2009.067;1.018;2.852
1354961;36.3;26.43;0.494;1.480;2003.723;0.230;2.851
1355061;36.3;26.43;0.558;1.449;1989.550;-0.578;3.329
1355161;36.3;26.43;0.487;1.475;2007.600;0.561;2.898
1355261;36.2;26.43;0.570;1.448;2009.060;-1.107;3.576
1355361;36.2;26.43;0.451;1.478;1981.547;1.235;2.817
1355461;36.2;26.43;0.451;1.471;2012.603;1.114;2.876
1355561;36.2;26.43;0.429;1.497;1999.611;1.272;2.669
1355661;36.2;26.43;0.441;1.470;1981.109;1.329;2.950
1355761;36.3;26.43;0.532;1.458;2009.925;-0.582;3.239
1355861;36.3;26.43;0.393;1.475;1999.539;1.654;2.948
1355961;36.3;26.43;0.431;1.466;1963.570;1.456;3.081
1356061;36.3;26.43;0.430;1.456;1997.939;1.351;3.141
1356161;36.3;26.43;0.417;1.486;1996.060;1.499;2.760
1356261;36.3;26.43;0.567;1.437;2036.574;-1.203;3.679
1356361;36.3;26.43;0.427;1.462;1997.624;1.377;3.130
1356461;36.3;26.43;0.392;1.479;1996.217;1.694;2.912
1356561;36.3;26.43;0.431;1.468;1973.081;1.392;3.050
1356661;36.3;26.43;0.454;1.465;1998.255;1.130;3.026
1356761;36.2;26.43;0.558;1.447;2000.120;-0.737;3.451
1356861;36.2;26.43;0.433;1.471;1983.718;1.404;2.989
1356961;36.2;26.43;0.424;1.452;1999.577;1.397;3.182
1357061;36.1;26.43;0.388;1.471;1996.974;1.643;2.984
1357161;36.1;26.43;0.407;1.452;1963.513;1.565;3.239
1357261;36.1;26.43;0.520;1.471;1998.569;-0.255;3.028
1357361;36.1;26.43;0.383;1.471;1997.579;1.731;3.023
1357461;36.1;26.43;0.429;1.470;1971.209;1.448;3.048
1357561;36.1;26.43;0.418;1.448;1992.904;1.456;3.249
1357661;36.1;26.43;0.386;1.474;1988.909;1.692;3.052
1357761;36.1;26.43;0.561;1.440;2024.398;-0.867;3.444
1357861;36.1;26.43;0.430;1.457;1993.447;1.363;3.217
1357961;36.1;26.43;0.420;1.494;1993.645;1.443;2.756
1358061;36.1;26.43;0.448;1.480;1985.940;1.250;2.913
1358161;36.1;26.43;0.441;1.470;2008.483;1.249;3.025
1358261;36.2;26.43;0.556;1.451;2004.414;-0.767;3.426
1358361;36.2;26.43;0.425;1.465;1974.625;1.484;3.119
1358461;36.2;26.43;0.416;1.447;1987.682;1.489;3.330
1358561;36.2;26.43;0.387;1.472;1997.279;1.652;3.042
1358661;36.2;26.43;0.417;1.462;1963.895;1.521;3.210
1358761;36.2;26.43;0.454;1.489;2000.056;0.929;2.634
1358861;36.2;26.43;0.371;1.459;1993.274;1.697;3.125
1358961;36.2;26.43;0.401;1.454;1961.130;1.610;3.279
1359061;36.2;26.43;0.407;1.448;1980.237;1.581;3.293
1359161;36.2;26.43;0.381;1.467;1990.924;1.728;3.107
1359261;36.2;26.43;0.556;1.444;2026.340;-0.738;3.402
1359361;36.2;26.43;0.416;1.450;1996.559;1.426;3.254
1359461;36.2;26.43;0.374;1.460;1992.709;1.717;3.140
1359561;36.2;26.43;0.407;1.458;1964.354;1.519;3.218
1359661;36.2;26.43;0.406;1.449;1980.003;1.568;3.249
1359761;36.3;26.43;0.548;1.451;1997.174;-0.548;3.359
1359861;36.3;26.43;0.413;1.454;1975.143;1.500;3.325
1359961;36.3;26.43;0.396;1.444;1987.023;1.597;3.324
1360061;36.3;26.43;0.376;1.459;1989.075;1.687;3.209
1360161;36.3;26.43;0.390;1.449;1962.030;1.702;3.270
1360261;36.3;26.43;0.436;1.492;1996.462;1.206;2.670
1360361;36.3;26.43;0.381;1.465;1992.060;1.657;3.153
1360461;36.3;26.43;0.412;1.462;1968.518;1.521;3.201
1360561;36.3;26.43;0.416;1.454;1987.108;1.480;3.258
1360661;36.3;26.43;0.378;1.461;1991.271;1.681;3.218
1360761;36.2;26.43;0.449;1.466;1999.544;1.184;2.950
1360861;36.2;26.43;0.403;1.448;1987.602;1.572;3.313
1360961;36.2;26.43;0.391;1.475;1992.087;1.635;3.103
1361061;36.2;26.43;0.424;1.465;1966.872;1.469;3.196
1361161;36.2;26.43;0.417;1.456;1995.232;1.473;3.213
1361261;36.3;26.43;0.555;1.461;1998.222;-0.658;3.257
1361361;36.3;26.43;0.403;1.454;1969.703;1.576;3.295
1361461;36.3;26.43;0.376;1.453;1975.043;1.807;3.160
1361561;36.3;26.43;0.364;1.462;1983.093;1.784;3.224
1361661;36.3;26.43;0.393;1.452;1967.449;1.597;3.336
1361761;36.3;26.43;0.414;1.487;2001.250;1.487;2.767
1361861;36.3;26.43;0.332;1.465;1986.774;2.138;3.020
1361961;36.3;26.43;0.358;1.454;1957.050;2.002;3.193
1362061;36.3;26.43;0.372;1.450;1978.390;1.828;3.202
1362161;36.3;26.43;0.362;1.460;1972.985;1.894;3.230
1362261;36.3;26.43;0.564;1.440;2016.227;-0.917;3.556
1362361;36.3;26.43;0.400;1.453;1988.228;1.599;3.273
1362461;36.3;26.43;0.354;1.467;1992.872;1.877;3.131
1362561;36.3;26.43;0.357;1.449;1952.619;2.029;3.301
1362661;36.3;26.43;0.352;1.450;1969.341;2.073;3.148
1362761;36.3;26.43;0.480;1.480;1973.922;0.807;2.821
1362861;36.3;26.37;0.413;1.459;1963.266;1.512;3.275
1362961;36.3;26.37;0.400;1.453;1986.704;1.610;3.267
1363061;36.3;26.37;0.359;1.466;1987.532;1.825;3.132
1363161;36.3;26.37;0.376;1.449;1963.397;1.788;3.280
1363261;36.3;26.37;0.408;1.483;1992.786;1.584;2.820
1363361;36.3;26.37;0.338;1.462;1974.501;2.124;3.114
1363461;36.3;26.37;0.391;1.450;1953.804;1.693;3.330
1363561;36.4;26.37;0.388;1.449;1985.190;1.649;3.310
1363661;36.4;26.37;0.368;1.459;1992.049;1.749;3.278
1363761;36.3;26.37;0.428;1.454;1993.139;1.382;3.180
1363861;36.3;26.43;0.348;1.455;1972.012;2.119;3.061
1363961;36.3;26.43;0.349;1.465;1983.539;1.983;3.118
1364061;36.3;26.43;0.394;1.454;1954.405;1.691;3.368
1364161;36.3;26.43;0.390;1.447;1976.145;1.666;3.342
1364261;36.4;26.43;0.435;1.475;1978.482;1.420;2.971
1364361;36.4;26.43;0.381;1.450;1964.476;1.743;3.304
1364461;36.4;26.43;0.335;1.463;1980.999;2.239;3.035
1364561;36.3;26.43;0.280;1.476;1975.717;2.824;2.892
1364661;36.3;26.43;0.353;1.457;1957.484;2.097;3.187
1364761;36.2;26.43;0.389;1.469;1992.035;1.643;3.114
1364861;36.2;26.43;0.291;1.472;1982.331;2.658;2.947
1364961;36.2;26.43;0.284;1.465;1955.641;2.978;2.912
1365061;36.3;26.43;0.208;1.482;1959.413;4.040;2.516
1365161;36.3;26.43;0.281;1.474;1983.633;2.807;2.918
1365261;36.3;26.43;0.419;1.456;1990.856;1.438;3.229
1365361;36.3;26.43;0.369;1.454;1968.479;1.937;3.206
1365461;36.3;26.43;0.325;1.471;1987.916;2.240;3.009
1365561;36.2;26.43;0.351;1.455;1958.915;2.125;3.211
1365661;36.2;26.43;0.340;1.457;1970.965;2.194;3.124
1365761;36.3;26.43;0.426;1.461;1969.147;1.471;3.200
1365861;36.3;26.43;0.392;1.455;1963.499;1.718;3.341
1365961;36.3;26.43;0.390;1.451;1982.411;1.650;3.297
1366061;36.3;26.43;0.345;1.466;1988.144;1.989;3.143
1366161;36.3;26.43;0.355;1.454;1957.024;2.062;3.224
1366261;36.3;26.43;0.375;1.467;1993.738;1.760;3.089
1366361;36.3;26.43;0.284;1.474;1986.967;3.176;2.788
1366461;36.3;26.43;0.330;1.458;1949.335;2.379;3.192
1366561;36.3;26.43;0.317;1.461;1970.164;2.547;3.027
1366661;36.3;26.43;0.297;1.477;1987.436;2.595;2.875
1366761;36.1;26.43;0.392;1.448;1984.477;1.655;3.216
1366861;36.1;26.43;0.194;1.498;1963.808;4.146;2.268
1366961;36.1;26.43;0.169;1.503;1983.575;4.383;2.405
1367061;36.1;26.43;0.280;1.465;1950.036;3.067;3.016
1367161;36.1;26.43;0.320;1.460;1971.973;2.504;3.030
1367261;36.3;26.43;0.411;1.462;1968.173;1.514;3.214
1367361;36.3;26.43;0.283;1.467;1954.080;2.994;2.992
1367461;36.3;26.43;0.229;1.478;1974.559;3.739;2.657
1367561;36.3;26.43;0.159;1.507;1990.619;4.455;2.340
1367661;36.3;26.43;0.240;1.475;1946.089;3.602;2.835
1367761;36.3;26.43;0.360;1.462;1992.097;1.789;3.165
1367861;36.3;26.43;0.227;1.531;1990.347;3.057;1.931
1367961;36.3;26.43;0.232;1.515;1948.379;3.386;2.137
1368061;36.3;26.43;0.360;1.521;1964.291;0.923;1.949
1368161;36.3;26.43;0.386;1.532;1980.771;0.114;1.874
1368261;36.2;26.43;0.387;1.449;1977.170;1.729;3.243
1368361;36.2;26.43;0.304;1.469;1970.707;2.708;2.931
1368461;36.2;26.43;0.300;1.478;1977.900;2.587;2.973
1368561;36.2;26.43;0.314;1.464;1953.453;2.638;3.086
1368661;36.2;26.43;0.272;1.469;1967.774;3.150;2.876
1368761;36.3;26.43;0.398;1.450;1959.405;1.592;3.404
1368861;36.3;26.43;0.356;1.460;1943.952;2.121;3.256
1368961;36.3;26.43;0.330;1.460;1985.302;2.344;3.049
1369061;36.4;26.43;0.283;1.478;1987.717;2.794;2.940
1369161;36.4;26.43;0.259;1.473;1955.172;3.349;2.930
1369261;36.4;26.43;0.346;1.463;1982.828;2.020;3.111
1369361;36.4;26.43;0.106;1.557;1988.220;5.032;1.479
1369461;36.4;26.43;0.390;1.515;1955.921;0.432;2.158
1369561;36.4;26.43;0.272;1.516;1963.755;2.594;2.059
1369661;36.4;26.43;0.243;1.531;1979.116;2.795;1.967
1369761;36.5;26.43;0.337;1.454;1975.736;2.274;3.071
1369861;36.5;26.43;0.160;1.546;1972.533;4.318;1.590
1369961;36.5;26.43;0.306;1.539;1981.240;1.623;1.848
1370061;36.4;26.43;0.398;1.517;1951.059;0.299;2.141
1370161;36.4;26.43;0.270;1.519;1966.455;2.604;2.034
1370261;36.4;26.43;0.393;1.452;1966.741;1.625;3.310
1370361;36.4;26.43;0.213;1.508;1948.033;3.790;2.294
1370461;36.4;26.43;0.386;1.521;1977.680;0.442;2.036
1370561;36.4;26.43;0.129;1.562;1988.506;4.440;1.438
1370661;36.4;26.43;0.192;1.539;1960.347;3.883;1.765
1370761;36.3;26.43;0.336;1.467;1978.613;2.130;3.068
1370861;36.3;26.43;0.156;1.561;1989.134;4.020;1.487
1370961;36.3;26.43;0.165;1.543;1959.343;4.336;1.637
1371061;36.4;26.43;0.483;1.506;1974.381;-1.550;2.320
1371161;36.4;26.43;0.464;1.525;1984.337;-1.608;2.156
1371261;36.4;26.43;0.343;1.458;1969.095;2.207;3.101
1371361;36.4;26.43;0.226;1.515;1972.450;3.477;2.154
1371461;36.4;26.43;0.169;1.504;1983.818;4.420;2.465
1371561;36.4;26.43;0.225;1.490;1948.880;3.847;2.670
1371661;36.4;26.43;0.391;1.518;1984.306;0.355;2.049
1371761;36.4;26.43;0.412;1.454;1962.556;1.535;3.292
1371861;36.4;26.43;0.305;1.517;1956.664;2.006;2.164
1371961;36.4;26.43;0.215;1.512;1967.955;3.723;2.214
1372061;36.4;26.43;0.336;1.532;1989.489;1.089;2.001
1372161;36.4;26.43;0.392;1.520;1958.483;0.376;2.130
1372261;36.4;26.43;0.277;1.477;1988.696;2.841;2.811
1372361;36.4;26.43;0.273;1.571;1997.908;1.848;1.387
1372461;36.4;26.43;0.387;1.538;1963.627;0.206;1.896
1372561;36.4;26.43;0.271;1.559;1975.389;2.220;1.457
1372661;36.4;26.43;0.476;1.529;1984.990;-1.715;2.164
1372761;36.4;26.43;0.313;1.462;1973.827;2.601;2.958
1372861;36.4;26.43;0.262;1.562;1982.952;2.365;1.391
1372961;36.4;26.43;0.449;1.532;2001.589;-1.398;2.118
1373061;36.4;26.43;0.273;1.556;1961.184;2.307;1.559
1373161;36.4;26.43;0.217;1.572;1976.461;3.306;1.215
1373261;36.4;26.43;0.308;1.467;1947.221;2.698;3.022
1373361;36.4;26.43;0.157;1.544;1953.223;4.535;1.725
1373461;36.4;26.43;0.155;1.547;1962.974;4.561;1.653
1373561;36.4;26.43;0.490;1.530;1995.131;-2.007;2.102
1373661;36.4;26.43;0.479;1.516;1956.380;2.316;1.526
1373761;36.3;26.43;0.243;1.485;1980.653;3.349;2.769
1373861;36.3;26.43;0.483;1.528;1993.988;-1.857;2.189
1373961;36.3;26.43;0.483;1.513;1951.432;-1.412;2.327
1374061;36.3;26.43;0.233;1.575;1981.640;2.963;1.179
1374161;36.3;26.43;0.451;1.530;2001.339;-1.450;2.156
1374261;36.3;26.43;0.256;1.472;1968.055;3.363;2.843
1374361;36.3;26.43;0.258;1.566;1985.492;2.380;1.346
1374461;36.3;26.43;0.484;1.527;1987.733;-1.844;2.200
1374561;36.4;26.43;0.412;1.520;1958.102;0.068;2.196
1374661;36.4;26.43;0.474;1.515;1972.935;-1.340;2.322
1374761;36.3;26.43;0.257;1.470;1949.263;3.394;2.868
1374861;36.3;26.43;0.450;1.519;1968.959;-0.969;2.237
1374961;36.3;26.43;0.240;1.573;1973.715;2.877;1.259
1375061;36.4;26.43;0.493;1.532;1984.140;-1.973;2.138
1375161;36.4;26.43;0.479;1.517;1959.401;-1.339;2.302
1375261;36.4;26.43;0.164;1.506;1989.672;4.400;2.313
1375361;36.4;26.43;0.462;1.530;2007.083;-1.562;2.156
1375461;36.4;26.43;0.437;1.527;1973.158;-0.581;2.141
1375561;36.3;26.43;0.458;1.524;1991.561;-0.930;2.185
1375661;36.3;26.43;0.460;1.529;2013.654;-1.232;2.166
1375761;36.3;26.43;0.198;1.497;1972.525;4.139;2.410
1375861;36.3;26.43;0.483;1.521;1983.341;-1.478;2.223
1375961;36.3;26.43;0.443;1.536;2018.962;-1.124;2.086
1376061;36.3;26.43;0.457;1.521;1967.971;-0.991;2.294
1376161;36.3;26.43;0.464;1.515;1980.395;-1.223;2.352
1376261;36.3;26.43;0.338;1.458;1942.768;2.313;3.210
1376361;36.3;26.43;0.479;1.517;1955.799;-1.406;2.290
1376461;36.3;26.43;0.492;1.519;1972.138;-1.595;2.277
1376561;36.3;26.43;0.176;1.594;1999.145;3.629;1.090
1376661;36.3;26.43;0.311;1.552;1957.265;1.601;1.743
1376761;36.3;26.43;0.410;1.532;1986.824;-0.302;1.973
1376861;36.3;26.43;0.453;1.533;2000.780;-1.312;2.189
1376961;36.3;26.43;0.320;1.548;1962.271;1.446;1.821
1377061;36.3;26.43;0.475;1.523;1979.207;-1.313;2.239
1377161;36.3;26.43;0.444;1.534;2018.750;-1.086;2.151
1377261;36.3;26.43;0.165;1.546;1973.575;4.254;1.583
1377361;36.3;26.43;0.470;1.527;1983.066;-1.248;2.199
1377461;36.3;26.43;0.458;1.531;2015.842;-1.450;2.199
1377561;36.3;26.43;0.398;1.536;1958.068;0.034;2.073
1377661;36.3;26.43;0.473;1.522;1987.611;-1.361;2.258
1377761;36.3;26.43;0.261;1.516;1949.317;2.851;2.181
1377861;36.3;26.43;0.433;1.535;1979.058;-0.523;2.070
1377961;36.3;26.43;0.456;1.527;1991.020;-0.871;2.172
1378061;36.3;26.43;0.467;1.535;2009.220;-1.667;2.187
1378161;36.3;26.43;0.450;1.519;1959.737;-0.932;2.332
1378261;36.2;26.43;0.154;1.515;1985.721;4.547;2.235
1378361;36.2;26.43;0.441;1.539;2016.617;-0.965;2.060
1378461;36.2;26.43;0.447;1.536;1986.830;-0.687;2.067
1378561;36.4;26.43;0.470;1.536;1995.481;-1.041;2.029
1378661;36.4;26.43;0.443;1.544;2018.644;-0.968;2.005
1378761;36.3;26.43;0.219;1.542;1960.224;3.463;1.720
1378861;36.3;26.37;0.473;1.527;1986.783;-1.309;2.190
1378961;36.3;26.37;0.442;1.536;2016.808;-1.075;2.111
1379061;36.3;26.37;0.442;1.535;1985.659;-0.671;2.091
1379161;36.3;26.37;0.450;1.529;1990.347;-0.813;2.177
1379261;36.3;26.37;0.206;1.496;1952.621;4.068;2.545
1379361;36.3;26.37;0.310;1.554;1956.547;1.593;1.776
1379461;36.3;26.37;0.288;1.569;1976.836;1.972;1.448
1379561;36.2;26.37;0.470;1.535;2003.661;-1.722;2.186
1379661;36.2;26.37;0.445;1.530;1971.313;-0.739;2.214
1379761;36.2;26.37;0.468;1.529;1987.329;-1.675;2.128
1379861;36.2;26.43;0.441;1.542;2014.248;-0.964;2.097
1379961;36.2;26.43;0.438;1.530;1973.111;-0.603;2.195
1380061;36.2;26.43;0.456;1.533;1996.274;-0.853;2.106
1380161;36.2;26.43;0.451;1.546;2029.360;-1.060;1.944
1380261;36.3;26.43;0.476;1.519;1991.127;-1.437;2.216
1380361;36.3;26.43;0.472;1.534;1997.555;-1.116;2.128
1380461;36.3;26.43;0.440;1.544;2018.235;-0.886;2.065
1380561;36.2;26.43;0.439;1.528;1967.929;-0.532;2.286
1380661;36.2;26.43;0.459;1.534;1991.078;-0.957;2.119
1380761;36.3;26.43;0.445;1.518;1963.914;-0.805;2.276
1380861;36.3;26.37;0.448;1.541;1988.647;-0.735;2.025
1380961;36.3;26.37;0.469;1.539;2000.310;-1.008;2.012
1381061;36.3;26.37;0.460;1.538;2024.142;-1.224;2.135
1381161;36.3;26.37;0.439;1.532;1978.316;-0.575;2.202
1381261;36.4;26.37;0.276;1.482;1982.989;2.888;2.924
1381361;36.4;26.37;0.457;1.545;2033.135;-1.163;2.027
1381461;36.4;26.37;0.466;1.539;1998.444;-0.970;2.019
1381561;36.3;26.37;0.519;1.527;2013.154;-1.729;2.207
1381661;36.3;26.37;0.495;1.539;2030.296;-1.697;2.166
1381761;36.3;26.37;0.249;1.568;1974.258;2.633;1.351
1381861;36.3;26.37;0.468;1.536;2001.394;-0.925;2.096
1381961;36.3;26.37;0.440;1.547;2024.255;-0.921;2.038
1382061;36.3;26.37;0.458;1.538;1987.626;-0.807;2.075
1382161;36.3;26.37;0.481;1.533;1997.555;-1.203;2.151
1382261;36.3;26.37;0.181;1.542;1950.827;4.127;1.828
1382361;36.3;26.37;0.444;1.538;1984.173;-0.675;2.126
1382461;36.3;26.37;0.454;1.534;1987.995;-0.823;2.210
1382561;36.3;26.37;0.443;1.544;2026.167;-0.915;2.077
1382661;36.3;26.37;0.443;1.537;1985.820;-0.566;2.118
1382761;36.3;26.37;0.473;1.532;2010.326;-1.782;2.127
1382861;36.3;26.37;0.492;1.537;2032.267;-1.644;2.144
1382961;36.3;26.37;0.462;1.538;1997.081;-1.138;2.072
1383061;36.3;26.37;0.497;1.539;2006.071;-1.393;2.131
1383161;36.3;26.37;0.507;1.536;2044.435;-1.838;2.188
1383261;36.3;26.37;0.455;1.524;1985.991;-0.900;2.217
1383361;36.3;26.37;0.551;1.520;2009.151;-2.080;2.384
1383461;36.3;26.37;0.517;1.540;2034.426;-1.933;2.101
1383561;36.3;26.37;0.469;1.541;1992.542;-0.996;2.144
1383661;36.3;26.37;0.489;1.542;1994.003;-1.181;2.094
1383761;36.3;26.37;0.266;1.563;1958.747;2.494;1.459
1383861;36.3;26.43;0.494;1.537;2001.171;-1.357;2.117
1383961;36.3;26.43;0.531;1.529;2010.270;-1.902;2.268
1384061;36.3;26.43;0.509;1.540;2035.003;-1.857;2.154
1384161;36.3;26.43;0.469;1.540;1987.376;-0.996;2.146
1384261;36.3;26.43;0.489;1.530;1995.372;-1.914;2.157
1384361;36.3;26.43;0.471;1.548;2030.150;-1.337;2.043
1384461;36.3;26.43;0.495;1.533;1993.589;-1.394;2.200
1384561;36.3;26.43;0.535;1.521;2024.167;-1.940;2.328
1384661;36.3;26.43;0.534;1.529;2043.608;-2.165;2.327
1384761;36.3;26.43;0.461;1.526;1989.811;-1.002;2.211
1384861;36.3;26.37;0.512;1.533;2006.056;-1.583;2.233
1384961;36.3;26.37;0.506;1.542;2043.076;-1.862;2.181
1385061;36.3;26.37;0.494;1.539;2000.877;-1.362;2.114
1385161;36.3;26.37;0.544;1.525;2011.962;-2.019;2.355
1385261;36.3;26.37;0.445;1.521;1956.279;-0.792;2.314
1385361;36.3;26.37;0.496;1.540;1998.738;-1.412;2.161
1385461;36.3;26.37;0.506;1.533;2015.718;-1.530;2.179
1385561;36.2;26.37;0.491;1.547;2032.666;-1.552;2.087
1385661;36.2;26.37;0.497;1.537;1993.008;-1.370;2.182
1385761;36.2;26.37;0.444;1.538;2024.222;-1.021;2.101
1385861;36.2;26.43;0.548;1.534;2056.249;-2.323;2.243
1385961;36.2;26.43;0.514;1.536;1991.046;-1.607;2.278
1386061;36.3;26.43;0.542;1.524;2010.015;-1.954;2.377
1386161;36.3;26.43;0.553;1.527;2049.100;-2.393;2.348
1386261;36.2;26.43;0.469;1.531;2006.313;-1.017;2.082
1386361;36.2;26.43;0.566;1.507;2023.584;-2.043;2.595
1386461;36.2;26.43;0.570;1.514;2049.967;-2.343;2.569
1386561;36.3;26.43;0.540;1.527;2002.235;-1.904;2.338
1386661;36.3;26.43;0.547;1.521;2016.066;-2.077;2.398
1386761;36.4;26.43;0.434;1.541;1970.519;-0.437;2.080
1386861;36.4;26.43;0.517;1.531;2007.211;-1.704;2.273
1386961;36.4;26.43;0.557;1.519;2022.731;-2.084;2.464
1387061;36.3;26.43;0.560;1.525;2054.032;-2.468;2.450
1387161;36.3;26.43;0.522;1.534;1994.279;-1.716;2.289
1387261;36.4;26.43;0.446;1.540;2011.035;-1.139;2.123
1387361;36.4;26.43;0.514;1.544;2041.741;-1.908;2.171
1387461;36.4;26.43;0.520;1.536;1999.218;-1.668;2.256
1387561;36.4;26.43;0.560;1.520;2011.927;-2.113;2.467
1387661;36.4;26.43;0.572;1.517;2058.077;-2.443;2.503
1387761;36.3;26.43;0.471;1.534;2001.874;-1.027;2.074
1387861;36.3;26.37;0.572;1.516;2019.279;-2.273;2.515
1387961;36.3;26.37;0.565;1.530;2042.877;-2.468;2.397
1388061;36.3;26.37;0.540;1.526;2006.771;-1.907;2.381
1388161;36.3;26.37;0.568;1.515;2024.496;-2.140;2.515
1388261;36.3;26.37;0.437;1.538;1976.723;-0.499;2.086
1388361;36.3;26.37;0.540;1.527;2009.620;-1.863;2.405
1388461;36.3;26.37;0.571;1.515;2017.224;-2.185;2.550
1388561;36.4;26.37;0.556;1.531;2047.654;-2.405;2.388
1388661;36.4;26.37;0.524;1.538;1993.826;-1.712;2.279
1388761;36.4;26.37;0.460;1.545;2028.634;-1.185;2.050
1388861;36.4;26.37;0.574;1.516;2059.670;-2.431;2.537
1388961;36.4;26.37;0.549;1.516;2016.489;-1.818;2.513
1389061;36.4;26.37;0.570;1.510;2013.799;-2.026;2.628
1389161;36.4;26.37;0.575;1.508;2057.553;-2.239;2.662
1389261;36.4;26.37;0.525;1.531;2011.276;-1.754;2.212
1389361;36.4;26.37;0.567;1.499;2029.526;-1.852;2.734
1389461;36.4;26.37;0.572;1.485;2060.619;-2.034;2.951
1389561;36.4;26.37;0.549;1.508;2016.390;-1.659;2.645
1389661;36.4;26.37;0.572;1.511;2017.654;-2.044;2.589
1389761;36.4;26.37;0.439;1.534;1981.739;-0.591;2.208
1389861;36.4;26.43;0.535;1.533;2002.705;-1.891;2.390
1389961;36.4;26.43;0.568;1.519;2021.200;-2.199;2.512
1390061;36.4;26.43;0.573;1.517;2050.451;-2.348;2.540
1390161;36.4;26.43;0.551;1.521;2020.939;-1.930;2.499
1390261;36.4;26.43;0.447;1.548;2016.179;-0.997;2.070
1390361;36.4;26.43;0.574;1.525;2053.405;-2.565;2.504
1390461;36.4;26.43;0.545;1.528;2014.396;-1.943;2.387
1390561;36.4;26.43;0.575;1.513;2021.873;-2.153;2.568
1390661;36.4;26.43;0.571;1.509;2052.016;-2.150;2.664
1390761;36.4;26.43;0.469;1.534;1993.387;-1.014;2.081
1390861;36.4;26.43;0.564;1.499;2017.582;-1.729;2.837
1390961;36.4;26.43;0.573;1.508;2049.867;-2.083;2.694
1391061;36.4;26.43;0.554;1.515;2011.821;-1.916;2.618
1391161;36.4;26.43;0.571;1.499;2025.772;-1.858;2.750
1391261;36.4;26.43;0.534;1.528;2005.276;-1.872;2.314
1391361;36.4;26.43;0.551;1.509;2015.844;-1.615;2.672
1391461;36.4;26.43;0.571;1.494;2022.932;-1.838;2.871
1391561;36.3;26.43;0.577;1.506;2051.008;-2.243;2.773
1391661;36.3;26.43;0.550;1.521;2019.793;-1.846;2.518
1391761;36.4;26.43;0.497;1.544;2039.248;-1.704;2.127
1391861;36.4;26.43;0.575;1.507;2051.316;-2.135;2.722
1391961;36.4;26.43;0.550;1.497;2018.246;-1.558;2.852
1392061;36.3;26.43;0.571;1.482;2028.382;-1.709;2.969
1392161;36.3;26.43;0.578;1.501;2057.350;-2.218;2.775
1392261;36.3;26.43;0.528;1.530;2006.151;-1.795;2.268
1392361;36.3;26.43;0.572;1.487;2023.208;-1.646;2.964
1392461;36.3;26.43;0.576;1.476;2064.734;-1.912;3.075
1392561;36.3;26.43;0.551;1.490;2016.323;-1.540;3.023
1392661;36.3;26.43;0.572;1.492;2018.689;-1.785;2.924
1392761;36.3;26.43;0.504;1.536;1997.601;-1.494;2.203
1392861;36.3;26.37;0.554;1.521;2019.850;-1.905;2.519
1392961;36.3;26.37;0.568;1.517;2026.689;-1.977;2.621
1393061;36.3;26.37;0.577;1.490;2056.608;-2.013;2.966
1393161;36.3;26.37;0.553;1.496;2019.451;-1.552;2.895
1393261;36.3;26.37;0.494;1.542;2032.644;-1.641;2.123
1393361;36.3;26.37;0.578;1.520;2045.999;-2.464;2.631
1393461;36.3;26.37;0.556;1.520;2017.502;-1.924;2.543
1393561;36.3;26.37;0.572;1.500;2031.141;-1.847;2.754
1393661;36.3;26.37;0.574;1.487;2065.757;-1.951;3.007
1393761;36.3;26.37;0.571;1.513;2017.719;-2.046;2.542
1393861;36.3;26.43;0.577;1.458;2019.890;-1.578;3.355
1393961;36.3;26.43;0.579;1.469;2058.935;-1.898;3.232
1394061;36.4;26.43;0.551;1.493;2020.703;-1.491;2.974
1394161;36.4;26.43;0.569;1.495;2024.624;-1.702;2.909
1394261;36.3;26.43;0.543;1.529;2017.290;-1.957;2.302
1394361;36.3;26.43;0.562;1.463;2018.637;-1.414;3.288
1394461;36.3;26.43;0.578;1.473;2021.344;-1.650;3.181
1394561;36.3;26.43;0.578;1.476;2053.431;-1.873;3.161
1394661;36.3;26.43;0.555;1.499;2017.189;-1.626;2.872
1394761;36.3;26.43;0.521;1.543;2042.904;-2.019;2.166
1394861;36.3;26.37;0.576;1.489;2065.296;-2.014;3.008
1394961;36.3;26.37;0.557;1.481;2019.749;-1.520;3.124
1395061;36.3;26.37;0.580;1.458;2018.799;-1.566;3.400
1395161;36.3;26.37;0.578;1.463;2051.469;-1.795;3.389
1395261;36.3;26.37;0.572;1.518;2022.907;-2.262;2.504
1395361;36.3;26.37;0.576;1.473;2019.501;-1.596;3.232
1395461;36.3;26.37;0.578;1.460;2052.336;-1.699;3.358
1395561;36.4;26.37;0.561;1.461;2021.434;-1.450;3.330
1395661;36.4;26.37;0.576;1.458;2021.215;-1.507;3.408
1395761;36.4;26.37;0.551;1.521;2009.079;-1.995;2.520
1395861;36.4;26.37;0.553;1.495;2017.654;-1.520;2.993
1395961;36.4;26.37;0.576;1.487;2028.672;-1.738;3.012
1396061;36.4;26.37;0.575;1.481;2060.624;-1.899;3.146
1396161;36.4;26.37;0.557;1.468;2021.108;-1.395;3.278
1396261;36.3;26.37;0.581;1.504;2053.161;-2.355;2.707
1396361;36.3;26.37;0.584;1.469;2052.287;-1.923;3.300
1396461;36.3;26.37;0.554;1.496;2014.154;-1.516;3.025
1396561;36.3;26.37;0.573;1.488;2023.218;-1.701;3.074
1396661;36.3;26.37;0.579;1.454;2056.292;-1.760;3.430
1396761;36.3;26.37;0.563;1.502;2026.868;-1.756;2.712
1396861;36.3;26.37;0.576;1.447;2010.009;-1.334;3.536
1396961;36.3;26.37;0.571;1.439;2039.671;-1.302;3.571
1397061;36.3;26.37;0.557;1.460;2020.647;-1.273;3.383
1397161;36.3;26.37;0.574;1.461;2021.104;-1.430;3.382
1397261;36.3;26.37;0.551;1.509;2018.649;-1.649;2.717
1397361;36.3;26.37;0.552;1.453;2023.229;-1.132;3.374
1397461;36.3;26.37;0.577;1.451;2015.068;-1.390;3.495
1397561;36.4;26.37;0.578;1.454;2052.080;-1.661;3.477
1397661;36.4;26.37;0.562;1.471;2018.569;-1.505;3.344
1397761;36.5;26.37;0.574;1.518;2049.912;-2.361;2.577
1397861;36.5;26.37;0.580;1.455;2054.365;-1.662;3.439
1397961;36.5;26.37;0.564;1.471;2020.501;-1.427;3.282
1398061;36.4;26.37;0.575;1.451;2011.781;-1.373;3.521
1398161;36.4;26.37;0.574;1.442;2042.978;-1.426;3.600
1398261;36.4;26.37;0.569;1.513;2022.518;-1.977;2.596
1398361;36.4;26.37;0.577;1.448;2019.504;-1.350;3.530
1398461;36.4;26.37;0.574;1.433;2042.240;-1.337;3.692
1398561;36.5;26.37;0.547;1.454;2017.042;-0.914;3.365
1398661;36.5;26.37;0.562;1.442;2007.790;-0.949;3.510
1398761;36.4;26.37;0.545;1.520;2020.823;-1.731;2.538
1398861;36.4;26.37;0.565;1.461;2016.441;-1.414;3.421
1398961;36.4;26.37;0.580;1.459;2017.560;-1.519;3.441
1399061;36.4;26.37;0.582;1.451;2051.644;-1.638;3.529
1399161;36.4;26.37;0.558;1.463;2022.260;-1.238;3.356
1399261;36.5;26.37;0.579;1.503;2048.154;-2.219;2.771
1399361;36.5;26.37;0.575;1.436;2045.362;-1.415;3.645
1399461;36.5;26.37;0.567;1.465;2025.887;-1.540;3.366
1399561;36.4;26.37;0.577;1.461;2020.313;-1.456;3.449
1399661;36.4;26.37;0.573;1.442;2043.821;-1.372;3.602
1399761;36.4;26.37;0.571;1.474;2031.815;-1.622;3.157
1399861;36.4;26.37;0.560;1.442;2006.745;-0.846;3.462
1399961;36.4;26.37;0.567;1.435;2035.560;-1.137;3.595
1400061;36.4;26.37;0.544;1.453;2010.552;-0.895;3.426
1400161;36.4;26.37;0.571;1.441;2008.333;-1.069;3.587
1400261;36.5;26.37;0.552;1.515;2010.429;-1.949;2.564
1400361;36.5;26.37;0.549;1.446;2013.616;-0.936;3.489
1400461;36.5;26.37;0.557;1.444;1999.446;-0.753;3.465
1400561;36.4;26.37;0.566;1.434;2037.278;-1.069;3.592
1400661;36.4;26.37;0.558;1.450;2019.800;-1.166;3.476
1400761;36.4;26.37;0.574;1.515;2051.905;-2.360;2.674
1400861;36.4;26.37;0.578;1.442;2050.793;-1.514;3.623
1400961;36.4;26.37;0.558;1.451;2011.936;-1.114;3.512
1401061;36.3;26.37;0.565;1.451;2015.490;-1.099;3.522
1401161;36.3;26.37;0.571;1.436;2036.637;-1.217;3.678
1401261;36.4;26.37;0.576;1.483;2019.715;-1.731;3.057
1401361;36.4;26.37;0.566;1.444;2012.908;-0.921;3.462
1401461;36.4;26.37;0.555;1.441;2038.541;-0.936;3.516
1401561;36.4;26.37;0.542;1.458;2001.597;-0.695;3.307
1401661;36.4;26.37;0.548;1.450;2001.653;-0.601;3.277
1401761;36.4;26.37;0.562;1.464;2018.715;-1.398;3.313
1401861;36.4;26.37;0.548;1.455;2012.116;-0.894;3.409
1401961;36.4;26.37;0.576;1.443;2006.004;-1.152;3.618
1402061;36.4;26.37;0.570;1.442;2042.374;-1.258;3.644
1402161;36.4;26.37;0.553;1.449;2012.891;-1.010;3.506
1402261;36.5;26.37;0.582;1.461;2057.614;-1.859;3.358
1402361;36.5;26.37;0.557;1.439;2030.560;-0.911;3.542
1402461;36.5;26.37;0.551;1.457;2006.434;-0.941;3.413
1402561;36.4;26.37;0.571;1.448;2014.659;-1.139;3.622
1402661;36.4;26.37;0.574;1.436;2044.319;-1.336;3.751
1402761;36.4;26.37;0.576;1.478;2021.959;-1.687;3.163
1402861;36.4;26.37;0.551;1.455;2005.630;-0.673;3.336
1402961;36.4;26.37;0.554;1.441;2026.986;-0.767;3.344
1403061;36.5;26.37;0.540;1.462;2009.367;-0.708;3.217
1403161;36.5;26.37;0.551;1.449;1992.220;-0.577;3.336
1403261;36.4;26.37;0.555;1.462;2013.794;-1.264;3.407
1403361;36.4;26.37;0.537;1.459;2010.252;-0.682;3.292
1403461;36.4;26.37;0.551;1.453;1998.065;-0.600;3.313
1403561;36.3;26.37;0.564;1.437;2017.971;-0.899;3.531
1403661;36.3;26.37;0.533;1.462;2003.904;-0.550;3.207
1403761;36.3;26.37;0.577;1.466;2057.601;-1.780;3.377
1403861;36.3;26.37;0.563;1.441;2037.274;-1.066;3.630
1403961;36.3;26.37;0.545;1.453;2007.925;-0.808;3.411
1404061;36.3;26.37;0.561;1.450;2005.708;-0.795;3.456
1404161;36.3;26.37;0.559;1.436;2034.628;-0.901;3.487
1404261;36.5;26.37;0.574;1.454;2023.038;-1.417;3.485
1404361;36.5;26.37;0.566;1.441;1989.626;-0.812;3.470
1404461;36.5;26.37;0.551;1.446;2026.309;-0.709;3.298
1404561;36.5;26.37;0.540;1.461;2015.011;-0.681;3.206
1404661;36.5;26.37;0.555;1.450;1985.261;-0.630;3.299
1404761;36.5;26.37;0.553;1.450;2011.056;-1.056;3.436
1404861;36.5;26.37;0.540;1.456;1997.460;-0.648;3.322
1404961;36.5;26.37;0.562;1.445;1993.105;-0.763;3.454
1405061;36.4;26.37;0.558;1.439;2023.513;-0.806;3.500
1405161;36.4;26.37;0.535;1.461;2002.989;-0.565;3.336
1405261;36.4;26.37;0.579;1.440;2050.312;-1.482;3.618
1405361;36.4;26.37;0.546;1.440;2024.474;-0.546;3.389
1405461;36.4;26.37;0.541;1.464;2000.792;-0.700;3.239
1405561;36.4;26.37;0.554;1.448;1992.850;-0.604;3.386
1405661;36.4;26.37;0.556;1.448;2033.923;-0.803;3.354
1405761;36.4;26.37;0.579;1.464;2025.477;-1.511;3.347
1405861;36.4;26.37;0.561;1.447;1987.129;-0.726;3.446
1405961;36.4;26.37;0.479;1.471;2016.902;0.657;2.787
1406061;36.4;26.37;0.430;1.495;1996.339;1.254;2.607
1406161;36.4;26.37;0.499;1.477;1977.745;0.436;2.881
1406261;36.4;26.37;0.560;1.458;2012.544;-1.318;3.479
1406361;36.4;26.37;0.500;1.477;2003.547;0.111;2.934
1406461;36.4;26.37;0.503;1.473;1986.078;0.361;2.914
1406561;36.3;26.37;0.454;1.468;2011.730;1.054;2.910
1406661;36.3;26.37;0.482;1.486;1994.848;0.468;2.752
1406761;36.4;26.37;0.578;1.444;2047.106;-1.579;3.614
1406861;36.4;26.37;0.558;1.447;2021.855;-0.665;3.395
1406961;36.4;26.37;0.547;1.462;2008.122;-0.770;3.264
1407061;36.5;26.37;0.557;1.453;1989.401;-0.662;3.402
1407161;36.5;26.37;0.477;1.477;2022.118;0.658;2.751
1407261;36.4;26.37;0.567;1.443;2005.206;-1.034;3.523
1407361;36.4;26.37;0.492;1.477;1981.736;0.549;2.840
1407461;36.4;26.37;0.485;1.474;2014.593;0.557;2.863
1407561;36.4;26.37;0.447;1.494;1995.672;1.037;2.650
1407661;36.4;26.37;0.464;1.478;1985.507;1.012;2.826
1407761;36.4;26.37;0.538;1.458;2016.511;-0.771;3.311
1407861;36.4;26.37;0.410;1.485;1990.345;1.572;2.754
1407961;36.4;26.37;0.458;1.476;1977.415;1.062;2.867
1408061;36.5;26.37;0.515;1.466;2016.275;0.043;3.058
1408161;36.5;26.37;0.544;1.461;2007.976;-0.753;3.357
1408261;36.5;26.37;0.577;1.437;2049.710;-1.412;3.646
1408361;36.5;26.37;0.449;1.467;2013.407;1.111;2.918
1408461;36.5;26.37;0.416;1.488;2003.829;1.496;2.724
1408561;36.4;26.37;0.498;1.479;1973.138;0.486;2.897
1408661;36.4;26.37;0.529;1.461;2014.477;-0.177;3.132
1408761;36.4;26.37;0.578;1.483;2021.877;-1.665;3.154
1408861;36.4;26.37;0.501;1.479;1987.615;0.693;2.805
1408961;36.4;26.37;0.440;1.465;2008.467;1.246;3.033
1409061;36.4;26.37;0.393;1.471;1988.299;1.710;2.982
1409161;36.4;26.37;0.422;1.469;1971.970;1.507;3.013
1409261;36.4;26.37;0.527;1.466;2017.562;-0.549;3.174
1409361;36.4;26.37;0.420;1.490;1991.814;1.455;2.748
1409461;36.4;26.37;0.442;1.475;1975.011;1.329;2.945
1409561;36.4;26.37;0.423;1.451;2006.446;1.399;3.181
1409661;36.4;26.37;0.393;1.474;1995.353;1.637;3.000
1409761;36.4;26.37;0.557;1.439;2029.059;-0.911;3.562
1409861;36.4;26.37;0.438;1.464;2007.351;1.247;3.046
1409961;36.4;26.37;0.466;1.490;2001.129;0.704;2.743
1410061;36.4;26.37;0.482;1.484;1991.738;0.672;2.775
1410161;36.4;26.37;0.455;1.471;2005.636;1.082;2.900
1410261;36.5;26.37;0.551;1.449;2000.174;-0.663;3.393
1410361;36.5;26.37;0.426;1.469;1973.906;1.471;3.074
1410461;36.5;26.37;0.433;1.457;2000.998;1.356;3.139
1410561;36.5;26.37;0.405;1.477;1988.578;1.652;2.929
1410661;36.5;26.37;0.436;1.472;1974.267;1.403;2.995
1410761;36.4;26.37;0.521;1.462;2006.859;-0.231;3.085
1410861;36.4;26.37;0.383;1.466;1991.667;1.714;3.099
1410961;36.4;26.37;0.421;1.459;1964.438;1.486;3.209
1411061;36.4;26.37;0.429;1.452;1998.069;1.383;3.180
1411161;36.4;26.37;0.414;1.490;2000.042;1.537;2.773
1411261;36.4;26.37;0.566;1.432;2042.430;-1.041;3.657
1411361;36.4;26.37;0.427;1.454;2006.463;1.367;3.187
1411461;36.4;26.37;0.395;1.471;1992.811;1.630;2.978
1411561;36.4;26.37;0.414;1.463;1972.102;1.531;3.187
1411661;36.4;26.37;0.434;1.465;2001.686;1.330;3.143
1411761;36.4;26.37;0.556;1.451;1991.500;-0.641;3.433
1411861;36.4;26.37;0.432;1.469;1975.335;1.475;3.029
1411961;36.4;26.37;0.413;1.454;1999.644;1.465;3.179
1412061;36.4;26.37;0.382;1.472;1989.590;1.719;3.050
1412161;36.4;26.37;0.404;1.449;1959.216;1.586;3.291
1412261;36.4;26.37;0.542;1.460;1996.881;-0.664;3.199
1412361;36.4;26.37;0.387;1.468;1991.903;1.681;3.001
1412461;36.4;26.37;0.424;1.468;1962.482;1.534;3.125
1412561;36.4;26.37;0.411;1.452;1993.157;1.440;3.232
1412661;36.4;26.37;0.378;1.462;1986.743;1.716;3.131
1412761;36.5;26.37;0.539;1.447;2014.542;-0.388;3.260
1412861;36.5;26.37;0.426;1.458;1994.215;1.390;3.193
1412961;36.5;26.37;0.395;1.483;1992.311;1.720;2.927
1413061;36.5;26.37;0.438;1.471;1973.607;1.383;3.084
1413161;36.5;26.37;0.428;1.459;2002.330;1.350;3.165
1413261;36.5;26.37;0.564;1.449;1994.361;-0.816;3.426
1413361;36.5;26.37;0.413;1.465;1970.422;1.516;3.145
1413461;36.5;26.37;0.412;1.451;1989.152;1.508;3.228
1413561;36.5;26.37;0.385;1.469;1993.013;1.686;3.114
1413661;36.5;26.37;0.415;1.458;1964.532;1.526;3.247
1413761;36.5;26.37;0.425;1.484;1995.499;1.400;2.707
1413861;36.5;26.37;0.364;1.457;1983.305;1.775;3.173
1413961;36.5;26.37;0.403;1.448;1948.624;1.575;3.385
1414061;36.5;26.37;0.405;1.448;1985.457;1.559;3.292
1414161;36.5;26.37;0.385;1.465;1988.949;1.703;3.182
1414261;36.5;26.37;0.482;1.474;2020.395;0.614;2.842
1414361;36.5;26.37;0.409;1.447;1992.430;1.517;3.311
1414461;36.5;26.37;0.367;1.460;1982.892;1.818;3.194
1414561;36.4;26.37;0.394;1.453;1955.710;1.659;3.306
1414661;36.4;26.37;0.398;1.447;1985.124;1.609;3.292
1414761;36.4;26.37;0.570;1.450;1993.264;-0.854;3.408
1414861;36.4;26.37;0.410;1.459;1961.398;1.517;3.273
1414961;36.4;26.37;0.395;1.444;1990.807;1.579;3.319
1415061;36.4;26.37;0.355;1.462;1988.879;1.884;3.115
1415161;36.4;26.37;0.378;1.454;1955.655;1.805;3.268
1415261;36.5;26.37;0.390;1.476;1990.402;1.708;2.979
1415361;36.5;26.37;0.363;1.460;1981.179;1.821;3.243
1415461;36.5;26.37;0.406;1.458;1958.617;1.570;3.260
1415561;36.5;26.37;0.400;1.454;1992.020;1.551;3.269
1415661;36.5;26.37;0.362;1.461;1987.847;1.840;3.181
1415761;36.5;26.37;0.469;1.475;2007.387;0.870;2.821
1415861;36.5;26.37;0.392;1.445;1993.550;1.635;3.318
1415961;36.5;26.37;0.384;1.470;1983.812;1.692;3.135
1416061;36.5;26.37;0.415;1.464;1963.442;1.523;3.218
1416161;36.5;26.37;0.412;1.453;2000.753;1.519;3.272
1416261;36.5;26.37;0.490;1.487;1983.258;0.596;2.785
1416361;36.5;26.37;0.397;1.457;1962.610;1.619;3.287
1416461;36.5;26.37;0.383;1.454;1980.345;1.736;3.173
1416561;36.5;26.37;0.358;1.459;1989.208;1.852;3.197
1416661;36.5;26.37;0.384;1.454;1959.101;1.736;3.279
1416761;36.5;26.37;0.404;1.479;1993.309;1.655;2.854
1416861;36.5;26.37;0.320;1.465;1978.956;2.331;3.015
1416961;36.5;26.37;0.339;1.458;1961.119;2.191;3.167
1417061;36.5;26.37;0.347;1.452;1974.573;2.160;3.105
1417161;36.5;26.37;0.339;1.465;1975.226;2.081;3.113
1417261;36.4;26.37;0.445;1.466;2003.488;1.183;2.992
1417361;36.4;26.37;0.378;1.447;1982.651;1.821;3.233
1417461;36.4;26.37;0.359;1.460;1981.549;1.872;3.198
1417561;36.4;26.37;0.336;1.454;1951.049;2.308;3.244
1417661;36.4;26.37;0.334;1.455;1972.371;2.304;3.104
1417761;36.4;26.37;0.426;1.470;1970.372;1.502;3.090
1417861;36.4;26.37;0.400;1.454;1956.831;1.590;3.352
1417961;36.4;26.37;0.377;1.451;1981.334;1.825;3.257
1418061;36.5;26.37;0.336;1.467;1976.443;2.155;3.039
1418161;36.5;26.37;0.352;1.456;1958.313;2.110;3.221
1418261;36.5;26.37;0.437;1.492;2003.922;1.141;2.667
1418361;36.5;26.37;0.280;1.473;1978.687;2.837;2.870
1418461;36.5;26.37;0.355;1.454;1945.359;2.081;3.253
1418561;36.5;26.37;0.354;1.455;1975.989;2.079;3.118
1418661;36.5;26.37;0.341;1.465;1985.143;2.091;3.125
1418761;36.5;26.37;0.421;1.449;1993.508;1.409;3.241
1418861;36.5;26.37;0.309;1.460;1978.240;2.644;3.000
1418961;36.5;26.37;0.318;1.469;1980.779;2.329;3.028
1419061;36.5;26.37;0.376;1.456;1953.869;1.872;3.284
1419161;36.5;26.37;0.370;1.456;1982.313;1.897;3.216
1419261;36.5;26.37;0.426;1.470;1970.283;1.521;3.043
1419361;36.5;26.37;0.372;1.458;1962.658;1.870;3.272
1419461;36.5;26.37;0.330;1.460;1983.611;2.363;2.978
1419561;36.5;26.37;0.269;1.479;1978.880;2.964;2.868
1419661;36.5;26.37;0.305;1.462;1954.052;2.733;3.037
1419761;36.5;26.37;0.373;1.465;1988.577;1.722;3.168
1419861;36.5;26.37;0.211;1.484;1982.804;3.797;2.709
1419961;36.5;26.37;0.220;1.486;1951.063;3.867;2.584
1420061;36.5;26.37;0.309;1.514;1973.820;1.818;2.037
1420161;36.5;26.37;0.163;1.508;1977.955;4.452;2.282
1420261;36.5;26.37;0.391;1.448;1988.654;1.628;3.295
1420361;36.5;26.37;0.303;1.465;1975.105;2.712;2.985
1420461;36.5;26.37;0.305;1.472;1978.292;2.492;2.996
1420561;36.5;26.37;0.328;1.458;1958.977;2.406;3.159
1420661;36.5;26.37;0.280;1.468;1972.195;3.029;2.877
1420761;36.5;26.37;0.408;1.455;1955.959;1.583;3.308
1420861;36.5;26.37;0.348;1.458;1956.829;2.145;3.226
1420961;36.5;26.37;0.353;1.457;1977.974;2.076;3.188
1421061;36.5;26.37;0.311;1.471;1975.580;2.446;3.045
1421161;36.5;26.37;0.310;1.463;1960.620;2.615;3.072
1421261;36.5;26.37;0.341;1.464;1985.109;2.051;3.080
1421361;36.5;26.37;0.188;1.499;1978.309;4.133;2.525
1421461;36.5;26.37;0.281;1.471;1941.442;3.028;2.958
1421561;36.4;26.37;0.253;1.476;1968.350;3.432;2.796
1421661;36.4;26.37;0.216;1.490;1984.112;3.717;2.661
1421761;36.4;26.37;0.388;1.451;1991.754;1.648;3.180
1421861;36.4;26.37;0.278;1.515;1971.390;2.473;2.029
1421961;36.4;26.37;0.160;1.513;1978.703;4.428;2.192
1422061;36.5;26.37;0.302;1.466;1952.397;2.786;3.070
1422161;36.5;26.37;0.288;1.468;1971.458;2.957;2.922
1422261;36.5;26.37;0.408;1.462;1959.907;1.590;3.283
1422361;36.5;26.37;0.279;1.472;1953.754;3.083;2.929
1422461;36.5;26.37;0.195;1.504;1975.359;4.097;2.227
1422561;36.5;26.37;0.356;1.529;1988.304;0.735;1.958
1422661;36.5;26.37;0.292;1.514;1945.811;2.182;2.153
1422761;36.5;26.37;0.358;1.458;1985.284;1.852;3.197
1422861;36.5;26.37;0.269;1.544;1983.224;2.263;1.714
1422961;36.5;26.37;0.420;1.515;1951.698;-0.137;2.187
1423061;36.5;26.37;0.494;1.505;1978.961;-1.676;2.293
1423161;36.5;26.37;0.181;1.554;1983.829;3.623;1.565
1423261;36.5;26.37;0.373;1.451;1980.928;1.813;3.237
1423361;36.5;26.37;0.233;1.481;1973.181;3.657;2.726
1423461;36.5;26.37;0.279;1.476;1979.577;3.263;2.883
1423561;36.5;26.37;0.284;1.475;1956.054;3.031;2.895
1423661;36.5;26.37;0.215;1.510;1979.846;3.655;2.140
1423761;36.5;26.37;0.343;1.461;1954.447;2.223;3.159
1423861;36.5;26.37;0.256;1.474;1945.975;3.401;2.912
1423961;36.5;26.37;0.294;1.470;1977.067;2.838;2.917
1424061;36.5;26.37;0.293;1.480;1983.634;2.646;2.967
1424161;36.5;26.37;0.247;1.482;1949.544;3.559;2.791
1424261;36.5;26.37;0.341;1.462;1982.444;2.106;3.126
1424361;36.5;26.37;0.474;1.524;1990.006;-1.739;2.093
1424461;36.5;26.37;0.265;1.531;1959.475;2.602;1.934
1424561;36.5;26.37;0.398;1.516;1967.570;0.286;2.085
1424661;36.5;26.37;0.382;1.532;1977.495;0.226;1.929
1424761;36.5;26.37;0.370;1.456;1989.034;1.832;3.118
1424861;36.5;26.37;0.480;1.507;1979.326;-1.477;2.309
1424961;36.5;26.37;0.445;1.525;1979.476;-1.129;2.173
1425061;36.6;26.37;0.155;1.544;1951.185;4.502;1.724
1425161;36.6;26.37;0.344;1.521;1971.759;1.192;2.016
1425261;36.5;26.37;0.380;1.456;1956.862;1.810;3.265
1425361;36.5;26.37;0.271;1.516;1947.440;2.643;2.189
1425461;36.5;26.37;0.185;1.544;1984.267;-1.544;2.271
1425561;36.5;26.37;0.162;1.592;1989.564;3.963;0.961
1425661;36.5;26.37;0.479;1.513;1957.389;-1.362;2.288
1425761;36.5;26.37;0.308;1.470;1975.545;2.470;3.014
1425861;36.5;26.37;0.463;1.526;1987.308;-1.564;2.166
1425961;36.5;26.37;0.191;1.540;1955.029;3.930;1.816
1426061;36.6;26.37;0.480;1.510;1979.915;-1.544;2.270
1426161;36.6;26.37;0.189;1.583;1995.245;3.346;1.174
1426261;36.6;26.37;0.331;1.459;1972.171;2.358;3.051
1426361;36.6;26.37;0.400;1.520;1971.571;0.240;2.058
1426461;36.6;26.37;0.163;1.511;1983.462;4.481;2.421
1426561;36.6;26.37;0.236;1.485;1951.420;3.699;2.803
1426661;36.6;26.37;0.413;1.522;1979.978;-0.034;2.054
1426761;36.6;26.37;0.367;1.458;1951.178;1.944;3.229
1426861;36.6;26.37;0.262;1.521;1950.575;2.776;2.190
1426961;36.6;26.37;0.195;1.510;1964.852;4.171;2.286
1427061;36.5;26.37;0.285;1.537;1984.373;2.078;1.951
1427161;36.5;26.37;0.298;1.523;1961.595;2.125;2.127
1427261;36.5;26.37;0.312;1.476;1985.454;2.417;2.925
1427361;36.5;26.37;0.230;1.576;1996.699;2.580;1.275
1427461;36.5;26.37;0.443;1.521;1965.198;-0.877;2.292
1427561;36.6;26.37;0.465;1.518;1980.409;-1.270;2.238
1427661;36.6;26.37;0.483;1.529;1986.127;-1.815;2.174
1427761;36.6;26.37;0.392;1.442;1985.418;1.631;3.359
1427861;36.6;26.37;0.459;1.514;1984.912;-1.154;2.292
1427961;36.6;26.37;0.461;1.531;2013.263;-1.466;2.101
1428061;36.7;26.37;0.338;1.548;1950.662;1.131;1.835
1428161;36.7;26.37;0.479;1.517;1983.832;-1.496;2.263
1428261;36.6;26.37;0.270;1.472;1947.652;3.212;2.909
1428361;36.6;26.37;0.460;1.514;1958.046;-1.090;2.387
1428461;36.6;26.37;0.221;1.575;1974.788;3.212;1.205
1428561;36.6;26.37;0.450;1.533;1999.663;-1.380;2.138
1428661;36.6;26.37;0.389;1.532;1963.784;0.152;2.070
1428761;36.4;26.37;0.196;1.494;1982.583;4.046;2.550
1428861;36.4;26.37;0.146;1.592;1990.564;4.230;1.050
1428961;36.4;26.37;0.467;1.519;1953.683;-1.111;2.316
1429061;36.5;26.37;0.484;1.520;1989.510;-1.581;2.187
1429161;36.5;26.37;0.466;1.532;1998.646;-1.605;2.160
1429261;36.6;26.37;0.282;1.472;1968.224;3.003;2.914
1429361;36.6;26.37;0.494;1.515;1976.873;-1.695;2.270
1429461;36.6;26.37;0.464;1.527;1988.657;-1.604;2.212
1429561;36.6;26.37;0.414;1.524;1946.346;0.044;2.197
1429661;36.6;26.37;0.480;1.511;1976.467;-1.454;2.364
1429761;36.6;26.37;0.228;1.481;1952.012;3.760;2.762
1429861;36.6;26.37;0.394;1.536;1962.904;0.078;2.029
1429961;36.6;26.37;0.227;1.573;1975.403;3.136;1.247
1430061;36.6;26.37;0.489;1.528;1984.251;-1.933;2.190
1430161;36.6;26.37;0.474;1.519;1959.831;-1.224;2.283
1430261;36.5;26.37;0.196;1.490;1987.828;4.018;2.594
1430361;36.5;26.37;0.459;1.530;2016.096;-1.357;2.146
1430461;36.5;26.37;0.432;1.533;1978.395;-0.527;2.105
1430561;36.5;26.37;0.454;1.526;2004.587;-0.872;2.082
1430661;36.5;26.37;0.447;1.534;2012.848;-1.100;2.130
1430761;36.5;26.37;0.203;1.509;1978.165;3.861;2.145
1430861;36.5;26.37;0.459;1.526;1993.700;-0.972;2.196
1430961;36.5;26.37;0.447;1.537;2025.979;-1.008;2.018
1431061;36.5;26.37;0.430;1.527;1977.776;-0.451;2.187
1431161;36.5;26.37;0.474;1.517;1982.670;-1.326;2.310
1431261;36.4;26.37;0.279;1.516;1943.323;2.448;2.235
1431361;36.4;26.37;0.318;1.558;1958.701;1.594;1.624
1431461;36.4;26.37;0.475;1.519;1990.963;-1.380;2.286
1431561;36.4;26.37;0.308;1.571;1990.746;1.326;1.554
1431661;36.4;26.37;0.450;1.527;1967.178;-0.876;2.263
1431761;36.5;26.37;0.403;1.531;1985.773;-0.155;1.961
1431861;36.5;26.37;0.470;1.538;2001.380;-1.657;2.117
1431961;36.5;26.37;0.446;1.526;1959.510;-0.795;2.291
1432061;36.5;26.37;0.463;1.525;1989.590;-1.124;2.229
1432161;36.5;26.37;0.444;1.533;2015.307;-1.013;2.149
1432261;36.5;26.37;0.174;1.546;1976.384;4.004;1.628
1432361;36.5;26.37;0.465;1.526;1984.532;-1.127;2.210
1432461;36.5;26.37;0.461;1.532;2002.425;-1.368;2.228
1432561;36.6;26.37;0.441;1.521;1975.923;-0.754;2.342
1432661;36.6;26.37;0.461;1.522;1987.371;-1.137;2.262
1432761;36.5;26.37;0.236;1.515;1953.939;3.280;2.209
1432861;36.5;26.37;0.433;1.539;1979.911;-0.538;2.053
1432961;36.5;26.37;0.457;1.532;1994.758;-0.793;2.056
1433061;36.5;26.37;0.447;1.540;2018.451;-1.127;2.084
1433161;36.5;26.37;0.445;1.530;1964.013;-0.749;2.248
1433261;36.5;26.37;0.176;1.591;1995.950;3.713;1.029
1433361;36.5;26.37;0.463;1.540;2025.180;-1.238;2.020
1433461;36.5;26.37;0.463;1.540;1990.995;-0.917;2.048
1433561;36.5;26.37;0.502;1.530;1993.608;-1.435;2.148
1433661;36.5;26.37;0.477;1.543;2027.748;-1.418;2.038
1433761;36.5;26.37;0.480;1.518;1983.128;-1.482;2.272
1433861;36.5;26.37;0.460;1.533;1993.190;-0.890;2.111
1433961;36.5;26.37;0.448;1.546;2022.088;-0.991;1.953
1434061;36.6;26.37;0.444;1.539;1979.825;-0.615;2.062
1434161;36.6;26.37;0.469;1.527;2003.823;-1.012;2.157
1434261;36.6;26.37;0.184;1.546;1950.451;4.074;1.709
1434361;36.6;26.37;0.434;1.531;1972.088;-0.581;2.229
1434461;36.6;26.37;0.472;1.523;1984.497;-1.192;2.283
1434561;36.6;26.37;0.457;1.531;2005.936;-1.337;2.285
1434661;36.6;26.37;0.439;1.536;1972.136;-0.662;2.178
1434761;36.5;26.37;0.291;1.547;1982.179;1.692;1.827
1434861;36.5;26.37;0.448;1.545;2019.619;-1.012;2.053
1434961;36.5;26.37;0.435;1.537;1986.210;-0.560;2.095
1435061;36.5;26.37;0.459;1.537;1996.527;-0.846;2.086
1435161;36.5;26.37;0.465;1.542;2026.621;-1.238;2.057
1435261;36.6;26.37;0.483;1.517;1991.246;-1.576;2.230
1435361;36.6;26.37;0.493;1.532;2004.946;-1.323;2.127
1435461;36.6;26.37;0.456;1.548;2021.960;-1.093;2.031
1435561;36.5;26.37;0.439;1.540;1974.866;-0.553;2.110
1435661;36.5;26.37;0.461;1.532;2000.418;-0.909;2.156
1435761;36.5;26.37;0.355;1.547;1964.317;0.782;1.863
1435861;36.5;26.37;0.454;1.542;1986.555;-0.778;2.091
1435961;36.5;26.37;0.510;1.533;2007.695;-1.595;2.115
1436061;36.5;26.37;0.502;1.540;2030.864;-1.722;2.091
1436161;36.5;26.37;0.457;1.538;1992.210;-0.861;2.120
1436261;36.5;26.37;0.171;1.588;1989.541;3.843;1.137
1436361;36.5;26.37;0.503;1.537;2033.861;-1.745;2.150
1436461;36.5;26.37;0.488;1.541;1999.616;-1.263;2.087
1436561;36.7;26.37;0.539;1.522;2023.788;-2.010;2.269
1436661;36.7;26.37;0.507;1.545;2023.467;-1.810;2.102
1436761;36.6;26.37;0.464;1.521;1977.833;-1.098;2.212
1436861;36.6;26.37;0.490;1.531;2008.413;-1.296;2.175
1436961;36.6;26.37;0.461;1.548;2025.750;-1.217;2.033
1437061;36.5;26.37;0.467;1.541;1990.615;-0.980;2.118
1437161;36.5;26.37;0.493;1.537;2005.525;-1.370;2.141
1437261;36.6;26.37;0.208;1.508;1946.622;3.889;2.303
1437361;36.6;26.37;0.440;1.539;1976.696;-0.558;2.120
1437461;36.6;26.37;0.458;1.538;1994.994;-0.892;2.133
1437561;36.6;26.37;0.443;1.548;2016.680;-0.928;2.071
1437661;36.6;26.37;0.436;1.544;1984.037;-0.433;2.090
1437761;36.5;26.37;0.237;1.576;1998.127;2.534;1.426
1437861;36.5;26.37;0.494;1.539;2024.986;-1.675;2.173
1437961;36.5;26.37;0.482;1.539;1989.549;-1.195;2.150
1438061;36.5;26.37;0.512;1.534;2013.954;-1.580;2.160
1438161;36.5;26.37;0.507;1.544;2034.941;-1.796;2.068
1438261;36.5;26.37;0.456;1.530;2004.704;-0.897;2.101
1438361;36.5;26.37;0.565;1.512;2021.225;-2.229;2.464
1438461;36.5;26.37;0.544;1.531;2039.294;-2.268;2.309
1438561;36.4;26.37;0.505;1.534;2001.738;-1.541;2.221
1438661;36.4;26.37;0.519;1.533;2004.398;-1.692;2.224
1438761;36.4;26.37;0.452;1.522;1973.864;-0.945;2.299
1438861;36.4;26.37;0.510;1.539;1999.489;-1.571;2.177
1438961;36.4;26.37;0.561;1.516;2021.404;-2.238;2.435
1439061;36.5;26.37;0.551;1.527;2029.328;-2.327;2.373
1439161;36.5;26.37;0.499;1.541;1992.497;-1.435;2.153
1439261;36.5;26.37;0.479;1.535;2005.559;-1.741;2.242
1439361;36.5;26.37;0.482;1.545;2037.374;-1.514;2.133
1439461;36.5;26.37;0.503;1.537;2003.067;-1.548;2.216
1439561;36.5;26.37;0.551;1.519;2020.564;-2.067;2.395
1439661;36.5;26.37;0.566;1.520;2050.002;-2.371;2.444
1439761;36.5;26.37;0.456;1.534;1995.356;-0.857;2.117
1439861;36.5;26.37;0.528;1.531;2004.950;-1.798;2.266
1439961;36.5;26.37;0.505;1.544;2026.962;-1.761;2.182
1440061;36.5;26.37;0.499;1.541;2001.741;-1.418;2.164
1440161;36.5;26.37;0.553;1.521;2010.422;-2.057;2.432
1440261;36.5;26.37;0.438;1.531;1974.250;-0.656;2.217
1440361;36.5;26.37;0.510;1.539;1993.719;-1.550;2.223
1440461;36.5;26.37;0.516;1.531;2010.217;-1.658;2.305
1440561;36.5;26.37;0.485;1.546;2029.718;-1.537;2.123
1440661;36.5;26.37;0.489;1.538;1994.689;-1.302;2.207
1440761;36.6;26.37;0.444;1.542;2024.134;-0.941;2.065
1440861;36.6;26.37;0.559;1.523;2049.995;-2.321;2.443
1440961;36.6;26.37;0.542;1.526;2002.108;-1.921;2.405
1441061;36.5;26.37;0.571;1.509;2023.894;-2.216;2.591
1441161;36.5;26.37;0.568;1.519;2048.245;-2.429;2.488
1441261;36.5;26.37;0.482;1.532;2008.085;-1.176;2.094
1441361;36.5;26.37;0.569;1.498;2020.737;-1.883;2.713
1441461;36.5;26.37;0.572;1.499;2049.413;-2.023;2.784
1441561;36.5;26.37;0.544;1.522;2013.015;-1.761;2.447
1441661;36.5;26.37;0.573;1.508;2024.675;-2.261;2.621
1441761;36.5;26.37;0.434;1.540;1969.041;-0.490;2.150
1441861;36.5;26.37;0.536;1.527;2009.437;-1.893;2.359
1441961;36.5;26.37;0.575;1.506;2025.737;-2.238;2.568
1442061;36.5;26.37;0.573;1.509;2052.426;-2.337;2.646
1442161;36.5;26.37;0.548;1.523;2006.782;-2.019;2.482
1442261;36.5;26.37;0.442;1.538;2011.705;-0.942;2.176
1442361;36.5;26.37;0.531;1.540;2038.923;-2.089;2.263
1442461;36.5;26.37;0.516;1.538;2008.458;-1.681;2.290
1442561;36.6;26.37;0.565;1.519;2014.171;-2.142;2.472
1442661;36.6;26.37;0.575;1.517;2055.943;-2.395;2.526
1442761;36.5;26.37;0.486;1.529;2010.788;-1.256;2.159
1442861;36.5;26.37;0.575;1.510;2015.839;-2.161;2.612
1442961;36.5;26.37;0.573;1.520;2049.495;-2.522;2.547
1443061;36.5;26.37;0.546;1.526;2008.454;-1.933;2.441
1443161;36.5;26.37;0.571;1.510;2026.466;-2.065;2.598
1443261;36.5;26.37;0.457;1.540;1982.020;-0.847;2.125
1443361;36.5;26.37;0.551;1.515;2003.628;-1.951;2.580
1443461;36.5;26.37;0.575;1.506;2020.149;-2.167;2.658
1443561;36.6;26.37;0.564;1.530;2050.726;-2.444;2.422
1443661;36.6;26.37;0.537;1.536;2011.669;-1.875;2.361
1443761;36.6;26.37;0.497;1.543;2030.094;-1.681;2.102
1443861;36.6;26.37;0.576;1.507;2064.603;-2.235;2.668
1443961;36.6;26.37;0.549;1.504;2023.482;-1.669;2.723
1444061;36.6;26.37;0.572;1.491;2019.966;-1.747;2.863
1444161;36.6;26.37;0.579;1.500;2056.018;-2.130;2.798
1444261;36.6;26.37;0.524;1.524;2021.662;-1.792;2.258
1444361;36.6;26.37;0.576;1.477;2028.554;-1.764;2.995
1444461;36.6;26.37;0.581;1.475;2052.188;-1.983;3.116
1444561;36.6;26.37;0.547;1.493;2019.262;-1.567;2.911
1444661;36.6;26.37;0.580;1.501;2016.282;-2.003;2.732
1444761;36.6;26.37;0.448;1.541;1977.751;-0.635;2.146
1444861;36.6;26.37;0.541;1.529;2004.880;-1.822;2.490
1444961;36.6;26.37;0.568;1.505;2025.185;-1.895;2.705
1445061;36.5;26.37;0.584;1.496;2062.567;-2.307;2.820
1445161;36.5;26.37;0.541;1.528;2018.063;-1.711;2.465
1445261;36.6;26.37;0.454;1.542;2012.700;-1.086;2.113
1445361;36.6;26.37;0.574;1.522;2048.491;-2.479;2.515
1445461;36.6;26.37;0.541;1.526;2015.927;-1.810;2.499
1445561;36.5;26.37;0.571;1.503;2026.781;-1.904;2.718
1445661;36.5;26.37;0.581;1.493;2050.366;-2.135;2.904
1445761;36.5;26.37;0.530;1.522;2013.872;-1.854;2.310
1445861;36.5;26.43;0.571;1.488;2027.293;-1.744;2.907
1445961;36.5;26.43;0.571;1.504;2056.363;-2.090;2.779
1446061;36.6;26.43;0.546;1.513;2012.630;-1.633;2.685
1446161;36.6;26.43;0.569;1.489;2025.026;-1.652;2.923
1446261;36.6;26.43;0.537;1.526;2010.977;-1.908;2.363
1446361;36.6;26.43;0.554;1.491;2015.403;-1.612;2.962
1446461;36.6;26.43;0.578;1.487;2022.893;-1.806;2.992
1446561;36.6;26.43;0.577;1.495;2053.598;-2.072;2.903
1446661;36.6;26.43;0.548;1.507;2021.517;-1.598;2.730
1446761;36.6;26.43;0.544;1.535;2040.807;-2.257;2.241
1446861;36.6;26.37;0.579;1.462;2054.818;-1.843;3.322
1446961;36.6;26.37;0.553;1.472;2028.886;-1.468;3.189
1447061;36.5;26.37;0.573;1.458;2026.980;-1.523;3.304
1447161;36.5;26.37;0.583;1.469;2053.057;-1.973;3.248
1447261;36.5;26.37;0.568;1.512;2019.042;-2.217;2.523
1447361;36.5;26.37;0.578;1.467;2027.255;-1.633;3.230
1447461;36.5;26.37;0.580;1.456;2056.458;-1.767;3.405
1447561;36.5;26.37;0.554;1.476;2015.452;-1.475;3.207
1447661;36.5;26.37;0.579;1.474;2018.289;-1.720;3.165
1447761;36.4;26.37;0.513;1.540;2003.372;-1.647;2.229
1447861;36.4;26.37;0.556;1.516;2015.344;-1.743;2.652
1447961;36.4;26.37;0.575;1.505;2025.428;-1.901;2.783
1448061;36.4;26.37;0.576;1.476;2056.456;-1.853;3.172
1448161;36.4;26.37;0.554;1.487;2023.024;-1.559;3.088
1448261;36.5;26.37;0.554;1.529;2045.582;-2.364;2.354
1448361;36.5;26.37;0.578;1.505;2049.519;-2.197;2.833
1448461;36.5;26.37;0.551;1.506;2022.545;-1.675;2.803
1448561;36.6;26.37;0.575;1.485;2028.667;-1.686;3.001
1448661;36.6;26.37;0.578;1.478;2053.983;-1.886;3.153
1448761;36.6;26.37;0.576;1.507;2027.844;-2.122;2.592
1448861;36.6;26.37;0.579;1.447;2010.572;-1.429;3.479
1448961;36.6;26.37;0.575;1.451;2050.218;-1.629;3.531
1449061;36.5;26.37;0.558;1.479;2019.915;-1.526;3.158
1449161;36.5;26.37;0.578;1.465;2020.879;-1.566;3.302
1449261;36.5;26.37;0.547;1.518;2016.027;-1.798;2.509
1449361;36.5;26.37;0.555;1.461;2023.631;-1.260;3.424
1449461;36.5;26.37;0.574;1.456;2022.109;-1.415;3.427
1449561;36.6;26.37;0.580;1.444;2039.526;-1.555;3.585
1449661;36.6;26.37;0.560;1.465;2019.105;-1.447;3.331
1449761;36.5;26.37;0.575;1.517;2050.977;-2.240;2.570
1449861;36.5;26.37;0.583;1.466;2052.458;-1.840;3.345
1449961;36.5;26.37;0.552;1.479;2019.792;-1.382;3.171
1450061;36.5;26.37;0.579;1.447;2020.042;-1.414;3.524
1450161;36.5;26.37;0.580;1.450;2046.084;-1.660;3.537
1450261;36.5;26.37;0.573;1.513;2029.397;-2.047;2.562
1450361;36.5;26.37;0.581;1.455;2020.777;-1.495;3.451
1450461;36.5;26.37;0.582;1.442;2043.737;-1.598;3.587
1450561;36.5;26.37;0.555;1.460;2025.822;-1.267;3.365
1450661;36.5;26.37;0.578;1.455;2012.060;-1.411;3.449
1450761;36.5;26.37;0.549;1.511;2011.213;-1.719;2.691
1450861;36.5;26.37;0.556;1.476;2019.457;-1.426;3.247
1450961;36.5;26.37;0.577;1.478;2022.620;-1.630;3.193
1451061;36.5;26.37;0.580;1.460;2059.181;-1.835;3.429
1451161;36.5;26.37;0.557;1.464;2018.321;-1.354;3.373
1451261;36.5;26.37;0.574;1.504;2046.189;-2.132;2.791
1451361;36.5;26.37;0.577;1.456;2047.885;-1.640;3.487
1451461;36.5;26.37;0.556;1.489;2021.949;-1.498;3.118
1451561;36.5;26.37;0.578;1.461;2021.385;-1.505;3.390
1451661;36.5;26.37;0.579;1.436;2047.650;-1.524;3.658
1451761;36.6;26.37;0.572;1.494;2035.010;-1.829;2.789
1451861;36.6;26.37;0.568;1.437;2006.160;-1.044;3.576
1451961;36.6;26.37;0.559;1.436;2033.851;-0.952;3.514
1452061;36.6;26.37;0.537;1.456;2019.586;-0.838;3.330
1452161;36.6;26.37;0.574;1.443;2012.703;-1.208;3.506
1452261;36.6;26.37;0.549;1.498;2018.835;-1.536;2.904
1452361;36.6;26.37;0.532;1.455;2014.024;-0.658;3.224
1452461;36.6;26.37;0.559;1.437;1998.353;-0.820;3.506
1452561;36.5;26.37;0.573;1.434;2040.213;-1.319;3.681
1452661;36.5;26.37;0.557;1.458;2013.158;-1.272;3.458
1452761;36.6;26.37;0.581;1.490;2051.815;-2.080;2.985
1452861;36.6;26.37;0.577;1.439;2052.918;-1.493;3.650
1452961;36.6;26.37;0.556;1.466;2023.640;-1.313;3.386
1453061;36.6;26.37;0.577;1.438;2006.851;-1.144;3.602
1453161;36.6;26.37;0.567;1.432;2040.541;-1.164;3.675
1453261;36.5;26.37;0.571;1.485;2021.548;-1.622;3.021
1453361;36.5;26.37;0.575;1.440;2013.766;-1.190;3.606
1453461;36.5;26.37;0.578;1.433;2044.271;-1.378;3.684
1453561;36.5;26.37;0.538;1.456;2015.791;-0.790;3.361
1453661;36.5;26.37;0.557;1.442;2001.013;-0.770;3.443
1453761;36.5;26.37;0.551;1.499;2023.018;-1.669;2.865
1453861;36.5;26.37;0.556;1.462;2017.496;-1.281;3.435
1453961;36.5;26.37;0.581;1.444;2013.487;-1.399;3.588
1454061;36.5;26.37;0.582;1.447;2049.657;-1.595;3.588
1454161;36.5;26.37;0.552;1.462;2026.029;-1.154;3.424
1454261;36.5;26.37;0.580;1.466;2050.652;-1.879;3.343
1454361;36.5;26.37;0.558;1.439;2031.829;-0.907;3.543
1454461;36.5;26.37;0.554;1.451;2009.923;-1.081;3.485
1454561;36.6;26.37;0.570;1.449;2015.060;-1.198;3.547
1454661;36.6;26.37;0.564;1.436;2038.796;-1.085;3.587
1454761;36.6;26.37;0.579;1.464;2022.411;-1.591;3.289
1454861;36.6;26.37;0.556;1.448;1997.672;-0.700;3.254
1454961;36.6;26.37;0.557;1.434;2013.576;-0.723;3.441
1455061;36.6;26.37;0.541;1.458;2007.043;-0.744;3.181
1455161;36.6;26.37;0.549;1.448;1990.693;-0.552;3.340
1455261;36.6;26.37;0.547;1.518;2017.174;-1.856;2.536
1455361;36.6;26.37;0.532;1.465;2014.188;-0.630;3.211
1455461;36.6;26.37;0.558;1.444;1991.960;-0.693;3.360
1455561;36.6;26.37;0.566;1.439;2022.754;-0.906;3.434
1455661;36.6;26.37;0.540;1.459;2011.218;-0.771;3.327
1455761;36.6;26.37;0.584;1.477;2047.905;-1.962;3.213
1455861;36.6;26.43;0.575;1.440;2040.923;-1.289;3.709
1455961;36.6;26.43;0.542;1.459;2018.513;-0.932;3.436
1456061;36.5;26.43;0.559;1.446;2001.150;-0.775;3.424
1456161;36.5;26.43;0.557;1.439;2030.507;-0.771;3.431
1456261;36.6;26.43;0.579;1.468;2013.788;-1.600;3.307
1456361;36.6;26.43;0.554;1.448;1997.369;-0.684;3.425
1456461;36.6;26.43;0.562;1.438;2035.300;-0.964;3.567
1456561;36.5;26.43;0.533;1.458;2011.649;-0.630;3.303
1456661;36.5;26.43;0.557;1.449;1992.192;-0.631;3.247
1456761;36.5;26.43;0.559;1.454;2026.927;-1.356;3.406
1456861;36.5;26.37;0.532;1.463;2007.385;-0.570;3.204
1456961;36.5;26.37;0.555;1.452;1988.986;-0.677;3.372
1457061;36.6;26.37;0.561;1.436;2029.973;-0.866;3.536
1457161;36.6;26.37;0.528;1.462;2019.322;-0.536;3.155
1457261;36.6;26.37;0.579;1.447;2050.281;-1.599;3.526
1457361;36.6;26.37;0.510;1.459;2005.191;0.166;3.010
1457461;36.6;26.37;0.536;1.462;1999.972;-0.620;3.202
1457561;36.6;26.37;0.550;1.451;1999.027;-0.598;3.314
1457661;36.6;26.37;0.556;1.445;2024.956;-0.753;3.398
1457761;36.6;26.37;0.579;1.450;2018.178;-1.418;3.445
1457861;36.6;26.43;0.536;1.455;1996.565;-0.257;3.124
1457961;36.6;26.43;0.468;1.472;2007.109;0.868;2.786
1458061;36.6;26.43;0.531;1.463;2005.335;-0.518;3.164
1458161;36.6;26.43;0.556;1.448;1991.089;-0.657;3.351
1458261;36.6;26.43;0.560;1.472;2021.700;-1.478;3.278
1458361;36.6;26.43;0.539;1.465;2017.764;-0.735;3.194
1458461;36.6;26.43;0.549;1.453;1991.251;-0.544;3.258
1458561;36.6;26.43;0.503;1.465;2007.019;0.269;2.926
1458661;36.6;26.43;0.543;1.461;2001.508;-0.537;3.250
1458761;36.6;26.43;0.580;1.443;2043.279;-1.500;3.593
1458861;36.6;26.43;0.562;1.438;2032.063;-0.919;3.579
1458961;36.6;26.43;0.529;1.465;2008.944;-0.516;3.252
1459061;36.5;26.43;0.555;1.451;1999.824;-0.683;3.318
1459161;36.5;26.43;0.557;1.442;2022.170;-0.766;3.395
1459261;36.5;26.43;0.574;1.458;2030.419;-1.498;3.393
1459361;36.5;26.43;0.557;1.455;1986.735;-0.659;3.299
1459461;36.5;26.43;0.498;1.464;2017.504;0.348;2.928
1459561;36.5;26.43;0.461;1.493;2009.037;0.747;2.583
1459661;36.5;26.43;0.463;1.482;1980.871;1.032;2.777
1459761;36.5;26.43;0.526;1.462;2004.169;-0.508;3.162
1459861;36.5;26.37;0.414;1.490;1999.200;1.451;2.714
1459961;36.5;26.37;0.494;1.477;1977.463;0.532;2.843
1460061;36.6;26.37;0.479;1.473;2008.907;0.684;2.842
1460161;36.6;26.37;0.451;1.497;2004.367;0.931;2.563
1460261;36.6;26.37;0.566;1.436;2036.923;-1.089;3.514
1460361;36.6;26.37;0.444;1.462;2005.996;1.230;3.009
1460461;36.6;26.37;0.438;1.492;1996.651;1.139;2.668
1460561;36.6;26.37;0.560;1.449;1985.088;-0.639;3.339
1460661;36.6;26.37;0.556;1.439;2014.573;-0.660;3.417
1460761;36.5;26.37;0.573;1.453;2024.746;-1.328;3.481
1460861;36.5;26.43;0.473;1.474;1980.210;0.903;2.876
1460961;36.5;26.43;0.434;1.463;2006.291;1.344;2.984
1461061;36.6;26.43;0.397;1.477;1996.445;1.651;2.858
1461161;36.6;26.43;0.448;1.474;1970.801;1.267;2.911
1461261;36.6;26.43;0.548;1.452;2005.008;-0.924;3.436
1461361;36.6;26.43;0.422;1.494;1997.867;1.389;2.641
1461461;36.6;26.43;0.448;1.476;1980.767;1.250;2.841
1461561;36.6;26.43;0.434;1.455;2002.816;1.357;3.132
1461661;36.6;26.43;0.431;1.494;1990.021;1.239;2.723
1461761;36.6;26.43;0.569;1.440;2041.753;-1.235;3.617
1461861;36.6;26.37;0.523;1.459;2019.766;-0.084;3.156
1461961;36.6;26.37;0.533;1.465;2012.293;-0.566;3.192
1462061;36.6;26.37;0.485;1.478;1981.124;0.694;2.840
1462161;36.6;26.37;0.443;1.466;2017.187;1.235;2.959
1462261;36.6;26.37;0.555;1.451;1999.076;-0.704;3.311
1462361;36.6;26.37;0.433;1.469;1972.199;1.460;2.994
1462461;36.6;26.37;0.433;1.459;2001.290;1.304;3.139
1462561;36.6;26.37;0.395;1.479;1995.027;1.632;2.884
1462661;36.6;26.37;0.417;1.462;1972.108;1.440;3.124
1462761;36.5;26.37;0.486;1.482;2005.535;0.254;2.766
1462861;36.5;26.43;0.375;1.459;1985.844;1.679;3.171
1462961;36.5;26.43;0.420;1.461;1964.740;1.580;3.095
1463061;36.6;26.43;0.434;1.456;2002.081;1.308;3.109
1463161;36.6;26.43;0.422;1.492;1995.965;1.371;2.723
1463261;36.6;26.43;0.563;1.439;2036.793;-1.038;3.564
1463361;36.6;26.43;0.428;1.452;2000.061;1.341;3.186
1463461;36.6;26.43;0.395;1.480;1998.901;1.670;2.922
1463561;36.6;26.43;0.440;1.469;1966.791;1.375;3.003
1463661;36.6;26.43;0.449;1.471;2003.790;1.187;2.948
1463761;36.6;26.43;0.565;1.446;2007.480;-0.965;3.543
1463861;36.6;26.43;0.431;1.470;1977.892;1.449;2.957
1463961;36.6;26.43;0.424;1.453;1993.408;1.426;3.198
1464061;36.7;26.43;0.388;1.469;1993.042;1.647;3.089
1464161;36.7;26.43;0.408;1.455;1970.887;1.555;3.165
1464261;36.6;26.43;0.531;1.457;2003.806;-0.486;3.186
1464361;36.6;26.43;0.399;1.478;1990.196;1.662;2.927
1464461;36.6;26.43;0.430;1.467;1969.679;1.455;3.075
1464561;36.6;26.43;0.421;1.450;2002.442;1.392;3.202
1464661;36.6;26.43;0.381;1.471;1993.494;1.721;3.010
1464761;36.6;26.43;0.579;1.446;2051.685;-1.621;3.597
1464861;36.6;26.37;0.423;1.454;1999.891;1.432;3.204
1464961;36.6;26.37;0.409;1.486;1994.103;1.542;2.849
1465061;36.6;26.37;0.438;1.472;1977.170;1.360;2.978
1465161;36.6;26.37;0.422;1.454;1997.981;1.434;3.194
1465261;36.6;26.37;0.551;1.450;1987.954;-0.539;3.243
1465361;36.6;26.37;0.398;1.450;1961.194;1.598;3.270
1465461;36.6;26.37;0.402;1.450;1989.874;1.535;3.250
1465561;36.6;26.37;0.374;1.462;1986.080;1.725;3.175
1465661;36.6;26.37;0.400;1.452;1968.373;1.531;3.250
1465761;36.6;26.37;0.447;1.490;2000.145;1.013;2.629
1465861;36.6;26.37;0.371;1.460;1989.468;1.687;3.209
1465961;36.6;26.37;0.406;1.450;1953.158;1.636;3.294
1466061;36.5;26.37;0.409;1.447;1987.126;1.517;3.300
1466161;36.5;26.37;0.386;1.472;1993.296;1.700;3.047
1466261;36.5;26.37;0.554;1.447;2030.846;-0.768;3.395
1466361;36.5;26.37;0.415;1.449;1993.598;1.499;3.267
1466461;36.5;26.37;0.377;1.471;1995.152;1.732;3.058
1466561;36.5;26.37;0.406;1.453;1966.872;1.590;3.216
1466661;36.5;26.37;0.418;1.450;1983.777;1.431;3.328
1466761;36.5;26.37;0.558;1.451;1991.741;-0.713;3.388
1466861;36.5;26.43;0.420;1.464;1969.365;1.512;3.159
1466961;36.5;26.43;0.412;1.448;1992.058;1.492;3.235
1467061;36.5;26.43;0.381;1.467;1994.834;1.681;3.111
1467161;36.5;26.43;0.391;1.444;1958.439;1.675;3.363
1467261;36.5;26.43;0.456;1.492;1999.809;0.822;2.652
1467361;36.5;26.43;0.374;1.463;1988.490;1.651;3.161
1467461;36.5;26.43;0.414;1.457;1957.784;1.521;3.337
1467561;36.5;26.43;0.392;1.447;1986.005;1.687;3.268
1467661;36.5;26.43;0.364;1.463;1991.468;1.779;3.119
1467761;36.5;26.43;0.423;1.451;1996.067;1.432;3.195
1467861;36.5;26.43;0.394;1.441;1978.259;1.658;3.358
1467961;36.5;26.43;0.365;1.463;1987.388;1.794;3.128
1468061;36.6;26.43;0.407;1.455;1962.019;1.561;3.264
1468161;36.6;26.43;0.392;1.445;1991.363;1.662;3.293
1468261;36.6;26.43;0.479;1.481;1981.233;0.735;2.821
1468361;36.6;26.43;0.384;1.448;1957.397;1.762;3.251
1468461;36.6;26.43;0.377;1.448;1976.180;1.806;3.214
1468561;36.6;26.43;0.373;1.460;1984.856;1.688;3.220
1468661;36.6;26.43;0.396;1.449;1952.759;1.641;3.367
1468761;36.5;26.43;0.400;1.479;1999.499;1.622;2.915
1468861;36.5;26.37;0.337;1.466;1991.113;2.076;3.063
1468961;36.5;26.37;0.364;1.455;1955.839;1.945;3.173
1469061;36.6;26.37;0.381;1.450;1971.026;1.748;3.259
1469161;36.6;26.37;0.364;1.461;1982.913;1.811;3.181
1469261;36.6;26.37;0.467;1.477;2004.971;0.912;2.837
1469361;36.6;26.37;0.398;1.449;1981.756;1.624;3.323
1469461;36.6;26.37;0.356;1.462;1986.242;1.879;3.169
1469561;36.6;26.37;0.382;1.451;1956.477;1.796;3.299
1469661;36.6;26.37;0.381;1.449;1982.389;1.747;3.247
1469761;36.5;26.37;0.489;1.486;1982.768;0.642;2.826
1469861;36.5;26.37;0.414;1.461;1959.637;1.543;3.261
1469961;36.5;26.37;0.378;1.450;1984.621;1.801;3.218
1470061;36.5;26.37;0.349;1.467;1991.699;1.934;3.095
1470161;36.5;26.37;0.351;1.457;1953.401;2.143;3.129
1470261;36.5;26.37;0.382;1.471;1984.285;1.719;3.037
1470361;36.5;26.37;0.311;1.468;1984.086;2.366;3.032
1470461;36.5;26.37;0.363;1.451;1954.021;1.965;3.230
1470561;36.6;26.37;0.363;1.456;1976.321;1.968;3.119
1470661;36.6;26.37;0.282;1.472;1984.224;2.755;2.930
1470761;36.6;26.37;0.381;1.446;1983.372;1.737;3.212
1470861;36.6;26.37;0.288;1.460;1972.489;2.931;2.852
1470961;36.6;26.37;0.327;1.470;1982.223;2.173;3.080
1471061;36.6;26.37;0.383;1.456;1950.044;1.783;3.320
1471161;36.6;26.37;0.380;1.445;1973.637;1.802;3.297
1471261;36.6;26.37;0.448;1.477;1978.447;1.254;2.880
1471361;36.6;26.37;0.368;1.454;1953.409;1.962;3.259
1471461;36.6;26.37;0.333;1.459;1967.463;2.355;2.996
1471561;36.5;26.37;0.300;1.473;1984.338;2.522;2.950
1471661;36.5;26.37;0.363;1.456;1959.084;1.970;3.240
1471761;36.5;26.37;0.396;1.481;1999.960;1.688;2.869
1471861;36.5;26.37;0.288;1.474;1980.108;2.684;2.913
1471961;36.5;26.37;0.271;1.463;1953.153;3.186;2.938
1472061;36.5;26.37;0.277;1.465;1975.503;3.073;2.879
1472161;36.5;26.37;0.298;1.470;1980.652;2.560;3.007
1472261;36.5;26.37;0.437;1.460;1995.003;1.281;3.149
1472361;36.5;26.37;0.375;1.453;1979.609;1.857;3.212
1472461;36.5;26.37;0.351;1.469;1987.319;1.948;3.139
1472561;36.5;26.37;0.335;1.458;1958.129;2.284;3.188
1472661;36.5;26.37;0.292;1.459;1969.889;2.920;2.979
1472761;36.5;26.37;0.419;1.466;1962.144;1.504;3.209
1472861;36.5;26.37;0.362;1.454;1956.824;2.013;3.241
1472961;36.5;26.37;0.340;1.456;1975.726;2.264;3.090
1473061;36.6;26.37;0.248;1.485;1984.263;3.267;2.719
1473161;36.6;26.37;0.216;1.484;1955.619;3.939;2.577
1473261;36.6;26.37;0.342;1.463;1986.845;1.994;3.016
1473361;36.6;26.37;0.224;1.544;1989.877;2.968;1.654
1473461;36.6;26.37;0.198;1.500;1946.087;4.082;2.328
1473561;36.5;26.37;0.201;1.488;1970.381;4.133;2.419
1473661;36.5;26.37;0.202;1.495;1983.710;3.946;2.533
1473761;36.5;26.37;0.370;1.449;1973.414;1.898;3.134
1473861;36.5;26.43;0.201;1.496;1961.086;4.104;2.348
1473961;36.5;26.43;0.200;1.494;1982.183;3.962;2.566
1474061;36.5;26.43;0.346;1.461;1941.338;2.248;3.184
1474161;36.5;26.43;0.343;1.460;1978.506;2.199;3.077
1474261;36.5;26.43;0.462;1.480;1977.967;1.084;2.858
1474361;36.5;26.43;0.330;1.458;1957.665;2.415;3.151
1474461;36.5;26.43;0.249;1.478;1972.348;3.489;2.702
1474561;36.6;26.43;0.167;1.502;1976.786;4.414;2.414
1474661;36.6;26.43;0.259;1.472;1953.296;3.360;2.856
1474761;36.6;26.43;0.357;1.465;1989.005;1.860;3.141
1474861;36.6;26.37;0.154;1.510;1988.062;4.514;2.297
1474961;36.6;26.37;0.241;1.511;1956.129;3.183;2.201
1475061;36.6;26.37;0.290;1.525;1973.615;2.163;1.830
1475161;36.6;26.37;0.175;1.525;1987.486;4.004;2.060
1475261;36.6;26.37;0.398;1.446;1980.098;1.618;3.327
1475361;36.6;26.37;0.277;1.469;1969.976;3.108;2.931
1475461;36.6;26.37;0.215;1.488;1985.078;3.761;2.714
1475561;36.6;26.37;0.196;1.499;1955.457;4.118;2.390
1475661;36.6;26.37;0.413;1.513;1961.492;0.079;2.105
1475761;36.6;26.37;0.383;1.452;1954.107;1.785;3.240
1475861;36.6;26.37;0.220;1.488;1950.760;3.852;2.663
1475961;36.6;26.37;0.202;1.499;1975.228;4.072;2.339
1476061;36.5;26.37;0.428;1.528;1985.671;-0.628;2.022
1476161;36.5;26.37;0.165;1.540;1951.011;4.331;1.735
1476261;36.6;26.37;0.253;1.475;1990.407;3.155;2.818
1476361;36.6;26.37;0.459;1.524;1995.514;-1.525;2.163
1476461;36.6;26.37;0.292;1.532;1950.059;2.106;1.909
1476561;36.6;26.37;0.408;1.515;1961.993;0.146;2.099
1476661;36.6;26.37;0.414;1.528;1986.226;-0.346;2.000
1476761;36.6;26.37;0.367;1.455;1978.597;1.926;3.117
1476861;36.6;26.37;0.182;1.538;1964.306;4.072;1.705
1476961;36.6;26.37;0.407;1.534;1984.637;-0.239;1.939
1477061;36.6;26.37;0.207;1.492;1949.512;4.081;2.581
1477161;36.6;26.37;0.255;1.475;1965.987;3.464;2.802
1477261;36.6;26.37;0.399;1.457;1955.604;1.660;3.320
1477361;36.6;26.37;0.193;1.501;1948.768;4.193;2.445
1477461;36.6;26.37;0.319;1.516;1971.880;1.735;2.071
1477561;36.6;26.37;0.103;1.559;1999.248;5.060;1.502
1477661;36.6;26.37;0.426;1.509;1943.068;-0.178;2.312
1477761;36.6;26.37;0.315;1.470;1992.691;2.330;2.972
1477861;36.6;26.37;0.101;1.559;1993.046;5.050;1.507
1477961;36.6;26.37;0.238;1.541;1949.570;2.929;1.779
1478061;36.6;26.37;0.239;1.569;1973.202;2.918;1.223
1478161;36.6;26.37;0.186;1.581;1999.191;3.354;1.146
1478261;36.6;26.37;0.291;1.462;1971.705;2.907;2.945
1478361;36.6;26.37;0.200;1.538;1977.110;3.743;1.690
1478461;36.6;26.37;0.095;1.558;1992.408;5.122;1.584
1478561;36.5;26.37;0.176;1.548;1957.153;4.071;1.635
1478661;36.5;26.37;0.258;1.563;1976.862;2.608;1.309
1478761;36.5;26.37;0.228;1.480;1954.596;3.748;2.715
1478861;36.5;26.37;0.445;1.511;1936.011;-0.732;2.359
1478961;36.5;26.37;0.247;1.533;1970.537;2.942;1.836
1479061;36.5;26.37;0.439;1.534;1988.017;-0.796;1.979
1479161;36.5;26.37;0.323;1.528;1956.807;1.627;2.004
1479261;36.6;26.37;0.284;1.475;1987.160;2.736;2.901
1479361;36.6;26.37;0.193;1.590;1998.962;3.322;1.032
1479461;36.6;26.37;0.211;1.546;1960.458;3.373;1.738
1479561;36.6;26.37;0.472;1.505;1968.890;-1.241;2.354
1479661;36.6;26.37;0.435;1.529;1985.131;-0.940;2.112
1479761;36.6;26.37;0.331;1.452;1980.435;2.368;3.087
1479861;36.6;26.37;0.496;1.510;1975.320;-1.605;2.279
1479961;36.6;26.37;0.181;1.586;1993.316;3.511;1.160
1480061;36.5;26.37;0.462;1.510;1949.689;-1.153;2.381
1480161;36.5;26.37;0.197;1.549;1970.657;3.712;1.614
1480261;36.6;26.37;0.332;1.462;1953.676;2.359;3.163
1480361;36.6;26.37;0.425;1.515;1949.943;-0.167;2.252
1480461;36.6;26.37;0.477;1.508;1979.786;-1.377;2.286
1480561;36.5;26.37;0.482;1.532;2001.395;-1.867;2.116
1480661;36.5;26.37;0.310;1.556;1969.422;1.623;1.595
1480761;36.5;26.37;0.209;1.490;1981.774;3.810;2.634
1480861;36.5;26.43;0.473;1.535;2009.762;-1.810;2.059
1480961;36.5;26.43;0.447;1.517;1963.897;-0.859;2.298
1481061;36.5;26.43;0.470;1.520;1985.535;-1.297;2.225
1481161;36.5;26.43;0.437;1.531;2020.698;-1.011;2.119
1481261;36.6;26.43;0.206;1.497;1966.199;3.943;2.258
1481361;36.6;26.43;0.471;1.522;1980.347;-1.284;2.241
1481461;36.6;26.43;0.467;1.535;2008.755;-1.765;2.144
1481561;36.6;26.43;0.286;1.558;1960.384;2.040;1.592
1481661;36.6;26.43;0.467;1.516;1985.817;-1.265;2.270
1481761;36.6;26.43;0.200;1.504;1945.317;4.081;2.330
1481861;36.6;26.37;0.474;1.516;1952.298;-1.292;2.326
1481961;36.6;26.37;0.494;1.512;1966.691;-1.559;2.374
1482061;36.7;26.37;0.472;1.533;1994.030;-1.679;2.115
1482161;36.7;26.37;0.175;1.549;1957.750;4.139;1.719
1482261;36.7;26.37;0.233;1.485;1988.182;3.469;2.811
1482361;36.7;26.37;0.472;1.532;2014.723;-1.797;2.156
1482461;36.7;26.37;0.451;1.527;1962.654;-0.894;2.180
1482561;36.6;26.37;0.478;1.515;1987.446;-1.165;2.267
1482661;36.6;26.37;0.467;1.532;2005.059;-1.710;2.191
1482761;36.6;26.37;0.209;1.487;1972.692;4.034;2.529
1482861;36.6;26.43;0.483;1.518;1984.980;-1.540;2.261
1482961;36.6;26.43;0.462;1.531;2014.074;-1.454;2.191
1483061;36.6;26.43;0.444;1.525;1961.964;-0.772;2.246
1483161;36.6;26.43;0.473;1.520;1978.164;-1.302;2.262
1483261;36.5;26.43;0.280;1.468;1949.956;3.083;2.978
1483361;36.5;26.43;0.321;1.554;1962.871;1.475;1.690
1483461;36.5;26.43;0.462;1.518;1974.664;-1.188;2.303
1483561;36.5;26.43;0.448;1.531;2020.683;-1.205;2.143
1483661;36.5;26.43;0.433;1.530;1980.108;-0.492;2.105
1483761;36.5;26.43;0.190;1.491;1987.885;4.047;2.547
1483861;36.5;26.37;0.441;1.536;2022.679;-1.017;2.066
1483961;36.5;26.37;0.440;1.532;1976.234;-0.560;2.083
1484061;36.5;26.37;0.479;1.531;2007.426;-1.177;2.022
1484161;36.5;26.37;0.476;1.541;2039.617;-1.459;1.981
1484261;36.6;26.37;0.479;1.513;1977.910;-1.481;2.313
1484361;36.6;26.37;0.456;1.528;1994.487;-0.856;2.133
1484461;36.6;26.37;0.446;1.534;2018.068;-1.199;2.185
1484561;36.6;26.37;0.445;1.525;1960.734;-0.826;2.302
1484661;36.6;26.37;0.482;1.521;1983.123;-1.504;2.291
1484761;36.6;26.37;0.171;1.540;1955.790;4.299;1.730
1484861;36.6;26.37;0.445;1.531;1960.227;-0.719;2.197
1484961;36.6;26.37;0.475;1.524;1987.056;-1.342;2.222
1485061;36.6;26.37;0.454;1.531;2001.385;-1.581;2.248
1485161;36.6;26.37;0.301;1.559;1956.875;1.853;1.619
1485261;36.6;26.37;0.184;1.553;1990.371;3.756;1.641
1485361;36.6;26.37;0.454;1.535;2015.457;-1.305;2.188
1485461;36.6;26.37;0.437;1.533;1978.790;-0.550;2.134
1485561;36.6;26.37;0.463;1.536;1999.012;-0.955;2.047
1485661;36.6;26.37;0.442;1.535;2018.502;-1.004;2.146
1485761;36.6;26.37;0.416;1.516;1968.172;-0.021;2.116
1485861;36.6;26.37;0.456;1.526;1987.351;-0.818;2.185
1485961;36.6;26.37;0.460;1.543;2038.445;-1.213;1.999
1486061;36.6;26.37;0.458;1.534;1986.068;-0.846;2.090
1486161;36.6;26.37;0.464;1.535;1996.982;-0.972;2.075
1486261;36.6;26.37;0.473;1.508;1948.741;-1.243;2.394
1486361;36.6;26.37;0.436;1.528;1971.642;-0.519;2.194
1486461;36.6;26.37;0.457;1.530;2004.315;-0.893;2.103
1486561;36.7;26.37;0.453;1.546;2029.107;-1.073;1.973
1486661;36.7;26.37;0.479;1.533;1992.034;-1.136;2.109
1486761;36.5;26.37;0.447;1.530;2013.134;-1.171;2.137
1486861;36.5;26.37;0.494;1.533;2038.927;-1.680;2.136
1486961;36.5;26.37;0.452;1.542;1980.716;-0.725;2.022
1487061;36.5;26.37;0.479;1.533;1996.522;-1.116;2.092
1487161;36.5;26.37;0.473;1.544;2031.297;-1.365;2.029
1487261;36.6;26.37;0.451;1.525;1995.310;-0.828;2.134
1487361;36.6;26.37;0.470;1.536;1986.739;-1.011;2.117
1487461;36.6;26.37;0.444;1.539;2017.190;-0.875;2.077
1487561;36.6;26.37;0.444;1.530;1968.225;-0.654;2.254
1487661;36.6;26.37;0.469;1.529;1988.621;-1.286;2.232
1487761;36.6;26.37;0.315;1.518;1955.663;1.814;2.209
1487861;36.6;26.37;0.443;1.533;1985.922;-0.671;2.127
1487961;36.6;26.37;0.463;1.536;1993.034;-0.912;2.076
1488061;36.6;26.37;0.436;1.537;2014.664;-0.909;2.237
1488161;36.6;26.37;0.445;1.534;1972.205;-0.751;2.221
1488261;36.6;26.37;0.468;1.527;1994.201;-1.590;2.233
1488361;36.6;26.37;0.465;1.545;2033.627;-1.241;1.984
1488461;36.6;26.37;0.463;1.534;1993.781;-0.919;2.118
1488561;36.7;26.37;0.525;1.525;1997.962;-1.766;2.234
1488661;36.7;26.37;0.522;1.531;2040.197;-2.048;2.266
1488761;36.7;26.37;0.467;1.521;1991.991;-1.189;2.208
1488861;36.7;26.37;0.493;1.534;2006.444;-1.371;2.105
1488961;36.7;26.37;0.514;1.532;2030.009;-1.840;2.200
1489061;36.6;26.37;0.532;1.524;2011.399;-1.878;2.296
1489161;36.6;26.37;0.538;1.527;2014.336;-1.956;2.269
1489261;36.6;26.37;0.445;1.527;1972.704;-0.725;2.180
1489361;36.6;26.37;0.490;1.537;1989.494;-1.295;2.144
1489461;36.6;26.37;0.504;1.535;2011.880;-1.568;2.127
1489561;36.7;26.37;0.513;1.537;2041.250;-1.895;2.167
1489661;36.7;26.37;0.499;1.539;1992.958;-1.405;2.100
1489761;36.6;26.37;0.437;1.535;2014.083;-0.920;2.094
1489861;36.6;26.37;0.505;1.540;2032.364;-2.022;2.242
1489961;36.6;26.37;0.469;1.540;1989.810;-1.005;2.105
1490061;36.6;26.37;0.482;1.537;2004.855;-1.199;2.153
1490161;36.6;26.37;0.504;1.542;2035.342;-1.778;2.102
1490261;36.7;26.37;0.473;1.515;1991.546;-1.296;2.281
1490361;36.7;26.37;0.516;1.531;1999.433;-1.638;2.244
1490461;36.7;26.37;0.460;1.550;2024.733;-1.171;2.023
1490561;36.7;26.37;0.455;1.537;1980.808;-0.780;2.167
1490661;36.7;26.37;0.477;1.537;2005.854;-1.148;2.074
1490761;36.7;26.37;0.267;1.566;1962.596;2.453;1.478
1490861;36.7;26.37;0.482;1.541;1992.939;-1.189;2.119
1490961;36.7;26.37;0.522;1.527;2009.923;-1.767;2.297
1491061;36.7;26.37;0.505;1.538;2040.400;-1.842;2.184
1491161;36.7;26.37;0.459;1.544;1987.348;-0.857;2.050
1491261;36.7;26.37;0.468;1.533;2004.182;-1.583;2.252
1491361;36.7;26.37;0.542;1.535;2043.521;-2.208;2.189
1491461;36.7;26.37;0.532;1.532;2013.570;-1.797;2.242
1491561;36.7;26.37;0.566;1.509;2026.878;-2.056;2.463
1491661;36.7;26.37;0.572;1.513;2048.150;-2.492;2.552
1491761;36.7;26.37;0.499;1.524;1996.497;-1.435;2.216
1491861;36.7;26.37;0.568;1.504;2021.568;-2.099;2.571
1491961;36.7;26.37;0.566;1.516;2058.577;-2.422;2.519
1492061;36.7;26.37;0.548;1.514;2010.496;-1.821;2.517
1492161;36.7;26.37;0.570;1.499;2018.768;-1.893;2.614
1492261;36.8;26.37;0.434;1.534;1972.344;-0.491;2.114
1492361;36.8;26.37;0.521;1.533;1998.878;-1.710;2.250
1492461;36.8;26.37;0.524;1.531;2002.503;-1.768;2.264
1492561;36.7;26.37;0.514;1.541;2032.385;-1.865;2.224
1492661;36.7;26.37;0.487;1.540;1996.359;-1.267;2.190
1492761;36.7;26.37;0.444;1.535;2014.047;-1.071;2.174
1492861;36.7;26.37;0.525;1.540;2038.919;-2.109;2.214
1492961;36.7;26.37;0.494;1.541;1986.205;-1.309;2.136
1493061;36.7;26.37;0.525;1.536;2019.026;-1.768;2.200
1493161;36.7;26.37;0.519;1.542;2041.542;-2.006;2.179
1493261;36.6;26.37;0.483;1.520;1982.772;-1.551;2.254
1493361;36.6;26.37;0.568;1.515;2020.297;-2.202;2.508
1493461;36.6;26.37;0.565;1.523;2044.386;-2.471;2.446
1493561;36.6;26.37;0.505;1.541;1986.128;-1.482;2.211
1493661;36.6;26.37;0.536;1.531;2011.773;-1.927;2.324
1493761;36.6;26.37;0.449;1.528;1962.343;-0.790;2.258
1493861;36.6;26.37;0.531;1.532;2012.905;-1.851;2.331
1493961;36.6;26.37;0.575;1.508;2017.999;-2.152;2.594
1494061;36.6;26.37;0.574;1.516;2043.337;-2.384;2.556
1494161;36.6;26.37;0.539;1.528;2009.191;-1.853;2.378
1494261;36.6;26.37;0.464;1.545;2029.005;-1.214;1.999
1494361;36.6;26.37;0.567;1.522;2059.459;-2.481;2.462
1494461;36.6;26.37;0.541;1.518;2019.144;-1.689;2.479
1494561;36.7;26.37;0.568;1.486;2029.555;-1.767;2.828
1494661;36.7;26.37;0.575;1.475;2059.188;-1.954;3.027
1494761;36.6;26.37;0.551;1.512;2012.760;-1.961;2.528
1494861;36.6;26.37;0.567;1.488;2014.003;-1.735;2.875
1494961;36.6;26.37;0.576;1.506;2053.266;-2.255;2.652
1495061;36.6;26.37;0.548;1.521;2012.554;-1.879;2.475
1495161;36.6;26.37;0.572;1.506;2015.200;-2.017;2.587
1495261;36.7;26.37;0.444;1.539;1983.989;-0.671;2.036
1495361;36.7;26.37;0.543;1.526;2007.446;-1.968;2.469
1495461;36.7;26.37;0.543;1.526;2016.624;-2.037;2.416
1495561;36.8;26.37;0.523;1.540;2037.347;-2.006;2.271
1495661;36.8;26.37;0.508;1.537;2002.047;-1.568;2.243
1495761;36.7;26.37;0.464;1.531;2017.852;-1.436;2.242
1495861;36.7;26.43;0.567;1.525;2055.662;-2.472;2.470
1495961;36.7;26.43;0.549;1.528;2006.594;-1.966;2.406
1496061;36.7;26.43;0.571;1.513;2018.888;-2.210;2.596
1496161;36.7;26.43;0.571;1.515;2056.393;-2.373;2.590
1496261;36.8;26.43;0.487;1.531;2010.145;-1.267;2.152
1496361;36.8;26.43;0.573;1.507;2018.339;-1.906;2.649
1496461;36.8;26.43;0.571;1.490;2056.086;-2.034;2.908
1496561;36.8;26.43;0.548;1.518;2018.593;-1.802;2.549
1496661;36.8;26.43;0.565;1.507;2024.873;-1.839;2.656
1496761;36.8;26.43;0.511;1.537;1995.070;-1.590;2.216
1496861;36.8;26.37;0.546;1.512;2019.945;-1.701;2.642
1496961;36.8;26.37;0.572;1.486;2031.273;-1.747;2.882
1497061;36.7;26.37;0.574;1.473;2064.792;-1.902;3.124
1497161;36.7;26.37;0.549;1.492;2016.016;-1.511;2.934
1497261;36.7;26.37;0.551;1.525;2045.961;-2.346;2.349
1497361;36.7;26.37;0.574;1.488;2058.412;-2.000;2.954
1497461;36.7;26.37;0.546;1.497;2023.227;-1.502;2.841
1497561;36.7;26.37;0.575;1.469;2016.421;-1.606;3.125
1497661;36.7;26.37;0.576;1.466;2056.185;-1.786;3.192
1497761;36.7;26.37;0.565;1.511;2020.706;-2.160;2.524
1497861;36.7;26.43;0.575;1.472;2020.399;-1.655;3.140
1497961;36.7;26.43;0.580;1.484;2061.242;-2.074;3.012
1498061;36.8;26.43;0.548;1.519;2014.202;-1.726;2.558
1498161;36.8;26.43;0.573;1.505;2020.747;-1.982;2.706
1498261;36.8;26.43;0.500;1.540;1999.609;-1.430;2.156
1498361;36.8;26.43;0.550;1.518;2008.545;-1.762;2.603
1498461;36.8;26.43;0.575;1.513;2016.887;-2.017;2.587
1498561;36.7;26.43;0.581;1.519;2050.461;-2.469;2.577
1498661;36.7;26.43;0.551;1.527;2007.321;-1.950;2.518
1498761;36.7;26.43;0.459;1.549;2030.613;-1.193;2.046
1498861;36.7;26.37;0.575;1.504;2061.900;-2.168;2.766
1498961;36.7;26.37;0.551;1.494;2030.185;-1.607;2.883
1499061;36.7;26.37;0.568;1.489;2022.028;-1.666;2.975
1499161;36.7;26.37;0.583;1.472;2059.151;-1.833;3.246
1499261;36.7;26.37;0.560;1.515;2022.486;-2.165;2.460
1499361;36.7;26.37;0.573;1.460;2020.407;-1.490;3.300
1499461;36.7;26.37;0.577;1.436;2053.644;-1.556;3.587
1499561;36.7;26.37;0.555;1.451;2017.617;-1.231;3.339
1499661;36.7;26.37;0.572;1.457;2017.091;-1.397;3.359
1499761;36.7;26.37;0.537;1.523;2004.894;-1.863;2.371
1499861;36.7;26.43;0.553;1.473;2015.289;-1.375;3.213
1499961;36.7;26.43;0.574;1.448;2018.891;-1.403;3.413
1500061;36.6;26.43;0.572;1.429;2050.580;-1.420;3.643
1500161;36.6;26.43;0.554;1.453;2024.099;-1.241;3.355
1500261;36.7;26.43;0.573;1.512;2044.401;-2.430;2.612
1500361;36.7;26.43;0.580;1.462;2060.355;-1.877;3.365
1500461;36.7;26.43;0.551;1.490;2017.849;-1.515;2.978
1500561;36.8;26.43;0.578;1.467;2025.646;-1.647;3.223
1500661;36.8;26.43;0.576;1.459;2060.223;-1.754;3.391
1500761;36.8;26.43;0.568;1.510;2014.894;-2.135;2.545
1500861;36.8;26.43;0.573;1.469;2015.496;-1.494;3.241
1500961;36.8;26.43;0.574;1.476;2065.340;-1.946;3.200
1501061;36.8;26.43;0.553;1.509;2019.150;-1.638;2.759
1501161;36.8;26.43;0.572;1.486;2028.795;-1.680;3.026
1501261;36.8;26.43;0.548;1.522;2012.730;-1.958;2.394
1501361;36.8;26.43;0.558;1.473;2015.518;-1.501;3.213
1501461;36.8;26.43;0.578;1.474;2019.513;-1.622;3.216
1501561;36.8;26.43;0.581;1.474;2059.256;-1.946;3.223
1501661;36.8;26.43;0.551;1.498;2020.855;-1.546;2.922
1501761;36.7;26.43;0.483;1.544;2035.004;-1.482;2.115
1501861;36.7;26.37;0.580;1.457;2054.156;-1.731;3.444
1501961;36.7;26.37;0.554;1.453;2025.276;-1.204;3.368
1502061;36.6;26.37;0.569;1.442;2011.689;-1.123;3.439
1502161;36.6;26.37;0.571;1.439;2043.532;-1.326;3.562
1502261;36.5;26.37;0.566;1.491;2019.351;-1.722;2.818
1502361;36.5;26.37;0.562;1.437;2014.678;-1.012;3.455
1502461;36.5;26.37;0.551;1.436;2038.544;-0.791;3.316
1502561;36.6;26.37;0.539;1.456;1999.608;-0.695;3.150
1502661;36.6;26.37;0.542;1.449;1985.286;-0.510;3.276
1502761;36.7;26.37;0.549;1.488;2020.484;-1.521;2.889
1502861;36.7;26.37;0.548;1.453;2018.671;-1.032;3.407
1502961;36.7;26.37;0.573;1.451;2012.546;-1.321;3.483
1503061;36.8;26.37;0.573;1.428;2045.852;-1.304;3.648
1503161;36.8;26.37;0.551;1.446;2016.970;-1.063;3.471
1503261;36.7;26.37;0.573;1.513;2058.741;-2.303;2.584
1503361;36.7;26.37;0.581;1.456;2056.212;-1.843;3.486
1503461;36.7;26.37;0.562;1.475;2020.283;-1.523;3.202
1503561;36.7;26.37;0.576;1.479;2030.415;-1.631;3.171
1503661;36.7;26.37;0.575;1.465;2060.303;-1.715;3.350
1503761;36.7;26.37;0.567;1.516;2013.688;-1.881;2.558
1503861;36.7;26.37;0.577;1.447;2004.880;-1.322;3.560
1503961;36.7;26.37;0.584;1.441;2047.363;-1.649;3.624
1504061;36.7;26.37;0.560;1.468;2010.721;-1.402;3.374
1504161;36.7;26.37;0.583;1.460;2018.672;-1.566;3.440
1504261;36.7;26.37;0.544;1.517;2016.686;-1.604;2.535
1504361;36.7;26.37;0.548;1.451;2017.080;-0.961;3.408
1504461;36.7;26.37;0.571;1.449;2003.387;-1.161;3.502
1504561;36.6;26.37;0.575;1.429;2043.180;-1.319;3.684
1504661;36.6;26.37;0.552;1.453;2015.519;-1.110;3.419
1504761;36.7;26.37;0.577;1.489;2059.886;-2.040;2.926
1504861;36.7;26.43;0.566;1.435;2043.015;-1.156;3.603
1504961;36.7;26.43;0.528;1.457;2009.398;-0.544;3.211
1505061;36.8;26.43;0.557;1.437;1994.259;-0.711;3.325
1505161;36.8;26.43;0.548;1.438;2020.435;-0.623;3.258
1505261;36.7;26.43;0.574;1.441;2017.237;-1.321;3.483
1505361;36.7;26.43;0.556;1.443;1979.640;-0.662;3.314
1505461;36.7;26.43;0.500;1.462;2017.878;0.241;2.800
1505561;36.8;26.43;0.477;1.475;2000.879;0.489;2.667
1505661;36.8;26.43;0.558;1.444;1986.284;-0.740;3.350
1505761;36.8;26.43;0.560;1.474;2017.568;-1.560;3.123
1505861;36.8;26.43;0.545;1.454;2010.621;-0.864;3.360
1505961;36.8;26.43;0.573;1.447;2018.453;-1.284;3.593
1506061;36.8;26.43;0.578;1.444;2044.424;-1.458;3.569
1506161;36.8;26.43;0.552;1.452;2017.645;-1.073;3.469
1506261;36.7;26.43;0.578;1.484;2050.416;-1.975;3.099
1506361;36.7;26.43;0.579;1.446;2050.300;-1.589;3.609
1506461;36.7;26.43;0.558;1.486;2020.941;-1.449;3.258
1506561;36.6;26.43;0.578;1.466;2016.950;-1.491;3.396
1506661;36.6;26.43;0.578;1.442;2050.734;-1.501;3.647
1506761;36.8;26.43;0.570;1.495;2023.326;-1.664;2.894
1506861;36.8;26.37;0.563;1.443;2002.324;-0.865;3.495
1506961;36.8;26.37;0.556;1.438;2035.482;-0.906;3.472
1507061;36.8;26.37;0.537;1.456;2015.153;-0.710;3.306
1507161;36.8;26.37;0.562;1.439;2002.397;-0.874;3.529
1507261;36.8;26.37;0.555;1.471;2024.179;-1.388;3.281
1507361;36.8;26.37;0.531;1.460;2011.006;-0.523;3.055
1507461;36.8;26.37;0.505;1.469;1984.791;0.263;2.855
1507561;36.8;26.37;0.557;1.439;2027.430;-0.802;3.321
1507661;36.8;26.37;0.539;1.461;1998.301;-0.663;3.194
1507761;36.8;26.37;0.569;1.432;2044.830;-1.320;3.622
1507861;36.8;26.37;0.478;1.468;2022.679;0.598;2.739
1507961;36.8;26.37;0.524;1.459;2002.730;-0.368;3.108
1508061;36.8;26.37;0.467;1.473;1976.330;0.924;2.798
1508161;36.8;26.37;0.442;1.461;2004.859;1.202;2.912
1508261;36.8;26.37;0.568;1.439;2014.158;-1.158;3.522
1508361;36.8;26.37;0.559;1.445;1992.206;-0.721;3.344
1508461;36.8;26.37;0.557;1.436;2015.367;-0.034;2.998
1508561;36.8;26.37;0.511;1.470;2001.790;-0.123;2.968
1508661;36.8;26.37;0.534;1.453;1987.216;-0.227;3.144
1508761;36.7;26.37;0.560;1.482;2013.711;-1.482;3.143
1508861;36.7;26.37;0.551;1.455;2003.726;-0.934;3.434
1508961;36.7;26.37;0.575;1.439;2011.551;-1.234;3.704
1509061;36.7;26.37;0.580;1.441;2053.788;-1.475;3.642
1509161;36.7;26.37;0.551;1.461;2018.726;-1.047;3.439
1509261;36.7;26.37;0.585;1.468;2056.913;-1.929;3.318
1509361;36.7;26.37;0.563;1.440;2034.069;-1.030;3.603
1509461;36.7;26.37;0.550;1.455;2011.241;-0.988;3.495
1509561;36.7;26.37;0.576;1.445;2010.202;-1.213;3.636
1509661;36.7;26.37;0.565;1.435;2044.118;-1.029;3.569
1509761;36.8;26.37;0.578;1.458;2015.997;-1.492;3.374
1509861;36.8;26.43;0.528;1.466;1988.150;-0.160;3.006
1509961;36.8;26.43;0.452;1.466;2012.050;1.051;2.840
1510061;36.8;26.43;0.418;1.485;1991.804;1.459;2.674
1510161;36.8;26.43;0.443;1.471;1978.131;1.269;2.869
1510261;36.8;26.43;0.547;1.447;2015.427;-1.009;3.432
1510361;36.8;26.43;0.414;1.485;1994.604;1.461;2.747
1510461;36.8;26.43;0.417;1.454;1965.634;1.518;3.118
1510561;36.7;26.43;0.410;1.446;1996.384;1.498;3.136
1510661;36.7;26.43;0.394;1.473;1994.414;1.724;2.810
1510761;36.8;26.43;0.560;1.434;2031.596;-1.023;3.531
1510861;36.8;26.43;0.435;1.455;2003.496;1.359;2.967
1510961;36.8;26.43;0.421;1.481;1997.491;1.404;2.740
1511061;36.8;26.43;0.467;1.476;1980.015;0.942;2.785
1511161;36.8;26.43;0.451;1.472;2002.173;1.102;2.850
1511261;36.8;26.43;0.577;1.466;2013.729;-1.612;3.261
1511361;36.8;26.43;0.545;1.455;1987.607;-0.464;3.267
1511461;36.8;26.43;0.558;1.440;2021.284;-0.724;3.353
1511561;36.8;26.43;0.542;1.461;2005.191;-0.700;3.227
1511661;36.8;26.43;0.552;1.449;1988.670;-0.565;3.311
1511761;36.8;26.43;0.558;1.456;2013.249;-1.279;3.495
1511861;36.8;26.37;0.545;1.458;2009.330;-0.729;3.285
1511961;36.8;26.37;0.548;1.459;1991.674;-0.553;3.304
1512061;36.8;26.37;0.555;1.441;2024.042;-0.732;3.456
1512161;36.8;26.37;0.529;1.467;2015.661;-0.524;3.176
1512261;36.9;26.37;0.580;1.454;2058.701;-1.727;3.505
1512361;36.9;26.37;0.552;1.441;2014.458;-0.655;3.396
1512461;36.9;26.37;0.445;1.494;2002.956;1.071;2.597
1512561;36.8;26.37;0.534;1.463;1983.345;-0.207;3.164
1512661;36.8;26.37;0.477;1.473;2011.135;0.709;2.792
1512761;36.8;26.37;0.551;1.456;1998.737;-0.719;3.290
1512861;36.8;26.43;0.419;1.463;1973.319;1.479;3.009
1512961;36.8;26.43;0.402;1.441;1989.247;1.513;3.237
1513061;36.8;26.43;0.378;1.464;1989.918;1.692;3.019
1513161;36.8;26.43;0.398;1.451;1953.271;1.621;3.223
1513261;37.0;26.43;0.416;1.486;1998.065;1.433;2.581
1513361;37.0;26.43;0.380;1.462;1991.890;1.680;3.056
1513461;37.0;26.43;0.404;1.452;1962.488;1.556;3.194
1513561;37.0;26.43;0.395;1.439;1980.216;1.599;3.219
1513661;37.0;26.43;0.387;1.462;1988.466;1.654;3.093
1513761;36.9;26.43;0.549;1.443;2020.081;-0.697;3.335
1513861;36.9;26.37;0.438;1.462;2000.896;1.284;3.011
1513961;36.9;26.37;0.444;1.496;2000.202;1.071;2.633
1514061;36.9;26.37;0.476;1.478;1974.499;0.848;2.836
1514161;36.9;26.37;0.441;1.464;2013.759;1.278;2.972
1514261;37.0;26.37;0.576;1.450;2008.542;-1.305;3.508
1514361;37.0;26.37;0.479;1.481;1976.264;0.757;2.878
1514461;37.0;26.37;0.449;1.467;2010.989;1.187;2.913
1514561;36.9;26.37;0.457;1.496;1997.690;0.899;2.615
1514661;36.9;26.37;0.465;1.479;1973.556;1.012;2.897
1514761;36.9;26.37;0.541;1.457;2014.348;-0.735;3.231
1514861;36.9;26.37;0.409;1.483;1992.250;1.604;2.807
1514961;36.9;26.37;0.466;1.478;1980.560;0.954;2.888
1515061;36.9;26.37;0.455;1.470;2004.976;1.108;2.878
1515161;36.9;26.37;0.419;1.488;1993.822;1.520;2.710
1515261;36.9;26.37;0.552;1.442;2031.924;-0.756;3.378
1515361;36.9;26.37;0.412;1.451;1999.326;1.439;3.173
1515461;36.9;26.37;0.388;1.468;1982.681;1.694;3.064
1515561;36.9;26.37;0.407;1.453;1964.139;1.559;3.210
1515661;36.9;26.37;0.407;1.445;1994.265;1.508;3.217
1515761;37.0;26.37;0.548;1.451;1991.170;-0.498;3.121
1515861;37.0;26.43;0.388;1.446;1955.675;1.681;3.268
1515961;37.0;26.43;0.355;1.453;1991.839;1.977;2.946
1516061;37.0;26.43;0.305;1.463;1979.934;2.433;2.901
1516161;37.0;26.43;0.358;1.444;1955.756;1.976;3.237
1516261;36.9;26.43;0.418;1.487;1988.475;1.459;2.674
1516361;36.9;26.43;0.369;1.455;1981.352;1.785;3.221
1516461;36.9;26.43;0.405;1.451;1965.991;1.575;3.273
1516561;36.8;26.43;0.392;1.440;1991.257;1.607;3.344
1516661;36.8;26.43;0.379;1.463;1981.523;1.713;3.085
1516761;36.7;26.43;0.563;1.434;2022.571;-0.927;3.473
1516861;36.7;26.43;0.436;1.456;2000.972;1.295;3.180
1516961;36.7;26.43;0.451;1.497;1992.411;1.008;2.701
1517061;36.8;26.43;0.471;1.483;1979.291;0.920;2.870
1517161;36.8;26.43;0.432;1.464;2005.940;1.367;3.041
1517261;36.8;26.43;0.564;1.446;2011.799;-0.981;3.538
1517361;36.8;26.43;0.427;1.466;1975.510;1.466;3.114
1517461;36.8;26.43;0.435;1.463;1992.754;1.372;3.051
1517561;36.8;26.43;0.402;1.486;1992.629;1.636;2.830
1517661;36.8;26.43;0.425;1.465;1977.541;1.435;3.120
1517761;36.8;26.43;0.468;1.486;2004.367;0.622;2.709
1517861;36.8;26.37;0.366;1.456;1977.381;1.805;3.241
1517961;36.8;26.37;0.400;1.455;1968.215;1.560;3.250
1518061;36.7;26.37;0.392;1.446;1992.127;1.642;3.213
1518161;36.7;26.37;0.383;1.466;1985.384;1.669;3.148
1518261;36.8;26.37;0.445;1.468;2010.320;1.161;2.887
1518361;36.8;26.37;0.351;1.448;1986.045;2.008;3.064
1518461;36.8;26.37;0.280;1.468;1991.377;2.749;2.832
1518561;36.8;26.37;0.354;1.451;1949.703;2.062;3.210
1518661;36.8;26.37;0.356;1.448;1980.838;1.978;3.126
1518761;36.7;26.37;0.427;1.470;1967.103;1.469;2.920
1518861;36.7;26.37;0.370;1.444;1962.445;1.848;3.258
1518961;36.7;26.37;0.336;1.447;1981.618;2.232;3.084
1519061;36.8;26.37;0.275;1.469;1981.898;2.826;2.843
1519161;36.8;26.37;0.328;1.455;1944.514;2.387;3.085
1519261;36.9;26.37;0.394;1.470;1990.490;1.660;2.977
1519361;36.9;26.37;0.363;1.454;1975.419;1.828;3.279
1519461;36.9;26.37;0.402;1.452;1960.039;1.588;3.290
1519561;36.8;26.37;0.396;1.443;1986.089;1.599;3.309
1519661;36.8;26.37;0.372;1.458;1985.098;1.717;3.221
1519761;36.7;26.37;0.500;1.465;2009.511;0.393;2.946
1519861;36.7;26.43;0.409;1.453;1995.430;1.473;3.217
1519961;36.7;26.43;0.399;1.488;1991.473;1.640;2.942
1520061;36.8;26.43;0.431;1.472;1976.829;1.460;3.073
1520161;36.8;26.43;0.424;1.453;1987.603;1.419;3.265
1520261;36.8;26.43;0.509;1.474;1987.823;0.226;2.907
1520361;36.8;26.43;0.401;1.457;1963.289;1.610;3.240
1520461;36.8;26.43;0.392;1.445;1988.183;1.619;3.286
1520561;36.8;26.43;0.366;1.461;1983.011;1.805;3.212
1520661;36.8;26.43;0.356;1.446;1962.215;2.040;3.252
1520761;36.8;26.43;0.445;1.487;1999.684;1.073;2.561
1520861;36.8;26.37;0.203;1.484;1981.116;3.900;2.549
1520961;36.8;26.37;0.245;1.468;1940.899;3.549;2.803
1521061;36.8;26.37;0.217;1.471;1978.247;3.839;2.607
1521161;36.8;26.37;0.219;1.481;1976.996;3.645;2.658
1521261;36.8;26.37;0.407;1.445;1996.443;1.495;3.213
1521361;36.8;26.37;0.217;1.477;1980.278;3.837;2.554
1521461;36.8;26.37;0.339;1.520;1991.536;0.933;1.888
1521561;36.7;26.37;0.220;1.479;1952.898;3.826;2.586
1521661;36.7;26.37;0.306;1.455;1966.303;2.689;3.051
1521761;36.8;26.37;0.414;1.457;1964.924;1.538;3.176
1521861;36.8;26.37;0.356;1.458;1955.921;2.022;3.152
1521961;36.8;26.37;0.314;1.460;1977.311;2.546;2.925
1522061;36.8;26.37;0.297;1.468;1980.136;2.601;2.916
1522161;36.8;26.37;0.331;1.456;1949.247;2.359;3.164
1522261;36.8;26.37;0.403;1.471;1986.589;1.634;2.954
1522361;36.8;26.37;0.343;1.463;1987.739;2.029;3.064
1522461;36.8;26.37;0.397;1.447;1954.920;1.598;3.427
1522561;36.9;26.37;0.386;1.447;1985.013;1.687;3.266
1522661;36.9;26.37;0.335;1.468;1992.971;2.059;3.056
1522761;36.8;26.37;0.431;1.451;1999.553;1.346;3.196
1522861;36.8;26.37;0.383;1.444;1976.429;1.756;3.348
1522961;36.8;26.37;0.366;1.464;1979.553;1.772;3.163
1523061;36.9;26.37;0.398;1.455;1959.577;1.636;3.343
1523161;36.9;26.37;0.374;1.455;1989.196;1.840;3.114
1523261;36.8;26.37;0.416;1.463;1970.973;1.529;3.113
1523361;36.8;26.37;0.297;1.459;1950.870;2.806;3.039
1523461;36.8;26.37;0.196;1.488;1975.724;4.144;2.336
1523561;36.8;26.37;0.164;1.504;1989.566;4.375;2.293
1523661;36.8;26.37;0.214;1.483;1945.010;3.934;2.589
1523761;36.9;26.37;0.277;1.469;1983.605;2.828;2.832
1523861;36.9;26.43;0.477;1.519;1997.386;-1.795;2.066
1523961;36.9;26.43;0.459;1.505;1956.342;-1.139;2.278
1524061;36.9;26.43;0.251;1.532;1972.079;2.581;1.710
1524161;36.9;26.43;0.169;1.545;1982.280;4.022;1.578
1524261;36.8;26.43;0.345;1.454;1976.568;2.168;2.988
1524361;36.8;26.43;0.201;1.493;1970.925;4.094;2.363
1524461;36.8;26.43;0.413;1.524;1985.929;-0.404;1.973
1524561;36.8;26.43;0.218;1.485;1943.454;3.900;2.646
1524661;36.8;26.43;0.223;1.478;1970.494;3.850;2.596
1524761;36.8;26.43;0.422;1.467;1971.444;1.493;3.108
1524861;36.8;26.43;0.352;1.458;1949.517;2.129;3.236
1524961;36.8;26.43;0.318;1.457;1980.982;2.479;3.006
1525061;36.7;26.43;0.270;1.474;1982.810;2.960;2.872
1525161;36.7;26.43;0.312;1.464;1957.107;2.598;3.042
1525261;36.7;26.43;0.372;1.457;1977.002;1.764;3.224
1525361;36.7;26.43;0.273;1.478;1978.988;2.914;2.831
1525461;36.7;26.43;0.338;1.459;1953.662;2.251;3.183
1525561;36.9;26.43;0.357;1.459;1975.711;2.066;3.097
1525661;36.9;26.43;0.272;1.478;1985.622;2.929;2.808
1525761;36.9;26.43;0.375;1.447;1986.004;1.830;3.187
1525861;36.9;26.43;0.216;1.488;1975.007;3.928;2.464
1525961;36.9;26.43;0.181;1.499;1981.365;4.253;2.446
1526061;36.8;26.43;0.250;1.472;1945.329;3.437;2.912
1526161;36.8;26.43;0.195;1.492;1977.662;4.132;2.358
1526261;36.8;26.43;0.391;1.453;1960.758;1.635;3.252
1526361;36.8;26.43;0.354;1.520;1952.444;1.065;2.045
1526461;36.8;26.43;0.254;1.556;1981.771;2.536;1.349
1526561;36.9;26.43;0.256;1.565;2001.983;2.050;1.340
1526661;36.9;26.43;0.470;1.507;1958.693;-1.295;2.271
1526761;36.9;26.43;0.204;1.484;1979.736;3.818;2.621
1526861;36.9;26.37;0.444;1.521;1997.084;-1.275;2.141
1526961;36.9;26.37;0.311;1.541;1956.596;1.518;1.699
1527061;36.9;26.37;0.488;1.513;1984.535;1.929;1.425
1527161;36.9;26.37;0.469;1.519;1984.947;-1.699;2.143
1527261;36.8;26.37;0.347;1.445;1972.915;2.160;3.161
1527361;36.8;26.37;0.242;1.511;1968.891;3.175;2.067
1527461;36.8;26.37;0.158;1.510;1982.014;4.484;2.291
1527561;36.9;26.37;0.203;1.500;1949.816;4.060;2.370
1527661;36.9;26.37;0.208;1.507;1975.639;3.841;2.183
1527761;36.9;26.37;0.410;1.452;1949.477;1.519;3.372
1527861;36.9;26.43;0.321;1.461;1945.151;2.509;3.153
1527961;36.9;26.43;0.295;1.461;1977.828;2.855;3.006
1528061;36.8;26.43;0.205;1.493;1982.286;3.872;2.593
1528161;36.8;26.43;0.269;1.472;1951.677;3.239;2.930
1528261;36.8;26.43;0.343;1.463;1983.891;2.034;3.103
1528361;36.8;26.43;0.429;1.527;1983.899;-0.623;2.000
1528461;36.8;26.43;0.342;1.516;1943.948;1.341;2.144
1528561;36.8;26.43;0.405;1.517;1973.037;0.151;2.036
1528661;36.8;26.43;0.440;1.534;1988.381;-0.788;1.923
1528761;36.7;26.43;0.274;1.465;1970.612;3.111;2.819
1528861;36.7;26.37;0.328;1.543;1981.206;1.187;1.658
1528961;36.7;26.37;0.453;1.525;1998.697;-1.498;2.102
1529061;36.8;26.37;0.472;1.512;1955.641;1.452;1.662
1529161;36.8;26.37;0.293;1.549;1974.887;1.837;1.585
1529261;36.8;26.37;0.203;1.503;1951.402;3.979;2.260
1529361;36.8;26.37;0.328;1.548;1965.209;1.263;1.648
1529461;36.8;26.37;0.480;1.514;1991.039;-1.524;2.182
1529561;36.8;26.37;0.448;1.529;2011.655;-1.210;2.058
1529661;36.8;26.37;0.447;1.522;1959.569;-0.912;2.211
1529761;36.8;26.37;0.211;1.484;1983.155;3.782;2.561
1529861;36.8;26.37;0.447;1.525;1994.108;-1.225;2.211
1529961;36.8;26.37;0.416;1.522;1961.514;-0.292;2.138
1530061;36.8;26.37;0.475;1.513;1977.634;-1.415;2.209
1530161;36.8;26.37;0.195;1.587;1997.439;3.299;1.001
1530261;36.8;26.37;0.424;1.447;1988.754;1.367;3.290
1530361;36.8;26.37;0.347;1.512;1959.952;1.232;2.134
1530461;36.8;26.37;0.213;1.529;1992.154;3.326;2.018
1530561;36.9;26.37;0.195;1.505;1956.430;4.084;2.392
1530661;36.9;26.37;0.346;1.522;1970.264;1.201;2.011
1530761;37.1;26.37;0.363;1.459;1951.306;1.960;3.232
1530861;37.1;26.37;0.198;1.514;1950.992;4.021;2.314
1530961;37.1;26.37;0.199;1.500;1967.801;4.152;2.386
1531061;36.9;26.37;0.359;1.533;1985.733;0.687;1.945
1531161;36.9;26.37;0.158;1.549;1956.107;4.389;1.671
1531261;36.8;26.37;0.186;1.544;2001.523;3.677;1.591
1531361;36.8;26.37;0.462;1.524;2015.383;-1.436;2.164
1531461;36.8;26.37;0.438;1.526;1961.980;-0.682;2.186
1531561;36.9;26.37;0.468;1.512;1982.129;-1.188;2.247
1531661;36.9;26.37;0.456;1.523;2010.522;-1.302;2.164
1531761;36.9;26.37;0.356;1.509;1975.493;0.983;2.090
1531861;36.9;26.43;0.465;1.526;2000.335;-1.021;2.008
1531961;36.9;26.43;0.456;1.533;2020.809;-1.108;1.989
1532061;36.8;26.43;0.429;1.529;1972.871;-0.479;2.122
1532161;36.8;26.43;0.466;1.516;1983.557;-1.205;2.199
1532261;36.9;26.43;0.278;1.465;1954.954;2.994;2.993
1532361;36.9;26.43;0.440;1.518;1963.882;-0.654;2.187
1532461;36.9;26.43;0.463;1.520;1991.932;-1.123;2.136
1532561;36.8;26.43;0.450;1.527;2016.474;-1.199;2.153
1532661;36.8;26.43;0.434;1.527;1969.791;-0.649;2.159
1532761;36.7;26.43;0.183;1.498;1977.582;4.233;2.479
1532861;36.7;26.37;0.274;1.566;1999.811;1.863;1.449
1532961;36.7;26.37;0.278;1.558;1960.932;2.152;1.535
1533061;36.8;26.37;0.474;1.519;1983.348;-1.383;2.184
1533161;36.8;26.37;0.475;1.522;1997.494;-1.665;2.269
1533261;36.9;26.37;0.304;1.459;1971.173;2.746;3.035
1533361;36.9;26.37;0.159;1.546;1966.595;4.433;1.639
1533461;36.9;26.37;0.363;1.540;1978.377;0.669;1.915
1533561;36.8;26.37;0.320;1.528;1956.954;1.645;2.035
1533661;36.8;26.37;0.497;1.510;1980.344;-1.688;2.308
1533761;36.8;26.37;0.285;1.466;1958.195;2.899;3.012
1533861;36.8;26.37;0.403;1.530;1957.601;-0.089;2.172
1533961;36.8;26.37;0.276;1.559;1984.263;2.099;1.448
1534061;36.8;26.37;0.225;1.585;1998.201;2.707;1.172
1534161;36.8;26.37;0.450;1.527;1965.923;-0.950;2.194
1534261;36.9;26.37;0.466;1.517;1990.330;-1.560;2.127
1534361;36.9;26.37;0.498;1.527;2039.598;-1.704;2.095
1534461;36.9;26.37;0.473;1.534;1995.465;-1.134;2.005
1534561;36.9;26.37;0.490;1.525;1996.003;-1.328;2.090
1534661;36.9;26.37;0.479;1.533;2025.898;-1.446;2.059
1534761;36.8;26.37;0.460;1.509;1985.604;-1.211;2.252
1534861;36.8;26.43;0.494;1.527;2009.515;-1.385;2.062
1534961;36.8;26.43;0.496;1.525;2031.311;-1.666;2.147
1535061;36.8;26.43;0.457;1.535;1988.018;-0.888;2.064
1535161;36.8;26.43;0.463;1.526;1988.252;-0.915;2.111
1535261;36.9;26.43;0.365;1.519;1955.008;0.814;2.097
1535361;36.9;26.43;0.442;1.523;1975.746;-0.825;2.296
1535461;36.9;26.43;0.462;1.521;1992.468;-1.064;2.220
1535561;37.0;26.43;0.443;1.535;2016.269;-0.989;2.062
1535661;37.0;26.43;0.446;1.528;1969.550;-0.811;2.199
1535761;37.0;26.43;0.203;1.527;1973.728;3.570;2.018
1535861;37.0;26.37;0.468;1.532;2003.144;-1.523;2.179
1535961;37.0;26.37;0.446;1.531;1971.513;-0.855;2.196
1536061;37.0;26.37;0.461;1.527;1993.822;-1.043;2.116
1536161;37.0;26.37;0.435;1.537;2013.248;-0.813;2.062
1536261;37.0;26.37;0.357;1.520;1968.884;0.957;2.011
1536361;37.0;26.37;0.475;1.523;1983.517;-1.417;2.248
1536461;37.0;26.37;0.478;1.533;2003.584;-1.833;2.165
1536561;37.1;26.37;0.444;1.526;1965.397;-0.888;2.287
1536661;37.1;26.37;0.451;1.526;2000.111;-0.834;2.132
1536761;37.0;26.37;0.237;1.544;1959.725;2.908;1.748
1536861;37.0;26.37;0.443;1.535;1990.576;-0.695;2.064
1536961;37.0;26.37;0.462;1.530;1998.054;-0.926;2.070
1537061;37.0;26.37;0.465;1.545;2028.658;-1.278;1.891
1537161;37.0;26.37;0.456;1.535;2001.296;-0.871;2.040
1537261;37.1;26.37;0.442;1.534;2021.266;-0.997;1.964
1537361;37.1;26.37;0.548;1.515;2042.814;-2.291;2.330
1537461;37.1;26.37;0.532;1.516;2008.524;-1.858;2.358
1537561;37.1;26.37;0.549;1.509;2023.443;-2.139;2.368
1537661;37.1;26.37;0.522;1.526;2037.232;-2.026;2.239
1537761;37.1;26.37;0.462;1.518;1984.437;-1.064;2.182
1537861;37.1;26.37;0.511;1.527;2007.277;-1.575;2.098
1537961;37.1;26.37;0.525;1.532;2045.135;-2.103;2.110
1538061;37.0;26.37;0.451;1.541;1985.007;-0.774;2.057
1538161;37.0;26.37;0.470;1.531;1998.210;-1.025;2.073
1538261;37.0;26.37;0.404;1.522;1950.183;0.129;2.127
1538361;37.0;26.37;0.440;1.534;1976.059;-0.745;2.149
1538461;37.0;26.37;0.466;1.525;1986.452;-1.077;2.235
1538561;36.9;26.37;0.442;1.540;2014.294;-0.924;2.055
1538661;36.9;26.37;0.434;1.536;1978.685;-0.563;2.119
1538761;36.8;26.37;0.463;1.523;1991.061;-1.448;2.168
1538861;36.8;26.37;0.440;1.535;2008.894;-0.960;2.197
1538961;36.8;26.37;0.434;1.536;1982.716;-0.537;2.113
1539061;37.0;26.37;0.476;1.531;2002.989;-1.091;2.035
1539161;37.0;26.37;0.479;1.538;2037.660;-1.454;2.060
1539261;37.0;26.37;0.478;1.514;1984.521;-1.481;2.261
1539361;37.0;26.37;0.497;1.526;2001.655;-1.384;2.137
1539461;37.0;26.37;0.477;1.540;2027.295;-1.385;2.055
1539561;37.0;26.37;0.452;1.543;1996.111;-0.785;1.987
1539661;37.0;26.37;0.512;1.525;2008.772;-1.815;2.220
1539761;36.9;26.37;0.443;1.517;1968.825;-0.822;2.199
1539861;36.9;26.43;0.542;1.514;2009.336;-2.031;2.379
1539961;36.9;26.43;0.555;1.514;2018.706;-2.185;2.366
1540061;36.9;26.43;0.534;1.528;2033.336;-2.156;2.207
1540161;36.9;26.43;0.516;1.523;2003.333;-1.685;2.287
1540261;36.9;26.43;0.455;1.535;2025.477;-1.120;1.982
1540361;36.9;26.43;0.556;1.521;2040.923;-2.305;2.310
1540461;36.9;26.43;0.543;1.515;2016.919;-1.955;2.415
1540561;37.0;26.43;0.571;1.506;2019.583;-2.275;2.484
1540661;37.0;26.43;0.550;1.521;2032.808;-2.283;2.366
1540761;37.0;26.43;0.450;1.526;1990.279;-0.821;2.137
1540861;37.0;26.43;0.508;1.527;2004.806;-1.583;2.191
1540961;37.0;26.43;0.508;1.535;2034.693;-1.799;2.144
1541061;36.9;26.43;0.505;1.532;2003.761;-1.528;2.230
1541161;36.9;26.43;0.490;1.534;2009.488;-1.324;2.127
1541261;36.9;26.43;0.451;1.519;1968.336;-0.925;2.332
1541361;36.9;26.43;0.441;1.539;1981.032;-0.580;2.103
1541461;36.9;26.43;0.453;1.537;1996.199;-0.799;2.083
1541561;37.0;26.43;0.440;1.544;2017.440;-0.888;2.064
1541661;37.0;26.43;0.462;1.536;1994.644;-1.054;2.115
1541761;36.9;26.43;0.441;1.530;2009.433;-0.944;2.175
1541861;36.9;26.37;0.519;1.527;2030.569;-1.934;2.304
1541961;36.9;26.37;0.497;1.540;2004.767;-1.476;2.100
1542061;37.0;26.37;0.550;1.519;2015.693;-2.059;2.345
1542161;37.0;26.37;0.564;1.502;2055.119;-2.332;2.580
1542261;37.0;26.37;0.494;1.525;2016.159;-1.433;2.075
1542361;37.0;26.37;0.570;1.499;2007.225;-2.027;2.627
1542461;37.0;26.37;0.576;1.506;2051.054;-2.346;2.500
1542561;36.9;26.37;0.544;1.520;2014.386;-1.898;2.388
1542661;36.9;26.37;0.573;1.502;2025.416;-2.254;2.529
1542761;37.0;26.37;0.458;1.538;1988.513;-0.948;1.999
1542861;37.0;26.37;0.544;1.513;2018.526;-1.794;2.442
1542961;37.0;26.37;0.574;1.500;2019.439;-2.131;2.538
1543061;37.0;26.37;0.564;1.521;2037.695;-2.356;2.434
1543161;37.0;26.37;0.529;1.528;2000.458;-1.801;2.310
1543261;37.0;26.37;0.445;1.542;2028.458;-1.036;2.004
1543361;37.0;26.37;0.562;1.518;2050.066;-2.448;2.418
1543461;37.0;26.37;0.527;1.524;2006.950;-1.811;2.318
1543561;37.0;26.37;0.573;1.500;2026.778;-2.261;2.595
1543661;37.0;26.37;0.571;1.514;2048.305;-2.439;2.480
1543761;37.0;26.37;0.453;1.531;1989.609;-0.772;2.082
1543861;37.0;26.43;0.534;1.526;2010.771;-1.899;2.301
1543961;37.0;26.43;0.527;1.528;2037.426;-2.087;2.326
1544061;37.0;26.43;0.513;1.535;2004.591;-1.641;2.202
1544161;37.0;26.43;0.550;1.519;2014.646;-2.104;2.410
1544261;37.0;26.43;0.442;1.529;1966.333;-0.702;2.203
1544361;37.0;26.43;0.506;1.540;1994.551;-1.524;2.200
1544461;37.0;26.43;0.531;1.527;2010.923;-1.804;2.261
1544561;37.0;26.43;0.546;1.526;2050.343;-2.289;2.311
1544661;37.0;26.43;0.530;1.531;2015.541;-1.830;2.273
1544761;37.0;26.43;0.494;1.541;2030.422;-1.634;2.018
1544861;37.0;26.37;0.573;1.493;2045.472;-2.064;2.731
1544961;37.0;26.37;0.544;1.510;2018.705;-1.711;2.526
1545061;37.0;26.37;0.567;1.488;2024.270;-1.792;2.770
1545161;37.0;26.37;0.580;1.477;2051.494;-1.994;2.937
1545261;37.0;26.37;0.566;1.506;2020.319;-2.231;2.457
1545361;37.0;26.37;0.570;1.457;2026.806;-1.615;3.158
1545461;37.0;26.37;0.577;1.479;2050.578;-2.066;2.975
1545561;37.0;26.37;0.545;1.500;2020.127;-1.668;2.681
1545661;37.0;26.37;0.571;1.493;2016.734;-1.874;2.739
1545761;37.0;26.37;0.461;1.538;1994.155;-0.962;2.025
1545861;37.0;26.43;0.541;1.518;2014.267;-1.687;2.481
1545961;37.0;26.43;0.567;1.498;2023.834;-1.858;2.683
1546061;37.0;26.43;0.573;1.510;2050.993;-2.304;2.583
1546161;37.0;26.43;0.532;1.527;2010.556;-1.883;2.367
1546261;37.0;26.43;0.450;1.536;2011.056;-1.176;2.159
1546361;37.0;26.43;0.565;1.527;2048.197;-2.441;2.399
1546461;37.0;26.43;0.543;1.523;2007.029;-1.973;2.436
1546561;37.1;26.43;0.571;1.509;2026.832;-2.094;2.549
1546661;37.1;26.43;0.575;1.513;2044.396;-2.446;2.573
1546761;37.1;26.43;0.491;1.528;2004.290;-1.315;2.166
1546861;37.1;26.37;0.571;1.514;2016.306;-2.199;2.486
1546961;37.1;26.37;0.554;1.531;2043.997;-2.343;2.325
1547061;37.0;26.37;0.546;1.527;2012.823;-1.916;2.374
1547161;37.0;26.37;0.566;1.498;2029.300;-1.834;2.679
1547261;36.9;26.37;0.476;1.536;1992.958;-1.140;2.107
1547361;36.9;26.37;0.546;1.515;2022.083;-1.774;2.500
1547461;36.9;26.37;0.574;1.507;2014.288;-2.092;2.618
1547561;36.9;26.37;0.578;1.506;2052.310;-2.255;2.627
1547661;36.9;26.37;0.546;1.503;2016.832;-1.577;2.719
1547761;37.0;26.37;0.570;1.507;2058.825;-2.368;2.498
1547861;37.0;26.37;0.580;1.447;2049.993;-1.768;3.364
1547961;37.0;26.37;0.552;1.473;2025.027;-1.527;3.097
1548061;36.9;26.37;0.572;1.465;2021.047;-1.580;3.117
1548161;36.9;26.37;0.573;1.467;2055.284;-1.839;3.201
1548261;36.9;26.37;0.557;1.507;2016.759;-2.116;2.427
1548361;36.9;26.37;0.567;1.449;2019.181;-1.370;3.311
1548461;36.9;26.37;0.579;1.454;2054.875;-1.826;3.352
1548561;36.9;26.37;0.548;1.495;2018.817;-1.612;2.816
1548661;36.9;26.37;0.569;1.489;2016.849;-1.739;2.849
1548761;37.0;26.37;0.518;1.532;1996.475;-1.704;2.241
1548861;37.0;26.43;0.551;1.518;2017.071;-1.867;2.471
1548961;37.0;26.43;0.572;1.504;2018.627;-1.833;2.809
1549061;37.0;26.43;0.577;1.493;2053.558;-2.169;2.855
1549161;37.0;26.43;0.545;1.525;2005.259;-1.835;2.437
1549261;36.8;26.43;0.475;1.538;2005.993;-1.819;2.133
1549361;36.8;26.43;0.557;1.534;2039.363;-2.377;2.416
1549461;36.8;26.43;0.550;1.514;2020.657;-1.935;2.541
1549561;36.9;26.43;0.569;1.494;2035.268;-1.854;2.728
1549661;36.9;26.43;0.577;1.463;2054.527;-1.821;3.211
1549761;36.9;26.43;0.564;1.509;2020.891;-2.174;2.513
1549861;36.9;26.43;0.574;1.476;2018.340;-1.699;3.057
1549961;36.9;26.43;0.574;1.480;2061.112;-1.951;3.029
1550061;36.8;26.43;0.545;1.492;2028.775;-1.536;2.864
1550161;36.8;26.43;0.573;1.456;2017.429;-1.480;3.305
1550261;37.0;26.43;0.540;1.519;2011.669;-1.746;2.440
1550361;37.0;26.43;0.548;1.468;2019.900;-1.308;3.216
1550461;37.0;26.43;0.577;1.453;2018.808;-1.557;3.326
1550561;37.0;26.43;0.581;1.462;2051.411;-1.905;3.288
1550661;37.0;26.43;0.557;1.463;2027.745;-1.521;3.240
1550761;36.9;26.43;0.572;1.510;2057.168;-2.370;2.473
1550861;36.9;26.43;0.573;1.439;2051.988;-1.523;3.482
1550961;36.9;26.43;0.553;1.451;2012.518;-1.271;3.382
1551061;36.9;26.43;0.573;1.453;2017.110;-1.458;3.370
1551161;36.9;26.43;0.575;1.442;2058.983;-1.647;3.427
1551261;36.9;26.43;0.568;1.506;2027.033;-2.040;2.498
1551361;36.9;26.43;0.574;1.446;2010.449;-1.384;3.441
1551461;36.9;26.43;0.577;1.435;2044.751;-1.591;3.590
1551561;37.0;26.43;0.555;1.475;2021.732;-1.500;3.134
1551661;37.0;26.43;0.578;1.477;2028.637;-1.800;3.057
1551761;37.0;26.43;0.502;1.537;1993.436;-1.480;2.171
1551861;37.0;26.43;0.544;1.512;2020.934;-1.631;2.669
1551961;37.0;26.43;0.571;1.485;2031.164;-1.710;2.927
1552061;36.9;26.43;0.583;1.479;2052.795;-2.050;3.075
1552161;36.9;26.43;0.550;1.504;2012.513;-1.582;2.798
1552261;36.9;26.43;0.515;1.544;2030.700;-1.813;2.145
1552361;36.9;26.43;0.581;1.489;2056.577;-2.070;2.927
1552461;36.9;26.43;0.549;1.491;2030.009;-1.557;2.934
1552561;36.9;26.43;0.576;1.462;2017.650;-1.557;3.288
1552661;36.9;26.43;0.571;1.439;2059.646;-1.487;3.497
1552761;36.9;26.43;0.571;1.483;2019.065;-1.791;2.917
1552861;36.9;26.37;0.571;1.443;2015.280;-1.325;3.482
1552961;36.9;26.37;0.575;1.435;2035.985;-1.411;3.569
1553061;37.0;26.37;0.552;1.446;2020.740;-1.158;3.422
1553161;37.0;26.37;0.562;1.438;2013.632;-1.077;3.473
1553261;36.9;26.37;0.546;1.481;2023.664;-1.476;2.975
1553361;36.9;26.37;0.544;1.450;2013.628;-1.000;3.341
1553461;36.9;26.37;0.569;1.432;2010.291;-1.198;3.584
1553561;36.9;26.37;0.576;1.438;2049.029;-1.500;3.531
1553661;36.9;26.37;0.557;1.458;2016.945;-1.292;3.356
1553761;36.9;26.37;0.579;1.483;2051.966;-2.150;2.959
1553861;36.9;26.43;0.575;1.432;2047.155;-1.420;3.605
1553961;36.9;26.43;0.546;1.454;2027.222;-1.096;3.310
1554061;37.0;26.43;0.577;1.436;2009.874;-1.325;3.597
1554161;37.0;26.43;0.582;1.450;2046.105;-1.669;3.456
1554261;37.0;26.43;0.571;1.509;2022.189;-2.094;2.574
1554361;37.0;26.43;0.576;1.443;2021.437;-1.392;3.494
1554461;37.0;26.43;0.579;1.434;2043.677;-1.512;3.606
1554561;37.1;26.43;0.555;1.464;2012.282;-1.360;3.367
1554661;37.1;26.43;0.579;1.452;2021.034;-1.533;3.396
1554761;37.1;26.43;0.545;1.521;2007.217;-1.964;2.462
1554861;37.1;26.43;0.549;1.492;2019.785;-1.553;3.056
1554961;37.1;26.43;0.577;1.451;2024.544;-1.458;3.411
1555061;37.1;26.43;0.580;1.439;2056.100;-1.594;3.570
1555161;37.1;26.43;0.551;1.457;2028.063;-1.221;3.324
1555261;37.1;26.43;0.580;1.500;2050.040;-2.241;2.756
1555361;37.1;26.43;0.580;1.442;2050.778;-1.583;3.536
1555461;37.1;26.43;0.551;1.459;2033.717;-1.304;3.369
1555561;37.1;26.43;0.562;1.440;2011.728;-1.021;3.434
1555661;37.1;26.43;0.560;1.432;2027.204;-0.883;3.441
1555761;37.1;26.43;0.574;1.445;2017.451;-1.423;3.365
1555861;37.1;26.37;0.553;1.442;1997.447;-0.712;3.242
1555961;37.1;26.37;0.548;1.437;2021.817;-0.710;3.349
1556061;37.1;26.37;0.531;1.454;2012.789;-0.698;3.252
1556161;37.1;26.37;0.551;1.437;2002.159;-0.717;3.419
1556261;37.1;26.37;0.551;1.458;2028.663;-1.356;3.253
1556361;37.1;26.37;0.527;1.460;2004.975;-0.535;3.138
1556461;37.1;26.37;0.554;1.441;1998.152;-0.751;3.393
1556561;37.1;26.37;0.568;1.432;2039.136;-1.172;3.580
1556661;37.1;26.37;0.555;1.456;2023.013;-1.282;3.396
1556761;37.1;26.37;0.574;1.488;2054.382;-2.014;2.943
1556861;37.1;26.37;0.578;1.433;2043.773;-1.440;3.635
1556961;37.1;26.37;0.548;1.454;2017.681;-1.055;3.380
1557061;37.1;26.37;0.567;1.441;2007.222;-1.063;3.515
1557161;37.1;26.37;0.576;1.436;2042.202;-1.446;3.651
1557261;37.1;26.37;0.572;1.493;2024.130;-1.786;2.839
1557361;37.1;26.37;0.575;1.436;2012.149;-1.199;3.527
1557461;37.1;26.37;0.573;1.434;2043.484;-1.269;3.547
1557561;37.0;26.37;0.543;1.456;2020.624;-0.942;3.339
1557661;37.0;26.37;0.564;1.437;2005.524;-0.954;3.564
1557761;37.0;26.37;0.549;1.520;2022.525;-1.810;2.494
1557861;37.0;26.37;0.551;1.455;2021.452;-1.110;3.381
1557961;37.0;26.37;0.575;1.438;2005.277;-1.178;3.572
1558061;37.0;26.37;0.556;1.436;2028.905;-0.806;3.420
1558161;37.0;26.37;0.524;1.460;2015.013;-0.504;3.126
1558261;37.1;26.37;0.576;1.443;2049.169;-1.511;3.469
1558361;37.1;26.37;0.559;1.434;2021.128;-0.862;3.520
1558461;37.1;26.37;0.533;1.454;2012.332;-0.645;3.244
1558561;37.1;26.37;0.548;1.445;1999.358;-0.586;3.280
1558661;37.1;26.37;0.562;1.433;2024.412;-0.878;3.361
1558761;37.1;26.37;0.571;1.449;2024.497;-1.429;3.345
1558861;37.1;26.43;0.458;1.471;1981.565;1.027;2.743
1558961;37.1;26.43;0.455;1.464;2001.237;1.026;2.778
1559061;37.0;26.43;0.533;1.456;2004.218;-0.537;3.145
1559161;37.0;26.43;0.563;1.438;1985.985;-0.819;3.446
1559261;36.9;26.43;0.553;1.450;2024.994;-1.243;3.392
1559361;36.9;26.43;0.532;1.460;2007.285;-0.556;3.121
1559461;36.9;26.43;0.551;1.448;1998.991;-0.693;3.262
1559561;37.0;26.43;0.556;1.431;2019.699;-0.830;3.508
1559661;37.0;26.43;0.543;1.455;2013.539;-0.879;3.374
1559761;37.0;26.43;0.582;1.484;2054.106;-2.042;3.034
1559861;37.0;26.43;0.575;1.438;2042.175;-1.412;3.682
1559961;37.0;26.43;0.555;1.452;2021.138;-1.129;3.488
1560061;37.0;26.43;0.559;1.445;2007.349;-0.866;3.420
1560161;37.0;26.43;0.555;1.436;2031.393;-0.859;3.499
1560261;36.9;26.43;0.577;1.469;2025.641;-1.654;3.179
1560361;36.9;26.43;0.553;1.446;1995.324;-0.690;3.369
1560461;36.9;26.43;0.564;1.439;2023.471;-0.907;3.434
1560561;36.9;26.43;0.532;1.461;2009.329;-0.536;3.089
1560661;36.9;26.43;0.502;1.469;1986.535;0.309;2.802
1560761;37.0;26.43;0.545;1.452;2014.576;-0.972;3.367
1560861;37.0;26.43;0.534;1.463;2008.456;-0.576;3.029
1560961;37.0;26.43;0.556;1.447;1989.570;-0.623;3.249
1561061;36.9;26.43;0.545;1.444;2017.760;-0.573;3.261
1561161;36.9;26.43;0.430;1.485;1998.449;1.264;2.602
1561261;36.9;26.43;0.552;1.431;2034.503;-0.846;3.465
1561361;36.9;26.43;0.447;1.467;2010.844;1.105;2.772
1561461;36.9;26.43;0.534;1.461;2004.256;-0.616;3.146
1561561;36.9;26.43;0.546;1.454;1988.122;-0.463;3.178
1561661;36.9;26.43;0.459;1.468;2015.548;0.944;2.748
1561761;37.0;26.43;0.549;1.441;2005.213;-0.680;3.334
1561861;37.0;26.43;0.435;1.464;1970.201;1.377;2.965
1561961;37.0;26.43;0.430;1.449;1998.334;1.349;3.032
1562061;37.1;26.43;0.433;1.487;1997.693;1.200;2.635
1562161;37.1;26.43;0.557;1.441;1986.712;-0.620;3.343
1562261;37.1;26.43;0.557;1.465;2015.330;-1.394;3.314
1562361;37.1;26.43;0.519;1.462;2004.994;-0.264;3.063
1562461;37.1;26.43;0.494;1.471;1994.298;0.451;2.772
1562561;37.1;26.43;0.565;1.434;2019.915;-0.912;3.476
1562661;37.1;26.43;0.536;1.462;2006.723;-0.671;3.276
1562761;37.1;26.43;0.586;1.480;2044.954;-2.050;3.180
1562861;37.1;26.37;0.563;1.442;2034.182;-1.013;3.551
1562961;37.1;26.37;0.538;1.464;2009.613;-0.695;3.272
1563061;37.1;26.37;0.560;1.441;1994.117;-0.715;3.397
1563161;37.1;26.37;0.469;1.471;2006.580;0.832;2.769
1563261;37.0;26.37;0.568;1.445;2010.697;-1.159;3.522
1563361;37.0;26.37;0.481;1.474;1989.858;0.687;2.771
1563461;37.0;26.37;0.448;1.465;2000.381;1.141;2.901
1563561;37.0;26.37;0.393;1.474;1992.580;1.711;2.818
1563661;37.0;26.37;0.416;1.458;1973.817;1.475;3.026
1563761;37.0;26.37;0.520;1.462;2009.436;-0.474;3.134
1563861;37.0;26.43;0.400;1.478;1987.706;1.637;2.825
1563961;37.0;26.43;0.452;1.466;1975.312;1.186;2.914
1564061;37.0;26.43;0.459;1.470;2008.995;1.014;2.782
1564161;37.0;26.43;0.424;1.491;2001.972;1.335;2.601
1564261;37.1;26.43;0.562;1.432;2019.671;-0.914;3.380
1564361;37.1;26.43;0.418;1.446;1993.150;1.431;3.175
1564461;37.1;26.43;0.407;1.481;1991.451;1.572;2.754
1564561;37.0;26.43;0.474;1.477;1975.737;0.845;2.766
1564661;37.0;26.43;0.452;1.467;2005.733;1.096;2.888
1564761;37.0;26.43;0.562;1.436;2008.284;-0.908;3.465
1564861;37.0;26.43;0.433;1.469;1983.589;1.385;2.883
1564961;37.0;26.43;0.420;1.448;1993.877;1.465;3.143
1565061;37.1;26.43;0.400;1.474;1990.985;1.621;2.879
1565161;37.1;26.43;0.458;1.478;1980.686;1.051;2.770
1565261;37.0;26.43;0.560;1.458;2013.816;-1.349;3.429
1565361;37.0;26.43;0.490;1.480;2006.946;0.257;2.836
1565461;37.0;26.43;0.450;1.476;1979.248;1.213;2.826
1565561;37.0;26.43;0.436;1.463;2001.962;1.291;2.941
1565661;37.0;26.43;0.443;1.492;1997.182;1.065;2.670
1565761;37.0;26.43;0.577;1.439;2047.992;-1.487;3.655
1565861;37.0;26.37;0.484;1.475;2011.213;0.576;2.789
1565961;37.0;26.37;0.425;1.490;1999.626;1.368;2.652
1566061;37.0;26.37;0.443;1.466;1985.325;1.240;3.000
1566161;37.0;26.37;0.421;1.446;1990.410;1.423;3.199
1566261;37.0;26.37;0.556;1.440;1994.893;-0.721;3.313
1566361;37.0;26.37;0.424;1.460;1969.873;1.476;3.055
1566461;37.0;26.37;0.414;1.445;1994.973;1.435;3.230
1566561;37.0;26.37;0.381;1.463;1987.064;1.715;3.052
1566661;37.0;26.37;0.405;1.444;1968.862;1.551;3.257
1566761;37.0;26.37;0.529;1.457;2002.568;-0.539;3.088
1566861;37.0;26.37;0.389;1.471;1984.751;1.686;2.972
1566961;37.0;26.37;0.425;1.457;1966.214;1.483;3.127
1567061;37.0;26.37;0.421;1.456;1993.477;1.440;3.139
1567161;37.0;26.37;0.390;1.471;1993.061;1.710;2.906
1567261;37.0;26.37;0.559;1.433;2032.324;-1.033;3.546
1567361;37.0;26.37;0.407;1.443;1985.481;1.533;3.261
1567461;37.0;26.37;0.393;1.473;1983.651;1.713;2.901
1567561;37.0;26.37;0.444;1.470;1979.387;1.296;2.965
1567661;37.0;26.37;0.449;1.467;2002.749;1.155;2.931
1567761;37.0;26.37;0.555;1.449;2005.272;-0.788;3.402
1567861;37.0;26.43;0.440;1.469;1973.252;1.323;3.001
1567961;37.0;26.43;0.422;1.457;1997.330;1.420;3.051
1568061;37.1;26.43;0.404;1.488;1996.227;1.598;2.741
1568161;37.1;26.43;0.431;1.470;1975.336;1.448;3.000
1568261;37.1;26.43;0.547;1.458;2005.722;-0.827;3.276
1568361;37.1;26.43;0.407;1.481;1995.666;1.548;2.845
1568461;37.1;26.43;0.426;1.463;1972.063;1.439;3.073
1568561;37.0;26.43;0.400;1.441;1982.158;1.592;3.265
1568661;37.0;26.43;0.380;1.466;1991.675;1.701;3.036
1568761;36.9;26.43;0.554;1.444;2014.665;-0.733;3.329
1568861;36.9;26.43;0.422;1.451;1989.944;1.428;3.197
1568961;36.9;26.43;0.395;1.467;1989.904;1.630;3.060
1569061;36.9;26.43;0.414;1.453;1969.899;1.465;3.209
1569161;36.9;26.43;0.399;1.441;1985.124;1.600;3.272
1569261;36.9;26.43;0.475;1.476;1981.228;0.765;2.769
1569361;36.9;26.43;0.397;1.449;1961.268;1.614;3.265
1569461;36.9;26.43;0.392;1.446;1984.513;1.598;3.258
1569561;36.8;26.43;0.366;1.462;1989.702;1.733;3.054
1569661;36.8;26.43;0.383;1.445;1959.100;1.739;3.224
1569761;36.9;26.43;0.388;1.474;1989.743;1.657;2.870
1569861;36.9;26.43;0.354;1.457;1983.413;1.857;3.113
1569961;36.9;26.43;0.404;1.450;1966.590;1.536;3.237
1570061;37.1;26.43;0.409;1.445;1984.890;1.480;3.241
1570161;37.1;26.43;0.391;1.472;1988.838;1.678;2.983
1570261;37.1;26.43;0.498;1.465;2016.557;0.301;2.910
1570361;37.1;26.43;0.410;1.452;1983.973;1.499;3.194
1570461;37.1;26.43;0.393;1.469;1988.869;1.657;3.033
1570561;37.0;26.43;0.420;1.457;1968.443;1.543;3.219
1570661;37.0;26.43;0.436;1.463;2003.117;1.307;3.073
1570761;37.0;26.43;0.558;1.447;2008.905;-0.784;3.422
1570861;37.0;26.43;0.423;1.466;1972.211;1.531;3.045
1570961;37.0;26.43;0.406;1.451;1987.383;1.542;3.162
1571061;37.0;26.43;0.366;1.456;1988.256;1.781;3.175
1571161;37.0;26.43;0.398;1.452;1969.145;1.535;3.287
1571261;37.0;26.43;0.420;1.490;1998.009;1.408;2.631
1571361;37.0;26.43;0.360;1.456;1989.932;1.834;3.105
1571461;37.0;26.43;0.396;1.448;1968.961;1.569;3.271
1571561;37.0;26.43;0.354;1.453;1980.848;1.996;3.059
1571661;37.0;26.43;0.337;1.457;1977.021;2.095;3.104
1571761;37.0;26.43;0.421;1.446;1991.231;1.461;3.166
1571861;37.0;26.37;0.390;1.443;1974.543;1.697;3.247
1571961;37.0;26.37;0.374;1.460;1990.700;1.699;3.170
1572061;36.9;26.37;0.399;1.447;1963.138;1.544;3.296
1572161;36.9;26.37;0.390;1.446;1982.554;1.643;3.248
1572261;37.1;26.37;0.414;1.456;1971.323;1.480;3.125
1572361;37.1;26.37;0.364;1.450;1958.879;1.892;3.206
1572461;37.1;26.37;0.350;1.450;1974.309;2.090;3.056
1572561;37.1;26.37;0.317;1.463;1984.955;2.323;2.978
1572661;37.1;26.37;0.368;1.447;1963.151;1.868;3.232
1572761;37.0;26.37;0.391;1.482;1990.350;1.676;2.851
1572861;37.0;26.37;0.312;1.468;1978.323;2.340;2.910
1572961;37.0;26.37;0.393;1.446;1956.360;1.632;3.358
1573061;37.0;26.37;0.409;1.447;1979.214;1.536;3.264
1573161;37.0;26.37;0.393;1.476;1991.173;1.652;3.004
1573261;37.0;26.37;0.555;1.447;2024.738;-0.743;3.401
1573361;37.0;26.37;0.414;1.449;1994.449;1.442;3.269
1573461;37.0;26.37;0.382;1.466;1992.549;1.689;3.146
1573561;37.0;26.37;0.409;1.455;1966.792;1.520;3.272
1573661;37.0;26.37;0.412;1.454;1984.035;1.515;3.213
1573761;37.1;26.37;0.437;1.474;1981.439;1.401;2.871
1573861;37.1;26.37;0.399;1.451;1969.168;1.576;3.281
1573961;37.1;26.37;0.380;1.447;1974.468;1.747;3.246
1574061;37.1;26.37;0.301;1.469;1991.968;2.501;2.833
1574161;37.1;26.37;0.317;1.455;1949.532;2.496;3.062
1574261;37.2;26.37;0.380;1.458;1988.810;1.642;3.112
1574361;37.2;26.37;0.302;1.467;1979.573;2.491;2.998
1574461;37.2;26.37;0.352;1.450;1952.933;2.089;3.234
1574561;37.2;26.37;0.329;1.453;1976.487;2.330;3.028
1574661;37.2;26.37;0.264;1.471;1984.265;3.006;2.808
1574761;37.2;26.37;0.420;1.446;1986.283;1.431;3.213
1574861;37.2;26.43;0.309;1.459;1973.651;2.596;2.927
1574961;37.2;26.43;0.312;1.470;1981.478;2.370;2.930
1575061;37.1;26.43;0.376;1.452;1959.629;1.784;3.267
1575161;37.1;26.43;0.345;1.451;1970.185;2.146;3.072
1575261;37.1;26.43;0.400;1.450;1970.865;1.544;3.218
1575361;37.1;26.43;0.290;1.462;1955.521;2.874;2.941
1575461;37.1;26.43;0.309;1.458;1968.453;2.651;2.947
1575561;37.1;26.43;0.297;1.470;1982.873;2.536;2.994
1575661;37.1;26.43;0.338;1.453;1954.682;2.245;3.229
1575761;37.2;26.43;0.375;1.468;1996.379;1.737;3.055
1575861;37.2;26.43;0.309;1.471;1987.999;2.381;2.921
1575961;37.2;26.43;0.356;1.453;1948.675;2.040;3.238
1576061;37.1;26.43;0.366;1.449;1975.268;1.927;3.198
1576161;37.1;26.43;0.370;1.461;1988.128;1.741;3.231
1576261;37.1;26.43;0.443;1.466;2007.760;1.279;3.002
1576361;37.1;26.43;0.376;1.451;1979.464;1.816;3.195
1576461;37.1;26.43;0.316;1.469;1992.294;2.330;2.918
1576561;37.0;26.43;0.331;1.454;1958.128;2.358;3.121
1576661;37.0;26.43;0.340;1.455;1970.579;2.222;3.078
1576761;37.0;26.43;0.559;1.445;1990.374;-0.725;3.405
1576861;37.0;26.43;0.360;1.456;1952.195;2.042;3.153
1576961;37.0;26.43;0.299;1.463;1985.190;2.727;2.903
1577061;37.0;26.43;0.219;1.480;1979.282;3.669;2.679
1577161;37.0;26.43;0.229;1.507;1950.932;3.423;2.133
1577261;37.0;26.43;0.359;1.457;1988.403;1.833;3.128
1577361;37.0;26.43;0.154;1.504;1984.645;4.494;2.269
1577461;37.0;26.43;0.301;1.462;1945.613;2.746;3.013
1577561;37.0;26.43;0.210;1.481;1974.139;3.985;2.550
1577661;37.0;26.43;0.438;1.521;1995.188;-0.843;1.917
1577761;37.1;26.43;0.347;1.448;1977.049;2.122;3.046
1577861;37.1;26.43;0.195;1.498;1961.057;4.065;2.221
1577961;37.1;26.43;0.158;1.497;1988.896;4.481;2.362
1578061;37.1;26.43;0.329;1.457;1956.939;2.375;3.082
1578161;37.1;26.43;0.344;1.452;1974.167;2.199;3.120
1578261;37.1;26.43;0.411;1.464;1971.696;1.514;3.146
1578361;37.1;26.43;0.278;1.470;1956.280;3.017;2.900
1578461;37.1;26.43;0.259;1.466;1966.316;3.356;2.791
1578561;37.1;26.43;0.314;1.473;1981.424;2.381;2.964
1578661;37.1;26.43;0.354;1.459;1953.996;2.038;3.129
1578761;37.0;26.43;0.384;1.469;1998.497;1.665;3.056
1578861;37.0;26.37;0.251;1.483;1990.492;3.224;2.726
1578961;37.0;26.37;0.256;1.474;1962.467;3.307;2.824
1579061;37.0;26.37;0.267;1.468;1955.811;3.219;2.873
1579161;37.0;26.37;0.284;1.471;1983.435;2.765;2.920
1579261;37.0;26.37;0.413;1.454;1991.043;1.498;3.192
1579361;37.0;26.37;0.331;1.456;1979.385;2.340;3.108
1579461;37.0;26.37;0.227;1.483;1985.941;3.577;2.709
1579561;37.0;26.37;0.199;1.504;1959.660;3.961;2.294
1579661;37.0;26.37;0.215;1.506;1962.436;3.692;2.136
1579761;37.1;26.37;0.409;1.459;1965.961;1.585;3.188
1579861;37.1;26.37;0.291;1.465;1951.764;2.915;2.996
1579961;37.1;26.37;0.243;1.472;1974.158;3.532;2.754
1580061;37.1;26.37;0.252;1.525;1986.343;2.579;1.913
1580161;37.1;26.37;0.372;1.513;1958.243;0.723;2.165
1580261;37.1;26.37;0.224;1.476;1978.741;3.612;2.712
1580361;37.1;26.37;0.483;1.519;1994.793;-1.857;2.138
1580461;37.1;26.37;0.368;1.519;1955.659;0.797;2.046
1580561;37.2;26.37;0.291;1.516;1966.128;2.191;2.045
1580661;37.2;26.37;0.264;1.541;1987.204;2.294;1.718
1580761;37.1;26.37;0.328;1.452;1973.207;2.358;3.038
1580861;37.1;26.37;0.220;1.534;1974.094;3.319;1.736
1580961;37.1;26.37;0.176;1.503;1973.297;4.286;2.449
1581061;37.1;26.37;0.315;1.465;1947.434;2.599;3.099
1581161;37.1;26.37;0.319;1.460;1969.882;2.536;3.036
1581261;37.1;26.37;0.417;1.463;1975.231;1.499;3.182
1581361;37.1;26.37;0.302;1.465;1958.965;2.734;3.024
1581461;37.1;26.37;0.217;1.481;1975.777;3.898;2.574
1581561;37.1;26.37;0.165;1.515;1976.830;4.401;2.241
1581661;37.1;26.37;0.243;1.476;1956.368;3.541;2.814
1581761;37.1;26.37;0.360;1.465;1985.707;1.840;3.123
1581861;37.1;26.43;0.266;1.538;1994.008;2.261;1.788
1581961;37.1;26.43;0.163;1.545;1959.422;4.276;1.619
1582061;37.0;26.43;0.169;1.544;1955.555;4.192;1.571
1582161;37.0;26.43;0.418;1.526;1981.640;4.717;1.612
1582261;37.0;26.43;0.379;1.451;1973.692;1.809;3.199
1582361;37.0;26.43;0.280;1.517;1965.757;2.433;2.036
1582461;37.0;26.43;0.428;1.528;1988.983;-0.594;1.958
1582561;37.0;26.43;0.157;1.545;1956.577;4.411;1.613
1582661;37.0;26.43;0.480;1.505;1976.735;-1.559;2.302
1582761;37.0;26.43;0.372;1.449;1951.620;1.865;3.263
1582861;37.0;26.37;0.345;1.509;1951.465;1.255;2.248
1582961;37.0;26.37;0.158;1.543;1971.322;4.417;1.595
1583061;37.0;26.37;0.184;1.581;1997.199;3.431;1.103
1583161;37.0;26.37;0.359;1.535;1964.766;0.722;1.847
1583261;37.0;26.37;0.399;1.527;1990.840;-0.114;1.897
1583361;37.0;26.37;0.470;1.523;2000.244;-1.760;2.145
1583461;37.0;26.37;0.310;1.542;1957.022;1.611;1.682
1583561;37.0;26.37;0.499;1.508;1978.538;-1.822;2.259
1583661;37.0;26.37;0.103;1.556;1989.904;5.088;1.520
1583761;37.1;26.37;0.271;1.466;1972.598;3.137;2.831
1583861;37.1;26.43;0.477;1.507;1966.934;-1.402;2.299
1583961;37.1;26.43;0.229;1.546;1988.193;2.919;1.688
1584061;37.2;26.43;0.199;1.498;1949.853;4.106;2.479
1584161;37.2;26.43;0.197;1.506;1966.792;4.051;2.248
1584261;37.1;26.43;0.401;1.455;1966.950;1.584;3.290
1584361;37.1;26.43;0.212;1.494;1956.343;3.981;2.572
1584461;37.1;26.43;0.235;1.536;1974.964;3.145;1.752
1584561;37.0;26.43;0.479;1.521;1985.024;-1.681;2.157
1584661;37.0;26.43;0.182;1.547;1954.349;3.929;1.660
1584761;37.1;26.43;0.193;1.492;1982.723;4.065;2.518
1584861;37.1;26.43;0.208;1.577;1996.664;3.035;1.229
1584961;37.1;26.43;0.447;1.516;1964.277;-0.935;2.240
1585061;37.0;26.43;0.469;1.514;1991.568;-1.320;2.228
1585161;37.0;26.43;0.449;1.528;2000.679;-1.437;2.165
1585261;37.0;26.43;0.302;1.460;1965.451;2.729;2.958
1585361;37.0;26.43;0.490;1.508;1967.027;-1.602;2.323
1585461;37.0;26.43;0.478;1.527;1996.194;-1.716;2.112
1585561;37.0;26.43;0.325;1.544;1960.364;1.376;1.740
1585661;37.0;26.43;0.466;1.516;1983.068;-1.232;2.215
1585761;36.9;26.43;0.206;1.502;1947.909;3.883;2.312
1585861;36.9;26.43;0.349;1.538;1962.529;0.843;1.878
1585961;36.9;26.43;0.258;1.561;1976.908;2.588;1.381
1586061;37.0;26.43;0.221;1.572;1995.438;2.840;1.362
1586161;37.0;26.43;0.450;1.516;1969.610;-0.982;2.283
1586261;37.1;26.43;0.300;1.467;1983.314;2.554;2.922
1586361;37.1;26.43;0.474;1.529;2008.267;-1.750;2.110
1586461;37.1;26.43;0.396;1.528;1953.956;0.095;2.089
1586561;37.0;26.43;0.226;1.570;1972.394;3.143;1.219
1586661;37.0;26.43;0.462;1.523;1990.414;-1.499;2.205
1586761;37.0;26.43;0.285;1.467;1971.452;2.977;2.902
1586861;37.0;26.37;0.234;1.564;1972.348;2.925;1.326
1586961;37.0;26.37;0.171;1.587;1994.598;3.822;1.100
1587061;37.0;26.37;0.204;1.545;1954.360;3.557;1.774
1587161;37.0;26.37;0.183;1.554;1973.762;3.934;1.554
1587261;37.1;26.37;0.324;1.463;1945.494;2.481;3.144
1587361;37.1;26.37;0.479;1.516;1960.203;-1.382;2.276
1587461;37.1;26.37;0.248;1.567;1983.409;2.671;1.321
1587561;37.0;26.37;0.461;1.534;2006.181;-1.449;2.130
1587661;37.0;26.37;0.451;1.518;1965.856;-0.892;2.269
1587761;37.0;26.37;0.155;1.508;1985.599;4.501;2.256
1587861;37.0;26.37;0.468;1.529;2007.853;-1.624;2.135
1587961;37.0;26.37;0.451;1.525;1967.716;-0.880;2.198
1588061;37.0;26.37;0.450;1.522;2004.215;-0.856;2.097
1588161;37.0;26.37;0.455;1.535;2024.630;-1.120;2.017
1588261;37.0;26.37;0.270;1.562;1967.477;2.433;1.357
1588361;37.0;26.37;0.452;1.526;1985.100;-0.903;2.131
1588461;37.0;26.37;0.447;1.528;2015.691;-1.184;2.155
1588561;37.0;26.37;0.444;1.525;1971.441;-0.701;2.139
1588661;37.0;26.37;0.452;1.524;1996.283;-0.875;2.097
1588761;37.0;26.37;0.293;1.515;1949.575;2.194;2.124
1588861;37.0;26.43;0.437;1.523;1965.165;-0.624;2.240
1588961;37.0;26.43;0.460;1.513;1979.116;-1.223;2.363
1589061;37.1;26.43;0.191;1.590;1998.911;3.295;1.126
1589161;37.1;26.43;0.301;1.563;1959.354;1.806;1.518
1589261;37.2;26.43;0.161;1.517;1986.184;4.407;2.167
1589361;37.2;26.43;0.464;1.531;2016.281;-1.556;2.152
1589461;37.2;26.43;0.444;1.523;1962.402;-0.923;2.256
1589561;37.1;26.43;0.479;1.517;1978.117;-1.446;2.295
1589661;37.1;26.43;0.475;1.529;1996.674;-1.721;2.220
1589761;37.1;26.43;0.387;1.517;1974.831;0.498;2.065
1589861;37.1;26.37;0.466;1.523;1985.124;-1.127;2.227
1589961;37.1;26.37;0.444;1.531;2013.650;-1.056;2.158
1590061;37.0;26.37;0.430;1.528;1976.125;-0.425;2.144
1590161;37.0;26.37;0.459;1.525;1982.931;-0.981;2.163
1590261;37.1;26.37;0.265;1.516;1955.404;2.740;2.126
1590361;37.1;26.37;0.448;1.518;1962.723;-0.781;2.318
1590461;37.1;26.37;0.460;1.520;1997.602;-1.056;2.224
1590561;37.1;26.37;0.439;1.538;2020.174;-0.917;2.022
1590661;37.1;26.37;0.439;1.534;1978.818;-0.572;2.055
1590761;37.1;26.37;0.455;1.524;1993.851;-1.537;2.197
1590861;37.1;26.43;0.464;1.541;2028.050;-1.235;1.987
1590961;37.1;26.43;0.453;1.533;1990.716;-0.751;2.077
1591061;37.1;26.43;0.488;1.531;2004.024;-1.305;2.066
1591161;37.1;26.43;0.512;1.527;2032.026;-1.916;2.163
1591261;37.1;26.43;0.472;1.519;1979.223;-1.430;2.153
1591361;37.1;26.43;0.463;1.533;1997.951;-0.973;2.035
1591461;37.1;26.43;0.439;1.537;2009.497;-0.893;2.106
1591561;37.1;26.43;0.438;1.527;1964.710;-0.565;2.227
1591661;37.1;26.43;0.454;1.530;1994.451;-0.947;2.140
1591761;37.1;26.43;0.458;1.515;1961.277;-1.103;2.286
1591861;37.1;26.43;0.449;1.527;1967.400;-0.853;2.246
1591961;37.1;26.43;0.476;1.522;1970.909;-1.420;2.286
1592061;37.1;26.43;0.223;1.584;1997.261;2.769;1.291
1592161;37.1;26.43;0.362;1.545;1970.341;0.694;1.920
1592261;37.0;26.43;0.220;1.529;1985.319;3.220;2.019
1592361;37.0;26.43;0.443;1.538;2013.741;-1.009;2.076
1592461;37.0;26.43;0.449;1.534;1985.531;-0.707;2.079
1592561;37.1;26.43;0.464;1.527;2006.140;-0.982;2.103
1592661;37.1;26.43;0.441;1.540;2021.157;-0.962;2.061
1592761;37.1;26.43;0.211;1.572;1971.084;3.404;1.210
1592861;37.1;26.43;0.451;1.535;2003.164;-0.722;2.063
1592961;37.1;26.43;0.468;1.540;2033.384;-1.330;2.009
1593061;37.0;26.43;0.450;1.540;1979.865;-0.748;2.049
1593161;37.0;26.43;0.479;1.531;1996.897;-1.143;2.077
1593261;37.0;26.43;0.460;1.517;1961.423;-1.013;2.196
1593361;37.0;26.43;0.435;1.531;1980.607;-0.499;2.148
1593461;37.0;26.43;0.471;1.532;1999.796;-1.033;2.104
1593561;37.1;26.43;0.499;1.534;2045.122;-1.751;2.112
1593661;37.1;26.43;0.520;1.521;2003.571;-1.684;2.288
1593761;37.2;26.43;0.446;1.526;2017.138;-1.177;2.126
1593861;37.2;26.43;0.523;1.530;2040.938;-2.070;2.202
1593961;37.2;26.43;0.508;1.528;1998.261;-1.595;2.201
1594061;37.0;26.43;0.520;1.525;2014.979;-1.747;2.205
1594161;37.0;26.43;0.529;1.528;2043.397;-2.119;2.224
1594261;37.0;26.43;0.450;1.523;1983.938;-0.882;2.198
1594361;37.0;26.43;0.477;1.535;1999.907;-1.137;2.080
1594461;37.0;26.43;0.449;1.542;2024.102;-1.001;2.058
1594561;37.0;26.43;0.439;1.527;1969.859;-0.621;2.278
1594661;37.0;26.43;0.463;1.526;1990.176;-1.147;2.238
1594761;37.1;26.43;0.291;1.514;1959.097;2.306;2.178
1594861;37.1;26.37;0.444;1.534;1983.067;-0.627;2.126
1594961;37.1;26.37;0.448;1.538;1997.902;-0.762;2.095
1595061;37.1;26.37;0.441;1.537;2006.676;-0.965;2.241
1595161;37.1;26.37;0.442;1.532;1984.256;-0.703;2.187
1595261;37.1;26.37;0.488;1.528;1996.451;-1.883;2.108
1595361;37.1;26.37;0.456;1.546;2028.669;-1.142;2.040
1595461;37.1;26.37;0.510;1.534;2001.447;-1.606;2.098
1595561;37.1;26.37;0.545;1.521;2012.178;-2.005;2.337
1595661;37.1;26.37;0.533;1.533;2033.018;-2.142;2.251
1595761;37.1;26.37;0.496;1.508;1973.268;-1.714;2.289
1595861;37.1;26.37;0.512;1.531;2001.560;-1.607;2.182
1595961;37.1;26.37;0.537;1.528;2042.514;-2.195;2.240
1596061;37.1;26.37;0.536;1.519;2016.591;-1.900;2.341
1596161;37.1;26.37;0.552;1.516;2013.672;-2.099;2.432
1596261;37.1;26.37;0.430;1.529;1970.932;-0.409;2.137
1596361;37.1;26.37;0.519;1.525;2003.459;-1.720;2.273
1596461;37.1;26.37;0.529;1.527;2014.334;-1.842;2.257
1596561;37.1;26.37;0.537;1.529;2034.953;-2.206;2.279
1596661;37.1;26.37;0.535;1.525;2006.098;-1.868;2.334
1596761;37.2;26.37;0.440;1.537;2018.929;-0.921;2.038
1596861;37.2;26.43;0.558;1.524;2040.956;-2.437;2.353
1596961;37.2;26.43;0.504;1.532;1996.316;-1.529;2.220
1597061;37.2;26.43;0.538;1.527;2011.425;-1.969;2.273
1597161;37.2;26.43;0.533;1.531;2043.813;-2.151;2.261
1597261;37.1;26.43;0.469;1.522;1987.043;-1.251;2.205
1597361;37.1;26.43;0.526;1.528;2007.701;-1.795;2.268
1597461;37.1;26.43;0.500;1.541;2033.138;-1.752;2.145
1597561;37.0;26.43;0.455;1.544;1989.980;-0.801;2.088
1597661;37.0;26.43;0.463;1.538;2004.273;-0.934;2.097
1597761;37.1;26.43;0.441;1.535;1973.913;-0.634;2.172
1597861;37.1;26.43;0.498;1.540;1998.851;-1.363;2.153
1597961;37.1;26.43;0.540;1.520;2010.889;-1.935;2.363
1598061;37.2;26.43;0.494;1.542;2032.488;-1.642;2.122
1598161;37.2;26.43;0.467;1.544;1986.889;-0.974;2.121
1598261;37.1;26.43;0.449;1.533;2016.143;-1.144;2.189
1598361;37.1;26.43;0.551;1.524;2049.382;-2.320;2.352
1598461;37.1;26.43;0.538;1.523;2015.943;-1.905;2.337
1598561;37.1;26.43;0.575;1.504;2023.656;-2.144;2.527
1598661;37.1;26.43;0.571;1.512;2054.996;-2.346;2.545
1598761;37.1;26.43;0.507;1.531;1998.206;-1.493;2.123
1598861;37.1;26.37;0.567;1.510;2016.567;-2.063;2.558
1598961;37.1;26.37;0.574;1.505;2060.549;-2.407;2.586
1599061;37.2;26.37;0.545;1.505;2020.353;-1.642;2.596
1599161;37.2;26.37;0.563;1.495;2020.812;-1.814;2.717
1599261;37.1;26.37;0.459;1.539;1989.404;-0.911;2.054
1599361;37.1;26.37;0.540;1.520;2010.030;-1.854;2.467
1599461;37.1;26.37;0.563;1.518;2008.702;-2.124;2.468
1599561;37.1;26.37;0.562;1.522;2048.510;-2.474;2.444
1599661;37.1;26.37;0.533;1.526;2005.423;-1.882;2.381
1599761;37.1;26.37;0.442;1.543;2022.511;-0.971;2.045
1599861;37.1;26.43;0.570;1.514;2057.396;-2.504;2.490
1599961;37.1;26.43;0.511;1.537;2001.427;-1.593;2.245
1600061;37.2;26.43;0.541;1.525;2018.199;-1.976;2.358
1600161;37.2;26.43;0.561;1.528;2049.798;-2.480;2.385
1600261;37.2;26.43;0.454;1.534;1997.984;-0.800;2.090
1600361;37.2;26.43;0.572;1.507;2025.536;-2.165;2.609
1600461;37.2;26.43;0.555;1.535;2038.742;-2.372;2.344
1600561;37.2;26.43;0.524;1.536;2003.275;-1.778;2.299
1600661;37.2;26.43;0.545;1.526;2010.990;-2.019;2.384
1600761;37.2;26.43;0.438;1.530;1981.169;-0.585;2.200
1600861;37.2;26.37;0.545;1.521;2009.352;-1.918;2.453
1600961;37.2;26.37;0.571;1.503;2022.876;-1.981;2.662
1601061;37.2;26.37;0.576;1.511;2052.881;-2.342;2.597
1601161;37.2;26.37;0.544;1.520;2011.877;-1.952;2.481
1601261;37.2;26.37;0.442;1.546;2020.010;-0.956;2.052
1601361;37.2;26.37;0.576;1.507;2063.274;-2.394;2.575
1601461;37.2;26.37;0.547;1.502;2015.969;-1.602;2.704
1601561;37.2;26.37;0.566;1.486;2032.148;-1.646;2.900
1601661;37.2;26.37;0.572;1.470;2053.665;-1.878;3.178
1601761;37.2;26.37;0.552;1.513;2015.023;-2.065;2.433
1601861;37.2;26.43;0.570;1.476;2019.705;-1.656;3.018
1601961;37.2;26.43;0.576;1.489;2056.487;-2.102;2.882
1602061;37.2;26.43;0.550;1.498;2022.075;-1.617;2.730
1602161;37.2;26.43;0.569;1.480;2018.790;-1.677;3.006
1602261;37.2;26.43;0.514;1.536;1995.692;-1.645;2.187
1602361;37.2;26.43;0.552;1.518;2004.718;-1.936;2.547
1602461;37.2;26.43;0.565;1.518;2012.713;-2.193;2.522
1602561;37.2;26.43;0.554;1.534;2043.244;-2.360;2.358
1602661;37.2;26.43;0.534;1.530;2008.462;-1.871;2.361
1602761;37.2;26.43;0.457;1.547;2023.616;-1.091;2.033
1602861;37.2;26.43;0.569;1.522;2049.392;-2.389;2.527
1602961;37.2;26.43;0.550;1.518;2008.227;-1.871;2.533
1603061;37.2;26.43;0.576;1.510;2026.088;-2.131;2.611
1603161;37.2;26.43;0.574;1.514;2052.835;-2.358;2.583
1603261;37.2;26.43;0.508;1.533;2006.332;-1.594;2.182
1603361;37.2;26.43;0.567;1.496;2028.857;-1.792;2.750
1603461;37.2;26.43;0.573;1.490;2051.081;-1.975;2.905
1603561;37.1;26.43;0.540;1.506;2014.248;-1.560;2.770
1603661;37.1;26.43;0.568;1.504;2014.477;-1.834;2.680
1603761;37.1;26.43;0.494;1.536;1999.902;-1.384;2.206
1603861;37.1;26.43;0.551;1.514;2026.248;-1.778;2.537
1603961;37.1;26.43;0.572;1.489;2026.685;-1.816;2.901
1604061;37.1;26.43;0.577;1.475;2054.170;-1.921;3.090
1604161;37.1;26.43;0.561;1.476;2020.857;-1.612;3.097
1604261;37.1;26.43;0.531;1.529;2036.565;-2.113;2.260
1604361;37.1;26.43;0.572;1.487;2057.475;-1.954;2.962
1604461;37.1;26.43;0.555;1.473;2025.039;-1.484;3.103
1604561;37.2;26.43;0.575;1.455;2024.778;-1.579;3.315
1604661;37.2;26.43;0.576;1.446;2052.376;-1.630;3.414
1604761;37.2;26.43;0.569;1.505;2023.189;-2.089;2.529
1604861;37.2;26.43;0.574;1.461;2016.162;-1.576;3.277
1604961;37.2;26.43;0.577;1.471;2056.436;-1.920;3.155
1605061;37.2;26.43;0.554;1.509;2016.980;-1.686;2.688
1605161;37.2;26.43;0.575;1.491;2028.466;-1.892;2.894
1605261;37.1;26.43;0.448;1.535;1980.248;-0.719;2.147
1605361;37.1;26.43;0.550;1.519;2016.003;-1.706;2.572
1605461;37.1;26.43;0.571;1.510;2021.748;-1.948;2.638
1605561;37.1;26.43;0.577;1.522;2042.399;-2.492;2.578
1605661;37.1;26.43;0.555;1.524;2016.393;-2.026;2.488
1605761;37.1;26.43;0.491;1.544;2037.246;-1.586;2.137
1605861;37.1;26.43;0.575;1.496;2059.485;-2.106;2.856
1605961;37.1;26.43;0.551;1.506;2016.983;-1.655;2.773
1606061;37.1;26.43;0.567;1.495;2020.181;-1.670;2.950
1606161;37.1;26.43;0.576;1.479;2062.683;-1.946;3.074
1606261;37.1;26.43;0.561;1.517;2021.995;-2.220;2.451
1606361;37.1;26.43;0.572;1.468;2020.175;-1.572;3.182
1606461;37.1;26.43;0.578;1.444;2053.035;-1.627;3.455
1606561;37.1;26.43;0.556;1.468;2026.268;-1.453;3.235
1606661;37.1;26.43;0.571;1.470;2020.465;-1.591;3.213
1606761;37.1;26.43;0.545;1.523;2001.231;-1.928;2.445
1606861;37.1;26.43;0.556;1.470;2019.630;-1.419;3.233
1606961;37.1;26.43;0.571;1.458;2022.035;-1.411;3.292
1607061;37.1;26.43;0.577;1.433;2043.591;-1.457;3.608
1607161;37.1;26.43;0.558;1.459;2008.012;-1.250;3.352
1607261;37.1;26.43;0.570;1.507;2051.221;-2.197;2.650
1607361;37.1;26.43;0.580;1.460;2049.779;-1.758;3.329
1607461;37.1;26.43;0.563;1.469;2022.731;-1.550;3.205
1607561;37.1;26.43;0.576;1.457;2020.402;-1.509;3.348
1607661;37.1;26.43;0.575;1.449;2055.969;-1.614;3.441
1607761;37.1;26.43;0.566;1.503;2023.326;-1.830;2.682
1607861;37.1;26.43;0.580;1.453;2014.809;-1.554;3.425
1607961;37.1;26.43;0.578;1.465;2050.291;-1.833;3.328
1608061;37.1;26.43;0.557;1.483;2016.881;-1.534;3.082
1608161;37.1;26.43;0.571;1.484;2029.997;-1.645;3.045
1608261;37.1;26.43;0.544;1.528;2015.690;-1.978;2.377
1608361;37.1;26.43;0.556;1.483;2015.259;-1.516;3.131
1608461;37.1;26.43;0.578;1.472;2022.665;-1.655;3.199
1608561;37.2;26.43;0.586;1.483;2051.728;-2.057;3.067
1608661;37.2;26.43;0.554;1.508;2018.640;-1.705;2.808
1608761;37.1;26.43;0.563;1.521;2043.901;-2.433;2.511
1608861;37.1;26.43;0.582;1.463;2060.015;-1.821;3.316
1608961;37.1;26.43;0.552;1.464;2033.677;-1.300;3.296
1609061;37.1;26.43;0.574;1.452;2010.027;-1.380;3.461
1609161;37.1;26.43;0.580;1.444;2046.128;-1.599;3.566
1609261;37.2;26.43;0.567;1.493;2020.792;-1.809;2.806
1609361;37.2;26.43;0.566;1.441;2019.843;-1.166;3.520
1609461;37.2;26.43;0.556;1.430;2034.484;-0.849;3.429
1609561;37.1;26.43;0.528;1.457;2012.037;-0.562;3.133
1609661;37.1;26.43;0.550;1.441;1998.683;-0.695;3.369
1609761;37.1;26.43;0.552;1.491;2027.110;-1.591;2.846
1609861;37.1;26.43;0.558;1.457;2011.322;-1.282;3.415
1609961;37.1;26.43;0.571;1.439;2008.935;-1.173;3.517
1610061;37.1;26.43;0.570;1.426;2049.373;-1.156;3.606
1610161;37.1;26.43;0.538;1.457;2010.711;-0.801;3.285
1610261;37.1;26.43;0.579;1.495;2045.577;-2.144;2.874
1610361;37.1;26.43;0.585;1.454;2048.850;-1.688;3.429
1610461;37.1;26.43;0.557;1.476;2022.262;-1.473;3.226
1610561;37.1;26.43;0.578;1.457;2027.328;-1.559;3.404
1610661;37.1;26.43;0.583;1.440;2053.388;-1.656;3.603
1610761;37.1;26.43;0.575;1.490;2020.067;-1.819;2.815
1610861;37.1;26.37;0.574;1.446;2010.205;-1.260;3.525
1610961;37.1;26.37;0.579;1.443;2052.866;-1.576;3.597
1611061;37.2;26.37;0.559;1.471;2011.527;-1.412;3.331
1611161;37.2;26.37;0.578;1.463;2018.997;-1.496;3.353
1611261;37.2;26.37;0.547;1.513;2023.216;-1.651;2.590
1611361;37.2;26.37;0.557;1.453;2018.875;-1.235;3.452
1611461;37.2;26.37;0.573;1.452;2003.600;-1.268;3.503
1611561;37.2;26.37;0.577;1.441;2047.705;-1.473;3.622
1611661;37.2;26.37;0.560;1.464;2027.055;-1.425;3.379
1611761;37.2;26.37;0.577;1.505;2066.675;-2.262;2.714
1611861;37.2;26.43;0.573;1.428;2044.686;-1.286;3.655
1611961;37.2;26.43;0.539;1.458;2015.039;-0.834;3.294
1612061;37.2;26.43;0.547;1.444;1998.457;-0.638;3.271
1612161;37.2;26.43;0.550;1.440;2026.972;-0.755;3.415
1612261;37.2;26.43;0.567;1.441;2014.336;-1.187;3.493
1612361;37.2;26.43;0.557;1.445;1994.340;-0.762;3.292
1612461;37.2;26.43;0.546;1.442;2019.550;-0.582;3.208
1612561;37.2;26.43;0.469;1.481;2001.284;0.550;2.671
1612661;37.2;26.43;0.551;1.448;1979.545;-0.563;3.255
1612761;37.2;26.43;0.560;1.472;2018.475;-1.537;3.132
1612861;37.2;26.37;0.539;1.454;2010.430;-0.776;3.345
1612961;37.2;26.37;0.569;1.442;2011.117;-1.156;3.617
1613061;37.2;26.37;0.564;1.424;2037.071;-1.037;3.656
1613161;37.2;26.37;0.551;1.448;2014.713;-0.960;3.445
1613261;37.2;26.37;0.578;1.489;2058.753;-2.070;2.971
1613361;37.2;26.37;0.579;1.447;2043.922;-1.582;3.615
1613461;37.2;26.37;0.563;1.461;2019.612;-1.363;3.442
1613561;37.1;26.37;0.574;1.459;2016.121;-1.329;3.443
1613661;37.1;26.37;0.574;1.433;2046.462;-1.286;3.655
1613761;37.1;26.37;0.572;1.505;2021.017;-1.923;2.681
1613861;37.1;26.37;0.562;1.440;1997.855;-0.849;3.462
1613961;37.1;26.37;0.561;1.435;2036.301;-0.938;3.517
1614061;37.3;26.37;0.543;1.455;2015.677;-0.834;3.368
1614161;37.3;26.37;0.567;1.445;1993.380;-0.948;3.510
1614261;37.3;26.37;0.555;1.476;2022.283;-1.491;3.160
1614361;37.3;26.37;0.539;1.460;2009.169;-0.687;3.185
1614461;37.3;26.37;0.543;1.452;1997.400;-0.516;3.274
1614561;37.2;26.37;0.547;1.440;2024.335;-0.643;3.417
1614661;37.2;26.37;0.532;1.456;2011.902;-0.582;3.220
1614761;37.2;26.37;0.579;1.469;2062.032;-1.965;3.191
1614861;37.2;26.37;0.556;1.443;2026.906;-0.756;3.288
1614961;37.2;26.37;0.476;1.478;2006.685;0.474;2.740
1615061;37.2;26.37;0.470;1.477;1979.432;0.834;2.734
1615161;37.2;26.37;0.442;1.458;2011.777;1.220;2.929
1615261;37.2;26.37;0.569;1.441;2013.284;-1.245;3.530
1615361;37.2;26.37;0.478;1.477;1975.919;1.032;2.777
1615461;37.2;26.37;0.439;1.455;2010.735;1.244;2.961
1615561;37.2;26.37;0.428;1.487;1998.908;1.326;2.570
1615661;37.2;26.37;0.466;1.476;1978.669;0.911;2.767
1615761;37.2;26.37;0.561;1.459;2016.799;-1.406;3.386
1615861;37.2;26.37;0.534;1.459;2014.775;-0.598;3.253
1615961;37.2;26.37;0.565;1.447;2001.917;-0.944;3.511
1616061;37.2;26.37;0.563;1.436;2035.789;-1.003;3.556
1616161;37.2;26.37;0.535;1.458;2011.959;-0.625;3.230
1616261;37.3;26.37;0.579;1.448;2052.229;-1.624;3.536
1616361;37.3;26.37;0.558;1.441;2037.164;-0.889;3.476
1616461;37.3;26.37;0.553;1.454;2010.319;-1.002;3.508
1616561;37.3;26.37;0.569;1.445;2006.795;-1.029;3.562
1616661;37.3;26.37;0.551;1.441;2037.138;-0.819;3.472
1616761;37.2;26.37;0.575;1.454;2017.880;-1.318;3.465
1616861;37.2;26.37;0.551;1.454;1981.962;-0.522;3.173
1616961;37.2;26.37;0.475;1.472;2005.177;0.762;2.770
1617061;37.2;26.37;0.477;1.485;2003.036;0.488;2.702
1617161;37.2;26.37;0.545;1.455;1983.099;-0.445;3.233
1617261;37.2;26.37;0.553;1.454;2019.622;-1.138;3.411
1617361;37.2;26.37;0.411;1.486;2002.407;1.531;2.668
1617461;37.2;26.37;0.429;1.463;1974.844;1.411;2.991
1617561;37.2;26.37;0.434;1.464;2003.477;1.317;2.924
1617661;37.2;26.37;0.408;1.484;2000.000;1.532;2.708
1617761;37.2;26.37;0.549;1.443;2025.676;-0.688;3.300
1617861;37.2;26.37;0.441;1.464;2009.332;1.192;2.916
1617961;37.2;26.37;0.421;1.483;1994.306;1.412;2.700
1618061;37.2;26.37;0.430;1.464;1970.328;1.436;3.010
1618161;37.2;26.37;0.423;1.451;1995.076;1.415;3.083
1618261;37.3;26.37;0.554;1.450;2000.514;-0.747;3.338
1618361;37.3;26.37;0.461;1.475;1982.609;0.974;2.881
1618461;37.3;26.37;0.449;1.464;2008.120;1.129;2.941
1618561;37.2;26.37;0.432;1.490;1998.098;1.263;2.603
1618661;37.2;26.37;0.453;1.475;1979.600;1.139;2.831
1618761;37.1;26.37;0.549;1.454;2008.528;-0.967;3.444
1618861;37.1;26.37;0.498;1.477;1997.887;0.154;2.918
1618961;37.1;26.37;0.563;1.448;1988.937;-0.769;3.406
1619061;37.1;26.37;0.560;1.443;2032.425;-0.880;3.434
1619161;37.1;26.37;0.547;1.456;2009.316;-0.738;3.287
1619261;37.2;26.37;0.580;1.436;2044.605;-1.515;3.661
1619361;37.2;26.37;0.479;1.473;2011.090;0.682;2.808
1619461;37.2;26.37;0.498;1.473;1998.405;0.193;2.902
1619561;37.2;26.37;0.558;1.452;1990.563;-0.697;3.343
1619661;37.2;26.37;0.542;1.450;2016.605;-0.418;3.239
1619761;37.1;26.37;0.561;1.445;2005.258;-0.940;3.494
1619861;37.1;26.37;0.440;1.473;1981.819;1.292;2.895
1619961;37.1;26.37;0.425;1.450;2000.776;1.424;3.124
1620061;37.1;26.37;0.382;1.461;1992.482;1.682;3.078
1620161;37.1;26.37;0.411;1.454;1962.521;1.558;3.174
1620261;37.1;26.37;0.546;1.455;2006.484;-0.762;3.177
1620361;37.1;26.37;0.386;1.467;1988.058;1.708;3.004
1620461;37.1;26.37;0.402;1.449;1966.931;1.562;3.213
1620561;37.2;26.37;0.396;1.442;1983.522;1.596;3.235
1620661;37.2;26.37;0.382;1.466;1988.651;1.726;3.001
1620761;37.2;26.37;0.550;1.438;2023.964;-0.728;3.438
1620861;37.2;26.43;0.436;1.458;1991.052;1.292;3.107
1620961;37.2;26.43;0.408;1.477;1994.307;1.554;2.915
1621061;37.2;26.43;0.439;1.473;1984.931;1.291;2.900
1621161;37.2;26.43;0.426;1.450;1995.948;1.424;3.146
1621261;37.2;26.43;0.561;1.444;1993.090;-0.846;3.462
1621361;37.2;26.43;0.434;1.472;1976.045;1.364;2.929
1621461;37.2;26.43;0.438;1.460;2007.463;1.314;3.034
1621561;37.3;26.43;0.418;1.489;1993.899;1.473;2.738
1621661;37.3;26.43;0.430;1.472;1975.563;1.464;2.987
1621761;37.3;26.43;0.533;1.463;2006.816;-0.591;3.181
1621861;37.3;26.37;0.410;1.487;2002.399;1.557;2.761
1621961;37.3;26.37;0.467;1.480;1973.752;0.966;2.848
1622061;37.2;26.37;0.442;1.463;2004.407;1.281;3.043
1622161;37.2;26.37;0.450;1.496;2002.896;1.008;2.630
1622261;37.1;26.37;0.562;1.437;2045.729;-1.016;3.499
1622361;37.1;26.37;0.421;1.449;2002.489;1.446;3.189
1622461;37.1;26.37;0.388;1.465;1993.459;1.688;3.086
1622561;37.1;26.37;0.444;1.476;1965.874;1.329;2.919
1622661;37.1;26.37;0.439;1.464;2008.001;1.332;3.112
1622761;37.2;26.37;0.541;1.454;1996.969;-0.485;3.244
1622861;37.2;26.37;0.406;1.453;1960.294;1.544;3.233
1622961;37.2;26.37;0.366;1.447;1994.646;1.838;3.006
1623061;37.1;26.37;0.332;1.456;1984.819;2.101;3.088
1623161;37.1;26.37;0.374;1.449;1956.314;1.784;3.199
1623261;37.1;26.37;0.544;1.447;1999.007;-0.729;3.289
1623361;37.1;26.37;0.366;1.459;1982.804;1.784;3.133
1623461;37.1;26.37;0.396;1.446;1952.955;1.599;3.295
1623561;37.2;26.37;0.379;1.443;1977.392;1.782;3.134
1623661;37.2;26.37;0.373;1.456;1983.336;1.691;3.207
1623761;37.2;26.37;0.555;1.439;2022.832;-0.690;3.338
1623861;37.2;26.43;0.429;1.454;1995.982;1.390;3.214
1623961;37.2;26.43;0.411;1.486;1993.007;1.536;2.849
1624061;37.2;26.43;0.425;1.464;1968.315;1.474;3.117
1624161;37.2;26.43;0.424;1.453;2003.951;1.379;3.170
1624261;37.3;26.43;0.553;1.448;2001.361;-0.648;3.341
1624361;37.3;26.43;0.420;1.458;1962.535;1.506;3.208
1624461;37.3;26.43;0.428;1.453;2002.884;1.311;3.282
1624561;37.4;26.43;0.395;1.475;1992.522;1.708;2.975
1624661;37.4;26.43;0.421;1.467;1962.656;1.511;3.206
1624761;37.3;26.43;0.423;1.487;1999.895;1.408;2.665
1624861;37.3;26.43;0.373;1.459;1985.527;1.746;3.173
1624961;37.3;26.43;0.413;1.462;1969.174;1.518;3.145
1625061;37.3;26.43;0.416;1.452;1988.982;1.449;3.234
1625161;37.3;26.43;0.383;1.472;1989.259;1.776;3.025
1625261;37.2;26.43;0.555;1.443;2036.766;-0.874;3.347
1625361;37.2;26.43;0.391;1.448;1985.177;1.625;3.244
1625461;37.2;26.43;0.349;1.459;1984.818;1.918;3.117
1625561;37.3;26.43;0.376;1.450;1952.702;1.789;3.277
1625661;37.3;26.43;0.387;1.439;1984.434;1.694;3.314
1625761;37.2;26.43;0.433;1.469;1975.330;1.400;2.997
1625861;37.2;26.37;0.368;1.451;1960.105;1.861;3.196
1625961;37.2;26.37;0.319;1.451;1981.181;2.468;2.970
1626061;37.2;26.37;0.208;1.480;1988.314;3.759;2.597
1626161;37.2;26.37;0.326;1.456;1953.787;2.383;3.044
1626261;37.2;26.37;0.378;1.460;1984.971;1.752;3.109
1626361;37.2;26.37;0.344;1.463;1979.971;1.947;3.058
1626461;37.2;26.37;0.390;1.450;1962.096;1.646;3.325
1626561;37.2;26.37;0.375;1.444;1983.039;1.816;3.208
1626661;37.2;26.37;0.341;1.463;1978.877;2.046;3.095
1626761;37.2;26.37;0.433;1.453;1998.642;1.322;3.148
1626861;37.2;26.43;0.402;1.446;1979.348;1.635;3.294
1626961;37.2;26.43;0.392;1.477;1990.704;1.625;3.025
1627061;37.1;26.43;0.415;1.464;1966.162;1.562;3.202
1627161;37.1;26.43;0.412;1.450;1993.076;1.532;3.234
1627261;37.3;26.43;0.502;1.479;1978.925;0.379;2.805
1627361;37.3;26.43;0.397;1.455;1962.213;1.590;3.352
1627461;37.3;26.43;0.402;1.443;1981.148;1.599;3.309
1627561;37.3;26.43;0.372;1.461;1988.118;1.722;3.179
1627661;37.3;26.43;0.400;1.454;1961.884;1.588;3.366
1627761;37.3;26.43;0.397;1.486;1999.092;1.658;2.778
1627861;37.3;26.37;0.311;1.467;1986.506;2.362;2.991
1627961;37.3;26.37;0.359;1.455;1948.891;1.984;3.190
1628061;37.2;26.37;0.358;1.452;1982.452;2.024;3.083
1628161;37.2;26.37;0.344;1.462;1983.115;1.996;3.139
1628261;37.2;26.37;0.409;1.444;1991.568;1.523;3.232
1628361;37.2;26.37;0.304;1.456;1980.061;2.682;2.908
1628461;37.2;26.37;0.242;1.475;1985.310;3.322;2.749
1628561;37.2;26.37;0.332;1.456;1949.010;2.294;3.181
1628661;37.2;26.37;0.324;1.453;1969.525;2.449;3.043
1628761;37.2;26.37;0.419;1.468;1968.380;1.507;3.026
1628861;37.2;26.37;0.359;1.453;1956.084;1.982;3.247
1628961;37.2;26.37;0.316;1.451;1975.469;2.516;3.065
1629061;37.4;26.37;0.248;1.480;1981.920;3.296;2.677
1629161;37.4;26.37;0.288;1.459;1950.598;2.893;3.040
1629261;37.3;26.37;0.392;1.471;1986.768;1.676;3.011
1629361;37.3;26.37;0.335;1.465;1976.515;2.119;3.099
1629461;37.3;26.37;0.377;1.454;1952.455;1.816;3.276
1629561;37.2;26.37;0.361;1.451;1982.060;1.983;3.122
1629661;37.2;26.37;0.317;1.467;1981.469;2.322;2.978
1629761;37.2;26.37;0.433;1.463;1994.084;1.365;3.085
1629861;37.2;26.37;0.381;1.456;1987.673;1.721;3.114
1629961;37.2;26.37;0.368;1.466;1986.384;1.773;3.190
1630061;37.2;26.37;0.400;1.452;1962.568;1.589;3.404
1630161;37.2;26.37;0.374;1.446;1978.461;1.865;3.235
1630261;37.3;26.37;0.429;1.469;1977.121;1.468;2.952
1630361;37.3;26.37;0.350;1.453;1960.409;2.098;3.187
1630461;37.3;26.37;0.335;1.457;1978.937;2.273;3.028
1630561;37.3;26.37;0.309;1.467;1983.824;2.443;2.992
1630661;37.3;26.37;0.307;1.462;1952.068;2.642;3.037
1630761;37.3;26.37;0.377;1.455;1990.233;1.675;3.165
1630861;37.3;26.37;0.241;1.524;1982.625;2.813;1.933
1630961;37.3;26.37;0.364;1.506;1950.221;0.836;2.126
1631061;37.3;26.37;0.226;1.506;1969.399;3.434;2.099
1631161;37.3;26.37;0.172;1.496;1986.178;4.337;2.424
1631261;37.3;26.37;0.362;1.449;1983.447;1.919;3.148
1631361;37.3;26.37;0.195;1.498;1973.931;4.074;2.204
1631461;37.3;26.37;0.419;1.521;1982.900;-0.469;1.979
1631561;37.3;26.37;0.195;1.498;1954.972;4.072;2.347
1631661;37.3;26.37;0.226;1.477;1968.495;3.811;2.657
1631761;37.3;26.37;0.412;1.458;1964.176;1.515;3.203
1631861;37.3;26.37;0.332;1.461;1959.425;2.308;3.114
1631961;37.3;26.37;0.268;1.471;1975.517;3.220;2.762
1632061;37.2;26.37;0.216;1.486;1981.552;3.707;2.678
1632161;37.2;26.37;0.238;1.476;1944.189;3.645;2.764
1632261;37.2;26.37;0.367;1.456;1985.426;1.794;3.219
1632361;37.2;26.37;0.246;1.481;1977.465;3.300;2.782
1632461;37.2;26.37;0.335;1.462;1949.368;2.315;3.166
1632561;37.2;26.37;0.310;1.459;1975.603;2.624;2.983
1632661;37.2;26.37;0.232;1.486;1986.452;3.520;2.681
1632761;37.2;26.37;0.425;1.452;1996.724;1.405;3.170
1632861;37.2;26.43;0.286;1.468;1967.515;2.945;2.886
1632961;37.2;26.43;0.250;1.478;1979.338;3.282;2.752
1633061;37.2;26.43;0.331;1.461;1955.277;2.324;3.146
1633161;37.2;26.43;0.313;1.460;1981.534;2.589;2.979
1633261;37.2;26.43;0.411;1.459;1968.553;1.557;3.221
1633361;37.2;26.43;0.203;1.508;1956.416;3.907;2.263
1633461;37.2;26.43;0.161;1.540;1976.681;4.329;1.563
1633561;37.2;26.43;0.105;1.551;1987.163;5.092;1.508
1633661;37.2;26.43;0.175;1.538;1954.477;4.142;1.705
1633761;37.2;26.43;0.215;1.481;1977.800;3.728;2.589
1633861;37.2;26.43;0.200;1.579;1991.415;3.226;1.029
1633961;37.2;26.43;0.339;1.537;1961.041;1.029;1.832
1634061;37.3;26.43;0.228;1.560;1972.446;2.968;1.287
1634161;37.3;26.43;0.464;1.520;1985.778;-1.595;2.123
1634261;37.3;26.43;0.353;1.449;1974.908;2.077;3.090
1634361;37.3;26.43;0.196;1.498;1973.649;4.116;2.322
1634461;37.3;26.43;0.419;1.523;1978.277;-0.397;2.035
1634561;37.3;26.43;0.318;1.511;1953.067;1.702;2.156
1634661;37.3;26.43;0.407;1.514;1968.831;0.088;2.105
1634761;37.3;26.43;0.410;1.461;1956.239;1.532;3.228
1634861;37.3;26.37;0.300;1.465;1947.586;2.780;3.075
1634961;37.3;26.37;0.236;1.476;1980.672;3.666;2.714
1635061;37.4;26.37;0.162;1.515;1983.595;4.417;2.147
1635161;37.4;26.37;0.214;1.492;1952.033;3.929;2.597
1635261;37.4;26.37;0.333;1.463;1980.129;2.147;3.056
1635361;37.4;26.37;0.106;1.550;1986.078;5.096;1.581
1635461;37.4;26.37;0.214;1.508;1949.190;3.738;2.259
1635561;37.3;26.37;0.198;1.491;1970.943;4.152;2.511
1635661;37.3;26.37;0.409;1.526;1982.734;-0.241;1.993
1635761;37.3;26.37;0.354;1.453;1982.732;2.023;3.042
1635861;37.3;26.37;0.193;1.537;1977.740;3.806;1.702
1635961;37.3;26.37;0.420;1.527;1993.273;-0.761;2.046
1636061;37.3;26.37;0.162;1.543;1953.001;4.406;1.713
1636161;37.3;26.37;0.161;1.547;1980.983;4.273;1.537
1636261;37.3;26.37;0.280;1.464;1955.281;3.005;2.982
1636361;37.3;26.37;0.476;1.511;1957.987;-1.362;2.300
1636461;37.3;26.37;0.465;1.507;1977.617;-1.275;2.275
1636561;37.3;26.37;0.463;1.523;2004.568;-1.518;2.152
1636661;37.3;26.37;0.438;1.519;1969.082;-0.794;2.238
1636761;37.3;26.37;0.249;1.525;1978.501;2.636;1.939
1636861;37.3;26.43;0.470;1.528;2005.592;-1.685;2.086
1636961;37.3;26.43;0.449;1.517;1978.160;-1.019;2.216
1637061;37.3;26.43;0.476;1.512;1990.705;-1.467;2.230
1637161;37.3;26.43;0.174;1.585;1989.699;3.652;1.122
1637261;37.3;26.43;0.337;1.456;1978.044;2.269;3.087
1637361;37.3;26.43;0.168;1.541;1975.172;4.247;1.689
1637461;37.3;26.43;0.360;1.537;1986.655;0.617;1.860
1637561;37.4;26.43;0.196;1.541;1951.850;3.810;1.780
1637661;37.4;26.43;0.460;1.509;1973.707;-1.080;2.260
1637761;37.4;26.43;0.338;1.459;1952.613;2.262;3.118
1637861;37.4;26.43;0.203;1.507;1954.181;3.977;2.396
1637961;37.4;26.43;0.313;1.519;1964.633;1.863;2.093
1638061;37.4;26.43;0.105;1.558;1989.281;5.036;1.543
1638161;37.4;26.43;0.205;1.542;1958.231;3.663;1.809
1638261;37.3;26.43;0.165;1.500;1989.465;4.425;2.331
1638361;37.3;26.43;0.257;1.573;1996.030;2.087;1.327
1638461;37.3;26.43;0.477;1.509;1958.362;-1.423;2.362
1638561;37.3;26.43;0.205;1.571;1981.411;3.486;1.154
1638661;37.3;26.43;0.186;1.590;1992.632;3.484;1.035
1638761;37.3;26.43;0.161;1.543;1979.214;4.240;1.534
1638861;37.3;26.43;0.456;1.521;1997.066;-0.980;2.108
1638961;37.3;26.43;0.444;1.527;2012.117;-1.050;2.093
1639061;37.3;26.43;0.442;1.518;1963.281;-0.738;2.242
1639161;37.3;26.43;0.474;1.513;1982.402;-1.457;2.295
1639261;37.4;26.43;0.362;1.516;1956.744;0.875;2.121
1639361;37.4;26.43;0.445;1.522;1968.936;-0.834;2.218
1639461;37.4;26.43;0.456;1.516;1996.282;-0.934;2.175
1639561;37.4;26.43;0.446;1.529;2010.703;-1.094;2.133
1639661;37.4;26.43;0.433;1.519;1965.191;-0.575;2.224
1639761;37.3;26.43;0.430;1.522;1985.120;-0.685;1.994
1639861;37.3;26.43;0.451;1.525;1996.452;-1.225;2.229
1639961;37.3;26.43;0.440;1.522;1974.572;-0.696;2.204
1640061;37.2;26.43;0.455;1.521;1995.673;-0.906;2.112
1640161;37.2;26.43;0.451;1.526;2008.238;-1.190;2.158
1640261;37.3;26.43;0.223;1.476;1965.724;3.824;2.696
1640361;37.3;26.43;0.252;1.564;1968.956;2.750;1.332
1640461;37.3;26.43;0.487;1.531;1990.766;-1.923;2.105
1640561;37.3;26.43;0.458;1.516;1960.738;-1.093;2.347
1640661;37.3;26.43;0.475;1.514;1981.964;-1.418;2.287
1640761;37.3;26.43;0.254;1.475;1950.307;3.403;2.849
1640861;37.3;26.37;0.477;1.518;1949.462;-1.349;2.349
1640961;37.3;26.37;0.479;1.515;1975.998;-1.411;2.280
1641061;37.3;26.37;0.483;1.531;1991.960;-1.780;2.166
1641161;37.3;26.37;0.444;1.522;1963.885;-0.833;2.247
1641261;37.3;26.37;0.164;1.504;1987.967;4.399;2.313
1641361;37.3;26.37;0.458;1.536;2026.698;-1.123;2.015
1641461;37.3;26.37;0.447;1.531;1977.138;-0.664;2.038
1641561;37.4;26.37;0.464;1.528;2002.055;-0.942;2.053
1641661;37.4;26.37;0.442;1.538;2021.112;-0.934;1.990
1641761;37.4;26.37;0.491;1.504;1973.552;-1.607;2.269
1641861;37.4;26.43;0.485;1.526;2005.006;-1.297;2.067
1641961;37.4;26.43;0.484;1.531;2026.703;-1.507;2.104
1642061;37.3;26.43;0.442;1.535;1977.446;-0.598;2.041
1642161;37.3;26.43;0.445;1.526;1989.177;-0.720;2.120
1642261;37.3;26.43;0.247;1.478;1946.359;3.500;2.820
1642361;37.3;26.43;0.445;1.528;1972.714;-0.788;2.158
1642461;37.3;26.43;0.466;1.522;1991.303;-1.199;2.195
1642561;37.3;26.43;0.443;1.532;2014.232;-1.026;2.112
1642661;37.3;26.43;0.436;1.532;1978.695;-0.588;2.100
1642761;37.3;26.43;0.412;1.532;1982.287;-0.301;1.912
1642861;37.3;26.43;0.450;1.531;2004.482;-1.099;2.152
1642961;37.3;26.43;0.442;1.523;1977.111;-0.692;2.243
1643061;37.3;26.43;0.455;1.529;1995.448;-0.825;2.036
1643161;37.3;26.43;0.445;1.536;2014.835;-0.937;2.061
1643261;37.4;26.43;0.169;1.540;1967.430;4.231;1.645
1643361;37.4;26.43;0.462;1.523;1975.083;-1.069;2.264
1643461;37.4;26.43;0.467;1.528;1992.897;-1.633;2.261
1643561;37.4;26.43;0.446;1.523;1972.654;-0.885;2.274
1643661;37.4;26.43;0.454;1.525;2002.793;-0.964;2.124
1643761;37.4;26.43;0.316;1.516;1951.581;1.774;2.149
1643861;37.4;26.43;0.429;1.533;1971.158;-0.454;2.128
1643961;37.4;26.43;0.452;1.526;1997.039;-0.908;2.157
1644061;37.4;26.43;0.441;1.535;2020.964;-0.978;2.098
1644161;37.4;26.43;0.444;1.533;1980.338;-0.669;2.082
1644261;37.3;26.43;0.453;1.523;1998.221;-1.450;2.149
1644361;37.3;26.43;0.533;1.519;2046.998;-2.168;2.295
1644461;37.3;26.43;0.506;1.526;1995.996;-1.576;2.215
1644561;37.4;26.43;0.538;1.515;2009.355;-1.994;2.313
1644661;37.4;26.43;0.509;1.527;2033.101;-1.913;2.198
1644761;37.4;26.43;0.467;1.515;1990.677;-1.196;2.197
1644861;37.4;26.43;0.509;1.526;2012.188;-1.579;2.161
1644961;37.4;26.43;0.516;1.531;2026.807;-1.963;2.153
1645061;37.4;26.43;0.452;1.534;1983.879;-0.825;2.103
1645161;37.4;26.43;0.461;1.527;1995.048;-0.897;2.124
1645261;37.4;26.43;0.175;1.545;1953.305;4.195;1.740
1645361;37.4;26.43;0.435;1.534;1973.515;-0.578;2.165
1645461;37.4;26.43;0.456;1.530;1996.897;-0.831;2.106
1645561;37.4;26.43;0.454;1.543;2025.844;-1.109;2.025
1645661;37.4;26.43;0.442;1.536;1989.115;-0.667;2.064
1645761;37.3;26.43;0.463;1.528;1985.227;-1.570;2.152
1645861;37.3;26.43;0.451;1.540;2026.141;-1.080;2.044
1645961;37.3;26.43;0.447;1.541;1991.560;-0.745;2.050
1646061;37.3;26.43;0.476;1.530;2005.923;-1.114;2.128
1646161;37.3;26.43;0.505;1.533;2031.211;-1.775;2.137
1646261;37.3;26.43;0.467;1.515;1987.328;-1.185;2.248
1646361;37.3;26.43;0.474;1.532;2003.805;-1.106;2.063
1646461;37.3;26.43;0.441;1.542;2015.920;-0.904;2.087
1646561;37.3;26.43;0.436;1.539;1983.015;-0.543;2.063
1646661;37.3;26.43;0.494;1.525;2015.469;-1.388;2.168
1646761;37.3;26.43;0.448;1.519;1970.595;-0.920;2.219
1646861;37.3;26.43;0.504;1.535;2000.774;-1.552;2.148
1646961;37.3;26.43;0.520;1.524;2005.995;-1.733;2.248
1647061;37.3;26.43;0.495;1.540;2040.331;-1.681;2.068
1647161;37.3;26.43;0.467;1.537;1984.491;-0.971;2.157
1647261;37.3;26.43;0.439;1.535;2013.592;-0.961;2.076
1647361;37.3;26.43;0.556;1.520;2048.670;-2.362;2.353
1647461;37.3;26.43;0.539;1.518;2003.469;-1.915;2.374
1647561;37.3;26.43;0.548;1.510;2020.232;-2.054;2.435
1647661;37.3;26.43;0.530;1.526;2039.805;-2.092;2.261
1647761;37.3;26.43;0.480;1.516;1979.488;-1.555;2.251
1647861;37.3;26.43;0.508;1.527;2014.214;-1.574;2.197
1647961;37.3;26.43;0.537;1.525;2048.742;-2.230;2.305
1648061;37.2;26.43;0.494;1.533;1984.958;-1.397;2.237
1648161;37.2;26.43;0.505;1.536;2002.412;-1.480;2.131
1648261;37.2;26.43;0.428;1.522;1961.454;-0.454;2.282
1648361;37.2;26.43;0.440;1.540;1983.816;-0.571;2.130
1648461;37.2;26.43;0.475;1.535;2003.054;-1.090;2.106
1648561;37.3;26.43;0.503;1.538;2035.605;-1.779;2.134
1648661;37.3;26.43;0.492;1.536;2005.726;-1.367;2.183
1648761;37.3;26.43;0.458;1.529;2014.234;-1.331;2.167
1648861;37.3;26.43;0.506;1.538;2029.578;-1.767;2.177
1648961;37.3;26.43;0.493;1.534;1998.557;-1.376;2.211
1649061;37.4;26.43;0.532;1.526;2017.056;-1.890;2.247
1649161;37.4;26.43;0.537;1.530;2040.356;-2.166;2.267
1649261;37.2;26.43;0.453;1.524;1988.320;-0.822;2.118
1649361;37.2;26.43;0.561;1.519;2014.849;-2.166;2.403
1649461;37.2;26.43;0.546;1.524;2041.663;-2.297;2.381
1649561;37.2;26.43;0.507;1.533;1989.445;-1.535;2.224
1649661;37.2;26.43;0.541;1.514;2014.886;-1.993;2.420
1649761;37.2;26.43;0.432;1.530;1983.302;-0.540;2.065
1649861;37.2;26.43;0.535;1.523;2006.700;-1.830;2.352
1649961;37.2;26.43;0.565;1.514;2020.945;-2.228;2.464
1650061;37.2;26.43;0.550;1.523;2038.864;-2.389;2.384
1650161;37.2;26.43;0.506;1.534;1996.083;-1.550;2.224
1650261;37.2;26.43;0.442;1.537;2022.032;-0.996;2.039
1650361;37.2;26.43;0.550;1.526;2044.435;-2.351;2.372
1650461;37.2;26.43;0.534;1.522;2013.669;-1.864;2.370
1650561;37.2;26.43;0.567;1.504;2020.977;-2.004;2.579
1650661;37.2;26.43;0.575;1.512;2050.079;-2.512;2.485
1650761;37.3;26.43;0.472;1.517;1982.479;-1.323;2.241
1650861;37.3;26.43;0.552;1.519;2014.442;-2.099;2.414
1650961;37.3;26.43;0.558;1.526;2049.015;-2.408;2.358
1651061;37.3;26.43;0.538;1.523;2009.305;-1.941;2.371
1651161;37.3;26.43;0.550;1.519;2016.211;-2.053;2.378
1651261;37.3;26.43;0.465;1.538;1984.989;-0.935;2.106
1651361;37.3;26.43;0.527;1.529;2009.348;-1.857;2.311
1651461;37.3;26.43;0.537;1.522;2013.842;-1.911;2.337
1651561;37.3;26.43;0.522;1.537;2036.632;-2.025;2.239
1651661;37.3;26.43;0.527;1.527;2011.978;-1.786;2.277
1651761;37.3;26.43;0.449;1.534;2020.013;-0.976;2.111
1651861;37.3;26.43;0.562;1.519;2049.310;-2.326;2.438
1651961;37.3;26.43;0.545;1.522;2006.753;-1.951;2.427
1652061;37.3;26.43;0.571;1.504;2029.054;-2.114;2.600
1652161;37.3;26.43;0.575;1.502;2055.753;-2.229;2.601
1652261;37.2;26.43;0.527;1.522;2023.298;-1.894;2.183
1652361;37.2;26.43;0.569;1.492;2016.584;-1.836;2.784
1652461;37.2;26.43;0.570;1.509;2046.413;-2.167;2.604
1652561;37.2;26.43;0.545;1.518;2014.181;-1.794;2.493
1652661;37.2;26.43;0.569;1.515;2018.760;-2.217;2.496
1652761;37.3;26.43;0.434;1.542;1979.362;-0.506;2.048
1652861;37.3;26.43;0.547;1.518;2017.809;-1.894;2.457
1652961;37.3;26.43;0.570;1.502;2020.663;-2.010;2.641
1653061;37.3;26.43;0.571;1.513;2049.811;-2.415;2.551
1653161;37.3;26.43;0.528;1.535;1996.790;-1.830;2.318
1653261;37.3;26.43;0.440;1.538;2011.084;-0.879;2.128
1653361;37.3;26.43;0.565;1.521;2049.351;-2.337;2.477
1653461;37.3;26.43;0.543;1.525;2020.628;-1.920;2.371
1653561;37.4;26.43;0.569;1.495;2024.735;-1.886;2.730
1653661;37.4;26.43;0.576;1.496;2055.469;-2.150;2.734
1653761;37.4;26.43;0.493;1.534;2010.625;-1.392;2.097
1653861;37.4;26.43;0.565;1.516;2020.674;-2.131;2.497
1653961;37.4;26.43;0.575;1.516;2040.835;-2.324;2.537
1654061;37.4;26.43;0.547;1.516;2027.271;-1.780;2.472
1654161;37.4;26.43;0.570;1.499;2018.480;-1.872;2.673
1654261;37.4;26.43;0.444;1.541;1987.096;-0.630;2.058
1654361;37.4;26.43;0.549;1.521;2013.459;-1.942;2.490
1654461;37.4;26.43;0.561;1.519;2014.560;-2.126;2.513
1654561;37.4;26.43;0.571;1.514;2051.929;-2.377;2.513
1654661;37.4;26.43;0.547;1.524;2014.685;-1.933;2.478
1654761;37.5;26.43;0.518;1.528;2034.397;-1.932;2.227
1654861;37.5;26.43;0.574;1.466;2051.684;-1.866;3.144
1654961;37.5;26.43;0.552;1.489;2028.002;-1.652;2.917
1655061;37.4;26.43;0.566;1.486;2024.415;-1.739;2.891
1655161;37.4;26.43;0.578;1.475;2047.867;-1.986;3.026
1655261;37.3;26.43;0.567;1.503;2019.455;-2.019;2.588
1655361;37.3;26.43;0.569;1.464;2023.918;-1.481;3.147
1655461;37.3;26.43;0.580;1.474;2045.149;-1.943;3.098
1655561;37.3;26.43;0.549;1.503;2014.676;-1.612;2.757
1655661;37.3;26.43;0.571;1.499;2020.987;-1.898;2.718
1655761;37.4;26.43;0.442;1.541;1985.204;-0.645;2.080
1655861;37.4;26.43;0.547;1.524;2011.749;-1.648;2.465
1655961;37.4;26.43;0.571;1.484;2027.112;-1.766;2.891
1656061;37.4;26.43;0.579;1.490;2043.451;-2.011;2.924
1656161;37.4;26.43;0.544;1.524;2017.643;-1.818;2.494
1656261;37.4;26.43;0.501;1.542;2030.281;-1.674;2.184
1656361;37.4;26.43;0.578;1.511;2053.774;-2.316;2.598
1656461;37.4;26.43;0.544;1.505;2020.519;-1.574;2.703
1656561;37.3;26.43;0.571;1.478;2028.342;-1.688;3.019
1656661;37.3;26.43;0.580;1.464;2045.178;-1.888;3.277
1656761;37.3;26.43;0.569;1.506;2020.196;-2.174;2.580
1656861;37.3;26.43;0.569;1.484;2024.643;-1.707;2.951
1656961;37.3;26.43;0.576;1.500;2047.869;-2.114;2.805
1657061;37.3;26.43;0.549;1.499;2024.138;-1.636;2.784
1657161;37.3;26.43;0.576;1.467;2031.695;-1.659;3.136
1657261;37.3;26.43;0.544;1.518;2010.115;-1.962;2.436
1657361;37.3;26.43;0.548;1.501;2017.680;-1.531;2.826
1657461;37.3;26.43;0.569;1.487;2019.312;-1.713;2.926
1657561;37.4;26.43;0.581;1.478;2055.727;-2.066;3.082
1657661;37.4;26.43;0.554;1.487;2025.841;-1.531;2.941
1657761;37.4;26.43;0.576;1.509;2053.406;-2.296;2.590
1657861;37.4;26.43;0.573;1.457;2049.273;-1.591;3.430
1657961;37.4;26.43;0.558;1.457;2014.330;-1.428;3.360
1658061;37.5;26.43;0.575;1.465;2019.089;-1.634;3.189
1658161;37.5;26.43;0.582;1.453;2055.206;-1.813;3.379
1658261;37.5;26.43;0.568;1.505;2024.661;-2.115;2.557
1658361;37.5;26.43;0.571;1.447;2023.378;-1.406;3.412
1658461;37.5;26.43;0.573;1.448;2042.813;-1.574;3.458
1658561;37.4;26.43;0.551;1.476;2020.050;-1.499;3.179
1658661;37.4;26.43;0.574;1.475;2017.263;-1.671;3.131
1658761;37.4;26.43;0.529;1.531;2002.005;-1.852;2.345
1658861;37.4;26.43;0.553;1.496;2032.481;-1.636;2.861
1658961;37.4;26.43;0.575;1.470;2025.412;-1.655;3.199
1659061;37.4;26.43;0.581;1.453;2047.154;-1.779;3.418
1659161;37.4;26.43;0.555;1.485;2023.185;-1.573;3.036
1659261;37.4;26.43;0.527;1.532;2037.341;-2.068;2.265
1659361;37.4;26.43;0.581;1.488;2045.240;-1.978;3.032
1659461;37.4;26.43;0.556;1.484;2029.349;-1.568;3.039
1659561;37.3;26.43;0.575;1.460;2022.927;-1.587;3.292
1659661;37.3;26.43;0.575;1.448;2054.422;-1.609;3.462
1659761;37.3;26.43;0.569;1.510;2015.532;-1.906;2.581
1659861;37.3;26.43;0.573;1.461;2020.558;-1.457;3.292
1659961;37.3;26.43;0.574;1.448;2042.865;-1.531;3.496
1660061;37.4;26.43;0.555;1.475;2020.989;-1.419;3.189
1660161;37.4;26.43;0.575;1.440;2020.377;-1.360;3.468
1660261;37.5;26.43;0.530;1.523;2000.449;-1.822;2.383
1660361;37.5;26.43;0.556;1.458;2015.111;-1.287;3.358
1660461;37.5;26.43;0.577;1.455;2021.982;-1.508;3.367
1660561;37.3;26.43;0.585;1.456;2052.924;-1.815;3.441
1660661;37.3;26.43;0.552;1.475;2018.675;-1.407;3.216
1660761;37.3;26.43;0.574;1.510;2053.288;-2.234;2.620
1660861;37.3;26.43;0.578;1.443;2049.516;-1.574;3.558
1660961;37.3;26.43;0.552;1.462;2013.762;-1.284;3.400
1661061;37.3;26.43;0.573;1.448;2013.654;-1.315;3.468
1661161;37.3;26.43;0.577;1.444;2052.847;-1.596;3.509
1661261;37.3;26.43;0.567;1.495;2031.045;-1.815;2.735
1661361;37.3;26.43;0.571;1.443;2012.727;-1.227;3.517
1661461;37.3;26.43;0.569;1.429;2042.323;-1.249;3.592
1661561;37.3;26.43;0.548;1.458;2022.434;-1.150;3.369
1661661;37.3;26.43;0.577;1.452;2014.241;-1.447;3.472
1661761;37.3;26.43;0.548;1.524;2006.307;-1.979;2.487
1661861;37.3;26.43;0.559;1.468;2023.467;-1.442;3.315
1661961;37.3;26.43;0.574;1.452;2021.015;-1.393;3.436
1662061;37.4;26.43;0.571;1.438;2041.860;-1.394;3.612
1662161;37.4;26.43;0.558;1.453;2020.591;-1.303;3.446
1662261;37.3;26.43;0.576;1.516;2043.352;-2.278;2.606
1662361;37.3;26.43;0.580;1.448;2057.077;-1.704;3.496
1662461;37.3;26.43;0.560;1.473;2028.330;-1.500;3.210
1662561;37.3;26.43;0.570;1.440;2016.761;-1.205;3.525
1662661;37.3;26.43;0.565;1.431;2037.193;-1.117;3.560
1662761;37.3;26.43;0.571;1.457;2022.279;-1.479;3.284
1662861;37.3;26.43;0.555;1.437;1997.385;-0.737;3.470
1662961;37.3;26.43;0.560;1.433;2028.426;-0.969;3.509
1663061;37.4;26.43;0.543;1.447;2018.695;-0.875;3.375
1663161;37.4;26.43;0.562;1.444;2013.180;-1.020;3.415
1663261;37.4;26.43;0.557;1.474;2030.907;-1.581;3.110
1663361;37.4;26.43;0.542;1.455;2005.366;-0.872;3.376
1663461;37.4;26.43;0.567;1.437;2007.973;-1.096;3.561
1663561;37.3;26.43;0.582;1.434;2038.906;-1.504;3.630
1663661;37.3;26.43;0.553;1.464;2016.187;-1.266;3.406
1663761;37.3;26.43;0.577;1.505;2048.678;-2.227;2.696
1663861;37.3;26.43;0.569;1.439;2048.456;-1.296;3.593
1663961;37.3;26.43;0.546;1.449;2021.397;-0.910;3.384
1664061;37.4;26.43;0.559;1.443;1998.861;-0.864;3.476
1664161;37.4;26.43;0.566;1.433;2032.132;-1.082;3.571
1664261;37.4;26.43;0.577;1.457;2025.203;-1.628;3.312
1664361;37.4;26.43;0.554;1.438;2010.246;-0.781;3.423
1664461;37.4;26.43;0.554;1.437;2023.454;-0.806;3.386
1664561;37.3;26.43;0.541;1.452;2005.499;-0.738;3.235
1664661;37.3;26.43;0.550;1.447;1995.303;-0.677;3.354
1664761;37.3;26.43;0.551;1.504;2017.046;-1.601;2.763
1664861;37.3;26.43;0.556;1.453;2007.884;-1.105;3.477
1664961;37.3;26.43;0.573;1.441;2016.017;-1.229;3.555
1665061;37.4;26.43;0.560;1.435;2041.485;-1.024;3.548
1665161;37.4;26.43;0.536;1.449;2016.690;-0.611;3.306
1665261;37.4;26.43;0.577;1.451;2044.963;-1.688;3.483
1665361;37.4;26.43;0.568;1.440;2031.035;-1.076;3.535
1665461;37.4;26.43;0.539;1.456;2020.116;-0.789;3.325
1665561;37.4;26.43;0.553;1.446;2006.517;-0.733;3.341
1665661;37.4;26.43;0.561;1.435;2018.902;-0.909;3.381
1665761;37.4;26.43;0.573;1.443;2018.543;-1.328;3.424
1665861;37.4;26.43;0.505;1.466;1983.177;0.219;2.907
1665961;37.4;26.43;0.554;1.436;2019.342;-0.692;3.338
1666061;37.3;26.43;0.539;1.460;2006.829;-0.755;3.231
1666161;37.3;26.43;0.549;1.447;1994.569;-0.625;3.291
1666261;37.3;26.43;0.555;1.464;2028.498;-1.358;3.291
1666361;37.3;26.43;0.535;1.454;2007.135;-0.624;3.218
1666461;37.3;26.43;0.544;1.452;1990.654;-0.534;3.290
1666561;37.3;26.43;0.558;1.441;2026.557;-0.835;3.388
1666661;37.3;26.43;0.542;1.458;2012.057;-0.809;3.336
1666761;37.3;26.43;0.582;1.471;2056.138;-1.906;3.225
1666861;37.3;26.43;0.556;1.439;2027.068;-0.815;3.492
1666961;37.3;26.43;0.538;1.457;2013.417;-0.688;3.202
1667061;37.3;26.43;0.549;1.450;1993.918;-0.543;3.149
1667161;37.3;26.43;0.550;1.439;2019.165;-0.628;3.344
1667261;37.3;26.43;0.568;1.441;2016.209;-1.224;3.557
1667361;37.3;26.43;0.558;1.442;1987.364;-0.731;3.357
1667461;37.3;26.43;0.555;1.436;2022.008;-0.734;3.380
1667561;37.3;26.43;0.510;1.473;2002.296;-0.114;2.897
1667661;37.3;26.43;0.498;1.471;1982.873;0.360;2.843
1667761;37.3;26.43;0.556;1.468;2029.052;-1.452;3.271
1667861;37.3;26.43;0.544;1.454;2015.776;-0.790;3.265
1667961;37.3;26.43;0.543;1.454;1995.809;-0.525;3.291
1668061;37.3;26.43;0.558;1.436;2015.160;-0.703;3.336
1668161;37.3;26.43;0.474;1.482;2008.060;0.534;2.684
1668261;37.3;26.43;0.570;1.436;2037.942;-1.291;3.539
1668361;37.3;26.43;0.552;1.442;2008.072;-0.666;3.358
1668461;37.3;26.43;0.545;1.458;2005.980;-0.776;3.226
1668561;37.3;26.43;0.553;1.450;1989.818;-0.623;3.316
1668661;37.3;26.43;0.500;1.466;2014.566;0.264;2.891
1668761;37.3;26.43;0.568;1.447;2015.328;-1.301;3.474
1668861;37.3;26.43;0.439;1.466;1972.886;1.368;2.851
1668961;37.3;26.43;0.442;1.461;1998.916;1.254;2.951
1669061;37.4;26.43;0.464;1.486;2000.862;0.719;2.668
1669161;37.4;26.43;0.488;1.475;1978.990;0.599;2.845
1669261;37.4;26.43;0.548;1.448;2022.294;-1.021;3.427
1669361;37.4;26.43;0.420;1.493;2003.706;1.361;2.586
1669461;37.4;26.43;0.453;1.472;1976.641;1.177;2.810
1669561;37.4;26.43;0.456;1.465;2003.008;1.027;2.884
1669661;37.4;26.43;0.488;1.479;2002.803;0.270;2.800
1669761;37.4;26.43;0.577;1.453;2048.052;-1.665;3.455
1669861;37.4;26.43;0.553;1.441;2021.798;-0.666;3.358
1669961;37.4;26.43;0.473;1.486;2005.751;0.558;2.705
1670061;37.4;26.43;0.460;1.477;1989.202;1.009;2.755
1670161;37.4;26.43;0.446;1.462;2006.583;1.181;2.885
1670261;37.4;26.43;0.569;1.441;2005.573;-1.108;3.520
1670361;37.4;26.43;0.479;1.478;1980.336;0.741;2.749
1670461;37.4;26.43;0.456;1.466;2011.440;1.033;2.846
1670561;37.5;26.43;0.406;1.484;2008.265;1.552;2.729
1670661;37.5;26.43;0.423;1.463;1974.772;1.457;3.044
1670761;37.4;26.43;0.535;1.455;2009.388;-0.701;3.306
1670861;37.4;26.43;0.417;1.484;1994.244;1.498;2.723
1670961;37.4;26.43;0.483;1.481;1985.873;0.653;2.788
1671061;37.5;26.43;0.484;1.472;2011.643;0.608;2.808
1671161;37.5;26.43;0.412;1.486;2003.165;1.478;2.740
1671261;37.4;26.43;0.545;1.442;2021.804;-0.603;3.369
1671361;37.4;26.43;0.431;1.455;2004.975;1.350;3.061
1671461;37.4;26.43;0.465;1.491;1995.319;0.752;2.652
1671561;37.4;26.43;0.485;1.479;1979.317;0.650;2.789
1671661;37.4;26.43;0.459;1.469;2009.244;0.996;2.901
1671761;37.4;26.43;0.540;1.455;2003.918;-0.506;3.222
1671861;37.4;26.43;0.420;1.459;1973.232;1.519;3.057
1671961;37.4;26.43;0.418;1.441;1986.463;1.434;3.241
1672061;37.4;26.43;0.398;1.476;1996.129;1.561;2.928
1672161;37.4;26.43;0.429;1.471;1976.032;1.409;2.955
1672261;37.4;26.43;0.530;1.467;2012.709;-0.603;3.162
1672361;37.4;26.43;0.395;1.477;1999.960;1.634;2.841
1672461;37.4;26.43;0.415;1.459;1972.278;1.575;3.089
1672561;37.4;26.43;0.425;1.447;1997.377;1.411;3.222
1672661;37.4;26.43;0.403;1.479;1991.456;1.611;2.847
1672761;37.4;26.43;0.569;1.432;2028.053;-1.044;3.602
1672861;37.4;26.43;0.461;1.466;2003.166;1.029;2.961
1672961;37.4;26.43;0.429;1.493;2008.798;1.240;2.616
1673061;37.4;26.43;0.430;1.466;1969.912;1.494;2.972
1673161;37.4;26.43;0.414;1.446;1993.863;1.489;3.186
1673261;37.4;26.43;0.563;1.443;1985.070;-0.754;3.388
1673361;37.4;26.43;0.423;1.466;1970.270;1.515;3.072
1673461;37.4;26.43;0.420;1.450;1992.610;1.425;3.178
1673561;37.4;26.43;0.380;1.466;1995.717;1.723;3.009
1673661;37.4;26.43;0.401;1.453;1969.824;1.591;3.166
1673761;37.4;26.43;0.453;1.491;1995.019;0.900;2.615
1673861;37.4;26.43;0.384;1.467;1991.063;1.692;3.090
1673961;37.4;26.43;0.429;1.461;1968.933;1.420;3.119
1674061;37.4;26.43;0.440;1.460;2002.490;1.256;3.049
1674161;37.4;26.43;0.401;1.484;1999.981;1.595;2.819
1674261;37.3;26.43;0.555;1.435;2013.212;-0.686;3.405
1674361;37.3;26.43;0.410;1.449;1990.155;1.516;3.193
1674461;37.3;26.43;0.395;1.474;1990.527;1.608;3.034
1674561;37.5;26.43;0.428;1.471;1979.937;1.419;3.019
1674661;37.5;26.43;0.427;1.447;1996.045;1.397;3.219
1674761;37.4;26.43;0.547;1.445;1992.516;-0.489;3.283
1674861;37.4;26.43;0.409;1.457;1965.672;1.540;3.153
1674961;37.4;26.43;0.388;1.441;1981.159;1.663;3.290
1675061;37.4;26.43;0.359;1.455;1996.336;1.780;3.147
1675161;37.4;26.43;0.395;1.443;1964.890;1.580;3.292
1675261;37.4;26.43;0.502;1.468;2008.680;0.022;2.944
1675361;37.4;26.43;0.382;1.476;1989.474;1.684;2.961
1675461;37.4;26.43;0.399;1.446;1960.284;1.581;3.278
1675561;37.4;26.43;0.397;1.437;1977.384;1.590;3.378
1675661;37.4;26.43;0.382;1.467;1995.287;1.681;3.086
1675761;37.4;26.43;0.560;1.437;2015.077;-0.850;3.492
1675861;37.4;26.43;0.424;1.452;1992.339;1.392;3.239
1675961;37.4;26.43;0.387;1.475;2000.444;1.657;3.001
1676061;37.4;26.43;0.416;1.461;1972.189;1.524;3.124
1676161;37.4;26.43;0.397;1.442;1983.783;1.567;3.286
1676261;37.3;26.43;0.418;1.462;1971.904;1.573;3.043
1676361;37.3;26.43;0.407;1.455;1964.054;1.561;3.202
1676461;37.3;26.43;0.399;1.443;1983.035;1.585;3.277
1676561;37.4;26.43;0.365;1.459;1988.567;1.755;3.161
1676661;37.4;26.43;0.382;1.445;1968.819;1.717;3.315
1676761;37.4;26.43;0.389;1.474;1995.088;1.687;2.882
1676861;37.4;26.43;0.363;1.458;1988.982;1.766;3.144
1676961;37.4;26.43;0.408;1.455;1959.778;1.540;3.251
1677061;37.3;26.43;0.411;1.447;1988.034;1.503;3.296
1677161;37.3;26.43;0.387;1.472;1996.051;1.601;3.030
1677261;37.3;26.43;0.461;1.469;2013.352;0.970;2.846
1677361;37.3;26.43;0.381;1.441;1974.818;1.757;3.281
1677461;37.3;26.43;0.362;1.457;1985.612;1.796;3.217
1677561;37.4;26.43;0.411;1.456;1955.743;1.536;3.253
1677661;37.4;26.43;0.404;1.447;1996.701;1.539;3.279
1677761;37.4;26.43;0.441;1.474;1976.325;1.322;2.917
1677861;37.4;26.43;0.373;1.451;1956.032;1.827;3.215
1677961;37.4;26.43;0.362;1.448;1978.174;1.947;3.158
1678061;37.4;26.43;0.338;1.467;1982.611;2.051;3.008
1678161;37.4;26.43;0.372;1.451;1956.072;1.851;3.202
1678261;37.4;26.43;0.526;1.463;2006.451;-0.502;3.182
1678361;37.4;26.43;0.366;1.457;1994.849;1.760;3.209
1678461;37.4;26.43;0.384;1.450;1954.127;1.774;3.298
1678561;37.4;26.43;0.345;1.449;1975.023;2.149;3.070
1678661;37.4;26.43;0.327;1.463;1978.398;2.218;3.025
1678761;37.5;26.43;0.432;1.455;1999.432;1.346;3.070
1678861;37.5;26.43;0.396;1.446;1975.741;1.611;3.316
1678961;37.5;26.43;0.372;1.458;1985.160;1.702;3.240
1679061;37.4;26.43;0.392;1.447;1962.815;1.628;3.320
1679161;37.4;26.43;0.377;1.451;1974.984;1.811;3.212
1679261;37.3;26.43;0.421;1.463;1977.143;1.487;3.066
1679361;37.3;26.43;0.369;1.453;1951.254;1.889;3.247
1679461;37.3;26.43;0.367;1.448;1977.980;1.933;3.167
1679561;37.3;26.43;0.340;1.464;1987.250;2.033;3.050
1679661;37.3;26.43;0.370;1.451;1957.989;1.855;3.240
1679761;37.3;26.43;0.383;1.461;1994.251;1.627;3.101
1679861;37.3;26.43;0.285;1.474;1985.791;2.707;2.835
1679961;37.3;26.43;0.363;1.450;1961.817;1.921;3.201
1680061;37.3;26.43;0.362;1.451;1969.872;2.010;3.121
1680161;37.3;26.43;0.348;1.460;1983.722;1.955;3.135
1680261;37.4;26.43;0.426;1.452;1994.104;1.390;3.185
1680361;37.4;26.43;0.344;1.455;1977.360;2.164;3.046
1680461;37.4;26.43;0.304;1.471;1980.283;2.514;2.957
1680561;37.4;26.43;0.342;1.452;1953.859;2.178;3.218
1680661;37.4;26.43;0.371;1.448;1980.112;1.856;3.267
1680761;37.3;26.43;0.436;1.469;1978.194;1.376;2.960
1680861;37.3;26.43;0.365;1.451;1957.573;1.927;3.184
1680961;37.3;26.43;0.335;1.453;1979.013;2.287;3.061
1681061;37.3;26.43;0.275;1.470;1985.600;2.852;2.856
1681161;37.3;26.43;0.335;1.454;1956.842;2.280;3.148
1681261;37.4;26.43;0.373;1.462;1986.778;1.776;3.150
1681361;37.4;26.43;0.291;1.471;1982.144;2.668;2.872
1681461;37.4;26.43;0.356;1.450;1958.893;2.008;3.231
1681561;37.4;26.43;0.309;1.457;1972.931;2.640;2.969
1681661;37.4;26.43;0.227;1.480;1982.214;3.513;2.744
1681761;37.5;26.43;0.398;1.441;1984.151;1.587;3.329
1681861;37.5;26.43;0.310;1.458;1971.277;2.615;2.991
1681961;37.5;26.43;0.333;1.467;1981.499;2.136;3.075
1682061;37.4;26.43;0.370;1.454;1955.597;1.866;3.248
1682161;37.4;26.43;0.345;1.456;1974.719;2.159;3.063
1682261;37.4;26.43;0.395;1.455;1964.914;1.599;3.191
1682361;37.4;26.43;0.325;1.455;1954.580;2.385;3.143
1682461;37.4;26.43;0.270;1.464;1964.181;3.169;2.837
1682561;37.4;26.43;0.201;1.484;1987.601;3.954;2.580
1682661;37.4;26.43;0.277;1.464;1959.396;3.066;2.957
1682761;37.4;26.43;0.370;1.459;1991.892;1.696;3.193
1682861;37.4;26.37;0.431;1.522;1991.947;-0.794;1.941
1682961;37.4;26.37;0.216;1.484;1955.160;3.850;2.608
1683061;37.4;26.37;0.284;1.457;1970.064;2.974;2.953
1683161;37.4;26.37;0.258;1.475;1978.879;3.141;2.842
1683261;37.4;26.37;0.421;1.452;1989.834;1.428;3.233
1683361;37.4;26.37;0.295;1.463;1976.978;2.774;2.905
1683461;37.4;26.37;0.212;1.486;1990.877;3.733;2.637
1683561;37.3;26.37;0.310;1.457;1944.831;2.614;3.132
1683661;37.3;26.37;0.328;1.459;1971.728;2.416;3.024
1683761;37.3;26.37;0.425;1.470;1971.127;1.514;3.004
1683861;37.3;26.37;0.350;1.456;1960.819;2.091;3.233
1683961;37.3;26.37;0.298;1.462;1973.070;2.768;2.957
1684061;37.4;26.37;0.167;1.502;1988.307;4.363;2.316
1684161;37.4;26.37;0.222;1.501;1947.893;3.583;2.227
1684261;37.4;26.37;0.367;1.461;1987.287;1.757;3.131
1684361;37.4;26.37;0.164;1.507;1985.351;4.396;2.321
1684461;37.4;26.37;0.235;1.473;1948.698;3.658;2.801
1684561;37.4;26.37;0.222;1.483;1972.508;3.852;2.531
1684661;37.4;26.37;0.398;1.524;1987.348;-0.128;1.952
1684761;37.5;26.37;0.376;1.448;1975.376;1.811;3.212
1684861;37.5;26.43;0.195;1.498;1967.341;4.148;2.327
1684961;37.5;26.43;0.192;1.494;1979.445;4.065;2.518
1685061;37.4;26.43;0.332;1.459;1957.846;2.331;3.154
1685161;37.4;26.43;0.266;1.470;1964.033;3.261;2.825
1685261;37.4;26.43;0.398;1.451;1966.047;1.590;3.287
1685361;37.4;26.43;0.282;1.514;1955.526;2.410;2.106
1685461;37.4;26.43;0.393;1.511;1977.393;0.274;2.086
1685561;37.4;26.43;0.384;1.524;1980.105;0.178;1.963
1685661;37.4;26.43;0.280;1.513;1957.429;2.428;2.138
1685761;37.4;26.43;0.348;1.464;1991.836;1.951;3.032
1685861;37.4;26.43;0.101;1.558;1994.342;4.997;1.471
1685961;37.4;26.43;0.230;1.534;1947.415;3.091;1.785
1686061;37.5;26.43;0.253;1.533;1971.874;2.790;1.711
1686161;37.5;26.43;0.331;1.525;1987.187;1.108;1.944
1686261;37.4;26.43;0.414;1.450;1988.188;1.492;3.290
1686361;37.4;26.43;0.260;1.466;1968.512;3.350;2.859
1686461;37.4;26.43;0.287;1.529;1990.784;1.946;1.932
1686561;37.4;26.43;0.217;1.514;1951.938;3.629;2.134
1686661;37.4;26.43;0.194;1.500;1970.563;4.144;2.335
1686761;37.4;26.43;0.388;1.452;1961.886;1.714;3.343
1686861;37.4;26.37;0.271;1.467;1954.192;3.151;2.995
1686961;37.4;26.37;0.216;1.488;1979.530;3.905;2.501
1687061;37.4;26.37;0.255;1.527;1983.972;2.548;1.974
1687161;37.4;26.37;0.173;1.543;1955.622;4.102;1.642
1687261;37.3;26.37;0.315;1.471;1981.177;2.337;2.912
1687361;37.3;26.37;0.103;1.554;1983.710;5.071;1.551
1687461;37.3;26.37;0.306;1.514;1947.970;1.934;2.170
1687561;37.3;26.37;0.381;1.518;1968.012;0.565;1.990
1687661;37.3;26.37;0.464;1.518;2000.134;-1.586;2.194
1687761;37.4;26.37;0.385;1.441;1976.440;1.714;3.212
1687861;37.4;26.43;0.458;1.505;1965.082;-1.070;2.320
1687961;37.4;26.43;0.468;1.520;1990.805;-1.680;2.167
1688061;37.4;26.43;0.270;1.516;1950.434;2.635;2.131
1688161;37.4;26.43;0.413;1.510;1978.813;-0.038;2.148
1688261;37.4;26.43;0.376;1.454;1947.383;1.856;3.239
1688361;37.4;26.43;0.354;1.529;1960.555;0.839;1.917
1688461;37.4;26.43;0.332;1.544;1980.116;1.117;1.679
1688561;37.3;26.43;0.171;1.589;1990.584;3.757;0.995
1688661;37.3;26.43;0.161;1.545;1945.177;4.390;1.670
1688761;37.5;26.43;0.308;1.471;1984.996;2.416;2.936
1688861;37.5;26.37;0.485;1.525;1998.830;-1.941;2.083
1688961;37.5;26.37;0.482;1.509;1960.879;-1.469;2.268
1689061;37.5;26.37;0.494;1.508;1967.082;2.595;1.230
1689161;37.5;26.37;0.454;1.522;1988.865;-1.454;2.152
1689261;37.5;26.37;0.340;1.458;1972.659;2.229;3.042
1689361;37.5;26.37;0.222;1.513;1968.214;3.553;2.137
1689461;37.5;26.37;0.105;1.557;1993.242;5.079;1.538
1689561;37.5;26.37;0.462;1.510;1962.940;-1.231;2.280
1689661;37.5;26.37;0.491;1.510;1971.983;-1.629;2.243
1689761;37.4;26.37;0.363;1.452;1956.993;1.978;3.317
1689861;37.4;26.43;0.411;1.516;1950.860;0.041;2.167
1689961;37.4;26.43;0.181;1.543;1971.989;4.062;1.648
1690061;37.5;26.43;0.183;1.584;2000.285;3.575;1.054
1690161;37.5;26.43;0.338;1.542;1972.493;0.968;1.748
1690261;37.5;26.43;0.216;1.521;1979.893;3.254;1.955
1690361;37.5;26.43;0.472;1.527;2005.234;-1.706;2.107
1690461;37.5;26.43;0.445;1.515;1969.332;-0.864;2.296
1690561;37.5;26.43;0.248;1.561;1970.881;2.685;1.384
1690661;37.5;26.43;0.470;1.527;2006.458;-1.724;2.139
1690761;37.5;26.43;0.210;1.534;1973.182;3.525;1.651
1690861;37.5;26.37;0.464;1.515;1988.983;-1.179;2.213
1690961;37.5;26.37;0.450;1.525;1993.852;-1.470;2.225
1691061;37.5;26.37;0.479;1.514;1954.802;1.923;1.555
1691161;37.5;26.37;0.214;1.566;1981.588;3.327;1.253
1691261;37.5;26.37;0.316;1.460;1955.003;2.551;3.049
1691361;37.5;26.37;0.304;1.552;1959.044;1.683;1.662
1691461;37.5;26.37;0.478;1.515;1988.796;-1.530;2.188
1691561;37.5;26.37;0.467;1.528;2003.537;-1.629;2.138
1691661;37.5;26.37;0.456;1.519;1963.111;-0.920;2.244
1691761;37.5;26.37;0.206;1.492;1982.689;3.855;2.621
1691861;37.5;26.43;0.450;1.527;2001.337;-1.467;2.218
1691961;37.5;26.43;0.459;1.520;1972.320;-1.131;2.196
1692061;37.5;26.43;0.478;1.521;1984.792;-1.461;2.155
1692161;37.5;26.43;0.275;1.566;1995.594;1.776;1.535
1692261;37.5;26.43;0.270;1.467;1972.682;3.172;2.834
1692361;37.5;26.43;0.499;1.511;1978.659;-1.778;2.258
1692461;37.5;26.43;0.211;1.582;2002.773;2.885;1.211
1692561;37.5;26.43;0.453;1.519;1967.179;-0.990;2.241
1692661;37.5;26.43;0.464;1.520;1984.032;-1.113;2.187
1692761;37.6;26.43;0.206;1.504;1951.869;3.910;2.259
1692861;37.6;26.37;0.333;1.553;1960.415;1.252;1.683
1692961;37.6;26.37;0.453;1.514;1986.867;-1.018;2.327
1693061;37.6;26.37;0.444;1.531;2016.179;-1.100;2.144
1693161;37.6;26.37;0.439;1.529;1981.365;-0.638;2.061
1693261;37.6;26.37;0.461;1.520;1997.770;-1.557;2.118
1693361;37.6;26.37;0.454;1.535;2022.341;-1.126;2.013
1693461;37.6;26.37;0.441;1.531;1984.304;-0.631;2.067
1693561;37.5;26.37;0.448;1.527;1993.563;-0.751;2.089
1693661;37.5;26.37;0.434;1.534;2023.461;-0.946;2.091
1693761;37.6;26.37;0.313;1.551;1980.056;1.467;1.552
1693861;37.6;26.43;0.459;1.530;1989.587;-0.791;2.042
1693961;37.6;26.43;0.439;1.535;2023.958;-1.007;2.033
1694061;37.6;26.43;0.452;1.526;1963.657;-0.960;2.205
1694161;37.6;26.43;0.480;1.513;1977.860;-1.417;2.320
1694261;37.5;26.43;0.251;1.473;1944.348;3.464;2.872
1694361;37.5;26.43;0.393;1.536;1960.416;0.148;2.009
1694461;37.5;26.43;0.473;1.522;1978.208;-1.257;2.240
1694561;37.5;26.43;0.443;1.534;2013.931;-1.105;2.096
1694661;37.5;26.43;0.447;1.526;1969.260;-0.854;2.208
1694761;37.5;26.43;0.411;1.527;1989.354;-0.351;2.000
1694861;37.5;26.37;0.453;1.530;2011.248;-1.346;2.197
1694961;37.5;26.37;0.432;1.529;1974.407;-0.523;2.149
1695061;37.5;26.37;0.463;1.531;2003.836;-0.966;2.042
1695161;37.5;26.37;0.460;1.539;2030.178;-1.214;1.962
1695261;37.5;26.37;0.163;1.543;1965.484;4.309;1.614
1695361;37.5;26.37;0.453;1.526;1983.801;-0.896;2.163
1695461;37.5;26.37;0.431;1.531;2015.089;-0.765;2.158
1695561;37.4;26.37;0.434;1.527;1978.478;-0.508;2.174
1695661;37.4;26.37;0.463;1.528;1999.892;-0.952;2.084
1695761;37.4;26.37;0.313;1.545;1958.895;1.518;1.673
1695861;37.4;26.43;0.441;1.537;1981.255;-0.602;2.030
1695961;37.4;26.43;0.460;1.531;2002.873;-0.936;2.029
1696061;37.4;26.43;0.444;1.535;2017.875;-0.993;2.103
1696161;37.4;26.43;0.460;1.529;1995.903;-0.930;2.078
1696261;37.5;26.43;0.483;1.524;1999.446;-1.910;2.072
1696361;37.5;26.43;0.500;1.532;2042.446;-1.767;2.079
1696461;37.5;26.43;0.482;1.532;1986.599;-1.183;2.088
1696561;37.4;26.43;0.494;1.528;2002.800;-1.374;2.138
1696661;37.4;26.43;0.455;1.540;2023.914;-1.109;2.022
1696761;37.4;26.43;0.360;1.527;1973.753;0.717;1.947
1696861;37.4;26.43;0.475;1.531;2001.314;-1.126;2.050
1696961;37.4;26.43;0.460;1.539;2030.241;-1.247;2.015
1697061;37.5;26.43;0.438;1.537;1981.441;-0.564;2.071
1697161;37.5;26.43;0.452;1.530;1989.216;-0.808;2.133
1697261;37.5;26.43;0.269;1.470;1945.253;3.193;3.000
1697361;37.5;26.43;0.443;1.526;1969.096;-0.688;2.230
1697461;37.5;26.43;0.455;1.528;1991.002;-0.907;2.139
1697561;37.5;26.43;0.438;1.539;2020.429;-0.923;2.093
1697661;37.5;26.43;0.443;1.534;1982.027;-0.669;2.045
1697761;37.4;26.43;0.493;1.523;1995.415;-2.009;2.144
1697861;37.4;26.43;0.459;1.542;2028.156;-1.193;2.046
1697961;37.4;26.43;0.447;1.538;1990.541;-0.755;2.047
1698061;37.4;26.43;0.496;1.526;2001.089;-1.394;2.130
1698161;37.4;26.43;0.521;1.528;2040.259;-2.039;2.196
1698261;37.5;26.43;0.462;1.511;1976.475;-1.173;2.272
1698361;37.5;26.43;0.494;1.531;2004.883;-1.585;2.189
1698461;37.5;26.43;0.490;1.539;2027.508;-1.607;2.096
1698561;37.4;26.43;0.464;1.539;1997.138;-0.996;2.040
1698661;37.4;26.43;0.510;1.529;2006.054;-1.557;2.135
1698761;37.4;26.43;0.442;1.523;1973.717;-0.775;2.163
1698861;37.4;26.43;0.504;1.531;1991.987;-1.503;2.205
1698961;37.4;26.43;0.500;1.532;2003.069;-1.465;2.101
1699061;37.3;26.43;0.485;1.539;2037.233;-1.547;2.082
1699161;37.3;26.43;0.472;1.534;1986.140;-1.056;2.113
1699261;37.5;26.43;0.445;1.529;2010.355;-1.035;2.124
1699361;37.5;26.43;0.525;1.524;2044.712;-2.065;2.299
1699461;37.5;26.43;0.513;1.533;2004.473;-1.661;2.124
1699561;37.6;26.43;0.536;1.516;2010.114;-1.909;2.339
1699661;37.6;26.43;0.506;1.534;2027.599;-1.794;2.166
1699761;37.5;26.43;0.463;1.520;1986.662;-1.084;2.181
1699861;37.5;26.43;0.493;1.530;2002.514;-1.342;2.154
1699961;37.5;26.43;0.512;1.534;2036.712;-1.865;2.162
1700061;37.5;26.43;0.488;1.534;1993.109;-1.321;2.128
1700161;37.5;26.43;0.487;1.527;2009.741;-1.315;2.167
1700261;37.5;26.43;0.460;1.513;1959.742;-1.118;2.335
1700361;37.5;26.43;0.444;1.544;1978.030;-0.629;2.022
1700461;37.5;26.43;0.481;1.536;1995.931;-1.154;2.106
1700561;37.5;26.43;0.497;1.537;2044.275;-1.738;2.111
1700661;37.5;26.43;0.502;1.533;2005.442;-1.531;2.153
1700761;37.5;26.43;0.440;1.534;2013.663;-0.922;2.086
1700861;37.5;26.43;0.547;1.520;2048.896;-2.374;2.377
1700961;37.5;26.43;0.512;1.531;2003.756;-1.652;2.225
1701061;37.5;26.43;0.558;1.512;2021.104;-2.069;2.421
1701161;37.5;26.43;0.566;1.505;2054.154;-2.272;2.561
1701261;37.5;26.43;0.512;1.517;2005.368;-1.638;2.244
1701361;37.5;26.43;0.564;1.507;2022.912;-2.113;2.512
1701461;37.5;26.43;0.557;1.517;2045.135;-2.451;2.443
1701561;37.6;26.43;0.504;1.536;1991.179;-1.514;2.166
1701661;37.6;26.43;0.549;1.519;2017.793;-2.063;2.322
1701761;37.5;26.43;0.447;1.531;1991.979;-0.751;2.084
1701861;37.5;26.43;0.540;1.525;2006.242;-1.938;2.345
1701961;37.5;26.43;0.562;1.514;2012.458;-2.210;2.460
1702061;37.5;26.43;0.525;1.536;2044.252;-2.098;2.176
1702161;37.5;26.43;0.477;1.542;1996.281;-1.136;2.109
1702261;37.5;26.43;0.442;1.534;2019.518;-0.995;2.135
1702361;37.5;26.43;0.562;1.519;2051.125;-2.413;2.377
1702461;37.5;26.43;0.540;1.518;2010.801;-1.817;2.423
1702561;37.6;26.43;0.564;1.514;2017.283;-2.135;2.451
1702661;37.6;26.43;0.554;1.528;2033.634;-2.356;2.312
1702761;37.5;26.43;0.453;1.531;1995.575;-0.873;2.098
1702861;37.5;26.43;0.536;1.523;2010.234;-1.922;2.297
1702961;37.5;26.43;0.552;1.520;2051.723;-2.348;2.397
1703061;37.6;26.43;0.538;1.522;2003.651;-1.896;2.390
1703161;37.6;26.43;0.556;1.517;2004.529;-2.090;2.487
1703261;37.6;26.43;0.434;1.533;1979.678;-0.553;2.098
1703361;37.6;26.43;0.487;1.541;1994.369;-1.290;2.143
1703461;37.6;26.43;0.520;1.527;2010.780;-1.754;2.275
1703561;37.6;26.43;0.553;1.522;2056.593;-2.378;2.364
1703661;37.6;26.43;0.544;1.523;2020.451;-1.990;2.359
1703761;37.6;26.43;0.503;1.533;2040.873;-1.744;2.118
1703861;37.6;26.43;0.570;1.511;2047.846;-2.306;2.556
1703961;37.6;26.43;0.544;1.514;2015.700;-1.759;2.492
1704061;37.5;26.43;0.569;1.494;2023.947;-1.908;2.668
1704161;37.5;26.43;0.575;1.493;2064.167;-2.151;2.737
1704261;37.5;26.43;0.536;1.516;2005.897;-1.930;2.306
1704361;37.5;26.43;0.565;1.491;2020.080;-1.764;2.792
1704461;37.5;26.43;0.573;1.511;2048.929;-2.279;2.532
1704561;37.5;26.43;0.540;1.525;2007.046;-1.925;2.412
1704661;37.5;26.43;0.566;1.516;2007.827;-2.236;2.457
1704761;37.5;26.43;0.437;1.536;1984.377;-0.574;2.043
1704861;37.5;26.43;0.552;1.509;2014.985;-1.926;2.548
1704961;37.5;26.43;0.571;1.509;2012.187;-2.209;2.550
1705061;37.5;26.43;0.558;1.523;2044.343;-2.435;2.459
1705161;37.5;26.43;0.528;1.529;2007.176;-1.827;2.364
1705261;37.4;26.43;0.472;1.539;2039.831;-1.359;2.099
1705361;37.4;26.43;0.569;1.519;2054.413;-2.519;2.448
1705461;37.4;26.43;0.547;1.519;2018.111;-1.905;2.428
1705561;37.4;26.43;0.568;1.506;2018.029;-1.921;2.593
1705661;37.4;26.43;0.567;1.517;2051.853;-2.326;2.560
1705761;37.5;26.43;0.472;1.517;1979.987;-1.373;2.243
1705861;37.5;26.43;0.576;1.510;2012.596;-2.272;2.561
1705961;37.5;26.43;0.573;1.512;2055.387;-2.317;2.546
1706061;37.4;26.43;0.550;1.506;2024.558;-1.745;2.607
1706161;37.4;26.43;0.565;1.509;2020.491;-1.943;2.577
1706261;37.5;26.43;0.456;1.541;1988.183;-0.854;2.051
1706361;37.5;26.43;0.550;1.515;2016.275;-1.798;2.527
1706461;37.5;26.43;0.575;1.500;2034.056;-2.046;2.652
1706561;37.6;26.43;0.575;1.498;2052.322;-2.168;2.744
1706661;37.6;26.43;0.551;1.490;2023.305;-1.564;2.802
1706761;37.6;26.43;0.555;1.520;2047.739;-2.405;2.309
1706861;37.6;26.43;0.574;1.469;2056.902;-1.876;3.118
1706961;37.6;26.43;0.548;1.495;2020.550;-1.615;2.837
1707061;37.5;26.43;0.574;1.466;2022.592;-1.656;3.158
1707161;37.5;26.43;0.573;1.455;2061.845;-1.731;3.260
1707261;37.4;26.43;0.564;1.508;2018.804;-2.088;2.513
1707361;37.4;26.43;0.574;1.471;2011.459;-1.710;3.129
1707461;37.4;26.43;0.582;1.477;2055.241;-2.143;3.011
1707561;37.4;26.43;0.546;1.518;2014.411;-1.741;2.505
1707661;37.4;26.43;0.565;1.514;2019.384;-2.078;2.612
1707761;37.4;26.43;0.472;1.538;1995.328;-1.084;2.099
1707861;37.4;26.43;0.543;1.505;2027.721;-1.579;2.684
1707961;37.4;26.43;0.571;1.498;2022.852;-1.857;2.726
1708061;37.5;26.43;0.576;1.512;2057.335;-2.391;2.601
1708161;37.5;26.43;0.537;1.534;2002.689;-1.904;2.367
1708261;37.6;26.43;0.441;1.543;2018.521;-0.955;2.071
1708361;37.6;26.43;0.575;1.514;2059.845;-2.402;2.565
1708461;37.6;26.43;0.546;1.524;2016.624;-1.763;2.446
1708561;37.6;26.43;0.563;1.496;2020.993;-1.664;2.835
1708661;37.6;26.43;0.574;1.484;2060.422;-2.000;2.953
1708761;37.6;26.43;0.526;1.526;2005.011;-1.822;2.246
1708861;37.6;26.43;0.570;1.493;2025.278;-1.810;2.821
1708961;37.6;26.43;0.575;1.483;2055.900;-2.013;3.009
1709061;37.7;26.43;0.557;1.471;2026.049;-1.493;3.116
1709161;37.7;26.43;0.575;1.455;2015.578;-1.527;3.320
1709261;37.6;26.43;0.542;1.523;2015.118;-1.945;2.358
1709361;37.6;26.43;0.557;1.470;2020.315;-1.510;3.147
1709461;37.6;26.43;0.571;1.471;2023.224;-1.636;3.110
1709561;37.5;26.43;0.578;1.469;2059.372;-1.909;3.161
1709661;37.5;26.43;0.556;1.479;2014.302;-1.556;3.089
1709761;37.5;26.43;0.568;1.509;2052.299;-2.452;2.516
1709861;37.5;26.43;0.579;1.438;2054.253;-1.640;3.510
1709961;37.5;26.43;0.554;1.468;2021.456;-1.424;3.187
1710061;37.5;26.43;0.569;1.464;2014.399;-1.544;3.257
1710161;37.5;26.43;0.582;1.464;2051.398;-1.864;3.232
1710261;37.5;26.43;0.565;1.513;2008.322;-2.014;2.480
1710361;37.5;26.43;0.569;1.459;2019.445;-1.451;3.297
1710461;37.5;26.43;0.579;1.460;2050.180;-1.840;3.364
1710561;37.5;26.43;0.556;1.480;2020.072;-1.595;3.087
1710661;37.5;26.43;0.572;1.489;2019.884;-1.761;2.938
1710761;37.4;26.43;0.486;1.542;1999.342;-1.242;2.095
1710861;37.4;26.43;0.551;1.503;2024.998;-1.693;2.750
1710961;37.4;26.43;0.570;1.487;2018.242;-1.662;2.973
1711061;37.4;26.43;0.578;1.468;2056.701;-1.899;3.249
1711161;37.4;26.43;0.550;1.500;2020.155;-1.644;2.844
1711261;37.4;26.43;0.503;1.542;2035.963;-1.746;2.117
1711361;37.4;26.43;0.581;1.488;2054.957;-2.052;2.961
1711461;37.4;26.43;0.552;1.484;2030.837;-1.521;3.050
1711561;37.5;26.43;0.570;1.468;2021.315;-1.490;3.203
1711661;37.5;26.43;0.575;1.433;2050.579;-1.480;3.598
1711761;37.4;26.43;0.567;1.491;2020.165;-1.772;2.764
1711861;37.4;26.43;0.570;1.438;2008.504;-1.241;3.494
1711961;37.4;26.43;0.576;1.437;2050.733;-1.494;3.554
1712061;37.4;26.43;0.555;1.449;2021.299;-1.164;3.363
1712161;37.4;26.43;0.558;1.441;2006.518;-0.927;3.405
1712261;37.4;26.43;0.549;1.482;2025.759;-1.526;2.962
1712361;37.4;26.43;0.551;1.445;2018.122;-1.086;3.408
1712461;37.4;26.43;0.573;1.444;2001.477;-1.286;3.516
1712561;37.6;26.43;0.579;1.446;2049.077;-1.638;3.490
1712661;37.6;26.43;0.559;1.462;2022.624;-1.387;3.279
1712761;37.6;26.43;0.578;1.509;2055.519;-2.403;2.567
1712861;37.6;26.43;0.577;1.435;2054.987;-1.599;3.568
1712961;37.6;26.43;0.556;1.458;2019.452;-1.264;3.349
1713061;37.6;26.43;0.576;1.450;2023.025;-1.492;3.433
1713161;37.6;26.43;0.575;1.446;2048.684;-1.594;3.547
1713261;37.7;26.43;0.572;1.507;2017.712;-2.067;2.617
1713361;37.7;26.43;0.576;1.453;2013.319;-1.400;3.414
1713461;37.7;26.43;0.574;1.431;2055.855;-1.496;3.668
1713561;37.6;26.43;0.558;1.475;2015.086;-1.464;3.209
1713661;37.6;26.43;0.577;1.465;2010.609;-1.515;3.307
1713761;37.7;26.43;0.531;1.531;2001.249;-1.856;2.327
1713861;37.7;26.43;0.555;1.486;2023.391;-1.524;3.065
1713961;37.7;26.43;0.577;1.471;2012.048;-1.570;3.242
1714061;37.7;26.43;0.576;1.442;2054.840;-1.580;3.574
1714161;37.7;26.43;0.558;1.461;2022.465;-1.346;3.294
1714261;37.5;26.43;0.576;1.512;2060.972;-2.363;2.582
1714361;37.5;26.43;0.583;1.442;2056.264;-1.671;3.593
1714461;37.5;26.43;0.550;1.456;2022.018;-1.191;3.373
1714561;37.5;26.43;0.562;1.438;2003.664;-1.009;3.531
1714661;37.5;26.43;0.551;1.431;2039.680;-0.802;3.350
1714761;37.6;26.43;0.575;1.468;2011.997;-1.635;3.129
1714861;37.6;26.43;0.543;1.446;1990.837;-0.559;3.285
1714961;37.6;26.43;0.560;1.432;2034.045;-0.874;3.443
1715061;37.5;26.43;0.539;1.447;2017.500;-0.841;3.384
1715161;37.5;26.43;0.548;1.447;1988.258;-0.591;3.280
1715261;37.5;26.43;0.540;1.503;2016.630;-1.513;2.632
1715361;37.5;26.43;0.534;1.453;2009.568;-0.685;3.255
1715461;37.5;26.43;0.562;1.439;2005.755;-1.011;3.567
1715561;37.6;26.43;0.578;1.435;2044.307;-1.505;3.668
1715661;37.6;26.43;0.560;1.458;2016.394;-1.326;3.379
1715761;37.6;26.43;0.574;1.512;2054.953;-2.247;2.633
1715861;37.6;26.43;0.577;1.436;2053.650;-1.482;3.601
1715961;37.6;26.43;0.557;1.452;2019.788;-1.195;3.390
1716061;37.6;26.43;0.574;1.445;2001.046;-1.240;3.532
1716161;37.6;26.43;0.578;1.436;2053.899;-1.513;3.623
1716261;37.5;26.43;0.569;1.507;2025.430;-2.092;2.601
1716361;37.5;26.43;0.569;1.439;2003.694;-1.138;3.623
1716461;37.5;26.43;0.561;1.435;2037.856;-0.988;3.486
1716561;37.6;26.43;0.551;1.449;2017.852;-1.037;3.442
1716661;37.6;26.43;0.572;1.444;2013.700;-1.261;3.562
1716761;37.6;26.43;0.549;1.513;2010.467;-1.682;2.697
1716861;37.6;26.43;0.559;1.455;2022.631;-1.307;3.425
1716961;37.6;26.43;0.569;1.446;2009.973;-1.098;3.466
1717061;37.7;26.43;0.554;1.437;2036.102;-0.819;3.383
1717161;37.7;26.43;0.529;1.458;2007.829;-0.579;3.166
1717261;37.8;26.43;0.579;1.453;2049.677;-1.805;3.445
1717361;37.8;26.43;0.561;1.434;2034.606;-0.981;3.471
1717461;37.8;26.43;0.538;1.458;2013.481;-0.786;3.287
1717561;37.7;26.43;0.548;1.448;1990.802;-0.597;3.278
1717661;37.7;26.43;0.497;1.459;2019.895;0.357;2.820
1717761;37.8;26.43;0.557;1.438;2000.720;-0.920;3.425
1717861;37.8;26.43;0.463;1.473;1978.626;0.944;2.713
1717961;37.8;26.43;0.551;1.434;2010.402;-0.618;3.331
1718061;37.8;26.43;0.542;1.455;2010.240;-0.755;3.194
1718161;37.8;26.43;0.545;1.450;1998.390;-0.541;3.233
1718261;37.8;26.43;0.546;1.448;2013.322;-0.954;3.410
1718361;37.8;26.43;0.539;1.457;2002.581;-0.683;3.158
1718461;37.8;26.43;0.551;1.452;1992.922;-0.712;3.310
1718561;37.8;26.43;0.565;1.428;2037.030;-1.048;3.618
1718661;37.8;26.43;0.557;1.457;2013.969;-1.220;3.515
1718761;37.8;26.43;0.578;1.484;2052.387;-2.013;3.052
1718861;37.8;26.43;0.572;1.435;2042.883;-1.258;3.588
1718961;37.8;26.43;0.535;1.458;2015.720;-0.693;3.309
1719061;37.8;26.43;0.546;1.450;1990.914;-0.574;3.374
1719161;37.8;26.43;0.564;1.427;2031.893;-0.981;3.620
1719261;37.7;26.43;0.575;1.463;2020.078;-1.554;3.268
1719361;37.7;26.43;0.545;1.447;2005.837;-0.554;3.286
1719461;37.7;26.43;0.562;1.442;2024.632;-0.857;3.307
1719561;37.6;26.43;0.476;1.480;1999.458;0.525;2.686
1719661;37.6;26.43;0.509;1.463;1985.723;0.155;2.974
1719761;37.7;26.43;0.555;1.461;2017.518;-1.287;3.319
1719861;37.7;26.43;0.530;1.463;2007.067;-0.555;3.170
1719961;37.7;26.43;0.555;1.448;1994.076;-0.668;3.240
1720061;37.7;26.43;0.472;1.467;2022.925;0.718;2.790
1720161;37.7;26.43;0.415;1.485;1999.223;1.458;2.639
1720261;37.7;26.43;0.563;1.433;2029.477;-1.052;3.488
1720361;37.7;26.43;0.480;1.467;2009.023;0.662;2.786
1720461;37.7;26.43;0.521;1.471;2005.422;-0.371;2.999
1720561;37.6;26.43;0.488;1.478;1988.024;0.531;2.737
1720661;37.6;26.43;0.441;1.455;2010.012;1.205;2.983
1720761;37.6;26.43;0.556;1.438;2002.926;-0.827;3.375
1720861;37.6;26.43;0.439;1.467;1973.358;1.248;2.894
1720961;37.6;26.43;0.453;1.466;2009.775;1.092;2.782
1721061;37.6;26.43;0.483;1.483;1992.489;0.402;2.773
1721161;37.6;26.43;0.557;1.445;1986.221;-0.649;3.316
1721261;37.5;26.43;0.557;1.457;2025.320;-1.286;3.358
1721361;37.5;26.43;0.479;1.484;1998.750;0.447;2.720
1721461;37.5;26.43;0.558;1.446;1982.136;-0.667;3.401
1721561;37.5;26.43;0.564;1.441;2025.495;-0.920;3.401
1721661;37.5;26.43;0.532;1.466;2008.468;-0.612;3.252
1721761;37.5;26.43;0.584;1.454;2058.085;-1.748;3.497
1721861;37.5;26.43;0.565;1.435;2027.830;-0.936;3.544
1721961;37.5;26.43;0.541;1.459;2009.969;-0.693;3.172
1722061;37.5;26.43;0.513;1.473;1989.013;0.153;2.867
1722161;37.5;26.43;0.515;1.458;2019.446;0.051;3.022
1722261;37.5;26.43;0.563;1.434;2008.297;-0.970;3.560
1722361;37.5;26.43;0.448;1.476;1983.293;1.145;2.788
1722461;37.5;26.43;0.437;1.454;2003.854;1.280;3.032
1722561;37.5;26.43;0.388;1.475;1995.816;1.676;2.813
1722661;37.5;26.43;0.415;1.455;1965.160;1.501;3.126
1722761;37.5;26.43;0.527;1.459;2011.874;-0.515;3.105
1722861;37.5;26.43;0.408;1.481;1992.503;1.552;2.767
1722961;37.5;26.43;0.438;1.472;1970.546;1.338;2.905
1723061;37.5;26.43;0.421;1.446;2003.562;1.403;3.142
1723161;37.5;26.43;0.386;1.465;1995.063;1.640;3.017
1723261;37.5;26.43;0.552;1.438;2031.706;-0.830;3.300
1723361;37.5;26.43;0.422;1.451;1994.210;1.454;3.118
1723461;37.5;26.43;0.418;1.488;1996.090;1.435;2.687
1723561;37.5;26.43;0.462;1.473;1976.765;1.012;2.819
1723661;37.5;26.43;0.434;1.458;2010.277;1.282;3.024
1723761;37.5;26.43;0.547;1.449;1995.430;-0.580;3.244
1723861;37.5;26.43;0.429;1.463;1964.278;1.408;3.036
1723961;37.5;26.43;0.436;1.454;2002.669;1.296;3.055
1724061;37.5;26.43;0.435;1.491;1999.994;1.192;2.641
1724161;37.5;26.43;0.484;1.477;1980.709;0.634;2.828
1724261;37.5;26.43;0.557;1.448;2019.168;-1.180;3.490
1724361;37.5;26.43;0.411;1.479;2003.512;1.569;2.754
1724461;37.5;26.43;0.447;1.477;1977.557;1.203;2.902
1724561;37.5;26.43;0.465;1.469;2006.723;0.924;2.868
1724661;37.5;26.43;0.459;1.489;2002.850;0.791;2.633
1724761;37.5;26.43;0.577;1.480;2065.088;-2.005;3.101
1724861;37.5;26.43;0.489;1.475;2017.838;0.501;2.788
1724961;37.5;26.43;0.407;1.480;1995.145;1.611;2.802
1725061;37.5;26.43;0.420;1.465;1973.449;1.495;2.988
1725161;37.5;26.43;0.415;1.443;1994.433;1.435;3.202
1725261;37.5;26.43;0.560;1.447;1989.723;-0.746;3.287
1725361;37.5;26.43;0.412;1.453;1963.646;1.491;3.215
1725461;37.5;26.43;0.393;1.438;1995.322;1.560;3.250
1725561;37.5;26.43;0.368;1.451;1993.110;1.677;3.175
1725661;37.5;26.43;0.381;1.442;1954.705;1.719;3.288
1725761;37.5;26.43;0.433;1.485;1995.129;1.161;2.658
1725861;37.5;26.43;0.380;1.454;1981.175;1.652;3.195
1725961;37.5;26.43;0.410;1.457;1968.424;1.527;3.140
1726061;37.5;26.43;0.414;1.444;1994.852;1.467;3.253
1726161;37.5;26.43;0.377;1.463;1994.091;1.681;3.056
1726261;37.5;26.43;0.525;1.446;2021.721;-0.149;3.116
1726361;37.5;26.43;0.406;1.445;1991.702;1.536;3.231
1726461;37.5;26.43;0.405;1.486;1985.457;1.622;2.799
1726561;37.5;26.43;0.439;1.467;1969.259;1.369;3.005
1726661;37.5;26.43;0.437;1.459;2012.372;1.280;3.032
1726761;37.6;26.43;0.559;1.447;1999.445;-0.817;3.414
1726861;37.6;26.43;0.428;1.467;1972.219;1.446;3.012
1726961;37.6;26.43;0.416;1.444;1993.040;1.413;3.244
1727061;37.6;26.43;0.391;1.471;1987.702;1.650;2.998
1727161;37.6;26.43;0.423;1.465;1973.870;1.477;3.078
1727261;37.5;26.43;0.533;1.457;2005.325;-0.556;3.261
1727361;37.5;26.43;0.387;1.473;1989.956;1.720;2.981
1727461;37.5;26.43;0.419;1.457;1964.475;1.478;3.163
1727561;37.5;26.43;0.408;1.446;1998.618;1.495;3.196
1727661;37.5;26.43;0.382;1.472;1986.484;1.725;2.995
1727761;37.6;26.43;0.557;1.443;2014.498;-0.729;3.294
1727861;37.6;26.43;0.414;1.451;1990.125;1.462;3.162
1727961;37.6;26.43;0.381;1.465;1992.276;1.704;3.066
1728061;37.6;26.43;0.402;1.447;1961.340;1.569;3.311
1728161;37.6;26.43;0.374;1.443;1991.605;1.756;3.175
1728261;37.5;26.43;0.426;1.463;1969.614;1.497;2.933
1728361;37.5;26.43;0.379;1.450;1962.787;1.766;3.209
1728461;37.5;26.43;0.341;1.445;1979.271;2.159;3.050
1728561;37.5;26.43;0.321;1.460;1983.156;2.249;3.002
1728661;37.5;26.43;0.360;1.449;1954.629;1.974;3.113
1728761;37.5;26.43;0.395;1.479;1995.031;1.646;2.787
1728861;37.5;26.43;0.349;1.456;1983.397;1.925;3.142
1728961;37.5;26.43;0.392;1.443;1953.479;1.696;3.326
1729061;37.5;26.43;0.401;1.444;1988.444;1.587;3.279
1729161;37.5;26.43;0.381;1.468;1985.470;1.723;3.094
1729261;37.5;26.43;0.473;1.470;2017.845;0.727;2.752
1729361;37.5;26.43;0.402;1.447;1987.252;1.559;3.227
1729461;37.5;26.43;0.378;1.464;1984.954;1.746;3.081
1729561;37.5;26.43;0.428;1.465;1970.711;1.462;3.146
1729661;37.5;26.43;0.423;1.456;1994.230;1.450;3.179
1729761;37.6;26.43;0.491;1.477;1981.272;0.528;2.844
1729861;37.6;26.43;0.408;1.462;1972.393;1.579;3.134
1729961;37.6;26.43;0.394;1.439;1988.659;1.601;3.321
1730061;37.6;26.43;0.361;1.460;1983.039;1.796;3.149
1730161;37.6;26.43;0.400;1.445;1957.204;1.560;3.392
1730261;37.6;26.43;0.456;1.488;2001.537;0.864;2.633
1730361;37.6;26.43;0.372;1.456;1985.846;1.698;3.214
1730461;37.6;26.43;0.368;1.448;1960.001;1.892;3.191
1730561;37.6;26.43;0.341;1.449;1983.097;2.179;3.035
1730661;37.6;26.43;0.322;1.465;1991.867;2.198;2.977
1730761;37.6;26.43;0.428;1.451;1997.293;1.375;3.138
1730861;37.6;26.43;0.369;1.444;1973.077;1.896;3.149
1730961;37.6;26.43;0.331;1.463;1988.988;2.120;2.990
1731061;37.6;26.43;0.363;1.455;1953.176;1.919;3.189
1731161;37.6;26.43;0.298;1.451;1969.995;2.760;2.929
1731261;37.5;26.43;0.402;1.456;1959.693;1.563;3.142
1731361;37.5;26.43;0.303;1.454;1948.663;2.660;3.055
1731461;37.5;26.43;0.324;1.453;1984.032;2.379;2.965
1731561;37.5;26.43;0.309;1.464;1982.810;2.613;2.996
1731661;37.5;26.43;0.327;1.457;1947.331;2.394;3.067
1731761;37.6;26.43;0.383;1.464;1991.795;1.698;2.978
1731861;37.6;26.43;0.321;1.469;1984.636;2.218;2.982
1731961;37.6;26.43;0.385;1.445;1946.887;1.712;3.345
1732061;37.5;26.43;0.394;1.447;1980.753;1.625;3.284
1732161;37.5;26.43;0.383;1.469;1993.797;1.679;3.095
1732261;37.5;26.43;0.488;1.471;2018.268;0.540;2.842
1732361;37.5;26.43;0.374;1.443;1978.778;1.857;3.266
1732461;37.5;26.43;0.343;1.456;1977.740;2.034;3.144
1732561;37.5;26.43;0.400;1.456;1958.611;1.622;3.289
1732661;37.5;26.43;0.410;1.447;1990.142;1.487;3.310
1732761;37.5;26.43;0.486;1.478;1980.467;0.644;2.790
1732861;37.5;26.43;0.384;1.452;1961.228;1.729;3.269
1732961;37.5;26.43;0.322;1.452;1982.035;2.439;2.994
1733061;37.5;26.43;0.227;1.476;1988.895;3.507;2.699
1733161;37.5;26.43;0.249;1.471;1953.410;3.384;2.768
1733261;37.6;26.43;0.376;1.461;1984.756;1.728;3.068
1733361;37.6;26.43;0.239;1.477;1985.383;3.338;2.724
1733461;37.6;26.43;0.273;1.464;1953.361;3.065;2.899
1733561;37.5;26.43;0.359;1.505;1971.617;0.951;2.027
1733661;37.5;26.43;0.108;1.547;1989.417;4.967;1.497
1733761;37.5;26.43;0.374;1.445;1972.134;1.816;3.100
1733861;37.5;26.43;0.243;1.465;1965.854;3.576;2.737
1733961;37.5;26.43;0.254;1.476;1983.437;3.152;2.773
1734061;37.5;26.43;0.280;1.459;1951.345;3.025;2.951
1734161;37.5;26.43;0.262;1.460;1976.718;3.235;2.804
1734261;37.6;26.43;0.438;1.473;1973.337;1.317;2.879
1734361;37.6;26.43;0.254;1.471;1948.132;3.339;2.830
1734461;37.6;26.43;0.300;1.458;1972.626;2.765;2.914
1734561;37.5;26.43;0.304;1.468;1984.675;2.463;2.975
1734661;37.5;26.43;0.345;1.453;1948.031;2.173;3.165
1734761;37.5;26.43;0.377;1.459;1986.498;1.720;3.090
1734861;37.5;26.43;0.243;1.478;1984.054;3.336;2.727
1734961;37.5;26.43;0.343;1.458;1952.770;2.188;3.197
1735061;37.5;26.43;0.346;1.453;1977.931;2.136;3.121
1735161;37.5;26.43;0.344;1.463;1979.132;2.002;3.176
1735261;37.5;26.43;0.432;1.457;2006.674;1.317;3.097
1735361;37.5;26.43;0.336;1.458;1984.149;2.260;3.007
1735461;37.5;26.43;0.259;1.469;1978.043;3.108;2.885
1735561;37.5;26.43;0.296;1.463;1946.714;2.792;3.006
1735661;37.5;26.43;0.323;1.456;1986.640;2.437;2.995
1735761;37.5;26.43;0.417;1.462;1972.660;1.550;3.110
1735861;37.5;26.43;0.290;1.469;1950.585;2.873;2.893
1735961;37.5;26.43;0.363;1.510;1983.442;0.812;2.012
1736061;37.5;26.43;0.463;1.512;1993.473;-1.539;2.153
1736161;37.5;26.43;0.159;1.536;1958.823;4.382;1.691
1736261;37.5;26.43;0.173;1.488;1979.685;4.260;2.433
1736361;37.5;26.43;0.481;1.517;1993.808;-1.875;2.071
1736461;37.5;26.43;0.255;1.531;1949.657;2.791;1.807
1736561;37.5;26.43;0.479;1.502;1981.173;-1.524;2.284
1736661;37.5;26.43;0.192;1.571;1993.516;3.213;1.187
1736761;37.5;26.43;0.349;1.448;1976.433;2.116;3.008
1736861;37.5;26.43;0.400;1.508;1973.786;0.171;2.034
1736961;37.5;26.43;0.156;1.509;1981.009;4.449;2.286
1737061;37.6;26.43;0.253;1.471;1946.118;3.375;2.890
1737161;37.6;26.43;0.200;1.490;1974.364;4.121;2.377
1737261;37.5;26.43;0.396;1.451;1957.083;1.611;3.264
1737361;37.5;26.43;0.218;1.482;1952.914;3.827;2.705
1737461;37.5;26.43;0.224;1.473;1967.827;3.859;2.636
1737561;37.5;26.43;0.170;1.496;1981.233;4.394;2.448
1737661;37.5;26.43;0.240;1.477;1952.340;3.578;2.751
1737761;37.5;26.43;0.362;1.458;1982.959;1.823;3.174
1737861;37.5;26.43;0.438;1.525;1985.188;-0.811;1.952
1737961;37.5;26.43;0.203;1.487;1958.229;4.003;2.592
1738061;37.5;26.43;0.233;1.470;1971.518;3.696;2.723
1738161;37.5;26.43;0.257;1.478;1983.687;3.122;2.871
1738261;37.6;26.43;0.396;1.440;1980.749;1.602;3.333
1738361;37.6;26.43;0.248;1.511;1976.481;3.051;2.040
1738461;37.6;26.43;0.099;1.549;1993.873;5.070;1.555
1738561;37.6;26.43;0.367;1.517;1942.978;0.808;2.079
1738661;37.6;26.43;0.158;1.539;1969.998;4.405;1.536
1738761;37.7;26.43;0.347;1.449;1956.376;2.160;3.160
1738861;37.7;26.43;0.317;1.524;1963.362;1.435;1.975
1738961;37.7;26.43;0.462;1.504;1984.811;-1.269;2.278
1739061;37.7;26.43;0.454;1.524;2013.083;-1.386;2.088
1739161;37.7;26.43;0.428;1.519;1967.357;-0.505;2.131
1739261;37.7;26.43;0.154;1.542;1983.832;4.204;1.546
1739361;37.7;26.43;0.470;1.521;2001.012;-1.787;2.121
1739461;37.7;26.43;0.298;1.549;1952.683;1.878;1.576
1739561;37.7;26.43;0.292;1.548;1991.023;1.802;1.492
1739661;37.7;26.43;0.455;1.520;1995.612;-1.369;2.137
1739761;37.5;26.43;0.200;1.484;1971.263;4.104;2.467
1739861;37.5;26.50;0.477;1.508;1973.591;-1.472;2.258
1739961;37.5;26.50;0.390;1.533;1982.434;0.073;1.942
1740061;37.5;26.50;0.223;1.489;1944.904;3.847;2.613
1740161;37.5;26.50;0.196;1.496;1971.829;4.134;2.354
1740261;37.5;26.50;0.400;1.454;1960.838;1.585;3.276
1740361;37.5;26.50;0.318;1.518;1948.805;1.723;2.118
1740461;37.5;26.50;0.378;1.511;1971.135;0.650;2.085
1740561;37.6;26.50;0.305;1.528;1984.419;1.635;2.006
1740661;37.6;26.50;0.402;1.512;1948.726;0.211;2.180
1740761;37.6;26.50;0.350;1.458;1985.467;1.950;3.127
1740861;37.6;26.43;0.487;1.524;1994.059;-1.903;2.084
1740961;37.6;26.43;0.269;1.553;1958.342;2.302;1.547
1741061;37.5;26.43;0.235;1.566;1974.004;3.014;1.218
1741161;37.5;26.43;0.285;1.558;1996.909;1.741;1.486
1741261;37.6;26.43;0.320;1.455;1981.119;2.507;2.970
1741361;37.6;26.43;0.222;1.566;1986.530;3.155;1.182
1741461;37.6;26.43;0.477;1.518;2013.987;-1.819;2.174
1741561;37.5;26.43;0.430;1.520;1972.380;-0.507;2.131
1741661;37.5;26.43;0.463;1.513;1990.508;-1.165;2.183
1741761;37.5;26.43;0.197;1.491;1949.213;4.126;2.439
1741861;37.5;26.50;0.443;1.517;1971.744;-0.862;2.180
1741961;37.5;26.50;0.466;1.512;1990.811;-1.109;2.198
1742061;37.5;26.50;0.450;1.524;2006.534;-1.230;2.129
1742161;37.5;26.50;0.430;1.523;1976.054;-0.503;2.066
1742261;37.5;26.50;0.109;1.545;1985.626;4.976;1.553
1742361;37.5;26.50;0.450;1.524;2013.650;-1.258;2.139
1742461;37.5;26.50;0.441;1.516;1956.568;-0.886;2.250
1742561;37.5;26.50;0.463;1.511;1984.463;-1.318;2.240
1742661;37.5;26.50;0.457;1.525;2002.560;-1.565;2.129
1742761;37.5;26.50;0.228;1.473;1968.633;3.830;2.630
1742861;37.5;26.43;0.239;1.563;1973.360;2.928;1.307
1742961;37.5;26.43;0.487;1.523;1992.364;-1.979;2.182
1743061;37.5;26.43;0.278;1.529;1949.532;2.384;1.968
1743161;37.5;26.43;0.398;1.516;1979.187;0.249;2.057
1743261;37.6;26.43;0.366;1.455;1950.127;1.931;3.318
1743361;37.6;26.43;0.442;1.511;1960.356;-0.783;2.302
1743461;37.6;26.43;0.319;1.549;1985.006;1.405;1.564
1743561;37.5;26.43;0.450;1.525;2004.486;-1.339;2.164
1743661;37.5;26.43;0.354;1.539;1963.461;0.689;1.857
1743761;37.5;26.43;0.230;1.482;1981.969;3.516;2.628
1743861;37.5;26.50;0.441;1.526;2019.369;-1.006;2.130
1743961;37.5;26.50;0.425;1.536;1982.086;-0.429;1.937
1744061;37.5;26.50;0.460;1.516;1996.260;-0.914;2.111
1744161;37.5;26.50;0.446;1.531;2025.955;-1.050;1.993
1744261;37.6;26.50;0.259;1.552;1983.367;2.372;1.379
1744361;37.6;26.50;0.455;1.517;1997.690;-0.905;2.150
1744461;37.6;26.50;0.446;1.533;2019.373;-0.989;2.000
1744561;37.7;26.50;0.442;1.535;1987.995;-0.623;1.951
1744661;37.7;26.50;0.475;1.521;2009.540;-1.142;2.042
1744761;37.5;26.50;0.404;1.514;1946.480;0.126;2.159
1744861;37.5;26.43;0.431;1.527;1975.850;-0.568;2.145
1744961;37.5;26.43;0.454;1.525;1989.349;-0.904;2.094
1745061;37.5;26.43;0.442;1.529;2021.232;-1.035;2.101
1745161;37.5;26.43;0.433;1.527;1980.043;-0.597;2.123
1745261;37.5;26.43;0.315;1.535;1988.382;1.101;1.796
1745361;37.5;26.43;0.442;1.532;2016.304;-0.958;2.070
1745461;37.5;26.43;0.444;1.523;1971.619;-0.801;2.216
1745561;37.5;26.43;0.478;1.515;1980.366;-1.477;2.282
1745661;37.5;26.43;0.472;1.531;2005.336;-1.758;2.147
1745761;37.5;26.43;0.209;1.501;1975.376;3.811;2.175
1745861;37.5;26.43;0.463;1.518;1985.943;-1.043;2.172
1745961;37.5;26.43;0.477;1.533;2001.436;-1.880;2.121
1746061;37.6;26.43;0.405;1.526;1953.960;-0.111;2.147
1746161;37.6;26.43;0.265;1.562;1987.662;2.303;1.397
1746261;37.5;26.43;0.201;1.505;1958.060;4.017;2.321
1746361;37.5;26.43;0.443;1.525;1960.094;-0.774;2.245
1746461;37.5;26.43;0.453;1.517;2003.408;-0.909;2.185
1746561;37.5;26.43;0.449;1.535;2028.498;-1.077;2.009
1746661;37.5;26.43;0.440;1.533;1982.920;-0.659;2.012
1746761;37.5;26.43;0.187;1.575;1995.578;3.451;1.144
1746861;37.5;26.43;0.493;1.529;2040.787;-1.684;2.066
1746961;37.5;26.43;0.496;1.528;1999.770;-1.438;2.085
1747061;37.5;26.43;0.549;1.504;2024.507;-2.109;2.348
1747161;37.5;26.43;0.522;1.526;2026.983;-2.041;2.163
1747261;37.5;26.43;0.477;1.506;1981.188;-1.455;2.250
1747361;37.5;26.43;0.480;1.525;1998.915;-1.114;2.057
1747461;37.5;26.43;0.443;1.544;2025.467;-1.015;1.905
1747561;37.5;26.43;0.449;1.532;1985.329;-0.698;2.038
1747661;37.5;26.43;0.492;1.526;2005.326;-1.349;2.081
1747761;37.4;26.43;0.444;1.514;1957.677;-0.827;2.264
1747861;37.4;26.43;0.429;1.528;1965.171;-0.412;2.199
1747961;37.4;26.43;0.461;1.519;1984.421;-1.015;2.252
1748061;37.5;26.43;0.445;1.530;2018.625;-1.165;2.171
1748161;37.5;26.43;0.431;1.528;1970.349;-0.469;2.088
1748261;37.5;26.43;0.172;1.584;2005.524;3.580;1.035
1748361;37.5;26.43;0.460;1.539;2020.767;-1.219;2.031
1748461;37.5;26.43;0.433;1.534;1977.970;-0.538;2.076
1748561;37.5;26.43;0.455;1.523;1993.377;-0.887;2.166
1748661;37.5;26.43;0.445;1.532;2009.950;-1.007;2.147
1748761;37.5;26.43;0.160;1.540;1973.984;4.349;1.598
1748861;37.5;26.43;0.471;1.532;2004.117;-1.073;2.045
1748961;37.5;26.43;0.465;1.536;2019.165;-1.207;2.038
1749061;37.5;26.43;0.432;1.536;1986.287;-0.588;2.075
1749161;37.5;26.43;0.458;1.526;2000.788;-0.914;2.081
1749261;37.5;26.43;0.440;1.518;1967.553;-0.800;2.289
1749361;37.5;26.43;0.445;1.538;1991.611;-0.700;2.009
1749461;37.5;26.43;0.512;1.523;2007.907;-1.641;2.177
1749561;37.5;26.43;0.553;1.517;2041.127;-2.359;2.308
1749661;37.5;26.43;0.527;1.521;2004.845;-1.822;2.251
1749761;37.5;26.43;0.444;1.535;2024.176;-1.000;1.949
1749861;37.5;26.43;0.552;1.520;2040.679;-2.366;2.273
1749961;37.5;26.43;0.535;1.512;2009.011;-1.901;2.414
1750061;37.5;26.43;0.562;1.504;2022.886;-2.153;2.431
1750161;37.5;26.43;0.554;1.524;2034.179;-2.412;2.275
1750261;37.6;26.43;0.451;1.515;1989.538;-0.826;2.166
1750361;37.6;26.43;0.511;1.522;2004.373;-1.614;2.177
1750461;37.6;26.43;0.470;1.539;2024.043;-1.328;2.045
1750561;37.5;26.43;0.448;1.534;1991.624;-0.722;2.102
1750661;37.5;26.43;0.492;1.527;2007.387;-1.366;2.143
1750761;37.5;26.43;0.447;1.522;1956.477;-0.839;2.254
1750861;37.5;26.43;0.446;1.537;1977.773;-0.724;2.101
1750961;37.5;26.43;0.453;1.529;1983.573;-0.721;2.141
1751061;37.4;26.43;0.440;1.538;2012.095;-0.816;2.097
1751161;37.4;26.43;0.434;1.538;1980.979;-0.515;2.082
1751261;37.4;26.43;0.492;1.526;1995.316;-1.972;2.049
1751361;37.4;26.43;0.510;1.533;2043.537;-1.871;2.109
1751461;37.4;26.43;0.479;1.535;1982.586;-1.193;2.117
1751561;37.5;26.43;0.518;1.524;2003.864;-1.664;2.202
1751661;37.5;26.43;0.497;1.533;2036.652;-1.696;2.167
1751761;37.5;26.43;0.464;1.518;1994.501;-1.115;2.186
1751861;37.5;26.43;0.550;1.507;2021.002;-2.039;2.419
1751961;37.5;26.43;0.562;1.514;2045.322;-2.458;2.382
1752061;37.5;26.43;0.530;1.524;2006.766;-1.863;2.263
1752161;37.5;26.43;0.563;1.513;2020.231;-2.240;2.378
1752261;37.5;26.43;0.333;1.547;1959.567;1.118;1.744
1752361;37.5;26.43;0.531;1.521;2006.168;-1.821;2.325
1752461;37.5;26.43;0.564;1.505;2027.318;-2.194;2.469
1752561;37.5;26.43;0.574;1.501;2054.977;-2.419;2.503
1752661;37.5;26.43;0.542;1.515;2007.044;-1.881;2.428
1752761;37.5;26.43;0.440;1.533;2012.741;-0.913;2.053
1752861;37.5;26.43;0.565;1.512;2052.266;-2.371;2.444
1752961;37.5;26.43;0.541;1.513;2010.228;-1.967;2.442
1753061;37.5;26.43;0.570;1.498;2019.363;-2.150;2.574
1753161;37.5;26.43;0.574;1.501;2044.924;-2.366;2.573
1753261;37.6;26.43;0.453;1.522;1990.500;-0.837;2.104
1753361;37.6;26.43;0.525;1.527;2003.685;-1.752;2.245
1753461;37.6;26.43;0.496;1.536;2026.115;-1.644;2.154
1753561;37.6;26.43;0.462;1.543;1994.900;-0.955;2.097
1753661;37.6;26.43;0.513;1.531;2015.651;-1.669;2.123
1753761;37.6;26.43;0.429;1.534;1975.262;-0.456;2.113
1753861;37.6;26.50;0.491;1.536;1991.993;-1.337;2.196
1753961;37.6;26.50;0.495;1.529;2006.406;-1.383;2.171
1754061;37.6;26.50;0.473;1.545;2032.391;-1.354;2.032
1754161;37.6;26.50;0.468;1.543;1990.037;-1.032;2.091
1754261;37.6;26.50;0.452;1.538;2026.357;-1.097;1.996
1754361;37.6;26.50;0.570;1.509;2050.575;-2.463;2.479
1754461;37.6;26.50;0.539;1.516;2014.796;-1.842;2.466
1754561;37.6;26.50;0.569;1.500;2011.777;-2.029;2.580
1754661;37.6;26.50;0.570;1.507;2052.366;-2.323;2.518
1754761;37.7;26.50;0.491;1.525;2009.305;-1.376;2.102
1754861;37.7;26.50;0.568;1.497;2023.502;-1.861;2.613
1754961;37.7;26.50;0.577;1.468;2048.918;-1.948;3.053
1755061;37.7;26.50;0.545;1.491;2022.741;-1.615;2.773
1755161;37.7;26.50;0.566;1.480;2024.196;-1.777;2.826
1755261;37.5;26.50;0.475;1.537;1997.232;-1.169;2.059
1755361;37.5;26.50;0.549;1.512;2018.619;-1.975;2.484
1755461;37.5;26.50;0.566;1.502;2022.113;-1.839;2.565
1755561;37.5;26.50;0.577;1.496;2060.794;-2.225;2.652
1755661;37.5;26.50;0.544;1.521;2014.924;-1.752;2.404
1755761;37.5;26.50;0.498;1.534;2029.680;-1.726;2.154
1755861;37.5;26.43;0.570;1.514;2053.056;-2.361;2.505
1755961;37.5;26.43;0.541;1.521;2010.001;-1.867;2.394
1756061;37.5;26.43;0.564;1.511;2019.803;-2.081;2.518
1756161;37.5;26.43;0.575;1.503;2051.849;-2.268;2.615
1756261;37.5;26.43;0.484;1.532;1994.528;-1.210;2.077
1756361;37.5;26.43;0.572;1.502;2019.650;-2.227;2.582
1756461;37.5;26.43;0.555;1.532;2039.266;-2.345;2.323
1756561;37.6;26.43;0.521;1.530;2002.221;-1.785;2.325
1756661;37.6;26.43;0.553;1.518;2017.616;-2.081;2.401
1756761;37.6;26.43;0.437;1.536;1983.705;-0.556;2.096
1756861;37.6;26.43;0.550;1.517;2019.151;-1.983;2.477
1756961;37.6;26.43;0.572;1.501;2017.636;-2.091;2.619
1757061;37.6;26.43;0.571;1.514;2047.633;-2.455;2.512
1757161;37.6;26.43;0.544;1.520;2015.845;-1.920;2.397
1757261;37.7;26.43;0.504;1.537;2035.526;-1.757;2.042
1757361;37.7;26.43;0.577;1.472;2060.624;-1.989;3.006
1757461;37.7;26.43;0.551;1.470;2032.874;-1.405;3.078
1757561;37.7;26.43;0.569;1.450;2028.003;-1.472;3.187
1757661;37.7;26.43;0.572;1.454;2048.591;-1.692;3.302
1757761;37.6;26.43;0.561;1.501;2014.492;-2.213;2.505
1757861;37.6;26.50;0.564;1.467;2020.760;-1.498;3.103
1757961;37.6;26.50;0.576;1.453;2060.385;-1.817;3.256
1758061;37.6;26.50;0.550;1.466;2022.195;-1.455;3.155
1758161;37.6;26.50;0.574;1.466;2015.894;-1.597;3.108
1758261;37.6;26.50;0.499;1.537;1996.176;-1.485;2.103
1758361;37.6;26.50;0.544;1.522;2016.025;-1.726;2.447
1758461;37.6;26.50;0.568;1.503;2017.816;-1.971;2.625
1758561;37.6;26.50;0.577;1.507;2049.106;-2.320;2.595
1758661;37.6;26.50;0.548;1.512;2025.849;-1.770;2.547
1758761;37.6;26.50;0.515;1.530;2037.741;-1.870;2.189
1758861;37.6;26.43;0.575;1.505;2048.642;-2.159;2.681
1758961;37.6;26.43;0.546;1.515;2018.284;-1.730;2.556
1759061;37.7;26.43;0.568;1.506;2027.662;-1.952;2.591
1759161;37.7;26.43;0.579;1.506;2052.638;-2.337;2.606
1759261;37.6;26.43;0.529;1.521;2014.008;-1.876;2.229
1759361;37.6;26.43;0.571;1.496;2024.199;-1.868;2.696
1759461;37.6;26.43;0.575;1.507;2049.630;-2.223;2.675
1759561;37.6;26.43;0.545;1.520;2019.806;-1.784;2.493
1759661;37.6;26.43;0.569;1.506;2012.684;-1.951;2.640
1759761;37.6;26.43;0.513;1.531;2004.974;-1.662;2.229
1759861;37.6;26.43;0.548;1.491;2031.252;-1.575;2.855
1759961;37.6;26.43;0.571;1.464;2025.301;-1.595;3.149
1760061;37.7;26.43;0.575;1.465;2048.209;-1.823;3.231
1760161;37.7;26.43;0.552;1.470;2028.040;-1.485;3.141
1760261;37.6;26.43;0.567;1.510;2054.850;-2.397;2.469
1760361;37.6;26.43;0.578;1.444;2047.690;-1.660;3.379
1760461;37.6;26.43;0.549;1.445;2026.346;-1.233;3.358
1760561;37.6;26.43;0.562;1.434;2007.519;-1.093;3.430
1760661;37.6;26.43;0.572;1.428;2039.938;-1.410;3.568
1760761;37.6;26.43;0.562;1.500;2022.259;-1.874;2.584
1760861;37.6;26.43;0.575;1.451;2011.858;-1.512;3.346
1760961;37.6;26.43;0.575;1.446;2054.355;-1.676;3.390
1761061;37.6;26.43;0.558;1.463;2023.665;-1.514;3.261
1761161;37.6;26.43;0.574;1.460;2024.320;-1.650;3.242
1761261;37.5;26.43;0.544;1.520;2014.307;-1.916;2.446
1761361;37.5;26.43;0.547;1.498;2027.380;-1.629;2.788
1761461;37.5;26.43;0.573;1.505;2021.976;-1.954;2.655
1761561;37.5;26.43;0.577;1.510;2051.544;-2.227;2.672
1761661;37.5;26.43;0.549;1.507;2022.236;-1.665;2.683
1761761;37.5;26.43;0.465;1.532;2028.804;-1.241;2.126
1761861;37.5;26.43;0.578;1.477;2058.782;-1.958;3.047
1761961;37.5;26.43;0.550;1.502;2019.377;-1.681;2.775
1762061;37.6;26.43;0.574;1.476;2018.232;-1.695;3.037
1762161;37.6;26.43;0.576;1.467;2058.082;-1.874;3.222
1762261;37.6;26.43;0.563;1.508;2026.499;-2.015;2.479
1762361;37.6;26.43;0.572;1.442;2014.180;-1.379;3.443
1762461;37.6;26.43;0.581;1.444;2053.139;-1.756;3.491
1762561;37.6;26.43;0.557;1.470;2028.718;-1.564;3.198
1762661;37.6;26.43;0.575;1.469;2023.962;-1.629;3.151
1762761;37.6;26.43;0.533;1.528;2009.243;-1.916;2.311
1762861;37.6;26.43;0.553;1.450;2035.199;-1.268;3.363
1762961;37.6;26.43;0.562;1.438;2010.727;-1.086;3.470
1763061;37.6;26.43;0.573;1.437;2044.575;-1.429;3.542
1763161;37.6;26.43;0.561;1.461;2019.821;-1.447;3.329
1763261;37.6;26.43;0.573;1.507;2048.315;-2.278;2.581
1763361;37.6;26.43;0.579;1.442;2049.921;-1.627;3.476
1763461;37.6;26.43;0.555;1.455;2023.574;-1.331;3.359
1763561;37.6;26.43;0.564;1.434;2009.149;-1.127;3.513
1763661;37.6;26.43;0.570;1.421;2041.489;-1.235;3.579
1763761;37.5;26.43;0.566;1.495;2023.535;-1.847;2.691
1763861;37.5;26.43;0.573;1.458;2016.934;-1.514;3.306
1763961;37.5;26.43;0.581;1.463;2053.008;-1.820;3.276
1764061;37.5;26.43;0.551;1.467;2030.016;-1.382;3.206
1764161;37.5;26.43;0.573;1.444;2019.840;-1.415;3.427
1764261;37.5;26.43;0.548;1.519;2013.925;-1.961;2.475
1764361;37.5;26.43;0.555;1.483;2021.058;-1.529;3.059
1764461;37.5;26.43;0.570;1.486;2015.637;-1.649;3.025
1764561;37.6;26.43;0.579;1.481;2056.636;-1.984;3.050
1764661;37.6;26.43;0.554;1.491;2026.249;-1.660;2.971
1764761;37.5;26.43;0.580;1.506;2047.156;-2.420;2.620
1764861;37.5;26.43;0.581;1.442;2048.421;-1.612;3.523
1764961;37.5;26.43;0.558;1.462;2021.563;-1.425;3.280
1765061;37.6;26.43;0.573;1.460;2023.409;-1.454;3.294
1765161;37.6;26.43;0.580;1.433;2046.191;-1.503;3.571
1765261;37.6;26.43;0.572;1.472;2026.874;-1.713;3.005
1765361;37.6;26.43;0.554;1.437;2006.777;-0.837;3.354
1765461;37.6;26.43;0.556;1.431;2028.829;-0.891;3.402
1765561;37.6;26.43;0.531;1.449;2011.098;-0.679;3.276
1765661;37.6;26.43;0.563;1.438;2008.503;-1.045;3.482
1765761;37.6;26.43;0.550;1.501;2024.007;-1.678;2.712
1765861;37.6;26.43;0.553;1.452;2022.385;-1.184;3.318
1765961;37.6;26.43;0.554;1.440;2005.396;-0.861;3.422
1766061;37.6;26.43;0.563;1.428;2029.837;-1.043;3.525
1766161;37.6;26.43;0.549;1.455;2022.444;-1.193;3.410
1766261;37.6;26.43;0.574;1.501;2045.857;-2.235;2.756
1766361;37.6;26.43;0.573;1.447;2045.690;-1.532;3.515
1766461;37.6;26.43;0.551;1.460;2026.453;-1.268;3.325
1766561;37.6;26.43;0.568;1.440;2017.685;-1.224;3.499
1766661;37.6;26.43;0.570;1.433;2034.057;-1.189;3.537
1766761;37.5;26.43;0.575;1.465;2019.760;-1.621;3.136
1766861;37.5;26.50;0.572;1.438;2011.634;-1.279;3.556
1766961;37.5;26.50;0.579;1.444;2051.022;-1.618;3.557
1767061;37.5;26.50;0.562;1.459;2026.958;-1.459;3.343
1767161;37.5;26.50;0.568;1.440;2016.184;-1.183;3.514
1767261;37.5;26.50;0.550;1.498;2019.918;-1.652;2.816
1767361;37.5;26.50;0.556;1.461;2030.801;-1.385;3.356
1767461;37.5;26.50;0.571;1.446;2007.250;-1.313;3.526
1767561;37.5;26.50;0.578;1.443;2040.711;-1.479;3.577
1767661;37.5;26.50;0.555;1.450;2026.361;-1.162;3.382
1767761;37.5;26.50;0.579;1.485;2061.585;-2.016;2.899
1767861;37.5;26.43;0.550;1.435;2034.316;-0.810;3.400
1767961;37.5;26.43;0.528;1.461;2011.564;-0.580;3.074
1768061;37.5;26.43;0.544;1.443;1988.165;-0.529;3.272
1768161;37.5;26.43;0.558;1.436;2025.241;-0.891;3.364
1768261;37.5;26.43;0.564;1.435;2006.322;-1.114;3.480
1768361;37.5;26.43;0.496;1.467;1988.523;0.327;2.753
1768461;37.5;26.43;0.491;1.457;2012.509;0.418;2.824
1768561;37.5;26.43;0.541;1.453;2009.695;-0.790;3.222
1768661;37.5;26.43;0.549;1.443;1995.196;-0.677;3.317
1768761;37.6;26.43;0.556;1.478;2024.276;-1.609;3.117
1768861;37.6;26.43;0.547;1.453;2016.845;-0.917;3.383
1768961;37.6;26.43;0.551;1.445;2002.174;-0.780;3.405
1769061;37.6;26.43;0.557;1.436;2023.450;-0.829;3.452
1769161;37.6;26.43;0.547;1.449;2015.257;-0.919;3.345
1769261;37.6;26.43;0.573;1.515;2046.391;-2.334;2.602
1769361;37.6;26.43;0.585;1.436;2043.277;-1.565;3.643
1769461;37.6;26.43;0.553;1.453;2022.782;-1.123;3.452
1769561;37.5;26.43;0.563;1.442;2005.183;-1.002;3.532
1769661;37.5;26.43;0.566;1.428;2032.491;-1.082;3.608
1769761;37.5;26.43;0.572;1.472;2026.447;-1.672;3.069
1769861;37.5;26.43;0.561;1.442;2001.260;-0.942;3.493
1769961;37.5;26.43;0.565;1.427;2034.212;-1.051;3.652
1770061;37.5;26.43;0.553;1.446;2021.315;-1.079;3.485
1770161;37.5;26.43;0.550;1.447;1998.832;-0.721;3.381
1770261;37.6;26.43;0.559;1.466;2020.439;-1.476;3.219
1770361;37.6;26.43;0.543;1.453;2008.555;-0.732;3.195
1770461;37.6;26.43;0.547;1.447;2002.310;-0.628;3.327
1770561;37.6;26.43;0.554;1.432;2020.814;-0.773;3.537
1770661;37.6;26.43;0.529;1.458;2016.103;-0.564;3.187
1770761;37.6;26.43;0.574;1.431;2041.621;-1.337;3.578
