stm32_time_ms;d6t_temp_c;ds18b20_temp_c;motor_ud_v;motor_uq_v;motor_speed_mech_rpm;motor_id_a;motor_iq_a
327830;30.5;27.18;0.482;1.561;2007.592;-0.663;6.345
327930;30.5;27.18;0.499;1.550;2010.551;-0.885;6.441
328030;30.4;27.18;0.476;1.509;2018.605;-0.306;6.987
328130;30.4;27.18;0.465;1.488;2000.194;-0.036;7.250
328230;30.4;27.18;0.472;1.510;1995.802;-0.276;7.004
328330;30.4;27.18;0.498;1.554;2007.326;-0.879;6.480
328430;30.4;27.18;0.497;1.551;2005.040;-0.828;6.481
328530;30.4;27.18;0.471;1.502;2017.980;-0.177;7.093
328630;30.4;27.18;0.439;1.491;2011.695;0.330;7.140
328730;30.4;27.18;0.425;1.501;2002.557;0.555;6.827
328830;30.4;27.18;0.443;1.495;1990.798;0.210;7.107
328930;30.4;27.18;0.466;1.496;2002.330;-0.140;7.178
329030;30.5;27.18;0.487;1.536;1999.881;-0.575;6.713
329130;30.5;27.18;0.497;1.543;2013.169;-0.799;6.544
329230;30.5;27.18;0.474;1.518;2013.806;-0.285;6.899
329330;30.5;27.18;0.478;1.509;1994.743;-0.350;7.029
329430;30.5;27.18;0.497;1.546;1998.589;-0.902;6.546
329530;30.5;27.18;0.439;1.567;1991.281;-0.062;6.171
329630;30.5;27.18;0.410;1.559;1979.768;0.659;6.282
329730;30.5;27.18;0.417;1.562;1998.776;0.492;6.210
329830;30.4;27.18;0.437;1.576;2010.495;0.049;6.050
329930;30.4;27.18;0.469;1.566;2001.401;-0.454;6.270
330030;30.5;27.18;0.482;1.557;1992.603;-0.656;6.335
330130;30.5;27.18;0.438;1.569;1992.694;-0.002;6.172
330230;30.5;27.18;0.418;1.568;1999.045;0.476;6.215
330330;30.5;27.18;0.479;1.563;2014.099;-0.803;6.346
330430;30.5;27.18;0.475;1.522;2014.235;-0.300;6.871
330530;30.4;27.18;0.448;1.488;2007.337;0.251;7.226
330630;30.4;27.18;0.447;1.491;1999.542;0.188;7.227
330730;30.4;27.18;0.471;1.507;2003.570;-0.226;7.053
330830;30.4;27.18;0.479;1.514;1998.976;-0.338;7.001
330930;30.4;27.18;0.473;1.510;2015.763;-0.268;7.029
331030;30.5;27.18;0.455;1.496;2017.997;0.098;7.187
331130;30.5;27.18;0.420;1.511;1995.314;0.601;6.661
331230;30.5;27.18;0.439;1.486;1984.732;0.286;7.260
331330;30.5;27.18;0.484;1.521;1995.195;-0.535;6.847
331430;30.5;27.18;0.490;1.549;1999.390;-0.775;6.522
331530;30.5;27.18;0.492;1.554;2005.357;-0.834;6.456
331630;30.5;27.18;0.478;1.527;2013.328;-0.347;6.818
331730;30.5;27.18;0.469;1.505;2012.336;-0.147;7.122
331830;30.5;27.18;0.468;1.508;2005.282;-0.172;7.095
331930;30.5;27.18;0.480;1.527;2007.938;-0.500;6.811
332030;30.5;27.18;0.492;1.553;1984.537;-0.803;6.493
332130;30.5;27.18;0.470;1.562;2000.352;-0.467;6.301
332230;30.5;27.18;0.504;1.553;2019.474;-0.948;6.479
332330;30.5;27.18;0.478;1.523;2004.024;-0.337;6.909
332430;30.5;27.18;0.487;1.537;1991.746;-0.617;6.716
332530;30.5;27.18;0.492;1.549;2005.752;-0.865;6.529
332630;30.5;27.18;0.475;1.558;1997.498;-0.529;6.436
332730;30.5;27.18;0.463;1.564;1995.673;-0.369;6.315
332830;30.5;27.18;0.501;1.556;2013.495;-1.010;6.448
332930;30.5;27.18;0.495;1.542;2020.018;-0.683;6.674
333030;30.5;27.18;0.470;1.510;2011.190;-0.157;7.062
333130;30.5;27.18;0.457;1.496;2003.949;0.021;7.182
333230;30.5;27.18;0.473;1.508;1994.434;-0.217;7.125
333330;30.5;27.18;0.458;1.510;2023.302;0.007;7.064
333430;30.5;27.18;0.433;1.499;2014.675;0.430;7.031
333530;30.5;27.18;0.407;1.531;1986.663;0.761;6.324
333630;30.5;27.18;0.415;1.547;1992.507;0.592;6.079
333730;30.5;27.18;0.414;1.515;1998.012;0.647;6.658
333830;30.4;27.18;0.438;1.490;1990.077;0.393;7.198
333930;30.4;27.18;0.459;1.496;1992.728;0.002;7.251
334030;30.5;27.18;0.457;1.498;2011.744;0.050;7.216
334130;30.5;27.18;0.443;1.486;2012.104;0.284;7.295
334230;30.5;27.18;0.448;1.493;1999.411;0.188;7.204
334330;30.5;27.18;0.469;1.514;1990.587;-0.235;7.033
334430;30.5;27.18;0.487;1.560;1990.263;-0.701;6.415
334530;30.5;27.18;0.471;1.565;2004.572;-0.494;6.357
334630;30.5;27.18;0.504;1.552;2018.818;-1.015;6.537
334730;30.5;27.18;0.486;1.528;2003.493;-0.498;6.889
334830;30.4;27.18;0.471;1.519;2009.167;-0.185;6.984
334930;30.4;27.18;0.481;1.528;2013.083;-0.441;6.872
335030;30.5;27.18;0.486;1.529;1995.657;-0.507;6.863
335130;30.5;27.18;0.498;1.551;1992.792;-0.914;6.552
335230;30.5;27.18;0.495;1.546;2019.564;-0.712;6.627
335330;30.6;27.18;0.466;1.506;2019.868;-0.078;7.154
335430;30.6;27.18;0.444;1.496;1999.265;0.280;7.199
335530;30.6;27.18;0.464;1.496;1993.934;-0.033;7.243
335630;30.6;27.18;0.465;1.503;2008.679;-0.028;7.216
335730;30.6;27.18;0.457;1.498;2015.413;0.052;7.253
335830;30.5;27.18;0.451;1.493;2003.357;0.149;7.256
335930;30.5;27.18;0.428;1.494;1998.046;0.530;7.066
336030;30.5;27.18;0.413;1.535;2002.613;0.706;6.387
336130;30.5;27.18;0.414;1.535;2000.101;0.678;6.383
336230;30.5;27.18;0.416;1.511;1986.118;0.652;6.773
336330;30.5;27.18;0.437;1.494;1996.692;0.320;7.168
336430;30.5;27.18;0.423;1.517;2003.399;0.607;6.661
336530;30.6;27.18;0.414;1.542;1999.611;0.626;6.216
336630;30.6;27.18;0.419;1.557;1992.384;0.458;5.985
336730;30.6;27.18;0.409;1.543;1983.251;0.654;6.178
336830;30.7;27.18;0.436;1.490;1985.958;0.407;7.193
336930;30.7;27.18;0.463;1.503;2003.977;-0.079;7.188
337030;30.6;27.18;0.474;1.515;2004.694;-0.262;7.052
337130;30.6;27.18;0.466;1.505;2010.832;-0.088;7.217
337230;30.6;27.18;0.464;1.505;2004.092;-0.013;7.158
337330;30.6;27.18;0.471;1.512;2008.419;-0.201;7.115
337430;30.6;27.18;0.496;1.544;1979.494;-0.840;6.698
337530;30.6;27.18;0.464;1.561;1994.571;-0.396;6.428
337630;30.6;27.18;0.485;1.568;2017.137;-0.830;6.378
337730;30.6;27.18;0.481;1.525;2019.165;-0.367;6.977
337830;30.6;27.18;0.466;1.507;2004.250;-0.085;7.187
337930;30.6;27.18;0.434;1.498;2009.105;0.417;7.102
338030;30.7;27.18;0.433;1.494;2000.798;0.466;7.174
338130;30.7;27.18;0.449;1.492;2000.322;0.164;7.269
338230;30.7;27.18;0.460;1.497;2001.453;0.009;7.306
338330;30.6;27.18;0.415;1.529;2007.751;0.688;6.502
338430;30.6;27.18;0.430;1.560;2004.360;0.254;6.003
338530;30.7;27.18;0.426;1.556;1995.614;0.286;6.050
338630;30.7;27.18;0.413;1.544;1981.102;0.562;6.194
338730;30.7;27.18;0.419;1.553;1995.718;0.483;6.100
338830;30.7;27.18;0.410;1.537;1990.365;0.747;6.382
338930;30.7;27.18;0.411;1.537;1989.375;0.715;6.329
339030;30.7;27.18;0.418;1.556;1992.022;0.501;6.052
339130;30.7;27.18;0.418;1.553;1994.313;0.474;6.129
339230;30.7;27.18;0.414;1.530;1985.303;0.668;6.449
339330;30.6;27.18;0.444;1.494;2002.090;0.213;7.242
339430;30.6;27.18;0.457;1.497;2005.291;0.051;7.283
339530;30.7;27.18;0.432;1.500;2008.152;0.482;7.163
339630;30.7;27.18;0.421;1.523;2004.705;0.671;6.425
339730;30.7;27.18;0.413;1.531;1988.949;0.687;6.458
339830;30.7;27.18;0.429;1.491;1977.980;0.530;7.124
339930;30.7;27.18;0.455;1.505;2002.855;0.099;7.189
340030;30.7;27.18;0.473;1.519;2009.678;-0.240;7.054
340130;30.7;27.18;0.478;1.517;2005.767;-0.320;7.128
340230;30.7;27.18;0.466;1.500;2013.461;-0.023;7.252
340330;30.6;27.18;0.446;1.499;2005.707;0.220;7.210
340430;30.6;27.18;0.458;1.493;2001.750;0.098;7.374
340530;30.7;27.18;0.497;1.546;1997.295;-0.775;6.699
340630;30.7;27.18;0.497;1.547;2012.465;-0.787;6.681
340730;30.7;27.18;0.477;1.518;2025.980;-0.259;7.122
340830;30.7;27.18;0.429;1.506;2008.690;0.531;6.975
340930;30.7;27.18;0.419;1.557;2002.543;0.457;6.050
341030;30.7;27.18;0.464;1.547;1990.095;-0.343;6.185
341130;30.7;27.18;0.448;1.558;1999.947;-0.094;6.114
341230;30.7;27.18;0.424;1.558;1996.868;0.369;6.038
341330;30.7;27.18;0.434;1.550;1999.224;0.137;6.157
341430;30.7;27.18;0.490;1.539;2014.018;-0.668;6.387
341530;30.7;27.18;0.482;1.539;2004.404;-0.534;6.366
341630;30.7;27.18;0.476;1.545;1991.909;-0.548;6.260
341730;30.7;27.18;0.445;1.553;1987.785;-0.051;6.167
341830;30.6;27.18;0.414;1.548;1986.990;0.574;6.166
341930;30.6;27.18;0.415;1.522;1989.674;0.700;6.636
342030;30.6;27.18;0.428;1.520;1993.702;0.508;6.719
342130;30.6;27.18;0.414;1.541;1997.104;0.612;6.342
342230;30.6;27.18;0.411;1.545;1991.844;0.664;6.231
342330;30.7;27.18;0.424;1.507;1988.037;0.564;7.015
342430;30.7;27.18;0.465;1.502;2010.662;-0.113;7.303
342530;30.7;27.18;0.453;1.494;2000.419;0.133;7.405
342630;30.7;27.18;0.435;1.509;2005.255;0.425;6.946
342730;30.7;27.18;0.412;1.540;2000.324;0.720;6.398
342830;30.7;27.12;0.410;1.532;1990.951;0.762;6.513
342930;30.7;27.12;0.430;1.503;1987.839;0.453;7.062
343030;30.7;27.12;0.441;1.495;2005.127;0.325;7.297
343130;30.7;27.12;0.451;1.490;2004.512;0.192;7.387
343230;30.7;27.12;0.435;1.512;2005.316;0.440;6.934
343330;30.7;27.12;0.450;1.563;2006.761;-0.099;6.070
343430;30.7;27.12;0.467;1.547;1995.281;-0.445;6.233
343530;30.6;27.12;0.426;1.553;1986.428;0.308;6.156
343630;30.6;27.12;0.413;1.539;1994.818;0.662;6.389
343730;30.6;27.12;0.415;1.551;1985.853;0.612;6.201
343830;30.6;27.18;0.482;1.554;2016.594;-0.601;6.216
343930;30.6;27.18;0.478;1.540;2014.031;-0.465;6.433
344030;30.5;27.18;0.458;1.508;2005.000;-0.086;6.784
344130;30.5;27.18;0.461;1.510;1995.971;-0.122;6.800
344230;30.5;27.18;0.489;1.536;1986.219;-0.690;6.451
344330;30.5;27.18;0.458;1.554;1995.336;-0.249;6.150
344430;30.5;27.18;0.488;1.547;2009.705;-0.728;6.308
344530;30.7;27.18;0.466;1.523;2011.367;-0.232;6.661
344630;30.7;27.18;0.481;1.533;1990.581;-0.579;6.427
344730;30.7;27.18;0.440;1.554;1988.819;0.072;6.182
344830;30.7;27.18;0.413;1.530;1981.835;0.663;6.511
344930;30.7;27.18;0.417;1.515;1990.998;0.644;6.648
345030;30.8;27.18;0.422;1.531;2001.025;0.618;6.614
345130;30.8;27.18;0.423;1.512;2007.383;0.578;6.977
345230;30.8;27.18;0.411;1.530;1988.854;0.750;6.501
345330;30.7;27.18;0.414;1.536;1989.120;0.695;6.458
345430;30.7;27.18;0.446;1.491;1998.126;0.232;7.359
345530;30.8;27.18;0.453;1.501;2011.192;0.183;7.372
345630;30.8;27.18;0.415;1.541;2001.470;0.701;6.423
345730;30.8;27.18;0.454;1.560;2006.580;-0.211;6.138
345830;30.7;27.18;0.468;1.550;1999.061;-0.452;6.232
345930;30.7;27.18;0.472;1.555;2003.085;-0.452;6.264
346030;30.7;27.18;0.470;1.553;1989.054;-0.459;6.209
346130;30.7;27.18;0.453;1.552;1996.105;-0.194;6.237
346230;30.7;27.18;0.476;1.553;2008.405;-0.499;6.236
346330;30.6;27.18;0.474;1.539;2013.939;-0.382;6.461
346430;30.6;27.18;0.453;1.505;2000.454;-0.023;6.862
346530;30.6;27.18;0.461;1.509;1999.005;-0.090;6.854
346630;30.6;27.18;0.479;1.557;1991.879;-0.593;6.212
346730;30.6;27.18;0.463;1.557;1997.466;-0.374;6.180
346830;30.6;27.18;0.490;1.538;2002.815;-0.669;6.453
346930;30.6;27.18;0.464;1.515;2012.695;-0.148;6.814
347030;30.7;27.18;0.452;1.503;2006.774;-0.003;6.892
347130;30.7;27.18;0.461;1.511;1992.664;-0.074;6.849
347230;30.7;27.18;0.474;1.525;1994.222;-0.367;6.664
347330;30.7;27.18;0.460;1.550;1986.882;-0.328;6.279
347430;30.7;27.18;0.446;1.556;2001.049;-0.012;6.200
347530;30.9;27.18;0.477;1.555;2000.384;-0.551;6.251
347630;30.9;27.18;0.478;1.532;1991.224;-0.470;6.504
347730;30.9;27.18;0.465;1.555;1992.206;-0.350;6.245
347830;30.8;27.18;0.409;1.554;1989.390;0.687;6.255
347930;30.8;27.18;0.412;1.536;1982.151;0.706;6.487
348030;30.8;27.18;0.414;1.543;1993.809;0.679;6.370
348130;30.8;27.18;0.412;1.561;1998.043;0.611;6.154
348230;30.8;27.18;0.417;1.556;1996.569;0.508;6.165
348330;30.9;27.18;0.459;1.562;1996.623;-0.209;6.182
348430;30.9;27.18;0.455;1.555;1990.201;-0.205;6.230
348530;30.9;27.18;0.420;1.552;1990.980;0.436;6.256
348630;30.9;27.18;0.459;1.557;2011.189;-0.239;6.222
348730;30.9;27.18;0.476;1.541;2009.444;-0.367;6.456
348830;30.9;27.18;0.453;1.500;2011.790;0.004;6.922
348930;30.9;27.18;0.447;1.494;2005.441;0.150;7.060
349030;30.8;27.18;0.457;1.497;2000.382;-0.045;7.050
349130;30.8;27.18;0.461;1.517;1995.952;-0.159;6.736
349230;30.8;27.18;0.461;1.508;2008.955;-0.096;6.877
349330;30.9;27.18;0.464;1.513;2006.106;-0.131;6.900
349430;30.9;27.18;0.440;1.498;2006.892;0.218;6.983
349530;30.9;27.18;0.451;1.494;1990.331;0.079;7.086
349630;30.9;27.18;0.466;1.508;1989.043;-0.230;6.941
349730;30.9;27.18;0.460;1.546;1989.021;-0.306;6.342
349830;30.8;27.18;0.433;1.559;1999.522;0.193;6.223
349930;30.8;27.18;0.489;1.553;2006.461;-0.669;6.353
350030;30.8;27.18;0.477;1.536;2006.037;-0.460;6.500
350130;30.8;27.18;0.472;1.533;2004.494;-0.260;6.596
350230;30.8;27.18;0.484;1.549;1993.294;-0.655;6.396
350330;30.8;27.18;0.467;1.550;1984.050;-0.451;6.279
350430;30.8;27.18;0.460;1.557;1995.700;-0.197;6.213
350530;30.8;27.18;0.471;1.558;2002.567;-0.426;6.272
350630;30.8;27.18;0.478;1.540;2010.118;-0.520;6.473
350730;30.8;27.18;0.482;1.539;1985.770;-0.556;6.505
350830;30.8;27.12;0.485;1.550;1993.019;-0.696;6.341
350930;30.8;27.12;0.456;1.555;1993.896;-0.208;6.222
351030;30.7;27.12;0.470;1.552;1999.002;-0.458;6.369
351130;30.7;27.12;0.494;1.549;2002.479;-0.757;6.409
351230;30.7;27.12;0.470;1.539;2015.593;-0.299;6.497
351330;30.8;27.12;0.465;1.517;2012.918;-0.111;6.813
351430;30.8;27.12;0.458;1.503;2000.421;-0.046;7.018
351530;30.9;27.12;0.469;1.527;1992.314;-0.297;6.648
351630;30.9;27.12;0.468;1.523;2015.441;-0.161;6.729
351730;30.9;27.12;0.451;1.498;2013.674;0.125;7.112
351830;30.9;27.18;0.420;1.510;1998.049;0.491;6.620
351930;30.9;27.18;0.404;1.533;1988.554;0.732;6.208
352030;30.9;27.18;0.414;1.516;1990.111;0.646;6.503
352130;30.9;27.18;0.437;1.496;1990.343;0.266;6.986
352230;30.9;27.18;0.456;1.502;1996.687;-0.016;7.026
352330;30.9;27.18;0.464;1.509;2002.035;-0.124;6.993
352430;30.9;27.18;0.458;1.513;2015.328;-0.121;6.862
352530;30.9;27.18;0.453;1.494;2002.367;0.100;7.116
352630;30.9;27.18;0.469;1.515;1989.934;-0.247;6.917
352730;30.9;27.18;0.478;1.545;1978.264;-0.595;6.385
352830;31.0;27.18;0.429;1.565;1994.075;0.321;6.143
352930;31.0;27.18;0.434;1.566;2001.113;0.102;6.210
353030;31.0;27.18;0.482;1.547;1993.647;-0.643;6.371
353130;31.0;27.18;0.482;1.544;2012.677;-0.500;6.502
353230;31.0;27.18;0.471;1.527;2007.720;-0.272;6.745
353330;30.9;27.18;0.474;1.538;1993.307;-0.363;6.533
353430;30.9;27.18;0.487;1.540;1997.964;-0.676;6.535
353530;30.9;27.18;0.493;1.548;2003.416;-0.737;6.447
353630;30.9;27.18;0.464;1.520;2014.718;-0.196;6.814
353730;30.9;27.18;0.444;1.495;2003.942;0.252;7.057
353830;30.9;27.18;0.454;1.494;1990.705;0.048;7.173
353930;30.9;27.18;0.446;1.500;2003.484;0.185;7.013
354030;30.9;27.18;0.453;1.502;2008.586;0.046;7.086
354130;30.9;27.18;0.465;1.511;2002.653;-0.161;6.962
354230;30.9;27.18;0.451;1.498;1995.800;0.171;7.077
354330;30.9;27.18;0.429;1.507;2003.080;0.457;6.861
354430;30.9;27.18;0.413;1.529;2002.356;0.650;6.379
354530;30.9;27.18;0.413;1.521;1991.299;0.635;6.461
354630;30.9;27.18;0.442;1.489;1993.246;0.182;7.183
354730;30.9;27.18;0.431;1.497;2003.768;0.432;7.024
354830;30.9;27.18;0.423;1.513;2007.025;0.482;6.641
354930;30.9;27.18;0.410;1.528;1994.031;0.702;6.418
355030;31.0;27.18;0.410;1.525;1984.584;0.678;6.421
355130;31.0;27.18;0.426;1.502;1993.628;0.446;6.872
355230;31.0;27.18;0.463;1.510;2002.353;-0.145;6.964
355330;30.9;27.18;0.480;1.534;1994.179;-0.437;6.660
355430;30.9;27.18;0.472;1.536;2000.849;-0.358;6.595
355530;31.0;27.18;0.473;1.532;2015.245;-0.253;6.683
355630;31.0;27.18;0.463;1.507;2010.099;-0.101;7.050
355730;31.0;27.18;0.476;1.531;1985.049;-0.408;6.660
355830;31.0;27.18;0.469;1.550;1988.655;-0.468;6.462
355930;31.0;27.18;0.471;1.555;1999.042;-0.432;6.330
356030;31.0;27.18;0.485;1.555;2012.156;-0.601;6.340
356130;31.0;27.18;0.471;1.531;2010.628;-0.221;6.713
356230;31.0;27.18;0.438;1.496;2006.026;0.376;7.059
356330;30.9;27.18;0.429;1.506;2003.191;0.419;6.822
356430;30.9;27.18;0.442;1.499;1996.164;0.230;7.064
356530;30.8;27.18;0.457;1.503;1999.392;0.003;7.113
356630;30.8;27.18;0.426;1.505;2011.105;0.463;6.897
356730;30.8;27.18;0.412;1.554;2009.221;0.620;5.957
356830;30.8;27.12;0.412;1.555;1994.944;0.495;5.950
356930;30.8;27.12;0.407;1.555;1987.639;0.622;5.913
357030;30.9;27.12;0.409;1.547;1986.048;0.635;6.083
357130;30.9;27.12;0.415;1.520;1989.434;0.673;6.551
357230;30.9;27.12;0.418;1.513;2003.996;0.557;6.721
357330;30.9;27.12;0.421;1.509;1988.433;0.563;6.780
357430;30.9;27.12;0.410;1.546;1998.398;0.685;6.113
357530;30.9;27.12;0.406;1.543;1996.485;0.675;6.117
357630;30.9;27.12;0.430;1.498;1991.019;0.414;7.017
357730;30.9;27.12;0.456;1.508;1993.011;0.013;7.054
357830;30.9;27.18;0.447;1.506;2011.170;0.151;7.044
357930;30.9;27.18;0.440;1.503;2009.021;0.305;7.009
358030;30.9;27.18;0.423;1.507;1997.347;0.495;6.837
358130;30.9;27.18;0.434;1.495;1983.294;0.349;7.050
358230;30.9;27.18;0.453;1.504;1998.831;0.072;7.085
358330;30.9;27.18;0.472;1.526;1999.662;-0.237;6.823
358430;30.9;27.18;0.477;1.544;2000.966;-0.458;6.555
358530;30.9;27.18;0.465;1.518;2011.151;-0.111;6.911
358630;30.9;27.18;0.436;1.499;2009.508;0.372;7.027
358730;30.9;27.18;0.423;1.505;1999.648;0.517;6.819
358830;30.9;27.12;0.462;1.512;1993.544;-0.161;7.028
358930;30.9;27.12;0.472;1.532;1999.291;-0.257;6.779
359030;30.9;27.12;0.462;1.518;2017.457;-0.079;6.927
359130;30.9;27.12;0.425;1.518;2010.061;0.531;6.664
359230;30.9;27.12;0.411;1.561;2005.822;0.570;5.944
359330;30.9;27.12;0.460;1.555;1992.708;-0.362;6.036
359430;30.9;27.12;0.459;1.558;1997.097;-0.383;6.028
359530;30.9;27.12;0.417;1.556;1990.848;0.416;5.993
359630;30.9;27.12;0.409;1.563;1998.728;0.547;5.885
359730;30.9;27.12;0.463;1.552;2001.522;-0.389;6.085
359830;30.9;27.12;0.494;1.543;2008.984;-0.843;6.226
359930;30.9;27.12;0.477;1.547;1996.506;-0.627;6.159
360030;30.9;27.12;0.409;1.554;1983.163;0.571;6.054
360130;30.9;27.12;0.405;1.535;1986.078;0.741;6.311
360230;30.9;27.12;0.412;1.525;2000.576;0.659;6.520
360330;30.9;27.12;0.423;1.513;1996.939;0.577;6.779
360430;30.9;27.12;0.414;1.524;1990.140;0.643;6.570
360530;30.9;27.12;0.415;1.528;1997.458;0.613;6.446
360630;30.9;27.12;0.428;1.504;1989.613;0.501;6.953
360730;30.9;27.12;0.466;1.507;1995.796;-0.139;7.083
360830;30.9;27.18;0.464;1.531;2004.999;-0.188;6.771
360930;30.9;27.18;0.446;1.503;2016.360;0.202;7.069
361030;30.9;27.18;0.415;1.528;2001.034;0.674;6.518
361130;30.9;27.18;0.408;1.534;1996.212;0.699;6.376
361230;30.9;27.18;0.433;1.504;1987.543;0.388;7.018
361330;31.0;27.18;0.441;1.496;2002.512;0.240;7.154
361430;31.0;27.18;0.443;1.503;2001.868;0.237;7.019
361530;31.0;27.18;0.437;1.506;2008.341;0.460;6.923
361630;31.0;27.18;0.417;1.561;2003.088;0.502;5.986
361730;31.0;27.18;0.447;1.560;2004.322;-0.158;5.958
361830;31.0;27.12;0.419;1.556;1988.352;0.419;6.035
361930;31.0;27.12;0.421;1.510;1991.882;0.573;6.803
362030;30.9;27.12;0.417;1.522;1993.603;0.612;6.606
362130;30.9;27.12;0.414;1.562;2004.494;0.594;5.963
362230;30.9;27.12;0.472;1.554;2012.473;-0.549;6.151
362330;31.0;27.12;0.499;1.535;2012.556;-0.926;6.381
362430;31.0;27.12;0.502;1.537;1984.680;-0.917;6.395
362530;31.0;27.12;0.470;1.546;1996.552;-0.508;6.225
362630;31.0;27.12;0.436;1.562;1999.037;0.014;5.941
362730;31.0;27.12;0.436;1.563;1999.915;0.081;5.951
362830;31.0;27.12;0.481;1.552;2007.980;-0.661;6.165
362930;31.0;27.12;0.492;1.545;2002.966;-0.896;6.221
363030;31.0;27.12;0.412;1.556;1981.525;0.514;6.034
363130;31.0;27.12;0.421;1.514;1986.493;0.566;6.751
363230;31.0;27.12;0.431;1.504;1994.651;0.411;6.995
363330;31.0;27.12;0.446;1.503;2004.226;0.229;7.092
363430;31.0;27.12;0.442;1.507;2001.368;0.266;7.113
363530;31.0;27.12;0.425;1.508;2000.054;0.483;6.909
363630;31.0;27.12;0.417;1.518;1986.594;0.638;6.682
363730;31.0;27.12;0.436;1.496;1988.748;0.368;7.127
363830;31.0;27.12;0.450;1.511;2011.392;0.109;7.046
363930;31.0;27.12;0.429;1.507;2001.677;0.436;6.970
364030;31.0;27.12;0.410;1.565;2002.687;0.601;5.941
364130;31.0;27.12;0.456;1.559;2015.426;-0.340;6.004
364230;31.0;27.12;0.475;1.557;2003.164;-0.628;6.120
364330;31.0;27.12;0.442;1.556;1988.729;-0.042;6.074
364430;31.0;27.12;0.433;1.564;1996.461;0.115;5.963
364530;31.0;27.12;0.427;1.565;2000.376;0.276;5.962
364630;31.0;27.12;0.455;1.558;2010.664;-0.295;6.154
364730;31.0;27.12;0.490;1.529;2008.370;-0.727;6.502
364830;31.0;27.18;0.496;1.532;1989.930;-0.758;6.462
364930;31.0;27.18;0.468;1.550;1989.053;-0.455;6.208
365030;31.0;27.18;0.427;1.565;1999.293;0.197;5.958
365130;31.0;27.18;0.436;1.558;1993.816;0.049;6.058
365230;31.0;27.18;0.491;1.546;2013.249;-0.809;6.268
365330;31.1;27.18;0.498;1.539;2011.115;-0.946;6.368
365430;31.1;27.18;0.503;1.546;2004.218;-0.943;6.302
365530;31.1;27.18;0.492;1.545;1993.273;-0.848;6.274
365630;31.1;27.18;0.455;1.557;1993.224;-0.299;6.114
365730;31.1;27.18;0.415;1.564;1994.179;0.495;5.989
365830;31.0;27.12;0.420;1.561;1999.341;0.381;6.017
365930;31.0;27.12;0.469;1.552;2001.123;-0.561;6.179
366030;31.1;27.12;0.425;1.561;1983.908;0.304;6.046
366130;31.1;27.12;0.409;1.537;1988.732;0.733;6.422
366230;31.1;27.12;0.412;1.527;1994.807;0.695;6.602
366330;31.0;27.12;0.419;1.515;1987.556;0.560;6.806
366430;31.0;27.12;0.411;1.535;1999.164;0.722;6.478
366530;31.0;27.12;0.409;1.551;2006.975;0.686;6.163
366630;31.0;27.12;0.418;1.564;1991.745;0.473;6.015
366730;31.0;27.12;0.438;1.559;1992.674;0.006;6.107
366830;31.1;27.12;0.424;1.564;1999.124;0.244;5.983
366930;31.1;27.12;0.439;1.561;2006.722;0.033;6.073
367030;31.1;27.12;0.485;1.554;2004.094;-0.692;6.206
367130;31.1;27.12;0.486;1.526;2014.315;-0.559;6.568
367230;31.1;27.12;0.476;1.512;2012.129;-0.314;6.786
367330;31.1;27.12;0.476;1.521;2011.724;-0.419;6.672
367430;31.1;27.12;0.485;1.526;1999.818;-0.615;6.588
367530;31.1;27.12;0.499;1.530;1994.392;-0.821;6.540
367630;31.1;27.12;0.495;1.543;2013.571;-0.821;6.399
367730;31.1;27.12;0.482;1.529;2018.979;-0.465;6.576
367830;31.0;27.12;0.470;1.508;2005.679;-0.239;6.881
367930;31.0;27.12;0.474;1.509;2003.563;-0.341;6.824
368030;31.1;27.12;0.460;1.551;1997.661;-0.424;6.225
368130;31.1;27.12;0.422;1.563;1994.059;0.359;6.017
368230;31.1;27.12;0.452;1.562;1997.694;-0.170;6.105
368330;31.0;27.12;0.493;1.547;2008.725;-0.892;6.300
368430;31.0;27.12;0.494;1.547;2004.179;-0.862;6.348
368530;31.0;27.12;0.464;1.554;2000.217;-0.449;6.221
368630;31.0;27.12;0.461;1.559;1992.328;-0.421;6.118
368730;31.0;27.12;0.424;1.559;1988.425;0.299;6.082
368830;31.0;27.12;0.419;1.567;1997.442;0.443;6.004
368930;31.0;27.12;0.483;1.557;2014.039;-0.717;6.187
369030;31.0;27.12;0.500;1.542;1993.550;-0.916;6.427
369130;31.0;27.12;0.478;1.551;1996.360;-0.652;6.251
369230;31.0;27.12;0.466;1.558;2004.923;-0.469;6.137
369330;31.0;27.12;0.445;1.564;1995.644;-0.060;6.073
369430;31.0;27.12;0.447;1.557;1992.941;-0.119;6.166
369530;31.0;27.12;0.491;1.548;2014.710;-0.937;6.349
369630;31.0;27.12;0.498;1.540;2011.805;-0.820;6.488
369730;31.0;27.12;0.483;1.527;2016.569;-0.523;6.635
369830;31.0;27.12;0.479;1.515;1996.474;-0.401;6.733
369930;31.0;27.12;0.500;1.542;2000.606;-0.860;6.415
370030;31.0;27.12;0.493;1.539;2015.819;-0.719;6.487
370130;31.0;27.12;0.471;1.506;2019.950;-0.263;6.900
370230;31.0;27.12;0.437;1.484;1996.892;0.361;7.082
370330;31.0;27.12;0.437;1.485;1999.740;0.377;6.977
370430;31.0;27.12;0.469;1.491;1999.221;-0.118;7.056
370530;31.0;27.12;0.483;1.516;2001.636;-0.476;6.787
370630;31.0;27.12;0.489;1.534;1992.115;-0.704;6.593
370730;31.0;27.12;0.493;1.538;2017.860;-0.773;6.481
370830;31.0;27.12;0.491;1.532;2011.290;-0.497;6.646
370930;31.0;27.12;0.476;1.522;2005.987;-0.378;6.717
371030;31.0;27.12;0.498;1.540;1983.572;-0.964;6.447
371130;31.0;27.12;0.418;1.561;1989.238;0.454;6.123
371230;31.0;27.12;0.411;1.557;1998.423;0.639;6.157
371330;31.0;27.12;0.435;1.569;2007.306;0.045;6.031
371430;31.0;27.12;0.487;1.556;2001.100;-0.737;6.235
371530;31.0;27.12;0.488;1.539;2016.952;-0.652;6.494
371630;31.0;27.12;0.495;1.533;2012.757;-0.754;6.541
371730;31.0;27.12;0.496;1.546;1991.702;-0.873;6.405
371830;31.0;27.12;0.478;1.551;2002.596;-0.641;6.361
371930;31.0;27.12;0.494;1.545;2024.066;-0.789;6.446
372030;31.0;27.12;0.472;1.506;2013.378;-0.189;6.939
372130;31.0;27.12;0.464;1.499;2006.299;-0.141;7.000
372230;31.0;27.12;0.471;1.502;1997.170;-0.245;6.993
372330;31.0;27.12;0.482;1.530;2008.234;-0.451;6.674
372430;31.0;27.12;0.491;1.533;2005.834;-0.685;6.569
372530;31.0;27.12;0.478;1.522;2012.894;-0.410;6.717
372630;31.0;27.12;0.462;1.491;2009.384;-0.019;7.154
372730;31.0;27.12;0.446;1.493;2016.098;0.183;7.022
372830;31.1;27.12;0.446;1.486;2005.522;0.182;7.084
372930;31.1;27.12;0.459;1.488;1997.679;-0.015;7.216
373030;31.1;27.12;0.474;1.508;2007.450;-0.269;6.937
373130;31.1;27.12;0.469;1.499;2018.181;-0.158;7.024
373230;31.1;27.12;0.438;1.485;2004.133;0.366;7.100
373330;31.1;27.12;0.441;1.485;1993.371;0.282;7.014
373430;31.1;27.12;0.457;1.491;1993.576;0.010;7.118
373530;31.0;27.12;0.478;1.525;2000.633;-0.395;6.751
373630;31.0;27.12;0.497;1.548;1997.106;-0.887;6.364
373730;31.0;27.12;0.482;1.555;2000.092;-0.745;6.282
373830;31.0;27.12;0.501;1.550;2015.129;-0.896;6.389
373930;31.0;27.12;0.485;1.532;2013.783;-0.527;6.641
374030;31.0;27.12;0.499;1.538;2004.416;-0.897;6.523
374130;31.0;27.12;0.449;1.556;1982.537;-0.224;6.279
374230;31.0;27.12;0.441;1.563;1999.071;-0.009;6.178
374330;31.1;27.12;0.474;1.561;2015.372;-0.541;6.216
374430;31.1;27.12;0.496;1.542;2008.395;-0.692;6.492
374530;31.0;27.12;0.462;1.495;2013.621;-0.036;7.096
374630;31.0;27.12;0.447;1.484;2001.479;0.195;7.116
374730;31.0;27.12;0.456;1.486;1998.652;0.037;7.217
374830;31.0;27.12;0.473;1.505;2003.539;-0.266;7.002
374930;31.0;27.12;0.466;1.492;2009.251;-0.113;7.118
375030;31.1;27.12;0.431;1.493;2008.960;0.449;6.932
375130;31.1;27.12;0.409;1.532;2001.947;0.707;6.217
375230;31.1;27.12;0.425;1.502;1988.566;0.553;6.733
375330;31.0;27.12;0.436;1.484;1991.312;0.375;7.092
375430;31.0;27.12;0.452;1.485;2005.657;0.160;7.132
375530;31.0;27.12;0.457;1.493;2008.764;0.023;7.121
375630;31.0;27.12;0.450;1.486;1995.453;0.141;7.220
375730;31.0;27.12;0.427;1.498;2007.925;0.493;6.846
375830;31.1;27.12;0.422;1.506;1998.837;0.591;6.651
375930;31.1;27.12;0.441;1.480;1985.718;0.311;7.199
376030;31.0;27.12;0.484;1.523;1998.120;-0.497;6.758
376130;31.0;27.12;0.479;1.519;2013.897;-0.375;6.811
376230;31.0;27.12;0.464;1.496;2011.112;-0.048;7.123
376330;31.0;27.12;0.451;1.492;2012.648;0.093;7.129
376430;31.0;27.12;0.463;1.491;1997.319;-0.025;7.151
376530;31.1;27.12;0.472;1.511;1998.766;-0.243;6.938
376630;31.1;27.12;0.494;1.537;2005.322;-0.712;6.574
376730;31.1;27.12;0.486;1.557;2004.901;-0.801;6.356
376830;31.1;27.12;0.500;1.542;2004.523;-0.882;6.526
376930;31.1;27.12;0.458;1.507;2023.051;-0.003;7.002
377030;31.1;27.12;0.452;1.488;1998.739;0.151;7.135
377130;31.1;27.12;0.471;1.510;1995.080;-0.179;6.975
377230;31.1;27.12;0.491;1.533;2005.280;-0.626;6.640
377330;31.1;27.12;0.477;1.528;2019.048;-0.381;6.763
377430;31.1;27.12;0.463;1.491;2015.686;0.018;7.187
377530;31.1;27.12;0.424;1.510;2012.014;0.536;6.659
377630;31.1;27.12;0.415;1.541;1989.393;0.573;6.032
377730;31.1;27.12;0.409;1.545;1992.897;0.669;6.012
377830;31.1;27.12;0.417;1.513;1994.562;0.612;6.575
377930;31.1;27.12;0.432;1.497;2002.905;0.431;6.888
378030;31.1;27.12;0.410;1.529;1996.508;0.720;6.234
378130;31.1;27.12;0.445;1.555;2010.972;-0.119;5.973
378230;31.1;27.12;0.443;1.547;1982.941;0.016;5.976
378330;31.1;27.12;0.410;1.531;1985.843;0.673;6.239
378430;31.1;27.12;0.425;1.497;1991.324;0.493;6.888
378530;31.0;27.12;0.445;1.484;2002.936;0.236;7.256
378630;31.0;27.12;0.457;1.489;2009.115;0.069;7.218
378730;31.0;27.12;0.460;1.498;2005.432;-0.046;7.127
378830;31.0;27.12;0.450;1.487;1998.696;0.171;7.193
378930;31.0;27.12;0.457;1.495;1997.394;0.076;7.156
379030;31.1;27.12;0.481;1.521;2002.012;-0.451;6.855
379130;31.1;27.12;0.498;1.545;2013.487;-0.853;6.538
379230;31.1;27.12;0.476;1.514;2014.453;-0.291;6.936
379330;31.1;27.12;0.450;1.500;2013.736;0.143;7.069
379430;31.1;27.12;0.440;1.494;2008.749;0.293;7.005
379530;31.1;27.12;0.438;1.484;1989.452;0.386;7.231
379630;31.1;27.12;0.444;1.485;2003.608;0.252;7.227
379730;31.1;27.12;0.464;1.492;2008.212;-0.076;7.184
379830;31.1;27.12;0.463;1.496;2009.499;-0.005;7.156
379930;31.1;27.12;0.427;1.514;2010.081;0.488;6.652
380030;31.1;27.12;0.413;1.540;1993.719;0.630;6.096
380130;31.1;27.12;0.410;1.537;1986.227;0.693;6.149
380230;31.1;27.12;0.441;1.485;1990.680;0.277;7.129
380330;31.1;27.12;0.449;1.490;2000.857;0.169;7.166
380430;31.1;27.12;0.418;1.514;2002.468;0.684;6.580
380530;31.2;27.12;0.418;1.555;2006.020;0.481;5.913
380630;31.2;27.12;0.443;1.555;2001.607;0.005;5.923
380730;31.2;27.12;0.445;1.542;1985.720;-0.139;6.116
380830;31.2;27.12;0.456;1.543;1997.058;-0.216;6.054
380930;31.2;27.12;0.417;1.549;1985.801;0.518;5.994
381030;31.0;27.12;0.408;1.529;1999.300;0.757;6.302
381130;31.0;27.12;0.426;1.556;2001.461;0.323;5.914
381230;31.0;27.12;0.452;1.546;1988.738;-0.148;6.084
381330;31.1;27.12;0.409;1.534;1975.474;0.682;6.210
381430;31.1;27.12;0.450;1.487;2001.426;0.164;7.200
381530;31.1;27.12;0.464;1.495;1995.374;-0.082;7.211
381630;31.1;27.12;0.466;1.500;2005.572;-0.058;7.154
381730;31.1;27.12;0.459;1.502;2010.526;0.008;7.126
381830;31.1;27.12;0.464;1.498;2011.205;-0.070;7.121
381930;31.1;27.12;0.454;1.485;1994.645;0.130;7.314
382030;31.0;27.12;0.452;1.489;2004.843;0.124;7.203
382130;31.0;27.12;0.466;1.505;2005.889;-0.057;7.055
382230;31.0;27.12;0.454;1.489;2009.670;0.120;7.311
382330;31.1;27.12;0.415;1.529;2006.653;0.676;6.370
382430;31.1;27.12;0.419;1.553;1998.826;0.449;5.944
382530;31.1;27.12;0.433;1.550;1998.515;0.173;5.995
382630;31.1;27.12;0.420;1.551;1994.696;0.392;6.010
382730;31.1;27.12;0.415;1.551;1985.404;0.523;5.982
382830;31.1;27.12;0.413;1.546;1992.247;0.594;6.062
382930;31.1;27.12;0.416;1.553;2001.267;0.514;5.980
383030;31.1;27.12;0.453;1.551;1999.371;-0.169;6.003
383130;31.1;27.12;0.471;1.544;1992.019;-0.502;6.101
383230;31.1;27.12;0.467;1.541;1997.911;-0.431;6.151
383330;31.2;27.12;0.408;1.536;1989.016;0.743;6.250
383430;31.2;27.12;0.413;1.507;1992.075;0.677;6.760
383530;31.1;27.12;0.433;1.555;2009.958;0.185;5.976
383630;31.1;27.12;0.461;1.551;1998.864;-0.313;6.031
383730;31.1;27.12;0.457;1.545;1995.986;-0.253;6.106
383830;31.1;27.12;0.443;1.550;1995.375;-0.065;6.058
383930;31.1;27.12;0.418;1.548;1977.515;0.434;6.078
384030;31.2;27.12;0.421;1.514;1987.300;0.600;6.689
384130;31.2;27.12;0.427;1.512;2004.760;0.535;6.732
384230;31.2;27.12;0.421;1.546;1996.268;0.435;6.083
384330;31.2;27.12;0.409;1.541;1977.629;0.711;6.172
384430;31.2;27.12;0.428;1.505;1993.162;0.519;6.844
384530;31.1;27.12;0.454;1.491;2003.716;0.105;7.250
384630;31.1;27.12;0.460;1.494;1993.369;0.012;7.279
384730;31.1;27.12;0.454;1.495;2009.185;0.171;7.192
384830;31.2;27.12;0.440;1.501;2011.585;0.307;6.971
384930;31.2;27.12;0.412;1.544;1995.817;0.681;6.158
385030;31.2;27.12;0.415;1.551;1991.253;0.532;6.049
385130;31.2;27.12;0.411;1.545;1985.980;0.644;6.144
385230;31.2;27.12;0.412;1.540;1994.170;0.657;6.195
385330;31.3;27.12;0.420;1.552;2000.574;0.510;6.004
385430;31.3;27.12;0.464;1.550;1995.795;-0.349;6.108
385530;31.2;27.12;0.471;1.538;2008.608;-0.369;6.254
385630;31.2;27.12;0.472;1.519;2008.482;-0.371;6.509
385730;31.2;27.12;0.482;1.537;1984.290;-0.624;6.286
385830;31.1;27.12;0.460;1.537;1987.681;-0.361;6.264
385930;31.1;27.12;0.462;1.548;2000.457;-0.285;6.119
386030;31.2;27.12;0.462;1.552;2004.235;-0.325;6.080
386130;31.2;27.12;0.475;1.543;2001.945;-0.475;6.204
386230;31.2;27.12;0.481;1.529;1991.210;-0.589;6.414
386330;31.1;27.12;0.441;1.546;1974.512;0.013;6.120
386430;31.1;27.12;0.413;1.524;1990.246;0.680;6.455
386530;31.1;27.12;0.419;1.526;1999.507;0.610;6.479
386630;31.1;27.12;0.417;1.550;1990.581;0.550;6.050
386730;31.1;27.12;0.416;1.550;1993.212;0.582;6.052
386830;31.2;27.12;0.435;1.552;2001.863;0.155;6.078
386930;31.2;27.12;0.419;1.548;1984.624;0.484;6.115
387030;31.2;27.12;0.412;1.519;1982.478;0.711;6.573
387130;31.2;27.12;0.420;1.517;1998.836;0.599;6.732
387230;31.2;27.12;0.412;1.542;1998.967;0.720;6.256
387330;31.2;27.12;0.428;1.550;1994.340;0.232;6.069
387430;31.2;27.12;0.436;1.553;1996.295;-0.078;6.076
387530;31.2;27.12;0.424;1.555;1990.977;0.369;6.008
387630;31.2;27.12;0.416;1.548;1990.970;0.507;6.095
387730;31.2;27.12;0.411;1.548;1993.247;0.651;6.143
387830;31.2;27.12;0.431;1.559;1994.403;0.246;5.970
387930;31.2;27.12;0.441;1.551;2003.278;0.008;6.089
388030;31.3;27.12;0.483;1.544;2007.710;-0.668;6.256
388130;31.3;27.12;0.485;1.543;1991.705;-0.697;6.262
388230;31.3;27.12;0.457;1.543;1988.348;-0.285;6.205
388330;31.3;27.12;0.474;1.550;2009.282;-0.493;6.143
388430;31.3;27.12;0.478;1.546;2009.596;-0.548;6.262
388530;31.2;27.12;0.460;1.513;2002.805;-0.105;6.610
388630;31.2;27.12;0.459;1.494;2003.566;-0.085;6.902
388730;31.2;27.12;0.471;1.524;1994.933;-0.275;6.503
388830;31.3;27.12;0.479;1.543;1994.023;-0.619;6.247
388930;31.3;27.12;0.468;1.547;1983.301;-0.452;6.172
389030;31.3;27.12;0.438;1.555;1995.448;0.102;6.066
389130;31.3;27.12;0.457;1.547;2004.120;-0.268;6.141
389230;31.3;27.12;0.488;1.543;2007.942;-0.721;6.283
389330;31.3;27.12;0.443;1.546;1971.243;0.055;6.137
389430;31.3;27.12;0.420;1.506;1980.246;0.669;6.710
389530;31.3;27.12;0.436;1.497;2001.384;0.404;7.127
389630;31.3;27.12;0.429;1.505;2004.824;0.471;6.934
389730;31.3;27.12;0.412;1.548;1990.882;0.637;6.134
389830;31.3;27.12;0.460;1.555;2015.706;-0.295;6.119
389930;31.3;27.12;0.468;1.542;1989.404;-0.395;6.274
390030;31.3;27.12;0.428;1.549;1987.879;0.207;6.175
390130;31.3;27.12;0.421;1.556;1993.148;0.418;6.057
390230;31.3;27.12;0.456;1.560;2005.451;-0.224;6.031
390330;31.3;27.12;0.480;1.543;2011.737;-0.560;6.231
390430;31.3;27.12;0.468;1.520;2010.744;-0.246;6.585
390530;31.2;27.12;0.472;1.529;1988.489;-0.331;6.502
390630;31.2;27.12;0.479;1.538;1999.280;-0.594;6.337
390730;31.2;27.12;0.474;1.538;2002.446;-0.556;6.339
390830;31.2;27.12;0.481;1.546;1994.673;-0.639;6.261
390930;31.2;27.12;0.480;1.544;1995.271;-0.543;6.240
391030;31.3;27.12;0.467;1.526;2018.880;-0.228;6.478
391130;31.3;27.12;0.467;1.513;2003.695;-0.160;6.699
391230;31.3;27.12;0.469;1.527;1993.960;-0.355;6.512
391330;31.3;27.12;0.486;1.539;1998.661;-0.717;6.318
391430;31.3;27.12;0.485;1.542;2012.588;-0.602;6.317
391530;31.3;27.12;0.468;1.526;2008.185;-0.260;6.486
391630;31.3;27.12;0.459;1.509;2001.972;-0.109;6.755
391730;31.3;27.12;0.468;1.512;1992.341;-0.223;6.732
391830;31.3;27.12;0.483;1.548;1995.768;-0.694;6.220
391930;31.3;27.12;0.435;1.551;1985.978;0.109;6.128
392030;31.3;27.12;0.409;1.540;1982.769;0.713;6.332
392130;31.3;27.12;0.424;1.553;1996.232;0.385;6.096
392230;31.3;27.12;0.470;1.554;2014.297;-0.466;6.169
392330;31.3;27.12;0.474;1.549;1993.200;-0.472;6.195
392430;31.3;27.12;0.413;1.541;1969.601;0.577;6.287
392530;31.3;27.12;0.419;1.527;1999.994;0.593;6.529
392630;31.3;27.12;0.414;1.546;2003.272;0.677;6.275
392730;31.3;27.12;0.454;1.555;2007.253;-0.177;6.110
392830;31.2;27.12;0.478;1.538;2012.901;-0.486;6.383
392930;31.2;27.12;0.462;1.500;2009.468;-0.080;6.897
393030;31.2;27.12;0.463;1.514;1999.519;-0.189;6.728
393130;31.2;27.12;0.480;1.532;2006.826;-0.519;6.430
393230;31.2;27.12;0.484;1.541;1993.256;-0.577;6.347
393330;31.3;27.12;0.463;1.514;2022.418;-0.161;6.684
393430;31.3;27.12;0.434;1.496;2012.529;0.334;6.855
393530;31.3;27.12;0.434;1.482;1989.992;0.360;7.023
393630;31.3;27.12;0.454;1.499;1989.509;-0.047;6.929
393730;31.3;27.12;0.469;1.519;2006.594;-0.267;6.621
393830;31.3;27.12;0.471;1.536;2005.514;-0.277;6.450
393930;31.3;27.12;0.467;1.527;2007.966;-0.272;6.526
394030;31.2;27.12;0.457;1.507;2002.135;-0.032;6.825
394130;31.2;27.12;0.467;1.500;2003.699;-0.124;6.896
394230;31.2;27.12;0.466;1.526;1996.435;-0.272;6.568
394330;31.3;27.12;0.480;1.543;1992.175;-0.623;6.276
394430;31.3;27.12;0.449;1.560;1989.103;-0.066;6.087
394530;31.3;27.12;0.470;1.550;2004.887;-0.444;6.245
394630;31.3;27.12;0.478;1.540;2012.683;-0.500;6.395
394730;31.3;27.12;0.483;1.540;1992.983;-0.516;6.441
394830;31.2;27.12;0.484;1.543;1988.724;-0.673;6.317
394930;31.2;27.12;0.457;1.554;2006.280;-0.260;6.135
395030;31.2;27.12;0.436;1.561;1996.526;0.136;6.086
395130;31.2;27.12;0.439;1.553;1994.182;0.056;6.176
395230;31.2;27.12;0.488;1.543;2016.264;-0.630;6.369
395330;31.3;27.12;0.473;1.525;2005.304;-0.314;6.596
395430;31.3;27.12;0.469;1.540;2002.209;-0.375;6.388
395530;31.3;27.12;0.480;1.545;1992.987;-0.589;6.301
395630;31.3;27.12;0.487;1.550;1997.637;-0.672;6.274
395730;31.3;27.12;0.477;1.540;2021.396;-0.482;6.397
395830;31.3;27.12;0.451;1.506;2015.594;0.073;6.837
395930;31.3;27.12;0.436;1.488;1996.133;0.361;6.989
396030;31.3;27.12;0.422;1.503;1993.211;0.482;6.662
396130;31.3;27.12;0.440;1.496;2006.722;0.258;6.907
396230;31.3;27.12;0.448;1.489;2001.702;0.135;7.080
396330;31.3;27.12;0.443;1.496;2003.709;0.146;6.923
396430;31.3;27.12;0.416;1.516;2008.024;0.633;6.432
396530;31.3;27.12;0.406;1.525;1994.464;0.706;6.250
396630;31.3;27.12;0.434;1.494;1995.962;0.301;6.924
396730;31.3;27.12;0.458;1.504;1999.773;0.032;6.993
396830;31.3;27.12;0.470;1.522;1996.276;-0.249;6.670
396930;31.3;27.12;0.472;1.537;2004.582;-0.425;6.413
397030;31.3;27.12;0.480;1.537;2000.383;-0.518;6.488
397130;31.3;27.12;0.477;1.532;1998.163;-0.389;6.522
397230;31.3;27.12;0.466;1.533;1996.860;-0.250;6.499
397330;31.3;27.12;0.476;1.543;1998.101;-0.591;6.378
397430;31.3;27.12;0.452;1.557;1991.527;-0.123;6.183
397530;31.3;27.12;0.475;1.545;1997.562;-0.550;6.300
397630;31.3;27.12;0.473;1.535;2017.088;-0.298;6.472
397730;31.3;27.12;0.470;1.518;2006.745;-0.236;6.753
397830;31.3;27.12;0.455;1.511;2008.834;-0.066;6.839
397930;31.3;27.12;0.467;1.514;2003.217;-0.246;6.797
398030;31.2;27.12;0.470;1.525;2001.472;-0.276;6.631
398130;31.2;27.12;0.472;1.528;2003.944;-0.323;6.552
398230;31.2;27.12;0.465;1.519;2009.929;-0.145;6.725
398330;31.4;27.12;0.434;1.490;2003.090;0.366;6.961
398430;31.4;27.12;0.427;1.499;1996.063;0.435;6.808
398530;31.3;27.12;0.447;1.489;1999.964;0.129;7.055
398630;31.3;27.12;0.469;1.515;2001.489;-0.258;6.760
398730;31.3;27.12;0.456;1.506;2004.383;-0.027;6.866
398830;31.3;27.12;0.432;1.502;2012.143;0.413;6.799
398930;31.3;27.12;0.419;1.509;1996.027;0.609;6.572
399030;31.4;27.12;0.404;1.544;2002.834;0.666;5.996
399130;31.4;27.12;0.406;1.541;1990.284;0.663;5.994
399230;31.4;27.12;0.414;1.514;1988.026;0.671;6.461
399330;31.3;27.12;0.439;1.495;1996.286;0.243;6.901
399430;31.3;27.12;0.435;1.497;2004.526;0.343;6.960
399530;31.4;27.12;0.415;1.508;1998.682;0.647;6.606
399630;31.4;27.12;0.425;1.495;1994.798;0.417;6.900
399730;31.4;27.12;0.463;1.504;1999.831;-0.112;6.904
399830;31.4;27.12;0.476;1.530;1990.427;-0.374;6.579
399930;31.4;27.12;0.478;1.540;1997.422;-0.542;6.430
400030;31.3;27.12;0.490;1.545;2011.359;-0.705;6.425
400130;31.3;27.12;0.491;1.547;2004.746;-0.696;6.389
400230;31.3;27.12;0.461;1.530;2001.423;-0.180;6.566
400330;31.3;27.12;0.460;1.512;2005.105;-0.060;6.818
400430;31.3;27.12;0.472;1.525;1995.716;-0.225;6.674
400530;31.3;27.12;0.471;1.536;2013.870;-0.328;6.475
400630;31.3;27.12;0.459;1.502;2009.898;-0.059;6.962
400730;31.3;27.12;0.423;1.502;2003.003;0.516;6.790
400830;31.3;27.12;0.403;1.542;1998.776;0.716;6.023
400930;31.3;27.12;0.409;1.526;1997.721;0.709;6.272
401030;31.3;27.12;0.416;1.509;1985.792;0.627;6.617
401130;31.3;27.12;0.419;1.512;1999.496;0.503;6.606
401230;31.3;27.12;0.441;1.495;2005.748;0.248;6.953
401330;31.3;27.12;0.422;1.503;2000.231;0.528;6.731
401430;31.3;27.12;0.419;1.559;1995.053;0.378;5.768
401530;31.3;27.12;0.421;1.551;1991.124;0.334;5.903
401630;31.3;27.12;0.420;1.503;1981.550;0.568;6.765
401730;31.3;27.12;0.440;1.499;2001.093;0.219;6.954
401830;31.3;27.12;0.434;1.496;1998.615;0.363;6.918
401930;31.3;27.12;0.413;1.514;1996.276;0.646;6.503
402030;31.3;27.12;0.407;1.534;2003.167;0.722;6.200
402130;31.3;27.12;0.408;1.541;1992.010;0.668;6.089
402230;31.3;27.12;0.415;1.506;1976.890;0.683;6.664
402330;31.3;27.12;0.448;1.500;1993.961;0.096;6.983
402430;31.3;27.12;0.468;1.526;2008.855;-0.211;6.674
402530;31.3;27.12;0.457;1.495;2002.463;0.026;7.110
402630;31.3;27.12;0.433;1.500;1994.867;0.321;6.873
402730;31.3;27.12;0.446;1.496;2001.288;0.216;7.056
402830;31.3;27.12;0.469;1.513;1996.967;-0.161;6.904
402930;31.3;27.12;0.465;1.517;1997.350;-0.197;6.790
403030;31.4;27.12;0.467;1.518;2004.622;-0.161;6.793
403130;31.4;27.12;0.464;1.505;2010.543;-0.103;6.990
403230;31.4;27.12;0.445;1.501;2011.294;0.174;6.984
403330;31.3;27.12;0.420;1.510;2002.060;0.586;6.679
403430;31.3;27.12;0.411;1.526;1986.706;0.684;6.359
403530;31.3;27.12;0.421;1.500;1998.800;0.497;6.868
403630;31.3;27.12;0.431;1.503;2007.120;0.438;6.859
403730;31.3;27.12;0.409;1.548;1997.976;0.638;5.975
403830;31.4;27.12;0.464;1.554;2010.905;-0.455;5.938
403930;31.4;27.12;0.468;1.549;2001.765;-0.477;6.007
404030;31.4;27.12;0.429;1.548;1989.657;0.052;6.035
404130;31.4;27.12;0.422;1.557;1994.090;0.221;5.856
404230;31.4;27.12;0.410;1.551;1986.458;0.610;5.942
404330;31.4;27.12;0.403;1.539;1998.513;0.743;6.114
404430;31.4;27.12;0.423;1.565;2003.875;0.309;5.731
404530;31.3;27.12;0.433;1.553;1987.143;0.098;5.953
404630;31.3;27.12;0.402;1.544;1974.358;0.706;6.037
404730;31.3;27.12;0.441;1.497;1999.514;0.199;7.045
404830;31.3;27.12;0.469;1.512;2000.277;-0.160;6.904
404930;31.3;27.12;0.446;1.497;2002.032;0.201;7.109
405030;31.3;27.12;0.429;1.504;2006.207;0.449;6.834
405130;31.3;27.12;0.418;1.518;2005.606;0.609;6.573
405230;31.3;27.12;0.421;1.499;1987.618;0.546;6.854
405330;31.3;27.12;0.443;1.493;1992.721;0.177;7.078
405430;31.3;27.12;0.459;1.506;2005.980;-0.050;6.993
405530;31.4;27.12;0.451;1.506;2014.211;0.111;7.017
405630;31.4;27.12;0.412;1.528;2011.202;0.647;6.393
405730;31.4;27.12;0.406;1.540;1986.146;0.710;6.111
405830;31.4;27.12;0.418;1.512;1988.893;0.605;6.643
405930;31.4;27.12;0.427;1.503;1998.630;0.425;6.841
406030;31.4;27.12;0.445;1.495;1998.834;0.172;7.102
406130;31.4;27.12;0.417;1.514;1998.580;0.621;6.662
406230;31.4;27.12;0.410;1.559;2007.769;0.606;5.838
406330;31.4;27.12;0.432;1.558;2002.795;0.154;5.903
406430;31.4;27.12;0.444;1.547;1998.845;-0.117;6.075
406530;31.4;27.12;0.420;1.559;1987.861;0.282;5.832
406630;31.4;27.12;0.411;1.546;1993.558;0.666;6.080
406730;31.4;27.12;0.423;1.558;2003.976;0.264;5.941
406830;31.4;27.12;0.497;1.538;2014.771;-0.978;6.232
406930;31.4;27.12;0.490;1.523;2002.796;-0.694;6.454
407030;31.4;27.12;0.491;1.535;1991.193;-0.837;6.241
407130;31.4;27.12;0.421;1.559;1987.750;0.269;5.896
407230;31.4;27.12;0.408;1.535;1985.845;0.683;6.228
407330;31.4;27.12;0.412;1.522;1991.563;0.672;6.495
407430;31.4;27.12;0.405;1.542;2006.145;0.727;6.160
407530;31.4;27.12;0.412;1.556;1994.709;0.544;5.940
407630;31.4;27.12;0.413;1.517;1974.258;0.652;6.536
407730;31.4;27.12;0.445;1.499;1990.841;0.103;7.076
407830;31.4;27.12;0.467;1.531;2001.380;-0.174;6.727
407930;31.4;27.12;0.476;1.542;2008.406;-0.331;6.576
408030;31.5;27.12;0.442;1.498;2006.901;0.232;7.021
408130;31.5;27.12;0.410;1.538;2005.641;0.684;6.260
408230;31.5;27.12;0.413;1.553;1992.710;0.557;5.984
408330;31.5;27.12;0.403;1.533;1991.564;0.740;6.337
408430;31.5;27.12;0.420;1.511;1990.411;0.589;6.716
408530;31.5;27.12;0.410;1.538;1996.956;0.702;6.247
408630;31.5;27.12;0.430;1.566;2011.575;0.173;5.760
408730;31.5;27.12;0.497;1.542;2004.589;-0.868;6.229
408830;31.5;27.12;0.473;1.544;1983.730;-0.540;6.152
408930;31.5;27.12;0.453;1.560;2005.931;-0.269;5.947
409030;31.5;27.12;0.436;1.556;1992.204;0.094;5.989
409130;31.5;27.12;0.419;1.554;1992.873;0.398;5.998
409230;31.5;27.12;0.472;1.551;2004.273;-0.561;6.061
409330;31.5;27.12;0.490;1.545;2012.334;-0.786;6.165
409430;31.5;27.12;0.495;1.531;2011.167;-0.812;6.351
409530;31.5;27.12;0.498;1.534;2004.628;-0.952;6.327
409630;31.5;27.12;0.439;1.550;1982.997;-0.022;6.037
409730;31.5;27.12;0.444;1.556;2001.450;-0.061;6.001
409830;31.4;27.12;0.461;1.556;2012.635;-0.428;5.982
409930;31.4;27.12;0.483;1.547;2002.242;-0.717;6.153
410030;31.4;27.12;0.478;1.545;1990.300;-0.761;6.167
410130;31.4;27.12;0.443;1.556;1995.176;-0.146;6.013
410230;31.4;27.12;0.412;1.523;1989.280;0.667;6.480
410330;31.5;27.12;0.436;1.496;1990.998;0.327;7.112
410430;31.5;27.12;0.435;1.501;2001.559;0.336;6.973
410530;31.5;27.12;0.411;1.535;2011.052;0.713;6.361
410630;31.5;27.12;0.404;1.545;1987.960;0.739;6.138
410730;31.5;27.12;0.418;1.518;1988.387;0.591;6.645
410830;31.4;27.12;0.439;1.491;1999.078;0.293;7.163
410930;31.4;27.12;0.436;1.499;2004.161;0.361;7.034
411030;31.5;27.12;0.407;1.551;2012.770;0.733;6.064
411130;31.5;27.12;0.434;1.564;2001.109;0.102;5.936
411230;31.5;27.12;0.479;1.545;2005.021;-0.652;6.156
411330;31.4;27.12;0.496;1.541;2013.102;-0.980;6.317
411430;31.4;27.12;0.489;1.544;2000.512;-0.832;6.228
411530;31.4;27.12;0.458;1.550;1992.981;-0.337;6.109
411630;31.4;27.12;0.499;1.540;2014.574;-0.932;6.260
411730;31.4;27.12;0.478;1.523;2020.206;-0.390;6.555
411830;31.5;27.12;0.469;1.496;2003.859;-0.231;6.844
411930;31.5;27.12;0.498;1.526;1999.138;-0.912;6.478
412030;31.5;27.12;0.497;1.536;1997.138;-0.845;6.332
412130;31.5;27.12;0.489;1.548;2000.590;-0.796;6.173
412230;31.5;27.12;0.486;1.546;2011.206;-0.831;6.222
412330;31.5;27.12;0.480;1.550;1991.626;-0.681;6.167
412430;31.5;27.12;0.489;1.543;1999.972;-0.788;6.252
412530;31.5;27.12;0.486;1.548;2004.959;-0.831;6.162
412630;31.5;27.12;0.429;1.557;1986.014;0.230;5.971
412730;31.5;27.12;0.408;1.550;1985.078;0.668;6.128
412830;31.5;27.06;0.409;1.565;2005.869;0.539;5.848
412930;31.5;27.06;0.425;1.563;2000.015;0.341;5.938
413030;31.5;27.06;0.429;1.554;1996.773;0.171;6.063
413130;31.5;27.06;0.430;1.559;1989.927;0.127;5.967
413230;31.5;27.06;0.416;1.551;1991.184;0.518;6.037
413330;31.4;27.06;0.417;1.533;1992.270;0.696;6.323
413430;31.4;27.06;0.406;1.530;2001.151;0.729;6.456
413530;31.5;27.06;0.414;1.557;1996.344;0.544;6.021
413630;31.5;27.06;0.451;1.553;2007.327;-0.209;6.100
413730;31.5;27.06;0.485;1.552;2008.241;-0.797;6.100
413830;31.5;27.12;0.428;1.557;1982.854;0.231;6.022
413930;31.5;27.12;0.412;1.561;1990.677;0.522;5.959
414030;31.5;27.12;0.455;1.563;2020.318;-0.297;5.971
414130;31.5;27.12;0.495;1.538;2017.305;-0.714;6.367
414230;31.5;27.12;0.478;1.517;2008.939;-0.403;6.611
414330;31.5;27.12;0.468;1.497;2010.497;-0.198;6.866
414430;31.5;27.12;0.466;1.492;2010.865;-0.130;6.967
414530;31.5;27.12;0.464;1.500;2003.773;-0.174;6.881
414630;31.5;27.12;0.489;1.525;2007.228;-0.613;6.509
414730;31.5;27.12;0.470;1.494;2011.639;-0.155;6.966
414830;31.5;27.12;0.447;1.483;2008.832;0.145;6.980
414930;31.5;27.12;0.466;1.496;2003.326;-0.144;6.930
415030;31.5;27.12;0.489;1.533;1996.876;-0.675;6.437
415130;31.5;27.12;0.489;1.541;1991.763;-0.801;6.330
415230;31.5;27.12;0.461;1.558;2008.921;-0.426;6.060
415330;31.5;27.12;0.448;1.557;1996.711;-0.083;6.092
415430;31.5;27.12;0.433;1.558;1990.386;0.096;6.037
415530;31.5;27.12;0.447;1.562;1999.798;-0.134;5.976
415630;31.5;27.12;0.438;1.564;1993.947;0.040;5.966
415730;31.5;27.12;0.407;1.550;1982.799;0.682;6.161
415830;31.5;27.06;0.403;1.545;1997.863;0.719;6.193
415930;31.5;27.06;0.422;1.561;1997.764;0.442;5.959
416030;31.5;27.06;0.466;1.556;2010.175;-0.444;6.115
416130;31.5;27.06;0.500;1.540;2016.349;-0.929;6.387
416230;31.5;27.06;0.488;1.540;1996.524;-0.837;6.351
416330;31.6;27.06;0.470;1.548;1997.001;-0.486;6.227
416430;31.6;27.06;0.480;1.551;2007.924;-0.683;6.143
416530;31.5;27.06;0.478;1.554;2005.987;-0.647;6.168
416630;31.5;27.06;0.486;1.533;2009.248;-0.562;6.473
416730;31.5;27.06;0.468;1.497;2012.788;-0.144;6.930
416830;31.5;27.12;0.465;1.491;2006.005;-0.155;7.029
416930;31.5;27.12;0.492;1.532;1999.566;-0.731;6.452
417030;31.5;27.12;0.499;1.533;2010.377;-0.936;6.455
417130;31.5;27.12;0.479;1.511;2022.026;-0.354;6.784
417230;31.5;27.12;0.460;1.492;2009.239;-0.020;6.973
417330;31.6;27.12;0.442;1.478;2011.090;0.253;7.114
417430;31.6;27.12;0.431;1.482;1988.541;0.397;6.910
417530;31.6;27.12;0.451;1.482;2000.343;0.108;7.070
417630;31.6;27.12;0.478;1.506;2005.522;-0.364;6.803
417730;31.6;27.12;0.490;1.530;2002.421;-0.608;6.558
417830;31.6;27.12;0.475;1.514;2008.305;-0.333;6.728
417930;31.6;27.12;0.476;1.511;2009.316;-0.310;6.750
418030;31.5;27.12;0.495;1.532;1997.725;-0.829;6.481
418130;31.5;27.12;0.466;1.549;1990.348;-0.444;6.222
418230;31.5;27.12;0.434;1.560;1990.058;0.030;6.014
418330;31.5;27.12;0.416;1.556;1996.085;0.579;6.094
418430;31.5;27.12;0.407;1.557;1996.397;0.648;6.084
418530;31.4;27.12;0.447;1.565;2010.222;-0.193;5.995
418630;31.4;27.12;0.479;1.550;2002.327;-0.689;6.251
418730;31.4;27.12;0.470;1.546;1987.596;-0.534;6.270
418830;31.5;27.06;0.446;1.568;2003.406;-0.121;5.995
418930;31.5;27.06;0.482;1.558;1998.713;-0.669;6.154
419030;31.5;27.06;0.476;1.522;2018.782;-0.377;6.648
419130;31.5;27.06;0.456;1.487;2020.063;0.058;7.058
419230;31.5;27.06;0.442;1.480;2006.373;0.290;7.069
419330;31.5;27.06;0.454;1.485;1995.489;0.057;7.065
419430;31.5;27.06;0.459;1.493;2005.985;0.015;6.994
419530;31.5;27.06;0.472;1.507;2003.647;-0.228;6.880
419630;31.5;27.06;0.468;1.502;2014.778;-0.180;6.908
419730;31.5;27.06;0.438;1.488;2007.888;0.361;6.883
419830;31.6;27.06;0.411;1.514;1988.904;0.716;6.336
419930;31.6;27.06;0.444;1.481;1982.337;0.261;7.073
420030;31.5;27.06;0.476;1.519;2011.004;-0.375;6.695
420130;31.5;27.06;0.480;1.518;1997.638;-0.409;6.706
420230;31.5;27.06;0.459;1.491;2013.727;-0.016;7.033
420330;31.5;27.06;0.459;1.492;2010.624;0.007;6.998
420430;31.5;27.06;0.447;1.484;2002.549;0.210;7.020
420530;31.5;27.06;0.457;1.484;1991.269;0.008;7.127
420630;31.5;27.06;0.488;1.528;2003.850;-0.528;6.629
420730;31.5;27.06;0.488;1.550;2001.296;-0.752;6.317
420830;31.5;27.06;0.491;1.551;2009.266;-0.834;6.257
420930;31.5;27.06;0.486;1.523;2009.509;-0.491;6.629
421030;31.5;27.06;0.486;1.526;2005.238;-0.520;6.604
421130;31.5;27.06;0.492;1.550;1997.372;-0.841;6.264
421230;31.5;27.06;0.480;1.555;1999.943;-0.707;6.237
421330;31.5;27.06;0.474;1.553;1994.005;-0.556;6.221
421430;31.5;27.06;0.494;1.551;2015.862;-0.882;6.262
421530;31.6;27.06;0.497;1.536;2019.804;-0.764;6.464
421630;31.6;27.06;0.470;1.502;2011.210;-0.176;6.967
421730;31.6;27.06;0.450;1.487;2001.394;0.117;7.043
421830;31.5;27.06;0.463;1.501;2011.194;-0.144;6.936
421930;31.5;27.06;0.474;1.510;2013.697;-0.307;6.849
422030;31.5;27.06;0.446;1.497;2005.796;0.206;6.972
422130;31.5;27.06;0.415;1.519;2001.284;0.683;6.292
422230;31.5;27.06;0.418;1.540;1997.937;0.479;5.931
422330;31.5;27.06;0.407;1.535;1989.676;0.713;6.038
422430;31.5;27.06;0.423;1.490;1987.997;0.526;6.858
422530;31.5;27.06;0.444;1.481;1990.773;0.248;7.055
422630;31.5;27.06;0.453;1.490;2012.043;0.227;7.035
422730;31.5;27.06;0.434;1.494;2007.567;0.435;6.850
422830;31.5;27.06;0.409;1.525;1988.634;0.694;6.229
422930;31.5;27.06;0.429;1.485;1982.721;0.460;6.935
423030;31.5;27.06;0.480;1.518;2003.402;-0.454;6.747
423130;31.5;27.06;0.497;1.547;1997.995;-0.866;6.352
423230;31.5;27.06;0.494;1.547;2003.244;-0.847;6.369
423330;31.5;27.06;0.478;1.522;2014.782;-0.353;6.694
423430;31.5;27.06;0.476;1.509;2014.764;-0.267;6.906
423530;31.5;27.06;0.472;1.505;1998.555;-0.218;6.881
423630;31.5;27.06;0.480;1.524;2002.317;-0.497;6.694
423730;31.5;27.06;0.501;1.550;1993.146;-0.903;6.296
423830;31.5;27.06;0.497;1.552;2011.452;-0.858;6.299
423930;31.5;27.06;0.477;1.516;2017.989;-0.300;6.779
424030;31.6;27.06;0.434;1.482;1996.849;0.401;7.087
424130;31.6;27.06;0.437;1.487;1994.143;0.353;7.018
424230;31.6;27.06;0.467;1.506;2011.017;-0.195;6.929
424330;31.5;27.06;0.472;1.499;2003.098;-0.215;7.029
424430;31.5;27.06;0.460;1.495;2001.064;-0.023;7.064
424530;31.5;27.06;0.443;1.487;2008.098;0.274;7.078
424630;31.5;27.06;0.426;1.496;2001.998;0.546;6.795
424730;31.5;27.06;0.414;1.537;2001.587;0.623;6.004
424830;31.6;27.06;0.414;1.515;1981.528;0.595;6.391
424930;31.6;27.06;0.437;1.482;1995.540;0.383;7.034
425030;31.6;27.06;0.422;1.512;2008.509;0.549;6.568
425130;31.6;27.06;0.412;1.541;1995.805;0.596;5.955
425230;31.6;27.06;0.437;1.537;1990.880;0.059;6.014
425330;31.5;27.06;0.444;1.545;1996.941;-0.073;5.950
425430;31.5;27.06;0.405;1.536;1982.295;0.763;6.102
425530;31.5;27.06;0.433;1.486;1989.764;0.430;6.991
425630;31.5;27.06;0.452;1.487;1996.872;0.096;7.130
425730;31.5;27.06;0.458;1.487;2012.595;0.053;7.127
425830;31.5;27.06;0.441;1.482;2004.873;0.284;7.141
425930;31.5;27.06;0.447;1.489;1998.392;0.221;7.070
426030;31.5;27.06;0.472;1.498;1989.164;-0.227;7.052
426130;31.5;27.06;0.495;1.540;2004.026;-0.802;6.495
426230;31.5;27.06;0.486;1.552;2002.605;-0.728;6.373
426330;31.5;27.06;0.487;1.529;2018.750;-0.542;6.658
426430;31.5;27.06;0.459;1.487;2009.109;0.002;7.216
426530;31.5;27.06;0.443;1.491;2012.349;0.275;7.019
426630;31.5;27.06;0.450;1.487;2002.921;0.158;7.164
426730;31.5;27.06;0.453;1.482;2001.779;0.120;7.228
426830;31.6;27.06;0.449;1.486;2001.482;0.176;7.162
426930;31.6;27.06;0.434;1.499;2011.819;0.436;6.803
427030;31.6;27.06;0.414;1.547;1998.727;0.560;5.925
427130;31.6;27.06;0.421;1.544;1983.658;0.363;5.968
427230;31.6;27.06;0.408;1.525;1987.352;0.745;6.299
427330;31.6;27.06;0.414;1.520;1991.086;0.693;6.385
427430;31.6;27.06;0.422;1.505;2000.199;0.566;6.702
427530;31.6;27.06;0.419;1.523;1995.449;0.592;6.303
427630;31.6;27.06;0.411;1.543;1996.092;0.614;6.003
427730;31.6;27.06;0.421;1.548;1996.601;0.434;5.896
427830;31.6;27.06;0.415;1.548;1993.336;0.522;5.911
427930;31.6;27.06;0.409;1.514;1980.643;0.653;6.336
428030;31.7;27.06;0.409;1.532;1998.922;0.728;6.222
428130;31.7;27.06;0.414;1.534;1999.560;0.649;6.131
428230;31.7;27.06;0.410;1.538;1992.953;0.640;6.079
428330;31.6;27.06;0.411;1.545;1992.910;0.582;5.987
428430;31.6;27.06;0.411;1.529;1982.605;0.678;6.232
428530;31.7;27.06;0.437;1.483;1996.111;0.350;7.142
428630;31.7;27.06;0.459;1.496;1999.587;-0.040;7.095
428730;31.7;27.06;0.474;1.506;2007.484;-0.241;6.960
428830;31.6;27.06;0.462;1.494;2012.529;0.004;7.155
428930;31.6;27.06;0.444;1.491;2007.479;0.243;7.074
429030;31.7;27.06;0.455;1.492;2000.219;0.064;7.154
429130;31.7;27.06;0.473;1.498;1987.585;-0.263;7.090
429230;31.7;27.06;0.471;1.513;2011.875;-0.272;6.887
429330;31.7;27.06;0.464;1.501;2024.093;-0.051;7.027
429430;31.7;27.06;0.421;1.513;1996.168;0.640;6.607
429530;31.7;27.06;0.412;1.545;2002.660;0.616;5.976
429630;31.7;27.06;0.434;1.551;1997.477;0.161;5.926
429730;31.7;27.06;0.422;1.544;1990.285;0.362;5.976
429830;31.7;27.06;0.416;1.553;1991.639;0.479;5.877
429930;31.7;27.06;0.417;1.546;1991.223;0.507;5.937
430030;31.8;27.06;0.461;1.550;2008.280;-0.314;5.955
430130;31.8;27.06;0.479;1.534;2003.169;-0.635;6.241
430230;31.8;27.06;0.459;1.541;1986.197;-0.306;6.117
430330;31.8;27.06;0.428;1.536;1987.350;0.244;6.095
430430;31.8;27.06;0.420;1.554;1995.932;0.435;5.835
430530;31.8;27.06;0.413;1.531;1993.806;0.676;6.224
430630;31.8;27.06;0.409;1.536;1986.699;0.675;6.184
430730;31.8;27.06;0.411;1.548;1995.750;0.599;5.949
430830;31.7;27.06;0.418;1.550;1990.597;0.512;5.924
430930;31.7;27.06;0.412;1.527;1984.823;0.686;6.280
431030;31.7;27.06;0.438;1.488;1990.903;0.342;7.083
431130;31.7;27.06;0.443;1.484;2005.311;0.286;7.175
431230;31.7;27.06;0.439;1.493;2006.112;0.388;7.026
431330;31.6;27.06;0.421;1.512;2001.668;0.582;6.593
431430;31.6;27.06;0.415;1.521;1990.645;0.637;6.440
431530;31.7;27.06;0.425;1.504;1994.139;0.510;6.724
431630;31.7;27.06;0.440;1.494;2000.398;0.320;7.076
431730;31.7;27.06;0.455;1.487;2007.949;0.066;7.223
431830;31.7;27.06;0.442;1.481;1996.923;0.320;7.286
431930;31.7;27.06;0.409;1.542;2010.944;0.684;6.076
432030;31.8;27.06;0.422;1.555;1990.248;0.419;5.866
432130;31.8;27.06;0.411;1.537;1991.139;0.646;6.154
432230;31.8;27.06;0.421;1.512;1990.420;0.577;6.622
432330;31.8;27.06;0.412;1.519;2006.538;0.733;6.458
432430;31.8;27.06;0.414;1.547;2005.399;0.534;5.997
432530;31.8;27.06;0.453;1.545;2005.811;-0.214;6.070
432630;31.8;27.06;0.487;1.539;2002.977;-0.669;6.181
432730;31.8;27.06;0.473;1.527;2004.128;-0.451;6.288
432830;31.8;27.06;0.485;1.536;1995.124;-0.724;6.248
432930;31.8;27.06;0.442;1.547;1990.599;-0.028;6.031
433030;31.7;27.06;0.446;1.547;1991.862;-0.087;6.026
433130;31.7;27.06;0.481;1.535;2022.036;-0.556;6.247
433230;31.7;27.06;0.480;1.533;1994.783;-0.539;6.255
433330;31.7;27.06;0.460;1.541;1989.963;-0.339;6.127
433430;31.7;27.06;0.435;1.546;1986.897;0.114;6.058
433530;31.6;27.06;0.407;1.533;1991.575;0.709;6.254
433630;31.6;27.06;0.426;1.497;1994.324;0.572;6.944
433730;31.6;27.06;0.431;1.492;2000.234;0.407;7.065
433830;31.7;27.12;0.418;1.507;1997.248;0.643;6.686
433930;31.7;27.12;0.412;1.536;1996.096;0.677;6.212
434030;31.6;27.12;0.421;1.504;1988.712;0.556;6.836
434130;31.6;27.12;0.451;1.489;2002.196;0.148;7.170
434230;31.6;27.12;0.426;1.498;1992.801;0.575;6.878
434330;31.7;27.12;0.412;1.547;2006.522;0.683;6.041
434430;31.7;27.12;0.431;1.554;2001.005;0.223;5.951
434530;31.7;27.12;0.422;1.542;1985.565;0.358;6.090
434630;31.7;27.12;0.419;1.549;1989.970;0.440;6.015
434730;31.7;27.12;0.413;1.550;1991.920;0.561;5.979
434830;31.7;27.06;0.414;1.524;1994.409;0.702;6.377
434930;31.7;27.06;0.414;1.559;2004.362;0.519;5.885
435030;31.8;27.06;0.484;1.545;2006.224;-0.649;6.111
435130;31.8;27.06;0.478;1.537;1999.434;-0.608;6.200
435230;31.8;27.06;0.439;1.544;1983.247;0.051;6.075
435330;31.8;27.06;0.415;1.545;1987.010;0.519;6.078
435430;31.8;27.06;0.439;1.547;1998.338;0.098;5.996
435530;31.7;27.06;0.482;1.542;2010.206;-0.620;6.173
435630;31.7;27.06;0.478;1.536;2009.190;-0.512;6.285
435730;31.7;27.06;0.460;1.508;2002.887;-0.177;6.583
435830;31.6;27.06;0.471;1.524;1998.487;-0.339;6.393
435930;31.6;27.06;0.468;1.544;1986.822;-0.579;6.178
436030;31.5;27.06;0.429;1.548;1991.644;0.295;6.077
436130;31.5;27.06;0.465;1.548;2005.326;-0.408;6.130
436230;31.5;27.06;0.490;1.541;2002.308;-0.731;6.201
436330;31.7;27.06;0.467;1.541;1991.185;-0.459;6.150
436430;31.7;27.06;0.416;1.550;1981.350;0.530;6.002
436530;31.8;27.06;0.419;1.514;1984.003;0.609;6.599
436630;31.8;27.06;0.424;1.515;1995.669;0.596;6.612
436730;31.8;27.06;0.413;1.526;2001.002;0.712;6.469
436830;31.7;27.06;0.411;1.537;1997.411;0.728;6.270
436930;31.7;27.06;0.422;1.543;1988.569;0.379;6.125
437030;31.7;27.06;0.444;1.552;1997.745;-0.024;6.021
437130;31.7;27.06;0.410;1.542;1986.190;0.688;6.145
437230;31.7;27.06;0.415;1.536;1993.299;0.673;6.159
437330;31.8;27.06;0.463;1.550;2008.398;-0.361;6.102
437430;31.8;27.06;0.478;1.537;2014.253;-0.473;6.270
437530;31.7;27.06;0.466;1.517;2006.626;-0.248;6.494
437630;31.7;27.06;0.482;1.531;1997.623;-0.568;6.342
437730;31.7;27.06;0.488;1.536;1994.261;-0.698;6.320
437830;31.7;27.06;0.474;1.539;1996.200;-0.529;6.218
437930;31.7;27.06;0.475;1.547;2012.230;-0.590;6.136
438030;31.8;27.06;0.484;1.531;2005.777;-0.532;6.350
438130;31.8;27.06;0.462;1.505;1999.226;-0.178;6.720
438230;31.8;27.06;0.474;1.527;2001.531;-0.378;6.396
438330;31.9;27.06;0.445;1.552;1986.046;-0.025;6.071
438430;31.9;27.06;0.425;1.542;1984.516;0.379;6.161
438530;31.9;27.06;0.476;1.541;2011.090;-0.575;6.208
438630;31.9;27.06;0.481;1.539;2004.953;-0.556;6.260
438730;31.9;27.06;0.467;1.524;2009.929;-0.267;6.449
438830;31.8;27.06;0.477;1.526;1992.322;-0.496;6.437
438930;31.8;27.06;0.471;1.546;1990.537;-0.496;6.158
439030;31.8;27.06;0.433;1.546;1992.145;0.180;6.140
439130;31.8;27.06;0.432;1.560;2003.930;0.201;5.960
439230;31.8;27.06;0.473;1.544;1992.720;-0.608;6.165
439330;31.8;27.06;0.482;1.534;1996.672;-0.627;6.293
439430;31.8;27.06;0.464;1.550;1993.226;-0.356;6.138
439530;31.8;27.06;0.428;1.556;1988.546;0.259;6.010
439630;31.8;27.06;0.422;1.542;1982.673;0.437;6.196
439730;31.8;27.06;0.438;1.557;2002.988;0.088;6.005
439830;31.8;27.06;0.466;1.552;2000.771;-0.377;6.066
439930;31.8;27.06;0.481;1.535;2007.579;-0.561;6.360
440030;31.7;27.06;0.475;1.521;1998.338;-0.380;6.547
440130;31.7;27.06;0.481;1.535;1990.437;-0.586;6.359
440230;31.7;27.06;0.472;1.541;1999.854;-0.495;6.231
440330;31.8;27.06;0.486;1.544;2013.567;-0.641;6.259
440430;31.8;27.06;0.456;1.495;2004.314;-0.035;6.897
440530;31.8;27.06;0.444;1.490;2007.744;0.169;6.864
440630;31.8;27.06;0.440;1.489;1997.381;0.238;6.885
440730;31.8;27.06;0.461;1.502;1997.982;-0.156;6.836
440830;31.9;27.06;0.472;1.519;1993.202;-0.343;6.503
440930;31.9;27.06;0.485;1.535;2006.202;-0.609;6.372
441030;31.8;27.06;0.477;1.533;2005.090;-0.442;6.367
441130;31.8;27.06;0.455;1.507;2006.611;-0.035;6.683
441230;31.8;27.06;0.464;1.512;1990.402;-0.216;6.656
441330;31.8;27.06;0.480;1.540;1983.253;-0.617;6.295
441430;31.8;27.06;0.439;1.542;1990.366;0.082;6.175
441530;31.8;27.06;0.424;1.561;1995.161;0.354;5.982
441630;31.8;27.06;0.482;1.550;2002.640;-0.602;6.155
441730;31.8;27.06;0.482;1.541;2008.345;-0.581;6.250
441830;31.8;27.06;0.483;1.533;2008.384;-0.565;6.415
441930;31.8;27.06;0.482;1.541;1990.988;-0.583;6.319
442030;31.7;27.06;0.473;1.539;1985.204;-0.525;6.288
442130;31.7;27.06;0.473;1.549;2005.714;-0.507;6.177
442230;31.7;27.06;0.488;1.547;2012.517;-0.693;6.183
442330;31.7;27.06;0.463;1.517;2008.135;-0.206;6.644
442430;31.7;27.06;0.465;1.512;1993.745;-0.216;6.677
442530;31.8;27.06;0.474;1.533;2000.434;-0.415;6.415
442630;31.8;27.06;0.484;1.535;1998.837;-0.613;6.342
442730;31.8;27.06;0.483;1.540;1998.452;-0.645;6.382
442830;31.8;27.06;0.471;1.527;2009.321;-0.312;6.498
442930;31.8;27.06;0.472;1.527;2013.695;-0.338;6.498
443030;31.8;27.06;0.463;1.503;2010.746;-0.126;6.809
443130;31.8;27.06;0.458;1.500;1997.122;-0.088;6.899
443230;31.8;27.06;0.464;1.514;1995.195;-0.190;6.641
443330;31.8;27.06;0.465;1.524;2012.352;-0.172;6.552
443430;31.8;27.06;0.456;1.498;2010.303;-0.016;6.896
443530;31.9;27.06;0.440;1.493;1999.742;0.229;6.863
443630;31.9;27.06;0.435;1.491;1995.373;0.340;6.825
443730;31.9;27.06;0.446;1.483;1993.252;0.144;7.049
443830;31.9;27.06;0.464;1.514;1997.404;-0.182;6.644
443930;31.9;27.06;0.480;1.530;1990.142;-0.498;6.517
444030;31.8;27.06;0.487;1.539;2004.751;-0.599;6.324
444130;31.8;27.06;0.472;1.535;2010.070;-0.344;6.372
444230;31.8;27.06;0.468;1.519;2005.345;-0.228;6.619
444330;31.8;27.06;0.484;1.538;1986.291;-0.648;6.374
444430;31.8;27.06;0.465;1.547;1990.213;-0.368;6.158
444530;31.9;27.06;0.452;1.557;2002.068;-0.141;6.119
444630;31.9;27.06;0.478;1.551;2008.063;-0.575;6.183
444730;31.9;27.06;0.471;1.526;2000.502;-0.362;6.502
444830;31.8;27.06;0.463;1.512;2013.707;-0.099;6.725
444930;31.8;27.06;0.459;1.502;1997.175;-0.054;6.867
445030;31.8;27.06;0.460;1.501;2006.041;-0.101;6.801
445130;31.8;27.06;0.460;1.512;1994.758;-0.148;6.774
445230;31.8;27.06;0.464;1.511;2010.209;-0.157;6.755
445330;31.7;27.06;0.449;1.496;2009.796;0.090;6.890
445430;31.7;27.06;0.430;1.494;1998.789;0.418;6.777
445530;31.7;27.06;0.438;1.485;1989.237;0.257;7.050
445630;31.7;27.06;0.451;1.501;2003.597;0.036;6.832
445730;31.7;27.06;0.463;1.512;2001.807;-0.122;6.765
445830;31.8;27.06;0.466;1.516;2001.316;-0.225;6.707
445930;31.8;27.06;0.457;1.503;2000.716;-0.068;6.837
446030;31.8;27.06;0.460;1.504;2012.800;-0.076;6.870
446130;31.8;27.06;0.444;1.493;2002.501;0.215;7.014
446230;31.8;27.06;0.450;1.492;2003.132;0.040;6.953
446330;31.8;27.06;0.463;1.510;2000.885;-0.142;6.784
446430;31.8;27.06;0.464;1.507;2007.529;-0.164;6.782
446530;31.9;27.06;0.462;1.511;2007.108;-0.133;6.714
446630;31.9;27.06;0.454;1.498;2002.661;0.034;6.900
446730;31.9;27.06;0.451;1.488;1996.362;0.089;7.049
446830;31.9;27.06;0.463;1.511;2004.454;-0.195;6.717
446930;31.9;27.06;0.468;1.527;2003.961;-0.296;6.580
447030;31.9;27.06;0.484;1.543;1992.220;-0.659;6.319
447130;31.9;27.06;0.482;1.539;2003.329;-0.521;6.357
447230;31.9;27.06;0.466;1.520;2018.759;-0.178;6.669
447330;31.8;27.06;0.459;1.495;2004.658;-0.058;6.987
447430;31.8;27.06;0.466;1.519;1988.013;-0.251;6.610
447530;31.6;27.06;0.484;1.535;2000.858;-0.586;6.470
447630;31.6;27.06;0.486;1.545;2008.298;-0.584;6.312
447730;31.6;27.06;0.462;1.515;2014.178;-0.101;6.715
447830;31.7;27.06;0.448;1.488;2000.758;0.158;7.027
447930;31.7;27.06;0.412;1.518;2004.553;0.671;6.390
448030;31.8;27.06;0.414;1.511;1997.936;0.586;6.456
448130;31.8;27.06;0.434;1.493;1997.984;0.339;6.864
448230;31.8;27.06;0.448;1.487;1991.107;0.125;7.078
448330;31.8;27.06;0.437;1.498;2008.396;0.315;6.830
448430;31.8;27.06;0.414;1.521;2007.651;0.622;6.359
448530;31.8;27.06;0.401;1.530;1990.631;0.775;6.158
448630;31.8;27.06;0.423;1.495;1988.068;0.486;6.731
448730;31.8;27.06;0.443;1.491;2002.338;0.210;6.945
448830;31.9;27.06;0.455;1.494;2002.556;0.004;7.018
448930;31.9;27.06;0.459;1.510;1997.901;-0.069;6.809
449030;32.0;27.06;0.452;1.496;2006.480;0.046;6.992
449130;32.0;27.06;0.446;1.492;2007.733;0.147;6.988
449230;32.0;27.06;0.442;1.493;2003.977;0.160;6.955
449330;32.0;27.06;0.463;1.522;1995.849;-0.131;6.687
449430;32.0;27.06;0.477;1.532;1999.331;-0.406;6.521
449530;31.9;27.06;0.466;1.524;2013.842;-0.193;6.608
449630;31.9;27.06;0.452;1.497;2010.835;0.104;6.962
449730;31.9;27.06;0.426;1.494;2001.847;0.461;6.845
449830;31.8;27.06;0.430;1.488;1991.092;0.362;6.901
449930;31.8;27.06;0.455;1.496;2004.538;0.039;6.964
450030;32.0;27.06;0.458;1.503;2001.851;-0.057;6.960
450130;32.0;27.06;0.463;1.516;2001.173;-0.146;6.724
450230;32.0;27.06;0.449;1.498;2015.741;0.082;6.962
450330;31.9;27.06;0.429;1.500;2002.661;0.436;6.805
450430;31.9;27.06;0.436;1.494;1998.005;0.298;6.894
450530;31.7;27.06;0.465;1.511;1988.951;-0.189;6.811
450630;31.7;27.06;0.471;1.514;2002.910;-0.242;6.782
450730;31.7;27.06;0.465;1.513;2015.583;-0.146;6.768
450830;31.8;27.06;0.436;1.494;2003.134;0.347;6.919
450930;31.8;27.06;0.411;1.530;1997.678;0.672;6.198
451030;31.8;27.06;0.419;1.553;2000.360;0.327;5.788
451130;31.8;27.06;0.411;1.520;1985.254;0.648;6.423
451230;31.8;27.06;0.426;1.497;1996.870;0.453;6.824
451330;31.7;27.06;0.436;1.496;1996.678;0.318;6.896
451430;31.7;27.06;0.408;1.528;2002.805;0.744;6.256
451530;31.7;27.06;0.413;1.551;1996.935;0.505;5.820
451630;31.7;27.06;0.405;1.530;1992.798;0.684;6.171
451730;31.7;27.06;0.442;1.494;1988.571;0.252;6.974
451830;31.8;27.06;0.446;1.494;1996.052;0.149;7.047
451930;31.8;27.06;0.465;1.515;2007.410;-0.185;6.752
452030;31.8;27.06;0.457;1.508;2010.943;-0.064;6.869
452130;31.8;27.06;0.433;1.492;1994.335;0.396;6.987
452230;31.8;27.06;0.422;1.511;2003.018;0.503;6.606
452330;31.9;27.06;0.437;1.492;1993.782;0.305;7.025
452430;31.9;27.06;0.458;1.506;2001.726;-0.066;6.937
452530;31.9;27.06;0.454;1.499;2001.587;0.059;6.922
452630;31.9;27.06;0.421;1.509;2011.329;0.550;6.653
452730;31.9;27.06;0.403;1.548;1996.645;0.741;5.912
452830;31.9;27.06;0.417;1.557;2004.484;0.394;5.741
452930;31.9;27.06;0.404;1.524;1981.126;0.739;6.282
453030;31.9;27.06;0.422;1.497;1995.409;0.513;6.819
453130;31.9;27.06;0.448;1.497;1997.114;0.155;6.952
453230;31.9;27.06;0.439;1.494;2004.389;0.263;7.003
453330;31.9;27.06;0.410;1.547;2001.818;0.653;5.922
453430;31.9;27.06;0.419;1.561;2000.779;0.345;5.716
453530;32.0;27.06;0.414;1.511;1986.229;0.643;6.564
453630;32.0;27.06;0.448;1.493;2001.231;0.104;7.079
453730;32.0;27.06;0.451;1.495;1997.322;0.082;7.015
453830;32.0;27.06;0.432;1.501;2010.948;0.485;6.645
453930;32.0;27.06;0.410;1.541;1995.848;0.664;6.035
454030;32.0;27.06;0.421;1.558;2001.685;0.298;5.754
454130;32.0;27.06;0.419;1.546;1982.206;0.384;5.944
454230;32.0;27.06;0.407;1.524;1993.499;0.746;6.330
454330;31.9;27.06;0.429;1.502;2003.006;0.402;6.780
454430;31.9;27.06;0.428;1.501;2002.107;0.414;6.839
454530;31.9;27.06;0.414;1.552;2009.814;0.548;5.863
454630;31.9;27.06;0.425;1.556;1998.636;0.187;5.816
454730;31.9;27.06;0.415;1.510;1989.593;0.622;6.572
454830;31.8;27.06;0.434;1.488;1989.327;0.373;7.027
454930;31.8;27.06;0.443;1.493;1997.762;0.196;7.016
455030;31.9;27.06;0.447;1.497;2013.863;0.156;7.006
455130;31.9;27.06;0.440;1.496;2002.377;0.283;6.940
455230;31.9;27.06;0.403;1.536;2000.665;0.733;6.159
455330;32.0;27.06;0.411;1.545;1994.531;0.587;5.979
455430;32.0;27.06;0.419;1.504;1989.538;0.550;6.710
455530;32.0;27.06;0.435;1.501;2003.030;0.353;6.864
455630;32.0;27.06;0.410;1.521;1995.026;0.659;6.456
455730;32.0;27.06;0.424;1.557;2003.612;0.290;5.801
455830;32.0;27.06;0.443;1.549;2002.349;-0.120;5.957
455930;32.0;27.06;0.426;1.555;1987.438;0.243;5.864
456030;31.9;27.06;0.404;1.547;1981.404;0.688;5.987
456130;31.9;27.06;0.410;1.521;1994.872;0.657;6.397
456230;31.9;27.06;0.427;1.507;2004.706;0.470;6.799
456330;31.8;27.06;0.404;1.534;2001.126;0.762;6.221
456430;31.8;27.06;0.433;1.555;1996.514;0.076;5.841
456530;31.9;27.06;0.415;1.551;1984.082;0.482;5.931
456630;31.9;27.06;0.415;1.507;1985.907;0.647;6.688
456730;31.9;27.06;0.442;1.492;1998.853;0.218;7.076
456830;31.9;27.06;0.429;1.499;2000.289;0.426;6.896
456930;31.9;27.06;0.408;1.549;1999.600;0.660;5.965
457030;31.8;27.06;0.418;1.564;2004.370;0.369;5.710
457130;31.8;27.06;0.426;1.554;1989.331;0.275;5.869
457230;31.8;27.06;0.412;1.553;1984.500;0.497;5.938
457330;31.8;27.06;0.408;1.549;1991.132;0.657;5.952
457430;31.8;27.06;0.405;1.534;1999.941;0.722;6.271
457530;31.8;27.06;0.411;1.552;1996.862;0.577;5.891
457630;31.8;27.06;0.460;1.553;2004.615;-0.392;5.927
457730;31.8;27.06;0.428;1.551;1987.565;0.245;5.942
457830;31.8;27.06;0.401;1.544;1993.377;0.776;6.102
457930;31.8;27.06;0.405;1.536;1990.437;0.745;6.177
458030;31.8;27.06;0.409;1.535;1989.593;0.667;6.196
458130;31.8;27.06;0.406;1.549;1999.245;0.673;5.937
458230;31.8;27.06;0.406;1.553;2003.777;0.641;5.902
458330;31.8;27.06;0.418;1.555;1993.197;0.444;5.899
458430;31.8;27.06;0.414;1.553;1989.806;0.433;5.969
458530;31.8;27.06;0.408;1.554;1997.914;0.596;5.849
458630;31.8;27.06;0.409;1.548;2000.340;0.646;6.022
458730;31.8;27.06;0.425;1.558;1999.566;0.256;5.870
458830;31.8;27.06;0.481;1.545;2008.120;-0.708;6.094
458930;31.8;27.06;0.481;1.549;1999.987;-0.716;6.103
459030;31.8;27.06;0.438;1.553;1995.496;-0.025;5.982
459130;31.8;27.06;0.411;1.554;1982.797;0.516;5.839
459230;31.8;27.06;0.412;1.552;1992.542;0.540;5.975
459330;31.8;27.06;0.413;1.555;1998.800;0.529;5.900
459430;31.8;27.06;0.435;1.560;2005.129;0.085;5.873
459530;31.9;27.06;0.446;1.550;1985.436;-0.091;6.019
459630;31.9;27.06;0.430;1.554;1989.869;0.173;5.920
459730;31.9;27.06;0.407;1.522;1995.096;0.691;6.432
459830;31.9;27.06;0.417;1.516;1994.424;0.596;6.659
459930;31.9;27.06;0.408;1.554;1994.078;0.660;5.958
460030;31.9;27.06;0.448;1.559;2006.353;-0.170;5.905
460130;31.9;27.06;0.466;1.556;2006.636;-0.475;5.962
460230;31.9;27.06;0.453;1.550;1997.224;-0.267;6.056
460330;31.9;27.06;0.471;1.545;1998.316;-0.566;6.085
460430;31.9;27.06;0.444;1.553;1987.677;-0.063;5.983
460530;31.9;27.06;0.435;1.556;2005.947;0.046;5.947
460630;31.9;27.06;0.490;1.546;2010.619;-0.831;6.134
460730;31.9;27.06;0.499;1.534;1989.473;-0.903;6.308
460830;31.9;27.06;0.464;1.548;2001.226;-0.473;6.065
460930;31.9;27.06;0.424;1.558;1997.034;0.236;5.870
461030;31.9;27.06;0.409;1.553;1982.507;0.641;5.999
461130;31.9;27.06;0.421;1.553;1990.034;0.396;5.891
461230;31.9;27.06;0.426;1.565;2004.495;0.227;5.814
461330;31.9;27.06;0.439;1.555;1994.854;0.027;5.966
461430;31.9;27.06;0.447;1.553;1995.855;-0.177;6.005
461530;31.9;27.06;0.446;1.553;1990.263;-0.122;5.939
461630;31.9;27.06;0.422;1.559;1992.280;0.387;5.918
461730;31.9;27.06;0.420;1.556;2005.268;0.337;5.949
461830;31.9;27.06;0.478;1.546;2004.582;-0.706;6.153
461930;31.9;27.06;0.496;1.530;2002.863;-0.759;6.371
462030;32.1;27.06;0.496;1.538;2000.721;-0.891;6.271
462130;32.1;27.06;0.461;1.548;1993.833;-0.404;6.055
462230;32.1;27.06;0.427;1.557;1984.774;0.282;5.955
462330;32.0;27.06;0.421;1.557;1992.558;0.319;5.921
462430;32.0;27.06;0.437;1.562;2008.644;0.046;5.924
462530;32.0;27.06;0.487;1.543;2002.237;-0.795;6.200
462630;32.0;27.06;0.467;1.549;1989.425;-0.500;6.097
462730;32.0;27.06;0.452;1.552;1992.005;-0.242;6.000
462830;32.0;27.06;0.409;1.554;1992.190;0.633;6.009
462930;32.0;27.06;0.412;1.553;2001.820;0.562;5.973
463030;31.9;27.06;0.468;1.550;2003.596;-0.499;6.058
463130;31.9;27.06;0.494;1.544;2006.254;-0.918;6.214
463230;31.9;27.06;0.488;1.538;2013.153;-0.686;6.309
463330;31.8;27.06;0.499;1.531;2006.656;-0.931;6.370
463430;31.8;27.06;0.477;1.549;1986.588;-0.657;6.142
463530;31.9;27.06;0.444;1.551;1997.559;-0.082;6.040
463630;31.9;27.06;0.481;1.553;2012.643;-0.668;6.050
463730;31.9;27.06;0.499;1.533;2009.039;-0.874;6.346
463830;32.0;27.06;0.492;1.531;1994.059;-0.778;6.394
463930;32.0;27.06;0.488;1.542;2005.159;-0.787;6.244
464030;32.0;27.06;0.454;1.557;1989.976;-0.236;6.048
464130;32.0;27.06;0.415;1.556;1991.632;0.429;5.955
464230;32.0;27.06;0.432;1.559;1996.170;0.117;5.895
464330;31.9;27.06;0.469;1.556;2011.907;-0.488;6.054
464430;31.9;27.06;0.484;1.548;2004.414;-0.736;6.163
464530;31.9;27.06;0.496;1.537;2009.166;-0.934;6.294
464630;31.9;27.06;0.457;1.555;1984.634;-0.320;6.061
464730;31.9;27.06;0.454;1.554;2005.970;-0.267;6.063
464830;32.0;27.06;0.491;1.548;2013.000;-0.840;6.142
464930;32.0;27.06;0.495;1.536;2012.047;-0.763;6.332
465030;32.0;27.06;0.481;1.521;2001.569;-0.544;6.549
465130;32.0;27.06;0.484;1.523;2003.128;-0.577;6.492
465230;32.0;27.06;0.495;1.541;1996.979;-0.885;6.295
465330;32.1;27.06;0.445;1.551;1988.176;-0.140;6.078
465430;32.1;27.06;0.458;1.557;2001.909;-0.332;6.010
465530;32.1;27.06;0.497;1.548;2014.344;-0.862;6.183
465630;32.1;27.06;0.488;1.530;2008.690;-0.677;6.425
465730;32.1;27.06;0.496;1.539;2002.719;-0.937;6.268
465830;32.0;27.06;0.441;1.552;1977.901;-0.029;6.091
465930;32.0;27.06;0.425;1.554;2004.501;0.243;6.040
466030;32.0;27.06;0.442;1.563;2015.471;-0.051;5.939
466130;32.0;27.06;0.492;1.546;2003.539;-0.870;6.233
466230;32.0;27.06;0.485;1.527;2017.530;-0.566;6.478
466330;32.1;27.06;0.476;1.513;2010.391;-0.386;6.633
466430;32.1;27.06;0.502;1.537;1992.374;-0.942;6.352
466530;32.0;27.06;0.465;1.549;1993.824;-0.497;6.144
466630;32.0;27.06;0.490;1.549;2007.864;-0.829;6.144
466730;32.0;27.06;0.496;1.537;2014.560;-0.742;6.392
466830;32.0;27.06;0.473;1.516;2011.485;-0.328;6.639
466930;32.0;27.06;0.494;1.524;1997.747;-0.804;6.473
467030;32.0;27.06;0.497;1.540;2000.746;-0.899;6.299
467130;32.0;27.06;0.462;1.549;1996.519;-0.400;6.180
467230;32.0;27.06;0.455;1.559;2001.688;-0.285;6.023
467330;32.0;27.06;0.484;1.545;1991.372;-0.710;6.259
467430;32.0;27.06;0.495;1.535;2016.960;-0.826;6.393
467530;32.0;27.06;0.482;1.526;2018.066;-0.540;6.520
467630;32.0;27.06;0.498;1.537;1992.932;-0.840;6.367
467730;32.0;27.06;0.466;1.548;1991.614;-0.446;6.173
467830;32.0;27.06;0.498;1.545;2012.926;-0.866;6.269
467930;32.0;27.06;0.483;1.529;2017.853;-0.479;6.490
468030;32.0;27.06;0.465;1.497;2013.597;-0.189;6.906
468130;32.0;27.06;0.467;1.489;1996.842;-0.166;6.960
468230;32.0;27.06;0.479;1.512;1997.495;-0.340;6.730
468330;31.9;27.06;0.494;1.537;1998.776;-0.822;6.332
468430;31.9;27.06;0.472;1.552;2001.956;-0.554;6.144
468530;31.8;27.06;0.498;1.542;2007.205;-0.890;6.337
468630;31.8;27.06;0.479;1.514;2020.432;-0.380;6.663
468730;31.8;27.06;0.474;1.509;2008.458;-0.327;6.720
468830;31.9;27.06;0.495;1.541;1986.135;-0.833;6.342
468930;31.9;27.06;0.459;1.551;1988.157;-0.360;6.187
469030;32.1;27.06;0.473;1.554;2013.052;-0.573;6.118
469130;32.1;27.06;0.494;1.542;2017.108;-0.741;6.340
469230;32.1;27.06;0.479;1.519;2011.005;-0.437;6.600
469330;32.0;27.06;0.463;1.496;2009.180;-0.104;6.868
469430;32.0;27.06;0.473;1.504;2004.693;-0.246;6.819
469530;32.0;27.06;0.490;1.533;2004.303;-0.724;6.462
469630;32.0;27.06;0.494;1.544;2009.422;-0.876;6.302
469730;32.0;27.06;0.481;1.524;2017.727;-0.444;6.617
469830;32.0;27.06;0.456;1.491;2023.716;0.053;6.971
469930;32.0;27.06;0.454;1.482;2004.756;0.049;7.090
470030;32.0;27.06;0.482;1.520;1990.764;-0.439;6.646
470130;32.0;27.06;0.490;1.536;2000.280;-0.764;6.439
470230;32.0;27.06;0.500;1.542;2011.651;-0.945;6.320
470330;32.0;27.06;0.500;1.538;2010.619;-0.878;6.418
470430;32.0;27.06;0.487;1.528;2008.252;-0.433;6.590
470530;32.1;27.06;0.472;1.508;2014.484;-0.269;6.748
470630;32.1;27.06;0.474;1.503;2004.422;-0.278;6.878
470730;32.1;27.06;0.487;1.530;2003.693;-0.702;6.550
470830;32.0;27.06;0.496;1.538;2008.703;-0.841;6.371
470930;32.0;27.06;0.483;1.520;2016.016;-0.458;6.661
471030;32.1;27.06;0.464;1.499;2018.219;-0.118;6.908
471130;32.1;27.06;0.455;1.489;2004.146;0.078;6.969
471230;32.1;27.06;0.468;1.492;1990.362;-0.180;7.028
471330;32.1;27.06;0.481;1.522;2000.392;-0.517;6.671
471430;32.1;27.06;0.499;1.540;2008.426;-0.847;6.353
471530;32.0;27.06;0.500;1.541;2004.349;-0.861;6.369
471630;32.0;27.06;0.478;1.524;2013.100;-0.418;6.584
471730;32.0;27.06;0.466;1.499;2013.065;-0.146;6.899
471830;32.0;27.06;0.473;1.501;2001.006;-0.253;6.938
471930;32.0;27.06;0.485;1.543;1999.671;-0.797;6.365
472030;32.1;27.06;0.486;1.545;2004.199;-0.802;6.261
472130;32.1;27.06;0.500;1.545;2014.157;-0.873;6.368
472230;32.1;27.06;0.472;1.516;2014.690;-0.271;6.695
472330;32.1;27.06;0.466;1.496;2014.248;-0.183;6.991
472430;32.1;27.06;0.457;1.479;1987.076;0.108;7.219
472530;32.1;27.06;0.467;1.501;2008.426;-0.200;6.906
472630;32.1;27.06;0.478;1.504;2003.070;-0.357;6.802
472730;32.1;27.06;0.484;1.527;2012.035;-0.498;6.602
472830;32.2;27.06;0.456;1.491;2007.650;0.052;7.004
472930;32.2;27.06;0.436;1.488;2001.778;0.375;6.898
473030;32.2;27.06;0.454;1.479;1994.733;0.086;7.186
473130;32.2;27.06;0.473;1.514;2007.293;-0.340;6.753
473230;32.2;27.06;0.481;1.516;2001.690;-0.418;6.690
473330;32.1;27.06;0.480;1.522;2009.676;-0.359;6.641
473430;32.1;27.06;0.476;1.514;2011.857;-0.332;6.758
473530;32.1;27.06;0.471;1.499;2012.442;-0.266;6.958
473630;32.1;27.06;0.464;1.483;1996.244;-0.058;7.123
473730;32.1;27.06;0.476;1.508;2004.029;-0.339;6.815
473830;32.1;27.06;0.480;1.518;2010.113;-0.393;6.659
473930;32.1;27.06;0.473;1.513;2006.934;-0.269;6.823
474030;32.1;27.06;0.458;1.490;2011.988;-0.004;7.035
474130;32.1;27.06;0.451;1.486;2013.499;0.140;7.041
474230;32.1;27.06;0.446;1.480;1999.069;0.242;7.081
474330;32.2;27.06;0.462;1.495;2002.847;-0.083;6.970
474430;32.2;27.06;0.475;1.507;2006.390;-0.308;6.834
474530;32.1;27.06;0.482;1.524;2006.951;-0.406;6.681
474630;32.1;27.06;0.480;1.530;2012.656;-0.497;6.549
474730;32.1;27.06;0.462;1.494;2011.323;-0.091;6.994
474830;32.1;27.06;0.459;1.487;1997.980;0.032;7.092
474930;32.1;27.06;0.479;1.511;2000.930;-0.439;6.818
475030;32.2;27.06;0.495;1.539;2015.894;-0.812;6.431
475130;32.2;27.06;0.492;1.537;1999.423;-0.709;6.519
475230;32.2;27.06;0.464;1.496;2017.821;-0.076;7.001
475330;32.1;27.06;0.449;1.483;2007.160;0.138;7.126
475430;32.1;27.06;0.444;1.480;2004.526;0.288;7.115
475530;32.2;27.06;0.433;1.495;1996.060;0.364;6.846
475630;32.2;27.06;0.447;1.483;2001.082;0.187;7.077
475730;32.2;27.06;0.459;1.483;2006.287;0.004;7.188
475830;32.2;27.06;0.444;1.489;2013.094;0.206;7.039
475930;32.2;27.06;0.419;1.505;1997.865;0.614;6.571
476030;32.1;27.06;0.419;1.505;1987.664;0.635;6.523
476130;32.1;27.06;0.435;1.486;2002.792;0.345;7.070
476230;32.1;27.06;0.458;1.492;2001.992;-0.018;7.056
476330;32.1;27.06;0.469;1.500;1997.049;-0.187;6.999
476430;32.1;27.06;0.469;1.500;2014.283;-0.190;6.969
476530;32.0;27.06;0.470;1.502;2014.740;-0.195;6.930
476630;32.0;27.06;0.451;1.485;2003.714;0.169;7.097
476730;32.0;27.06;0.448;1.486;1998.444;0.199;7.045
476830;32.0;27.06;0.463;1.492;2005.335;-0.094;7.055
476930;32.0;27.06;0.472;1.507;2008.919;-0.220;6.907
477030;32.0;27.06;0.461;1.496;2011.492;-0.050;7.002
477130;32.0;27.06;0.441;1.485;2001.136;0.314;7.021
477230;32.0;27.06;0.420;1.499;1997.425;0.668;6.712
477330;32.1;27.06;0.428;1.489;2001.339;0.454;6.968
477430;32.1;27.06;0.452;1.480;1999.593;0.088;7.161
477530;32.2;27.06;0.464;1.490;1996.321;-0.070;7.123
477630;32.2;27.06;0.483;1.519;2010.194;-0.459;6.755
477730;32.2;27.06;0.467;1.498;2017.587;-0.071;6.993
477830;32.2;27.06;0.432;1.490;1995.721;0.465;6.886
477930;32.2;27.06;0.426;1.496;1995.414;0.474;6.794
478030;32.2;27.06;0.457;1.486;1999.370;-0.038;7.118
478130;32.2;27.06;0.476;1.508;2005.750;-0.305;6.943
478230;32.2;27.06;0.463;1.500;2014.047;-0.109;7.001
478330;32.1;27.06;0.435;1.488;2002.860;0.374;6.964
478430;32.1;27.06;0.417;1.509;2002.195;0.670;6.520
478530;32.1;27.06;0.411;1.535;1997.837;0.637;6.089
478630;32.1;27.06;0.410;1.521;1987.623;0.641;6.246
478730;32.1;27.06;0.429;1.485;1983.932;0.477;7.000
478830;32.1;27.06;0.449;1.490;2008.849;0.178;7.019
478930;32.1;27.06;0.429;1.496;2004.591;0.466;6.796
479030;32.1;27.06;0.408;1.533;1991.299;0.657;6.093
479130;32.1;27.06;0.410;1.538;1987.265;0.609;6.033
479230;32.1;27.06;0.434;1.484;1996.092;0.385;7.025
479330;32.1;27.06;0.450;1.479;1994.261;0.196;7.228
479430;32.1;27.06;0.458;1.495;1997.798;-0.046;7.064
479530;32.1;27.06;0.459;1.489;2010.094;-0.004;7.153
479630;32.1;27.06;0.454;1.489;2007.182;0.116;7.157
479730;32.1;27.06;0.442;1.494;2003.879;0.362;6.962
479830;32.1;27.06;0.440;1.484;1992.288;0.282;7.059
479930;32.1;27.06;0.452;1.482;1994.183;0.163;7.220
480030;32.1;27.06;0.456;1.493;2011.288;0.040;7.128
480130;32.1;27.06;0.441;1.489;2003.364;0.317;7.021
480230;32.1;27.06;0.416;1.515;1993.977;0.640;6.431
480330;32.1;27.06;0.409;1.547;2000.053;0.657;5.898
480430;32.1;27.06;0.417;1.516;1989.730;0.617;6.401
480530;32.0;27.06;0.428;1.490;1987.152;0.517;6.993
480630;32.0;27.06;0.436;1.483;1993.595;0.341;7.142
480730;32.0;27.06;0.449;1.487;2009.995;0.189;7.087
480830;32.1;27.06;0.413;1.518;2006.201;0.708;6.383
480930;32.1;27.06;0.411;1.538;1999.574;0.640;6.055
481030;32.1;27.06;0.411;1.515;1977.566;0.675;6.383
481130;32.1;27.06;0.440;1.487;1998.087;0.349;7.080
481230;32.1;27.06;0.449;1.490;2013.445;0.138;7.131
481330;32.1;27.06;0.438;1.486;2003.935;0.314;7.086
481430;32.1;27.06;0.408;1.527;1998.659;0.761;6.234
481530;32.2;27.06;0.424;1.555;2006.980;0.352;5.840
481630;32.2;27.06;0.408;1.545;1985.830;0.671;5.952
481730;32.2;27.06;0.409;1.527;1978.567;0.744;6.270
481830;32.2;27.06;0.432;1.492;1995.525;0.406;6.975
481930;32.2;27.06;0.422;1.500;2005.600;0.571;6.807
482030;32.1;27.06;0.414;1.536;1996.937;0.635;6.128
482130;32.1;27.06;0.416;1.554;1992.327;0.466;5.822
482230;32.1;27.06;0.415;1.518;1985.054;0.634;6.341
482330;32.2;27.06;0.430;1.495;1999.930;0.466;6.931
482430;32.2;27.06;0.449;1.487;1999.176;0.156;7.194
482530;32.1;27.06;0.452;1.490;2001.726;0.101;7.125
482630;32.1;27.06;0.429;1.492;2009.180;0.493;6.946
482730;32.1;27.06;0.413;1.521;2002.844;0.668;6.419
482830;32.1;27.06;0.413;1.524;1996.571;0.691;6.346
482930;32.1;27.06;0.423;1.498;1982.713;0.586;6.825
483030;32.2;27.06;0.434;1.493;2002.434;0.373;7.002
483130;32.2;27.06;0.428;1.504;2002.090;0.492;6.687
483230;32.2;27.06;0.415;1.548;2000.988;0.552;5.949
483330;32.2;27.06;0.462;1.547;1998.843;-0.379;6.022
483430;32.2;27.06;0.456;1.542;1987.328;-0.266;6.020
483530;32.2;27.06;0.412;1.541;1979.850;0.621;6.071
483630;32.2;27.06;0.413;1.517;1993.579;0.635;6.490
483730;32.2;27.06;0.415;1.512;1988.138;0.704;6.529
483830;32.1;27.06;0.415;1.540;2003.109;0.600;6.073
483930;32.1;27.06;0.434;1.554;2003.970;0.156;5.886
484030;32.1;27.06;0.418;1.547;1985.415;0.489;5.941
484130;32.1;27.06;0.412;1.501;1969.090;0.716;6.733
484230;32.1;27.06;0.441;1.493;2002.698;0.263;7.078
484330;32.2;27.06;0.443;1.487;2010.164;0.308;7.080
484430;32.2;27.06;0.410;1.542;1999.351;0.696;6.061
484530;32.2;27.06;0.436;1.552;2002.049;0.090;5.934
484630;32.2;27.06;0.473;1.544;2001.032;-0.511;6.051
484730;32.2;27.06;0.416;1.541;1984.842;0.498;6.050
484830;32.1;27.06;0.406;1.543;1996.601;0.677;6.051
484930;32.1;27.06;0.411;1.515;1982.107;0.744;6.497
485030;32.1;27.06;0.413;1.553;2005.484;0.599;5.943
485130;32.1;27.06;0.457;1.551;2003.287;-0.270;5.992
485230;32.1;27.06;0.428;1.546;1985.253;0.200;6.003
485330;32.2;27.06;0.415;1.535;1983.664;0.613;6.142
485430;32.2;27.06;0.411;1.527;1998.088;0.697;6.334
485530;32.2;27.06;0.427;1.504;1998.824;0.549;6.744
485630;32.2;27.06;0.407;1.540;1991.456;0.742;6.099
485730;32.2;27.06;0.433;1.553;2008.621;0.150;5.938
485830;32.1;27.06;0.453;1.549;1999.308;-0.206;5.990
485930;32.1;27.06;0.428;1.544;1988.950;0.247;6.055
486030;32.2;27.06;0.407;1.542;1997.290;0.646;6.089
486130;32.2;27.06;0.422;1.549;1993.153;0.478;5.939
486230;32.2;27.06;0.437;1.549;2007.251;0.094;6.013
486330;32.1;27.06;0.486;1.541;2010.252;-0.713;6.154
486430;32.1;27.06;0.483;1.533;1991.135;-0.610;6.249
486530;32.1;27.06;0.467;1.539;1983.948;-0.434;6.104
486630;32.1;27.06;0.420;1.553;1993.013;0.387;5.952
486730;32.1;27.06;0.411;1.543;1988.546;0.665;6.088
486830;32.2;27.06;0.410;1.543;1987.665;0.650;6.083
486930;32.2;27.06;0.453;1.552;2011.473;-0.193;5.999
487030;32.2;27.06;0.462;1.547;1989.121;-0.340;6.060
487130;32.2;27.06;0.418;1.546;1985.785;0.463;6.043
487230;32.2;27.06;0.418;1.518;1991.092;0.622;6.596
487330;32.2;27.06;0.419;1.519;1993.169;0.650;6.501
487430;32.2;27.06;0.413;1.541;2002.726;0.659;6.134
487530;32.2;27.06;0.440;1.552;2005.709;0.026;5.985
487630;32.2;27.06;0.465;1.544;1992.437;-0.392;6.120
487730;32.2;27.06;0.466;1.539;1991.778;-0.405;6.143
487830;32.2;27.06;0.455;1.550;2000.705;-0.253;6.022
487930;32.2;27.06;0.430;1.549;1991.205;0.229;5.991
488030;32.1;27.06;0.434;1.545;1992.304;0.128;6.085
488130;32.1;27.06;0.487;1.548;2020.681;-0.725;6.075
488230;32.1;27.06;0.482;1.531;2000.686;-0.547;6.292
488330;32.1;27.06;0.470;1.541;1989.308;-0.475;6.161
488430;32.1;27.06;0.465;1.544;1994.306;-0.405;6.166
488530;32.2;27.06;0.438;1.551;1988.916;0.110;6.013
488630;32.2;27.06;0.426;1.546;1993.954;0.333;6.086
488730;32.2;27.06;0.429;1.550;1987.905;0.259;5.983
488830;32.1;27.06;0.474;1.549;1998.174;-0.481;6.054
488930;32.1;27.06;0.480;1.538;2004.441;-0.594;6.185
489030;32.1;27.06;0.474;1.541;1996.752;-0.572;6.232
489130;32.1;27.06;0.441;1.551;1989.818;0.024;5.976
489230;32.1;27.06;0.470;1.541;1995.963;-0.459;6.173
489330;32.2;27.06;0.489;1.537;2010.519;-0.708;6.245
489430;32.2;27.06;0.481;1.537;2002.427;-0.510;6.258
489530;32.1;27.06;0.477;1.530;1992.635;-0.549;6.329
489630;32.1;27.06;0.480;1.541;2000.864;-0.662;6.213
489730;32.1;27.06;0.451;1.548;1992.049;-0.190;6.083
489830;32.1;27.06;0.427;1.544;1989.979;0.285;6.118
489930;32.1;27.06;0.453;1.551;2001.779;-0.181;6.011
490030;32.1;27.06;0.489;1.540;2004.879;-0.703;6.205
490130;32.1;27.06;0.473;1.546;1995.067;-0.513;6.093
490230;32.1;27.06;0.446;1.544;1991.336;-0.101;6.131
490330;32.1;27.06;0.410;1.542;1983.124;0.664;6.117
490430;32.1;27.06;0.426;1.547;1997.722;0.328;6.096
490530;32.2;27.06;0.488;1.544;2017.563;-0.710;6.163
490630;32.2;27.06;0.482;1.542;2002.611;-0.610;6.245
490730;32.2;27.06;0.471;1.526;1997.726;-0.358;6.360
490830;32.1;27.06;0.470;1.523;2008.975;-0.305;6.456
490930;32.1;27.06;0.483;1.530;1991.938;-0.613;6.350
491030;32.1;27.06;0.469;1.543;2000.448;-0.435;6.175
491130;32.1;27.06;0.489;1.536;2012.710;-0.703;6.289
491230;32.1;27.06;0.460;1.507;2012.610;-0.091;6.721
491330;32.2;27.06;0.466;1.507;1995.867;-0.235;6.639
491430;32.2;27.06;0.485;1.532;1997.591;-0.622;6.377
491530;32.2;27.06;0.480;1.536;1985.989;-0.616;6.254
491630;32.2;27.06;0.475;1.544;1998.448;-0.534;6.158
491730;32.2;27.06;0.479;1.545;2009.623;-0.599;6.184
491830;32.2;27.06;0.478;1.548;1997.168;-0.583;6.157
491930;32.2;27.06;0.483;1.533;1996.477;-0.656;6.283
492030;32.2;27.06;0.486;1.537;2006.454;-0.615;6.304
492130;32.2;27.06;0.486;1.541;1991.291;-0.683;6.187
492230;32.2;27.06;0.463;1.548;1997.404;-0.358;6.126
492330;32.2;27.06;0.483;1.533;2005.499;-0.614;6.377
492430;32.2;27.06;0.467;1.528;2009.410;-0.245;6.462
492530;32.2;27.06;0.461;1.514;2005.211;-0.159;6.573
492630;32.2;27.06;0.467;1.526;1999.910;-0.303;6.494
492730;32.2;27.06;0.482;1.532;1991.074;-0.532;6.357
492830;32.2;27.00;0.478;1.539;2001.150;-0.530;6.276
492930;32.2;27.00;0.462;1.551;2004.657;-0.360;6.102
493030;32.2;27.00;0.484;1.536;2003.758;-0.593;6.345
493130;32.2;27.00;0.463;1.512;2002.480;-0.150;6.609
493230;32.2;27.00;0.469;1.516;2006.505;-0.247;6.622
493330;32.2;27.00;0.478;1.545;1988.260;-0.555;6.220
493430;32.2;27.00;0.451;1.548;1987.656;-0.114;6.157
493530;32.2;27.00;0.490;1.536;2017.761;-0.735;6.313
493630;32.2;27.00;0.468;1.517;2006.045;-0.237;6.616
493730;32.2;27.00;0.454;1.490;2012.353;0.034;6.922
493830;32.2;27.06;0.445;1.491;1993.025;0.151;6.932
493930;32.2;27.06;0.446;1.489;1995.334;0.154;6.923
494030;32.2;27.06;0.464;1.526;1995.468;-0.240;6.489
494130;32.2;27.06;0.479;1.530;2014.783;-0.479;6.433
494230;32.2;27.06;0.464;1.508;2000.254;-0.166;6.752
494330;32.2;27.06;0.450;1.491;2001.264;0.210;6.889
494430;32.2;27.06;0.464;1.503;2003.409;-0.162;6.807
494530;32.2;27.06;0.470;1.529;1999.246;-0.348;6.446
494630;32.2;27.06;0.479;1.535;1988.957;-0.539;6.389
494730;32.2;27.06;0.483;1.539;2005.152;-0.609;6.324
494830;32.2;27.06;0.485;1.542;2000.384;-0.633;6.266
494930;32.2;27.06;0.475;1.533;2008.336;-0.411;6.368
495030;32.2;27.06;0.475;1.516;1998.968;-0.337;6.640
495130;32.2;27.06;0.468;1.519;2002.761;-0.251;6.599
495230;32.2;27.06;0.480;1.534;1995.509;-0.571;6.393
495330;32.2;27.06;0.487;1.537;2013.034;-0.688;6.377
495430;32.2;27.06;0.466;1.514;2001.444;-0.185;6.669
495530;32.2;27.06;0.447;1.495;2012.605;0.134;6.828
495630;32.2;27.06;0.446;1.489;2003.531;0.159;6.995
495730;32.2;27.06;0.463;1.499;1996.424;-0.143;6.870
495830;32.1;27.06;0.464;1.519;1991.465;-0.198;6.561
495930;32.1;27.06;0.480;1.530;2006.188;-0.486;6.450
496030;32.1;27.06;0.471;1.531;2008.726;-0.304;6.442
496130;32.1;27.06;0.452;1.502;2009.586;0.014;6.830
496230;32.1;27.06;0.448;1.489;1996.763;0.111;6.992
496330;32.2;27.06;0.456;1.495;1992.371;0.030;6.988
496430;32.2;27.06;0.479;1.530;1998.251;-0.496;6.402
496530;32.2;27.06;0.482;1.546;2004.804;-0.634;6.261
496630;32.2;27.06;0.462;1.515;2008.653;-0.131;6.702
496730;32.2;27.06;0.447;1.493;2011.629;0.131;6.890
496830;32.3;27.06;0.432;1.499;2007.326;0.393;6.709
496930;32.3;27.06;0.440;1.481;1992.154;0.210;7.051
497030;32.2;27.06;0.450;1.493;1993.175;0.051;6.891
497130;32.2;27.06;0.466;1.518;2007.453;-0.199;6.607
497230;32.2;27.06;0.465;1.514;2005.823;-0.123;6.691
497330;32.3;27.06;0.430;1.496;2008.445;0.380;6.746
497430;32.3;27.06;0.433;1.489;1990.187;0.358;6.896
497530;32.2;27.06;0.449;1.485;2000.511;0.088;7.048
497630;32.2;27.06;0.466;1.511;1993.716;-0.196;6.699
497730;32.2;27.06;0.479;1.536;1996.334;-0.508;6.431
497830;32.2;27.06;0.473;1.527;2003.926;-0.335;6.543
497930;32.2;27.06;0.463;1.525;2019.261;-0.168;6.554
498030;32.2;27.06;0.458;1.500;2008.350;-0.019;6.900
498130;32.2;27.06;0.455;1.489;1994.493;0.015;7.017
498230;32.2;27.06;0.464;1.509;1994.426;-0.169;6.723
498330;32.2;27.06;0.462;1.523;2014.829;-0.133;6.615
498430;32.2;27.06;0.462;1.507;2008.934;-0.103;6.809
498530;32.3;27.06;0.432;1.493;2004.784;0.330;6.867
498630;32.3;27.06;0.413;1.518;1997.995;0.684;6.347
498730;32.3;27.06;0.413;1.508;1987.898;0.617;6.433
498830;32.3;27.06;0.444;1.493;1995.107;0.163;6.893
498930;32.3;27.06;0.460;1.502;1995.203;-0.057;6.872
499030;32.2;27.06;0.458;1.499;2006.281;-0.038;6.959
499130;32.2;27.06;0.442;1.498;2011.911;0.226;6.857
499230;32.2;27.06;0.421;1.506;1997.411;0.550;6.568
499330;32.2;27.06;0.432;1.484;1983.404;0.350;6.996
499430;32.2;27.06;0.461;1.513;1988.580;-0.134;6.727
499530;32.2;27.06;0.476;1.535;2008.201;-0.352;6.454
499630;32.2;27.06;0.474;1.524;2005.776;-0.317;6.591
499730;32.2;27.06;0.446;1.492;1999.837;0.152;6.896
499830;32.2;27.06;0.424;1.505;2006.718;0.539;6.641
499930;32.2;27.06;0.413;1.517;1994.713;0.612;6.344
500030;32.2;27.06;0.428;1.493;1993.601;0.406;6.839
500130;32.2;27.06;0.450;1.494;1994.244;0.066;6.992
500230;32.2;27.06;0.456;1.494;2003.755;0.013;7.018
500330;32.2;27.06;0.426;1.498;2010.821;0.479;6.767
500430;32.2;27.06;0.410;1.534;1995.334;0.660;6.067
500530;32.3;27.06;0.411;1.505;1977.772;0.629;6.603
500630;32.3;27.06;0.437;1.493;1995.993;0.307;6.919
500730;32.3;27.06;0.459;1.505;2008.810;-0.117;6.901
500830;32.4;27.06;0.456;1.501;2004.190;0.003;6.900
500930;32.4;27.06;0.436;1.490;1997.975;0.284;6.923
501030;32.3;27.06;0.435;1.502;2009.804;0.370;6.768
501130;32.3;27.06;0.417;1.518;2000.176;0.597;6.379
501230;32.3;27.06;0.420;1.507;1988.280;0.548;6.595
501330;32.3;27.06;0.441;1.493;2000.111;0.180;7.006
501430;32.3;27.06;0.434;1.492;2005.523;0.382;6.900
501530;32.3;27.06;0.415;1.527;2010.240;0.579;6.203
501630;32.3;27.06;0.407;1.548;1991.726;0.649;5.868
501730;32.3;27.06;0.411;1.547;1986.759;0.521;5.890
501830;32.2;27.06;0.409;1.537;1994.959;0.650;6.003
501930;32.2;27.06;0.434;1.491;1995.526;0.330;6.927
502030;32.2;27.06;0.454;1.489;1989.110;0.068;7.049
502130;32.2;27.06;0.441;1.496;2008.966;0.214;6.923
502230;32.2;27.06;0.425;1.511;2009.274;0.533;6.541
502330;32.2;27.06;0.406;1.528;1990.248;0.700;6.186
502430;32.2;27.06;0.431;1.489;1983.484;0.370;6.965
502530;32.2;27.06;0.457;1.504;2004.105;-0.062;6.932
502630;32.2;27.06;0.465;1.501;2006.566;-0.121;6.928
502730;32.2;27.06;0.438;1.500;2013.772;0.296;6.863
502830;32.2;27.06;0.421;1.510;1990.518;0.574;6.566
502930;32.2;27.06;0.407;1.544;1999.648;0.637;5.941
503030;32.2;27.06;0.404;1.534;1996.926;0.666;6.097
503130;32.2;27.06;0.417;1.513;1991.549;0.593;6.536
503230;32.2;27.06;0.435;1.486;1988.497;0.338;7.080
503330;32.2;27.06;0.423;1.503;2009.661;0.502;6.718
503430;32.2;27.06;0.410;1.547;2010.241;0.661;5.969
503530;32.3;27.06;0.415;1.549;1988.493;0.432;5.873
503630;32.3;27.06;0.407;1.527;1983.159;0.638;6.080
503730;32.3;27.06;0.418;1.513;1996.451;0.585;6.531
503830;32.3;27.00;0.425;1.505;1994.577;0.500;6.672
503930;32.3;27.00;0.411;1.519;2003.966;0.621;6.448
504030;32.3;27.00;0.410;1.522;1989.556;0.720;6.339
504130;32.3;27.00;0.407;1.543;1997.296;0.697;6.013
504230;32.3;27.00;0.404;1.553;2002.229;0.617;5.783
504330;32.3;27.00;0.404;1.527;1991.296;0.751;6.301
504430;32.3;27.00;0.422;1.506;1983.113;0.562;6.647
504530;32.3;27.00;0.402;1.540;2008.127;0.771;6.093
504630;32.3;27.00;0.417;1.556;1998.869;0.464;5.827
504730;32.3;27.00;0.423;1.545;1988.983;0.290;5.994
504830;32.3;27.06;0.413;1.555;1985.628;0.442;5.761
504930;32.3;27.06;0.412;1.525;1994.492;0.646;6.319
505030;32.2;27.06;0.415;1.510;1997.150;0.633;6.603
505130;32.2;27.06;0.429;1.501;1996.984;0.402;6.816
505230;32.2;27.06;0.422;1.518;2002.212;0.555;6.444
505330;32.3;27.06;0.409;1.553;1998.165;0.602;5.869
505430;32.3;27.06;0.403;1.547;1994.388;0.696;5.913
505530;32.4;27.06;0.431;1.496;1986.374;0.377;6.924
505630;32.4;27.06;0.441;1.492;1996.224;0.282;7.052
505730;32.4;27.06;0.435;1.505;2016.527;0.318;6.844
505830;32.4;27.06;0.410;1.543;2001.489;0.685;6.019
505930;32.4;27.06;0.414;1.552;1995.640;0.470;5.905
506030;32.4;27.06;0.455;1.553;2003.664;-0.313;5.863
506130;32.4;27.06;0.429;1.558;1998.585;0.180;5.867
506230;32.4;27.06;0.414;1.548;1988.225;0.484;5.939
506330;32.4;27.06;0.403;1.559;1997.316;0.618;5.777
506430;32.4;27.06;0.449;1.553;2006.992;-0.181;5.935
506530;32.4;27.06;0.479;1.543;2002.445;-0.689;6.086
506630;32.4;27.06;0.460;1.552;1998.856;-0.387;5.906
506730;32.4;27.06;0.418;1.556;1984.277;0.414;5.880
506830;32.3;27.06;0.407;1.544;1991.834;0.638;6.011
506930;32.3;27.06;0.411;1.520;2000.128;0.639;6.456
507030;32.3;27.06;0.416;1.526;1998.876;0.597;6.365
507130;32.3;27.06;0.407;1.544;1991.187;0.639;6.001
507230;32.3;27.06;0.420;1.563;2002.095;0.385;5.696
507330;32.4;27.06;0.407;1.543;1987.117;0.720;6.068
507430;32.4;27.06;0.422;1.506;1995.168;0.526;6.683
507530;32.2;27.06;0.417;1.517;1996.437;0.585;6.494
507630;32.2;27.06;0.415;1.555;2008.868;0.514;5.859
507730;32.2;27.06;0.436;1.552;1998.093;0.089;5.965
507830;32.2;27.06;0.452;1.557;2002.727;-0.281;5.860
507930;32.2;27.06;0.426;1.554;1986.191;0.216;5.961
508030;32.3;27.06;0.406;1.546;1992.513;0.637;5.995
508130;32.3;27.06;0.406;1.538;1996.036;0.696;6.121
508230;32.3;27.06;0.409;1.539;1995.900;0.708;6.115
508330;32.3;27.06;0.439;1.555;1995.698;0.056;5.910
508430;32.3;27.06;0.457;1.554;2007.807;-0.325;5.919
508530;32.3;27.06;0.432;1.555;1996.155;0.126;5.884
508630;32.3;27.06;0.407;1.537;1987.988;0.667;6.120
508730;32.3;27.06;0.404;1.554;1994.228;0.679;5.871
508830;32.4;27.06;0.430;1.559;2004.905;0.219;5.839
508930;32.4;27.06;0.470;1.549;2007.014;-0.530;6.023
509030;32.3;27.06;0.498;1.530;2015.883;-0.883;6.343
509130;32.3;27.06;0.479;1.517;1998.233;-0.472;6.503
509230;32.3;27.06;0.490;1.537;1997.667;-0.866;6.173
509330;32.3;27.06;0.440;1.558;2002.535;-0.050;5.867
509430;32.3;27.06;0.436;1.553;1992.190;0.033;5.949
509530;32.2;27.06;0.478;1.549;2007.980;-0.659;6.040
509630;32.2;27.06;0.498;1.531;2007.986;-0.924;6.303
509730;32.2;27.06;0.459;1.549;1996.484;-0.365;6.015
509830;32.3;27.06;0.421;1.546;1980.670;0.320;5.992
509930;32.3;27.06;0.408;1.560;1993.042;0.612;5.793
510030;32.3;27.06;0.413;1.530;1998.540;0.634;6.320
510130;32.3;27.06;0.405;1.539;1993.822;0.744;6.202
510230;32.3;27.06;0.421;1.562;2000.509;0.304;5.803
510330;32.3;27.06;0.441;1.554;1987.868;-0.008;5.965
510430;32.3;27.06;0.419;1.548;1988.866;0.386;5.995
510530;32.4;27.06;0.403;1.552;1997.369;0.731;5.974
510630;32.4;27.06;0.408;1.555;1993.624;0.598;5.913
510730;32.4;27.06;0.448;1.551;2004.308;-0.131;6.023
510830;32.4;27.06;0.487;1.543;2014.536;-0.820;6.128
510930;32.4;27.06;0.488;1.546;2003.271;-0.782;6.122
511030;32.4;27.06;0.474;1.543;1987.979;-0.571;6.103
511130;32.4;27.06;0.452;1.556;1998.998;-0.247;5.928
511230;32.4;27.06;0.422;1.560;1998.671;0.318;5.874
511330;32.4;27.06;0.444;1.551;2002.707;-0.096;6.038
511430;32.4;27.06;0.497;1.528;2016.792;-0.849;6.325
511530;32.4;27.06;0.488;1.516;2002.075;-0.598;6.513
511630;32.4;27.06;0.474;1.541;1986.716;-0.583;6.185
511730;32.4;27.06;0.429;1.562;1997.289;0.118;5.844
511830;32.4;27.06;0.437;1.556;1993.943;0.030;5.913
511930;32.4;27.06;0.486;1.545;2009.269;-0.769;6.143
512030;32.4;27.06;0.500;1.536;2012.171;-0.945;6.260
512130;32.4;27.06;0.493;1.528;2007.269;-0.727;6.384
512230;32.4;27.06;0.492;1.527;1993.518;-0.782;6.404
512330;32.3;27.06;0.477;1.547;1998.818;-0.690;6.120
512430;32.3;27.06;0.432;1.556;1997.695;0.178;5.938
512530;32.3;27.06;0.446;1.547;1999.061;-0.154;6.113
512630;32.3;27.06;0.503;1.532;2013.259;-1.002;6.302
512730;32.3;27.06;0.492;1.541;1997.747;-0.813;6.217
512830;32.3;27.06;0.443;1.551;1991.149;-0.073;6.038
512930;32.3;27.06;0.423;1.560;1987.933;0.255;5.890
513030;32.4;27.06;0.415;1.551;1989.974;0.485;6.001
513130;32.4;27.06;0.420;1.557;2002.141;0.382;5.919
513230;32.4;27.06;0.426;1.565;2007.546;0.214;5.800
513330;32.4;27.06;0.464;1.556;1997.086;-0.382;6.000
513430;32.4;27.06;0.483;1.541;2001.065;-0.755;6.205
513530;32.5;27.06;0.446;1.556;1998.163;-0.168;5.996
513630;32.5;27.06;0.447;1.556;2001.635;-0.094;5.966
513730;32.5;27.06;0.487;1.550;2003.888;-0.767;6.081
513830;32.5;27.06;0.476;1.511;2023.184;-0.341;6.595
513930;32.5;27.06;0.473;1.497;2007.795;-0.263;6.842
514030;32.4;27.06;0.476;1.518;2005.769;-0.443;6.528
514130;32.4;27.06;0.498;1.527;2002.027;-0.864;6.390
514230;32.4;27.06;0.495;1.534;2000.177;-0.890;6.307
514330;32.4;27.06;0.489;1.547;2005.446;-0.801;6.164
514430;32.4;27.06;0.500;1.533;2018.196;-0.889;6.366
514530;32.3;27.06;0.485;1.517;1998.333;-0.517;6.578
514630;32.3;27.06;0.490;1.523;1999.401;-0.730;6.490
514730;32.3;27.06;0.438;1.558;1993.314;-0.059;5.939
514830;32.4;27.00;0.409;1.555;1992.492;0.597;5.978
514930;32.4;27.00;0.441;1.553;1997.561;-0.006;6.035
515030;32.4;27.00;0.499;1.541;2014.286;-0.985;6.238
515130;32.4;27.00;0.494;1.534;2008.107;-0.775;6.369
515230;32.4;27.00;0.490;1.535;2000.080;-0.798;6.345
515330;32.3;27.00;0.493;1.536;1995.812;-0.867;6.298
515430;32.3;27.00;0.452;1.549;1990.105;-0.202;6.078
515530;32.4;27.00;0.442;1.556;2001.335;-0.030;6.018
515630;32.4;27.00;0.499;1.540;2018.258;-0.918;6.292
515730;32.4;27.00;0.478;1.505;2005.043;-0.390;6.753
515830;32.6;27.00;0.484;1.520;1997.430;-0.568;6.501
515930;32.6;27.00;0.492;1.539;2003.525;-0.896;6.273
516030;32.6;27.00;0.458;1.556;1992.631;-0.335;6.025
516130;32.6;27.00;0.469;1.546;1995.060;-0.460;6.160
516230;32.6;27.00;0.501;1.541;2016.122;-0.974;6.262
516330;32.4;27.00;0.489;1.530;2005.745;-0.648;6.440
516430;32.4;27.00;0.482;1.523;2003.950;-0.581;6.521
516530;32.4;27.00;0.484;1.517;2001.496;-0.518;6.546
516630;32.4;27.00;0.498;1.538;2005.523;-0.842;6.333
516730;32.4;27.00;0.492;1.539;2010.808;-0.727;6.305
516830;32.5;27.00;0.468;1.499;2013.606;-0.225;6.806
516930;32.5;27.00;0.455;1.471;2000.845;0.091;7.161
517030;32.3;27.00;0.456;1.490;2005.358;-0.015;6.909
517130;32.3;27.00;0.480;1.516;2000.801;-0.441;6.567
517230;32.3;27.00;0.493;1.540;1995.742;-0.817;6.310
517330;32.4;27.00;0.491;1.541;1998.018;-0.811;6.268
517430;32.4;27.00;0.496;1.540;2020.634;-0.875;6.295
517530;32.5;27.00;0.494;1.532;2007.257;-0.696;6.384
517630;32.5;27.00;0.491;1.528;1993.869;-0.727;6.448
517730;32.5;27.00;0.484;1.544;1990.234;-0.752;6.211
517830;32.4;27.00;0.431;1.563;1995.253;0.225;5.930
517930;32.4;27.00;0.412;1.553;1996.821;0.538;6.029
518030;32.3;27.00;0.487;1.548;2019.352;-0.824;6.179
518130;32.3;27.00;0.493;1.534;2004.351;-0.717;6.395
518230;32.3;27.00;0.479;1.524;2012.043;-0.468;6.526
518330;32.3;27.00;0.493;1.526;2009.728;-0.707;6.496
518430;32.3;27.00;0.494;1.532;1997.648;-0.779;6.436
518530;32.4;27.00;0.494;1.544;2004.296;-0.867;6.237
518630;32.4;27.00;0.488;1.533;2029.399;-0.660;6.414
518730;32.4;27.00;0.465;1.494;2015.365;-0.090;6.906
518830;32.3;27.06;0.460;1.490;1992.982;-0.118;6.939
518930;32.3;27.06;0.478;1.515;2005.596;-0.316;6.778
519030;32.4;27.06;0.486;1.529;2008.060;-0.579;6.523
519130;32.4;27.06;0.488;1.528;2002.671;-0.694;6.427
519230;32.4;27.06;0.480;1.514;2012.607;-0.464;6.625
519330;32.4;27.06;0.479;1.503;2013.316;-0.344;6.807
519430;32.4;27.06;0.465;1.500;2013.910;-0.186;6.876
519530;32.4;27.06;0.468;1.498;2011.918;-0.217;6.868
519630;32.4;27.06;0.479;1.513;1997.960;-0.436;6.737
519730;32.4;27.06;0.478;1.523;2013.032;-0.440;6.553
519830;32.4;27.00;0.475;1.511;2019.781;-0.313;6.691
519930;32.4;27.00;0.469;1.494;2004.136;-0.148;6.936
520030;32.3;27.00;0.459;1.487;1995.485;-0.026;7.004
520130;32.3;27.00;0.469;1.507;2005.431;-0.263;6.752
520230;32.3;27.00;0.486;1.531;1999.004;-0.589;6.560
520330;32.3;27.00;0.499;1.538;1989.974;-0.912;6.341
520430;32.3;27.00;0.501;1.538;2008.094;-0.986;6.341
520530;32.3;27.00;0.490;1.535;2020.576;-0.595;6.407
520630;32.3;27.00;0.476;1.515;2007.905;-0.353;6.667
520730;32.3;27.00;0.498;1.525;1999.921;-0.850;6.491
520830;32.3;27.00;0.480;1.548;1992.020;-0.692;6.236
520930;32.3;27.00;0.479;1.548;2002.635;-0.667;6.204
521030;32.4;27.00;0.500;1.547;2023.640;-0.941;6.267
521130;32.4;27.00;0.473;1.508;2004.961;-0.278;6.822
521230;32.4;27.00;0.455;1.489;2011.477;0.016;7.003
521330;32.5;27.00;0.445;1.482;2007.102;0.259;7.003
521430;32.5;27.00;0.445;1.475;1994.038;0.219;7.158
521530;32.5;27.00;0.466;1.496;1994.172;-0.159;6.941
521630;32.5;27.00;0.458;1.490;2008.728;0.019;6.962
521730;32.5;27.00;0.444;1.483;2008.922;0.290;7.012
521830;32.5;27.00;0.415;1.504;1999.163;0.609;6.560
521930;32.5;27.00;0.445;1.477;1992.188;0.171;7.075
522030;32.5;27.00;0.455;1.481;2004.224;0.059;7.125
522130;32.5;27.00;0.468;1.502;2003.913;-0.205;6.847
522230;32.5;27.00;0.485;1.526;2013.214;-0.478;6.562
522330;32.5;27.00;0.478;1.508;1997.975;-0.339;6.822
522430;32.5;27.00;0.469;1.497;2015.653;-0.195;6.937
522530;32.5;27.00;0.463;1.493;2013.582;-0.097;6.961
522630;32.5;27.00;0.473;1.502;2002.252;-0.272;6.910
522730;32.5;27.00;0.488;1.526;1991.497;-0.628;6.525
522830;32.6;27.00;0.480;1.515;2018.795;-0.374;6.717
522930;32.6;27.00;0.469;1.495;2012.295;-0.185;6.998
523030;32.6;27.00;0.461;1.499;2009.243;-0.091;6.908
523130;32.6;27.00;0.459;1.490;2001.774;-0.047;7.024
523230;32.6;27.00;0.464;1.487;2002.387;-0.072;7.092
523330;32.5;27.00;0.477;1.515;2002.799;-0.343;6.670
523430;32.5;27.00;0.489;1.529;2007.564;-0.644;6.553
523530;32.4;27.00;0.482;1.518;2009.693;-0.477;6.669
523630;32.4;27.00;0.462;1.498;2012.799;-0.056;6.939
523730;32.4;27.00;0.454;1.480;2010.089;0.092;7.071
523830;32.5;27.00;0.461;1.483;1998.256;-0.073;7.154
523930;32.5;27.00;0.479;1.523;1999.901;-0.437;6.641
524030;32.6;27.00;0.472;1.515;2018.930;-0.213;6.754
524130;32.6;27.00;0.457;1.482;2014.338;0.067;7.126
524230;32.6;27.00;0.428;1.497;2006.613;0.429;6.727
524330;32.5;27.00;0.412;1.526;1991.840;0.670;6.086
524430;32.5;27.00;0.411;1.532;1994.706;0.663;6.031
524530;32.4;27.00;0.423;1.497;1992.948;0.525;6.654
524630;32.4;27.00;0.452;1.484;2004.526;0.115;7.066
524730;32.4;27.00;0.440;1.478;2003.188;0.301;7.056
524830;32.6;27.00;0.421;1.517;2010.635;0.583;6.347
524930;32.6;27.00;0.420;1.512;1989.325;0.556;6.360
525030;32.6;27.00;0.433;1.479;1986.509;0.403;7.080
525130;32.6;27.00;0.439;1.479;1998.520;0.334;7.046
525230;32.6;27.00;0.462;1.497;2008.150;-0.113;6.992
525330;32.6;27.00;0.476;1.511;2011.125;-0.345;6.787
525430;32.6;27.00;0.469;1.513;1998.478;-0.244;6.796
525530;32.6;27.00;0.471;1.494;2013.407;-0.178;6.991
525630;32.6;27.00;0.454;1.482;2006.975;0.117;7.127
525730;32.6;27.00;0.461;1.488;2003.680;-0.085;7.064
525830;32.6;27.00;0.478;1.518;2004.023;-0.437;6.724
525930;32.6;27.00;0.470;1.498;2015.305;-0.203;6.967
526030;32.6;27.00;0.454;1.492;2011.070;0.088;6.975
526130;32.6;27.00;0.439;1.486;2006.363;0.331;6.970
526230;32.6;27.00;0.429;1.487;1991.239;0.461;6.960
526330;32.6;27.00;0.440;1.485;2000.602;0.264;7.019
526430;32.6;27.00;0.454;1.486;2006.838;0.058;7.088
526530;32.6;27.00;0.470;1.496;2008.232;-0.178;6.997
526630;32.6;27.00;0.444;1.489;2003.109;0.238;7.010
526730;32.6;27.00;0.418;1.509;2002.384;0.630;6.442
526830;32.6;27.00;0.412;1.512;1989.456;0.716;6.425
526930;32.6;27.00;0.445;1.477;1994.430;0.218;7.144
527030;32.6;27.00;0.456;1.485;2000.120;0.033;7.089
527130;32.6;27.00;0.450;1.483;2014.796;0.163;7.105
527230;32.6;27.00;0.426;1.504;2004.063;0.480;6.642
527330;32.6;27.00;0.422;1.505;2002.601;0.606;6.533
527430;32.6;27.00;0.412;1.524;1982.001;0.620;6.191
527530;32.5;27.00;0.409;1.522;1994.170;0.700;6.118
527630;32.5;27.00;0.434;1.485;1992.698;0.394;6.947
527730;32.5;27.00;0.448;1.481;2002.211;0.206;7.104
527830;32.5;27.00;0.427;1.503;1998.750;0.505;6.622
527930;32.5;27.00;0.411;1.528;1999.677;0.706;6.170
528030;32.6;27.00;0.413;1.508;1985.770;0.738;6.478
528130;32.6;27.00;0.448;1.483;2000.165;0.121;7.082
528230;32.6;27.00;0.457;1.483;1996.699;0.056;7.129
528330;32.5;27.00;0.475;1.502;2011.539;-0.267;6.963
528430;32.5;27.00;0.465;1.502;2014.879;-0.104;6.939
528530;32.6;27.00;0.456;1.487;2012.646;0.049;7.093
528630;32.6;27.00;0.436;1.485;1995.324;0.391;7.042
528730;32.6;27.00;0.443;1.486;1999.710;0.279;7.002
528830;32.6;27.00;0.455;1.491;1999.538;0.082;7.057
528930;32.6;27.00;0.453;1.484;2003.313;0.110;7.157
529030;32.6;27.00;0.422;1.514;2006.538;0.576;6.465
529130;32.6;27.00;0.410;1.547;1999.566;0.638;5.870
529230;32.6;27.00;0.419;1.541;1992.719;0.421;5.953
529330;32.6;27.00;0.407;1.534;1990.096;0.694;6.077
529430;32.6;27.00;0.427;1.500;1989.346;0.515;6.652
529530;32.6;27.00;0.432;1.487;1998.395;0.416;6.827
529630;32.6;27.00;0.429;1.499;2002.648;0.484;6.760
529730;32.6;27.00;0.408;1.535;1996.767;0.678;6.033
529830;32.6;27.00;0.422;1.541;1992.398;0.387;5.947
529930;32.6;27.00;0.411;1.527;1983.790;0.688;6.173
530030;32.5;27.00;0.452;1.484;2003.834;0.142;7.135
530130;32.5;27.00;0.453;1.482;1999.481;0.098;7.191
530230;32.5;27.00;0.424;1.505;2011.076;0.506;6.650
530330;32.6;27.00;0.411;1.530;2001.980;0.667;6.129
530430;32.6;27.00;0.419;1.541;1996.864;0.484;5.967
530530;32.7;27.00;0.414;1.546;1984.047;0.507;5.898
530630;32.7;27.00;0.417;1.507;1986.911;0.658;6.555
530730;32.7;27.00;0.437;1.484;1994.137;0.352;7.083
530830;32.7;27.00;0.443;1.490;2001.990;0.251;7.069
530930;32.7;27.00;0.413;1.526;2000.854;0.656;6.210
531030;32.6;27.00;0.414;1.536;1986.689;0.624;6.055
531130;32.6;27.00;0.422;1.504;1992.417;0.560;6.607
531230;32.6;27.00;0.446;1.482;1997.168;0.206;7.136
531330;32.6;27.00;0.458;1.480;1995.063;0.021;7.251
531430;32.6;27.00;0.452;1.490;2010.022;0.152;7.076
531530;32.7;27.00;0.440;1.486;2009.618;0.294;7.026
531630;32.7;27.00;0.413;1.514;1994.568;0.732;6.451
531730;32.7;27.00;0.414;1.533;1986.282;0.643;6.106
531830;32.6;27.00;0.418;1.508;1990.654;0.628;6.614
531930;32.6;27.00;0.427;1.499;2003.050;0.496;6.765
532030;32.6;27.00;0.415;1.528;1994.979;0.655;6.223
532130;32.6;27.00;0.423;1.548;1993.422;0.369;5.866
532230;32.6;27.00;0.449;1.546;1997.357;-0.091;5.939
532330;32.5;27.00;0.448;1.543;1993.948;-0.148;6.008
532430;32.5;27.00;0.414;1.540;1983.555;0.543;6.004
532530;32.6;27.00;0.411;1.519;1984.757;0.669;6.327
532630;32.6;27.00;0.425;1.509;2003.649;0.480;6.574
532730;32.6;27.00;0.416;1.518;2002.861;0.660;6.432
532830;32.6;27.00;0.423;1.546;1992.663;0.393;5.925
532930;32.6;27.00;0.424;1.549;1985.059;0.295;5.886
533030;32.5;27.00;0.423;1.493;1982.716;0.527;6.841
533130;32.5;27.00;0.447;1.478;1999.466;0.234;7.259
533230;32.5;27.00;0.445;1.486;2001.917;0.239;7.058
533330;32.6;27.00;0.414;1.524;2001.095;0.661;6.289
533430;32.6;27.00;0.414;1.539;1992.968;0.659;6.065
533530;32.5;27.00;0.417;1.552;2001.449;0.463;5.831
533630;32.5;27.00;0.414;1.537;1987.611;0.567;6.039
533730;32.5;27.00;0.410;1.520;1989.463;0.685;6.372
533830;32.6;27.00;0.420;1.511;1995.073;0.627;6.573
533930;32.6;27.00;0.414;1.532;2005.965;0.676;6.200
534030;32.6;27.00;0.425;1.542;1989.640;0.287;6.006
534130;32.6;27.00;0.418;1.549;1992.895;0.368;5.918
534230;32.6;27.00;0.414;1.525;1984.600;0.683;6.275
534330;32.6;27.00;0.414;1.523;1993.242;0.652;6.341
534430;32.6;27.00;0.414;1.523;1989.273;0.651;6.339
534530;32.5;27.00;0.412;1.539;1995.024;0.672;6.094
534630;32.5;27.00;0.412;1.537;2001.474;0.675;6.124
534730;32.5;27.00;0.410;1.550;1998.533;0.541;5.907
534830;32.6;27.00;0.413;1.544;1984.490;0.537;5.958
534930;32.6;27.00;0.411;1.541;1990.944;0.630;6.015
535030;32.6;27.00;0.416;1.554;2000.251;0.585;5.846
535130;32.6;27.00;0.433;1.554;2000.547;0.146;5.924
535230;32.6;27.00;0.464;1.534;1995.861;-0.402;6.133
535330;32.6;27.00;0.481;1.537;2003.970;-0.661;6.122
535430;32.6;27.00;0.449;1.546;1986.902;-0.102;5.982
535530;32.6;27.00;0.415;1.546;1982.070;0.417;5.994
535630;32.6;27.00;0.410;1.545;1985.551;0.656;5.997
535730;32.6;27.00;0.410;1.538;1995.826;0.731;6.139
535830;32.6;27.00;0.415;1.542;1996.659;0.569;6.040
535930;32.6;27.00;0.434;1.555;1996.866;0.116;5.864
536030;32.5;27.00;0.410;1.538;1980.349;0.609;6.070
536130;32.5;27.00;0.423;1.500;1994.960;0.577;6.864
536230;32.5;27.00;0.437;1.494;2004.170;0.382;6.972
536330;32.5;27.00;0.416;1.513;2001.461;0.624;6.523
536430;32.5;27.00;0.418;1.543;1993.358;0.511;5.987
536530;32.6;27.00;0.437;1.553;2001.974;0.102;5.898
536630;32.6;27.00;0.437;1.548;1992.484;0.124;5.944
536730;32.6;27.00;0.429;1.542;1987.458;0.213;6.053
536830;32.6;27.00;0.410;1.547;1988.270;0.560;5.952
536930;32.6;27.00;0.413;1.557;2006.058;0.538;5.863
537030;32.6;27.00;0.461;1.546;2004.929;-0.339;5.976
537130;32.6;27.00;0.481;1.534;1997.127;-0.636;6.240
537230;32.6;27.00;0.463;1.544;1982.796;-0.344;6.038
537330;32.6;27.00;0.422;1.548;1996.510;0.374;5.989
537430;32.6;27.00;0.421;1.551;1999.143;0.387;5.912
537530;32.6;27.00;0.422;1.551;1986.351;0.336;5.932
537630;32.6;27.00;0.432;1.547;1991.198;0.206;5.946
537730;32.6;27.00;0.440;1.552;2004.222;0.041;5.949
537830;32.6;27.00;0.454;1.549;1996.506;-0.222;5.990
537930;32.6;27.00;0.430;1.545;1981.298;0.201;6.073
538030;32.7;27.00;0.431;1.550;1997.809;0.217;5.964
538130;32.7;27.00;0.434;1.550;1997.768;0.107;5.978
538230;32.7;27.00;0.462;1.543;1996.309;-0.302;6.049
538330;32.6;27.00;0.483;1.541;2000.697;-0.669;6.167
538430;32.6;27.00;0.485;1.537;1996.807;-0.693;6.213
538530;32.6;27.00;0.442;1.542;1989.111;-0.027;6.091
538630;32.6;27.00;0.421;1.553;1995.660;0.380;5.909
538730;32.6;27.00;0.411;1.540;1983.906;0.589;6.086
538830;32.6;27.00;0.415;1.542;1993.879;0.597;6.038
538930;32.6;27.00;0.457;1.553;2002.479;-0.228;5.962
539030;32.6;27.00;0.461;1.545;1997.123;-0.366;6.058
539130;32.6;27.00;0.426;1.540;1978.177;0.250;6.111
539230;32.6;27.00;0.411;1.544;1993.533;0.623;6.025
539330;32.6;27.00;0.412;1.535;2000.551;0.714;6.203
539430;32.6;27.00;0.436;1.545;1999.238;0.115;6.014
539530;32.6;27.00;0.474;1.543;1999.226;-0.555;6.150
539630;32.6;27.00;0.479;1.528;2006.278;-0.458;6.311
539730;32.6;27.00;0.481;1.534;1995.933;-0.606;6.194
539830;32.6;27.00;0.471;1.537;1992.234;-0.493;6.201
539930;32.6;27.00;0.445;1.553;1992.109;-0.074;5.927
540030;32.6;27.00;0.475;1.542;2011.506;-0.527;6.088
540130;32.6;27.00;0.477;1.533;2013.337;-0.492;6.300
540230;32.6;27.00;0.476;1.526;2000.727;-0.467;6.366
540330;32.7;27.00;0.482;1.531;1991.352;-0.639;6.238
540430;32.7;27.00;0.479;1.538;2003.259;-0.615;6.207
540530;32.7;27.00;0.440;1.553;1987.881;0.064;5.958
540630;32.7;27.00;0.431;1.545;1993.426;0.211;6.051
540730;32.7;27.00;0.476;1.541;2007.823;-0.572;6.160
540830;32.6;27.00;0.481;1.540;2002.787;-0.626;6.165
540930;32.6;27.00;0.475;1.541;1997.430;-0.552;6.135
541030;32.5;27.00;0.463;1.542;1994.060;-0.386;6.136
541130;32.5;27.00;0.455;1.550;1994.798;-0.193;6.011
541230;32.5;27.00;0.452;1.550;2005.334;-0.178;6.003
541330;32.5;27.00;0.481;1.540;2009.283;-0.620;6.215
541430;32.5;27.00;0.479;1.532;1996.094;-0.526;6.284
541530;32.5;27.00;0.477;1.533;1990.532;-0.559;6.272
541630;32.5;27.00;0.471;1.542;1998.849;-0.485;6.155
541730;32.5;27.00;0.437;1.552;1990.461;0.078;6.013
541830;32.6;27.00;0.424;1.542;1985.325;0.371;6.104
541930;32.6;27.00;0.464;1.549;2012.381;-0.384;6.061
542030;32.6;27.00;0.482;1.537;2003.356;-0.566;6.219
542130;32.6;27.00;0.478;1.541;1995.928;-0.586;6.178
542230;32.6;27.00;0.450;1.547;1988.605;-0.125;6.064
542330;32.6;27.00;0.447;1.549;1994.342;-0.043;6.050
542430;32.6;27.00;0.451;1.549;2002.818;-0.156;6.029
542530;32.6;27.00;0.481;1.539;2007.878;-0.614;6.234
542630;32.6;27.00;0.473;1.524;2006.357;-0.350;6.409
542730;32.6;27.00;0.460;1.501;1998.945;-0.093;6.711
542830;32.7;27.00;0.467;1.520;2003.648;-0.217;6.457
542930;32.7;27.00;0.483;1.534;1997.308;-0.590;6.331
543030;32.8;27.00;0.478;1.529;1995.991;-0.534;6.335
543130;32.8;27.00;0.468;1.524;2014.163;-0.220;6.446
543230;32.8;27.00;0.457;1.499;2007.405;-0.091;6.747
543330;32.8;27.00;0.467;1.520;1996.540;-0.296;6.443
543430;32.8;27.00;0.481;1.529;2000.347;-0.557;6.410
543530;32.7;27.00;0.484;1.541;1992.314;-0.662;6.231
543630;32.7;27.00;0.441;1.546;1996.321;0.015;6.087
543730;32.7;27.00;0.459;1.546;1992.589;-0.287;6.140
543830;32.7;27.00;0.485;1.544;2000.584;-0.641;6.138
543930;32.7;27.00;0.480;1.539;2001.716;-0.541;6.190
544030;32.6;27.00;0.478;1.539;1999.682;-0.599;6.248
544130;32.6;27.00;0.436;1.551;1981.128;-0.070;6.070
544230;32.6;27.00;0.466;1.540;1996.980;-0.399;6.179
544330;32.7;27.00;0.484;1.536;2016.054;-0.590;6.305
544430;32.7;27.00;0.470;1.526;2010.639;-0.271;6.418
544530;32.7;27.00;0.460;1.510;1999.493;-0.159;6.612
544630;32.7;27.00;0.469;1.522;1999.807;-0.305;6.477
544730;32.7;27.00;0.484;1.542;2000.052;-0.694;6.202
544830;32.7;27.00;0.464;1.540;1992.628;-0.375;6.170
544930;32.7;27.00;0.475;1.546;2002.455;-0.552;6.175
545030;32.7;27.00;0.464;1.521;2015.068;-0.186;6.531
545130;32.7;27.00;0.458;1.502;2005.991;-0.082;6.747
545230;32.7;27.00;0.478;1.524;1994.632;-0.530;6.463
545330;32.6;27.00;0.468;1.544;1992.207;-0.475;6.173
545430;32.6;27.00;0.468;1.547;2001.172;-0.460;6.103
545530;32.7;27.00;0.484;1.538;2016.105;-0.522;6.279
545630;32.7;27.00;0.465;1.513;2009.616;-0.192;6.604
545730;32.7;27.00;0.450;1.494;2004.617;0.036;6.798
545830;32.7;27.00;0.453;1.495;2003.373;0.037;6.837
545930;32.7;27.00;0.466;1.509;1999.441;-0.226;6.657
546030;32.6;27.00;0.485;1.528;2000.773;-0.599;6.365
546130;32.6;27.00;0.475;1.530;2006.141;-0.268;6.468
546230;32.6;27.00;0.454;1.492;2017.688;-0.001;6.893
546330;32.6;27.00;0.447;1.493;1995.637;0.064;6.892
546430;32.6;27.00;0.466;1.521;2003.839;-0.257;6.515
546530;32.6;27.00;0.489;1.533;1983.344;-0.705;6.334
546630;32.6;27.00;0.480;1.545;2001.482;-0.613;6.150
546730;32.6;27.00;0.485;1.547;2006.016;-0.629;6.172
546830;32.7;27.00;0.482;1.545;2003.414;-0.632;6.216
546930;32.7;27.00;0.476;1.534;2002.779;-0.461;6.331
547030;32.7;27.00;0.468;1.519;2002.306;-0.239;6.549
547130;32.7;27.00;0.491;1.539;1989.712;-0.748;6.261
547230;32.7;27.00;0.476;1.541;2001.789;-0.587;6.222
547330;32.6;27.00;0.476;1.526;2008.048;-0.388;6.434
547430;32.6;27.00;0.465;1.504;2012.319;-0.179;6.775
547530;32.6;27.00;0.453;1.490;2003.863;0.019;6.891
547630;32.6;27.00;0.459;1.499;2002.724;-0.076;6.809
547730;32.6;27.00;0.468;1.505;1994.925;-0.214;6.727
547830;32.6;27.00;0.474;1.528;2006.274;-0.385;6.410
547930;32.6;27.00;0.484;1.534;2007.448;-0.571;6.401
548030;32.6;27.00;0.469;1.522;2010.966;-0.270;6.532
548130;32.6;27.00;0.442;1.493;1998.423;0.223;6.795
548230;32.6;27.00;0.458;1.497;2002.279;-0.050;6.837
548330;32.6;27.00;0.477;1.538;1988.290;-0.439;6.337
548430;32.6;27.00;0.482;1.536;1996.846;-0.618;6.294
548530;32.7;27.00;0.476;1.522;2010.461;-0.369;6.510
548630;32.7;27.00;0.460;1.501;2010.617;-0.121;6.835
548730;32.7;27.00;0.448;1.492;2009.224;0.110;6.859
548830;32.7;27.00;0.442;1.488;1995.400;0.179;6.907
548930;32.7;27.00;0.453;1.490;1996.577;0.047;6.955
549030;32.7;27.00;0.462;1.512;2000.096;-0.178;6.634
549130;32.7;27.00;0.475;1.531;2006.806;-0.422;6.443
549230;32.7;27.00;0.460;1.498;2007.109;-0.122;6.932
549330;32.7;27.00;0.432;1.493;2005.099;0.343;6.725
549430;32.7;27.00;0.450;1.488;1994.042;0.076;6.992
549530;32.7;27.00;0.476;1.527;1993.402;-0.369;6.512
549630;32.7;27.00;0.469;1.527;1997.304;-0.343;6.473
549730;32.7;27.00;0.466;1.527;2012.731;-0.233;6.469
549830;32.7;27.00;0.473;1.520;2005.528;-0.330;6.587
549930;32.7;27.00;0.461;1.516;2003.648;-0.152;6.609
550030;32.7;27.00;0.456;1.506;2003.545;-0.050;6.754
550130;32.7;27.00;0.456;1.502;2002.051;-0.033;6.873
550230;32.7;27.00;0.460;1.521;2004.678;-0.172;6.566
550330;32.7;27.00;0.472;1.516;2006.977;-0.248;6.615
550430;32.7;27.00;0.443;1.490;2004.287;0.214;6.923
550530;32.8;27.00;0.430;1.494;2006.527;0.374;6.747
550630;32.8;27.00;0.432;1.496;2000.440;0.379;6.772
550730;32.8;27.00;0.444;1.482;1999.932;0.192;7.018
550830;32.7;27.00;0.449;1.492;1996.372;0.048;6.922
550930;32.7;27.00;0.458;1.502;2006.405;-0.050;6.839
551030;32.7;27.00;0.464;1.504;2007.932;-0.150;6.842
551130;32.7;27.00;0.442;1.496;2007.566;0.211;6.767
551230;32.7;27.00;0.433;1.489;1991.202;0.347;6.890
551330;32.9;27.00;0.448;1.486;1995.687;0.109;7.048
551430;32.9;27.00;0.471;1.528;2003.835;-0.365;6.440
551530;32.9;27.00;0.480;1.527;1994.606;-0.443;6.497
551630;32.9;27.00;0.457;1.496;2015.944;-0.002;6.925
551730;32.9;27.00;0.441;1.492;2006.390;0.248;6.836
551830;33.0;27.00;0.432;1.492;2005.555;0.357;6.857
551930;33.0;27.00;0.433;1.485;1988.976;0.361;6.910
552030;32.9;27.00;0.440;1.487;1991.873;0.212;6.924
552130;32.9;27.00;0.456;1.495;2004.549;-0.011;6.900
552230;32.9;27.00;0.455;1.498;2009.160;-0.001;6.925
552330;32.8;27.00;0.427;1.497;2003.754;0.414;6.715
552430;32.8;27.00;0.426;1.495;1990.543;0.460;6.746
552530;32.7;27.00;0.447;1.486;1997.744;0.127;7.019
552630;32.7;27.00;0.458;1.498;2000.812;-0.074;6.862
552730;32.7;27.00;0.465;1.514;1993.986;-0.190;6.704
552830;32.7;27.00;0.459;1.510;2005.968;-0.071;6.845
552930;32.7;27.00;0.460;1.502;2007.641;-0.037;6.801
553030;32.8;27.00;0.446;1.494;2009.573;0.167;6.963
553130;32.8;27.00;0.436;1.486;1994.176;0.310;6.987
553230;32.8;27.00;0.456;1.495;2001.484;-0.071;6.922
553330;32.9;27.00;0.457;1.500;2013.459;-0.032;6.900
553430;32.9;27.00;0.451;1.490;2006.811;0.220;7.021
553530;32.8;27.00;0.425;1.501;2000.260;0.422;6.620
553630;32.8;27.00;0.405;1.536;1996.411;0.724;6.018
553730;32.8;27.00;0.406;1.533;1985.601;0.714;6.042
553830;32.9;27.00;0.418;1.504;1990.285;0.532;6.604
553930;32.9;27.00;0.433;1.488;1989.706;0.359;6.925
554030;32.9;27.00;0.439;1.486;2000.425;0.279;7.020
554130;32.9;27.00;0.433;1.494;2008.633;0.323;6.808
554230;32.9;27.00;0.413;1.519;1998.356;0.633;6.342
554330;32.8;27.00;0.421;1.495;1978.236;0.512;6.708
554430;32.8;27.00;0.446;1.492;1993.225;0.121;6.983
554530;32.7;27.00;0.466;1.519;2001.726;-0.154;6.679
554630;32.7;27.00;0.464;1.518;2010.831;-0.196;6.727
554730;32.7;27.00;0.438;1.489;2000.306;0.282;6.895
554830;32.7;27.00;0.431;1.501;2007.218;0.391;6.742
554930;32.7;27.00;0.411;1.531;1997.544;0.669;6.094
555030;32.6;27.00;0.413;1.515;1992.251;0.618;6.424
555130;32.6;27.00;0.435;1.491;1989.535;0.350;6.916
555230;32.6;27.00;0.446;1.487;2000.940;0.178;7.050
555330;32.6;27.00;0.435;1.494;2011.077;0.304;6.864
555430;32.6;27.00;0.414;1.518;1989.776;0.700;6.184
555530;32.8;27.00;0.415;1.505;1982.497;0.647;6.525
555630;32.8;27.00;0.425;1.499;2002.826;0.453;6.801
555730;32.8;27.00;0.439;1.490;2004.386;0.261;7.031
555830;32.9;27.00;0.451;1.489;1995.032;0.088;7.110
555930;32.9;27.00;0.436;1.491;2000.382;0.329;6.948
556030;32.8;27.00;0.434;1.497;2014.729;0.352;6.831
556130;32.8;27.00;0.408;1.525;1995.187;0.720;6.276
556230;32.8;27.00;0.409;1.515;1991.606;0.685;6.441
556330;32.8;27.00;0.431;1.492;1992.611;0.390;6.865
556430;32.8;27.00;0.424;1.506;2008.242;0.514;6.642
556530;32.7;27.00;0.416;1.516;2008.379;0.575;6.372
556630;32.7;27.00;0.408;1.541;1992.488;0.665;6.003
556730;32.7;27.00;0.418;1.550;1994.862;0.417;5.829
556830;32.7;27.00;0.406;1.557;1998.769;0.550;5.728
556930;32.7;27.00;0.413;1.511;1992.320;0.604;6.489
557030;32.7;27.00;0.427;1.486;1985.323;0.444;7.023
557130;32.7;27.00;0.432;1.497;2005.667;0.380;6.830
557230;32.7;27.00;0.418;1.515;2009.586;0.585;6.551
557330;32.7;27.00;0.405;1.539;1996.893;0.691;6.014
557430;32.7;27.00;0.409;1.519;1982.079;0.672;6.345
557530;32.7;27.00;0.443;1.486;1991.863;0.201;7.094
557630;32.7;27.00;0.452;1.496;2005.326;0.054;6.986
557730;32.7;27.00;0.440;1.497;2007.425;0.249;6.890
557830;32.7;27.00;0.422;1.514;1995.336;0.522;6.513
557930;32.7;27.00;0.412;1.551;2001.005;0.562;5.833
558030;32.7;27.00;0.409;1.553;1994.054;0.541;5.791
558130;32.7;27.00;0.410;1.535;1986.879;0.647;6.092
558230;32.7;27.00;0.422;1.497;1986.943;0.499;6.767
558330;32.7;27.00;0.419;1.512;2003.604;0.562;6.468
558430;32.7;27.00;0.407;1.551;2003.677;0.703;5.903
558530;32.7;27.00;0.422;1.552;1995.859;0.270;5.860
558630;32.7;27.00;0.408;1.548;1982.959;0.531;5.862
558730;32.7;27.00;0.408;1.530;1990.670;0.700;6.177
558830;32.7;27.00;0.419;1.508;1995.513;0.582;6.612
558930;32.7;27.00;0.423;1.504;1999.805;0.476;6.670
559030;32.8;27.00;0.417;1.514;1989.270;0.615;6.516
559130;32.8;27.00;0.408;1.541;2002.204;0.669;5.990
559230;32.8;27.00;0.403;1.550;1998.402;0.695;5.843
559330;32.8;27.00;0.413;1.523;1988.268;0.608;6.309
559430;32.8;27.00;0.416;1.516;1983.416;0.642;6.459
559530;32.8;27.00;0.411;1.531;2008.420;0.683;6.181
559630;32.8;27.00;0.408;1.554;2000.988;0.613;5.837
559730;32.8;27.00;0.420;1.552;1994.909;0.296;5.859
559830;32.7;27.00;0.437;1.547;1991.835;0.027;5.907
559930;32.7;27.00;0.404;1.541;1993.849;0.687;6.009
560030;32.7;27.00;0.410;1.513;1990.909;0.694;6.511
560130;32.7;27.00;0.424;1.499;1993.312;0.478;6.815
560230;32.7;27.00;0.414;1.524;1994.848;0.673;6.387
560330;32.7;27.00;0.413;1.552;2007.881;0.486;5.868
560430;32.7;27.00;0.417;1.557;1994.373;0.359;5.746
560530;32.7;27.00;0.418;1.506;1977.427;0.569;6.638
560630;32.7;27.00;0.438;1.492;1993.184;0.332;6.994
560730;32.7;27.00;0.438;1.501;2018.198;0.377;6.811
560830;32.7;27.00;0.408;1.547;2004.894;0.709;6.027
560930;32.7;27.00;0.417;1.554;1995.047;0.393;5.821
561030;32.7;27.00;0.460;1.548;2002.167;-0.391;5.949
561130;32.7;27.00;0.432;1.554;1992.522;0.102;5.901
561230;32.7;27.00;0.406;1.550;1990.804;0.625;5.921
561330;32.7;27.00;0.407;1.541;1993.853;0.631;5.989
561430;32.7;27.00;0.429;1.558;2002.588;0.211;5.839
561530;32.7;27.00;0.485;1.547;2017.558;-0.767;6.029
561630;32.7;27.00;0.491;1.534;2002.232;-0.844;6.194
561730;32.7;27.00;0.429;1.555;1981.715;0.181;5.871
561830;32.9;27.00;0.412;1.553;1992.589;0.536;5.924
561930;32.9;27.00;0.402;1.542;2001.797;0.725;6.036
562030;32.9;27.00;0.411;1.551;1997.740;0.569;5.906
562130;32.9;27.00;0.421;1.548;1992.570;0.322;5.956
562230;32.9;27.00;0.450;1.555;2004.576;-0.174;5.905
562330;32.7;27.00;0.431;1.554;1992.575;0.154;5.903
562430;32.7;27.00;0.406;1.546;1992.598;0.630;6.002
562530;32.8;27.00;0.404;1.553;1995.676;0.648;5.857
562630;32.8;27.00;0.429;1.556;1999.997;0.228;5.874
562730;32.8;27.00;0.466;1.545;2006.251;-0.638;6.098
562830;32.9;27.00;0.491;1.538;2003.928;-0.868;6.164
562930;32.9;27.00;0.470;1.541;1985.311;-0.537;6.141
563030;32.9;27.00;0.412;1.553;1991.655;0.505;5.914
563130;32.9;27.00;0.405;1.550;1997.237;0.651;5.866
563230;32.9;27.00;0.409;1.545;1992.123;0.685;6.035
563330;32.9;27.00;0.429;1.558;2005.104;0.185;5.864
563430;32.9;27.00;0.482;1.546;2005.578;-0.717;6.036
563530;32.8;27.00;0.427;1.549;1992.243;0.231;5.996
563630;32.8;27.00;0.406;1.527;1989.056;0.743;6.347
563730;32.8;27.00;0.405;1.533;1995.583;0.707;6.196
563830;32.8;27.00;0.411;1.555;2009.927;0.615;5.897
563930;32.8;27.00;0.451;1.551;2005.498;-0.186;5.993
564030;32.8;27.00;0.488;1.542;2009.660;-0.820;6.136
564130;32.8;27.00;0.497;1.532;1998.122;-0.888;6.298
564230;32.8;27.00;0.475;1.545;2000.829;-0.637;6.133
564330;32.8;27.00;0.446;1.555;1997.668;-0.171;5.888
564430;32.8;27.00;0.446;1.552;1992.601;-0.071;6.001
564530;32.7;27.00;0.494;1.543;2017.934;-0.850;6.143
564630;32.7;27.00;0.488;1.520;2013.076;-0.636;6.421
564730;32.7;27.00;0.484;1.539;1990.221;-0.744;6.175
564830;32.9;27.00;0.436;1.551;1989.719;0.014;5.981
564930;32.9;27.00;0.441;1.553;2000.018;-0.068;5.921
565030;33.0;27.00;0.424;1.558;1993.734;0.326;5.881
565130;33.0;27.00;0.431;1.554;1999.670;0.138;5.937
565230;33.0;27.00;0.471;1.548;2002.549;-0.592;6.035
565330;33.0;27.00;0.477;1.543;1996.832;-0.632;6.180
565430;33.0;27.00;0.437;1.548;1986.576;0.055;6.017
565530;33.0;27.00;0.415;1.564;2003.221;0.426;5.752
565630;33.0;27.00;0.448;1.552;1988.558;-0.110;6.003
565730;33.0;27.00;0.484;1.549;2007.380;-0.725;6.053
565830;32.9;27.00;0.500;1.533;2013.557;-0.941;6.261
565930;32.9;27.00;0.495;1.536;2000.722;-0.876;6.268
566030;32.9;27.00;0.470;1.543;1988.159;-0.523;6.118
566130;32.9;27.00;0.460;1.550;2001.138;-0.415;6.040
566230;32.9;27.00;0.424;1.559;1991.307;0.328;5.873
566330;33.0;27.00;0.433;1.558;2003.660;0.086;5.947
566430;33.0;27.00;0.500;1.532;2012.560;-0.894;6.262
566530;32.9;27.00;0.501;1.533;2001.737;-0.934;6.292
566630;32.9;27.00;0.446;1.551;1984.868;-0.106;6.040
566730;32.9;27.00;0.414;1.562;1999.516;0.414;5.823
566830;32.8;27.00;0.438;1.556;1989.202;0.041;5.949
566930;32.8;27.00;0.493;1.548;2018.020;-0.875;6.129
567030;32.8;27.00;0.497;1.533;2010.556;-0.884;6.303
567130;32.8;27.00;0.489;1.528;2008.654;-0.659;6.396
567230;32.8;27.00;0.484;1.519;2003.025;-0.540;6.484
567330;32.8;27.00;0.492;1.530;2005.249;-0.771;6.380
567430;32.8;27.00;0.494;1.544;2002.443;-0.870;6.198
567530;32.9;27.00;0.489;1.542;2009.001;-0.829;6.235
567630;32.9;27.00;0.476;1.507;2015.828;-0.335;6.625
567730;32.9;27.00;0.474;1.506;2004.669;-0.336;6.731
567830;32.9;27.00;0.490;1.542;1999.350;-0.856;6.212
567930;32.9;27.00;0.480;1.546;2003.548;-0.745;6.163
568030;32.8;27.00;0.474;1.547;1991.540;-0.547;6.116
568130;32.8;27.00;0.467;1.551;2007.394;-0.486;6.064
568230;32.8;27.00;0.462;1.553;2006.483;-0.400;6.012
568330;32.8;27.00;0.485;1.544;1998.396;-0.759;6.204
568430;32.8;27.00;0.483;1.546;1998.089;-0.729;6.173
568530;32.8;27.00;0.464;1.553;2006.207;-0.450;6.045
568630;32.8;27.00;0.444;1.556;1999.694;-0.069;5.984
568730;32.8;27.00;0.475;1.549;1999.341;-0.598;6.113
568830;32.9;27.00;0.498;1.525;2014.620;-0.810;6.439
568930;32.9;27.00;0.491;1.524;2008.781;-0.616;6.479
569030;33.0;27.00;0.487;1.530;2007.086;-0.681;6.358
569130;33.0;27.00;0.492;1.535;1998.524;-0.851;6.326
569230;33.0;27.00;0.491;1.544;1996.648;-0.798;6.163
569330;32.9;27.00;0.457;1.552;2005.540;-0.366;6.058
569430;32.9;27.00;0.499;1.538;2015.921;-0.897;6.252
569530;32.9;27.00;0.475;1.513;2001.429;-0.323;6.678
569630;32.9;27.00;0.476;1.513;2005.374;-0.434;6.645
569730;32.9;27.00;0.491;1.537;2007.951;-0.888;6.310
569830;32.9;27.00;0.459;1.550;1995.057;-0.317;6.076
569930;32.9;27.00;0.485;1.549;2002.564;-0.719;6.131
570030;32.8;27.00;0.484;1.525;2016.632;-0.564;6.456
570130;32.8;27.00;0.475;1.513;2009.574;-0.321;6.669
570230;32.8;27.00;0.469;1.502;2008.596;-0.250;6.756
570330;32.8;27.00;0.472;1.496;2004.877;-0.282;6.805
570430;32.8;27.00;0.482;1.511;2002.301;-0.412;6.667
570530;32.9;27.00;0.489;1.536;2010.933;-0.728;6.333
570630;32.9;27.00;0.482;1.520;2009.440;-0.487;6.520
570730;32.9;27.00;0.467;1.487;1996.842;-0.130;7.030
570830;33.0;27.00;0.479;1.512;2001.518;-0.432;6.638
570930;33.0;27.00;0.495;1.530;2010.831;-0.873;6.384
571030;33.0;27.00;0.494;1.539;1990.722;-0.872;6.285
571130;33.0;27.00;0.471;1.550;1992.993;-0.551;6.127
571230;33.0;27.00;0.483;1.547;2003.719;-0.718;6.141
571330;32.9;27.00;0.489;1.550;2007.307;-0.796;6.165
571430;32.9;27.00;0.494;1.537;2010.033;-0.902;6.337
571530;32.8;27.00;0.494;1.524;2002.993;-0.807;6.488
571630;32.8;27.00;0.493;1.541;1999.871;-0.851;6.235
571730;32.8;27.00;0.485;1.548;2009.316;-0.763;6.177
571830;32.8;27.00;0.492;1.529;2014.584;-0.744;6.413
571930;32.8;27.00;0.474;1.497;2008.613;-0.248;6.873
572030;32.9;27.00;0.466;1.499;2010.299;-0.148;6.818
572130;32.9;27.00;0.478;1.512;2005.217;-0.390;6.633
572230;32.9;27.00;0.495;1.533;1995.716;-0.740;6.392
572330;32.9;27.00;0.495;1.534;2002.545;-0.861;6.393
572430;32.9;27.00;0.498;1.534;2013.683;-0.839;6.343
572530;32.9;27.00;0.478;1.519;2010.068;-0.372;6.621
572630;32.9;27.00;0.467;1.500;2005.578;-0.203;6.815
572730;32.9;27.00;0.473;1.503;2002.970;-0.305;6.748
572830;32.8;27.00;0.503;1.542;2006.372;-0.944;6.296
572930;32.8;27.00;0.478;1.550;1999.928;-0.646;6.206
573030;32.8;27.00;0.484;1.527;2014.628;-0.569;6.456
573130;32.8;27.00;0.469;1.498;2014.209;-0.199;6.905
573230;32.8;27.00;0.450;1.486;2012.312;0.127;6.974
573330;32.7;27.00;0.463;1.494;2002.600;-0.087;6.900
573430;32.7;27.00;0.475;1.508;1996.883;-0.310;6.757
573530;32.7;27.00;0.483;1.528;2009.622;-0.569;6.493
573630;32.7;27.00;0.484;1.524;2015.898;-0.587;6.520
573730;32.7;27.00;0.474;1.508;2013.089;-0.289;6.754
573830;32.8;27.00;0.465;1.489;1998.306;-0.166;6.938
573930;32.8;27.00;0.479;1.514;2005.448;-0.448;6.658
574030;32.8;27.00;0.496;1.533;2000.563;-0.767;6.418
574130;32.8;27.00;0.490;1.541;1993.165;-0.843;6.309
574230;32.8;27.00;0.502;1.531;2010.933;-1.005;6.415
574330;32.8;27.00;0.488;1.530;2013.288;-0.563;6.496
574430;32.8;27.00;0.476;1.513;2011.782;-0.365;6.696
574530;32.8;27.00;0.477;1.510;2009.805;-0.362;6.686
574630;32.8;27.00;0.481;1.520;1996.728;-0.472;6.618
574730;32.8;27.00;0.486;1.526;2011.790;-0.573;6.546
574830;32.8;27.00;0.484;1.519;2020.336;-0.508;6.560
574930;32.8;27.00;0.456;1.487;2016.244;0.055;7.030
575030;32.9;27.00;0.429;1.486;2000.705;0.453;6.844
575130;32.9;27.00;0.442;1.480;1995.290;0.281;6.964
575230;32.9;27.00;0.467;1.494;1999.713;-0.195;6.969
575330;32.9;27.00;0.474;1.507;2002.503;-0.328;6.786
575430;32.9;27.00;0.474;1.505;2008.110;-0.323;6.773
575530;32.7;27.00;0.464;1.492;2014.768;-0.049;6.999
575630;32.7;27.00;0.442;1.489;2008.748;0.217;6.897
575730;32.7;27.00;0.457;1.481;1992.314;-0.007;7.089
575830;32.7;27.00;0.486;1.515;1992.099;-0.580;6.690
575930;32.7;27.00;0.491;1.535;2008.402;-0.799;6.396
576030;32.9;27.00;0.498;1.540;2016.074;-0.873;6.339
576130;32.9;27.00;0.477;1.510;2003.249;-0.319;6.784
576230;32.9;27.00;0.453;1.489;2016.146;0.035;6.973
576330;32.9;27.00;0.451;1.484;2006.702;0.109;7.031
576430;32.9;27.00;0.472;1.493;1998.931;-0.243;6.968
576530;32.8;27.00;0.477;1.517;2003.678;-0.437;6.674
576630;32.8;27.00;0.479;1.517;2014.873;-0.423;6.598
576730;32.8;27.00;0.472;1.502;2015.705;-0.198;6.876
576830;32.8;27.00;0.439;1.486;2012.390;0.276;6.977
576930;32.8;27.00;0.453;1.474;1991.127;0.081;7.159
577030;32.9;27.00;0.468;1.488;2003.573;-0.179;7.059
577130;32.9;27.00;0.480;1.519;2006.732;-0.460;6.637
577230;32.9;27.00;0.486;1.528;2010.824;-0.612;6.494
577330;32.9;27.00;0.477;1.516;2003.419;-0.304;6.794
577430;32.9;27.00;0.466;1.495;2016.904;-0.124;6.939
577530;32.9;27.00;0.451;1.484;2009.545;0.129;7.032
577630;32.9;27.00;0.454;1.478;1999.185;0.095;7.157
577730;32.9;27.00;0.469;1.505;1996.738;-0.268;6.846
577830;32.8;27.00;0.464;1.493;2018.597;-0.097;6.931
577930;32.8;27.00;0.453;1.483;2010.466;0.176;7.043
578030;32.8;27.00;0.421;1.506;2007.073;0.529;6.459
578130;32.8;27.00;0.409;1.519;1981.759;0.698;6.197
578230;32.8;27.00;0.419;1.498;1990.195;0.602;6.633
578330;32.9;27.00;0.450;1.486;2000.620;0.172;7.010
578430;32.9;27.00;0.469;1.500;2003.528;-0.230;6.898
578530;32.9;27.00;0.471;1.500;2001.986;-0.154;6.939
578630;32.9;27.00;0.449;1.491;2022.369;0.143;6.931
578730;32.9;27.00;0.429;1.485;1992.362;0.484;6.866
578830;32.8;27.00;0.468;1.490;1995.581;-0.213;7.058
578930;32.8;27.00;0.485;1.524;2001.090;-0.559;6.610
579030;32.9;27.00;0.487;1.527;2021.432;-0.544;6.541
579130;32.9;27.00;0.478;1.516;2019.512;-0.356;6.754
579230;32.9;27.00;0.451;1.488;2012.640;0.079;7.008
579330;33.0;27.00;0.438;1.485;1997.514;0.412;6.847
579430;33.0;27.00;0.428;1.492;2000.699;0.497;6.838
579530;33.0;27.00;0.441;1.480;1998.643;0.263;7.078
579630;33.0;27.00;0.460;1.489;2000.582;-0.062;7.055
579730;33.0;27.00;0.456;1.489;2003.904;0.044;7.064
579830;33.0;27.00;0.435;1.492;2017.588;0.379;6.849
579930;33.0;27.00;0.413;1.521;1991.013;0.717;6.193
580030;33.0;27.00;0.436;1.477;1982.600;0.375;7.111
580130;33.0;27.00;0.451;1.487;2006.041;0.104;7.013
580230;33.0;27.00;0.460;1.489;2010.505;-0.021;7.088
580330;33.0;27.00;0.463;1.491;2006.180;-0.055;7.061
580430;33.0;27.00;0.455;1.490;2004.147;0.048;7.004
580530;33.0;27.00;0.437;1.486;2006.622;0.368;6.915
580630;33.0;27.00;0.429;1.490;1995.587;0.488;6.823
580730;33.0;27.00;0.432;1.488;1996.634;0.423;6.900
580830;33.0;27.00;0.447;1.480;1998.777;0.170;7.107
580930;33.0;27.00;0.425;1.501;2001.818;0.576;6.590
581030;33.0;27.00;0.412;1.530;2004.828;0.662;6.115
581130;33.0;27.00;0.409;1.525;1989.076;0.735;6.159
581230;33.0;27.00;0.415;1.510;1982.242;0.653;6.396
581330;32.9;27.00;0.425;1.499;1996.623;0.517;6.729
581430;32.9;27.00;0.448;1.481;2000.544;0.151;7.130
581530;32.8;27.00;0.469;1.495;1999.015;-0.153;7.029
581630;32.8;27.00;0.450;1.489;2011.202;0.129;7.069
581730;32.8;27.00;0.426;1.493;2000.174;0.571;6.726
581830;33.0;27.00;0.434;1.483;1993.596;0.413;7.004
581930;33.0;27.00;0.467;1.498;1995.399;-0.206;6.999
582030;33.0;27.00;0.471;1.501;2002.840;-0.238;6.929
582130;33.0;27.00;0.471;1.492;2010.603;-0.126;7.091
582230;33.0;27.00;0.433;1.492;2018.046;0.398;6.902
582330;32.9;27.00;0.424;1.497;2000.982;0.552;6.710
582430;32.9;27.00;0.410;1.523;1986.285;0.655;6.249
582530;32.9;27.00;0.416;1.521;1999.327;0.644;6.251
582630;32.9;27.00;0.427;1.491;1995.597;0.491;6.776
582730;32.9;27.00;0.439;1.483;2000.055;0.348;7.077
582830;33.0;27.00;0.409;1.528;2006.882;0.724;6.201
582930;33.0;27.00;0.434;1.546;2003.369;0.170;5.873
583030;33.0;27.00;0.413;1.537;1986.180;0.496;6.015
583130;33.0;27.00;0.424;1.506;1991.097;0.480;6.571
583230;33.0;27.00;0.417;1.507;1987.437;0.628;6.531
583330;33.0;27.00;0.423;1.501;1998.624;0.601;6.616
583430;33.0;27.00;0.423;1.507;2004.506;0.531;6.548
583530;33.0;27.00;0.412;1.512;1991.492;0.706;6.434
583630;33.0;27.00;0.409;1.512;1988.746;0.764;6.459
583730;33.0;27.00;0.425;1.501;2002.146;0.475;6.691
583830;33.0;27.00;0.445;1.483;2000.311;0.260;7.052
583930;33.0;27.00;0.442;1.481;1997.052;0.305;7.111
584030;33.0;27.00;0.412;1.522;2007.188;0.683;6.365
584130;33.0;27.00;0.414;1.522;1996.079;0.678;6.280
584230;33.0;27.00;0.405;1.533;1995.744;0.751;6.089
584330;33.0;27.00;0.420;1.509;1988.127;0.554;6.470
584430;33.0;27.00;0.421;1.497;1991.316;0.595;6.776
584530;33.1;27.00;0.442;1.483;1993.680;0.339;7.113
584630;33.1;27.00;0.448;1.484;2012.888;0.138;7.195
584730;33.1;27.00;0.422;1.497;1999.391;0.550;6.761
584830;33.1;27.00;0.408;1.530;1986.853;0.758;6.187
584930;33.1;27.00;0.420;1.506;1998.827;0.556;6.601
585030;33.1;27.00;0.450;1.485;2001.237;0.176;7.153
585130;33.1;27.00;0.456;1.480;1991.840;0.067;7.247
585230;33.1;27.00;0.435;1.490;2016.459;0.375;6.969
585330;33.1;27.00;0.409;1.532;1996.691;0.739;6.105
585430;33.1;27.00;0.413;1.542;2000.056;0.552;5.972
585530;33.1;27.00;0.425;1.541;1985.984;0.319;5.977
585630;33.1;27.00;0.418;1.545;1988.242;0.460;5.908
585730;33.1;27.00;0.414;1.530;1989.726;0.632;6.154
585830;33.0;27.00;0.409;1.539;2004.484;0.627;6.013
585930;33.0;27.00;0.437;1.540;1991.177;0.099;5.978
586030;33.0;27.00;0.466;1.540;1999.088;-0.420;6.011
586130;33.0;27.00;0.432;1.547;1987.634;0.161;5.902
586230;33.0;27.00;0.409;1.527;1990.586;0.704;6.231
586330;33.1;27.00;0.412;1.509;1980.608;0.716;6.499
586430;33.1;27.00;0.431;1.495;2002.872;0.425;6.908
586530;33.1;27.00;0.433;1.486;2002.420;0.442;6.944
586630;33.1;27.00;0.416;1.515;1989.724;0.721;6.409
586730;33.1;27.00;0.410;1.533;1992.118;0.659;6.123
586830;33.1;27.00;0.417;1.507;1988.253;0.683;6.608
586930;33.1;27.00;0.428;1.489;2001.957;0.467;6.972
587030;33.0;27.00;0.430;1.493;1997.521;0.431;6.916
587130;33.0;27.00;0.409;1.533;1993.126;0.729;6.096
587230;33.0;27.00;0.423;1.555;2001.252;0.329;5.872
587330;33.0;27.00;0.457;1.545;2003.206;-0.291;5.976
587430;33.0;27.00;0.412;1.543;1982.820;0.561;5.979
587530;33.0;27.00;0.412;1.530;1984.958;0.669;6.159
587630;33.0;27.00;0.421;1.510;1996.042;0.557;6.580
587730;33.0;27.00;0.426;1.502;2001.412;0.563;6.653
587830;33.0;27.00;0.414;1.549;1992.483;0.543;5.950
587930;33.0;27.00;0.427;1.546;1994.537;0.254;5.962
588030;33.0;27.00;0.416;1.538;1984.847;0.550;6.054
588130;33.0;27.00;0.416;1.508;1993.356;0.655;6.588
588230;33.0;27.00;0.417;1.512;1993.657;0.616;6.568
588330;33.0;27.00;0.428;1.551;2001.468;0.326;5.854
588430;33.0;27.00;0.441;1.548;2004.332;0.015;5.961
588530;33.0;27.00;0.486;1.532;2012.081;-0.665;6.175
588630;33.0;27.00;0.481;1.534;1986.388;-0.621;6.217
588730;33.0;27.00;0.444;1.533;1984.375;-0.065;6.130
588830;33.1;27.00;0.421;1.552;1999.639;0.346;5.876
588930;33.1;27.00;0.423;1.549;1997.386;0.391;5.916
589030;33.1;27.00;0.460;1.537;1992.279;-0.303;6.147
589130;33.1;27.00;0.463;1.544;2000.440;-0.409;6.001
589230;33.1;27.00;0.414;1.545;1982.555;0.534;5.946
589330;33.0;27.00;0.415;1.533;1987.076;0.557;6.172
589430;33.0;27.00;0.418;1.507;1985.083;0.604;6.637
589530;33.0;27.00;0.416;1.516;1999.566;0.698;6.490
589630;33.0;27.00;0.414;1.521;1999.520;0.722;6.452
589730;33.0;27.00;0.414;1.543;2002.596;0.525;5.957
589830;33.0;27.00;0.417;1.538;1984.049;0.507;6.042
589930;33.0;27.00;0.413;1.526;1987.782;0.662;6.238
590030;33.1;27.00;0.406;1.534;2005.438;0.753;6.205
590130;33.1;27.00;0.411;1.539;1995.048;0.649;6.089
590230;33.1;27.00;0.442;1.542;1992.144;-0.005;6.072
590330;33.1;27.00;0.488;1.536;2009.125;-0.761;6.139
590430;33.1;27.00;0.459;1.540;1986.649;-0.296;6.082
590530;33.0;27.00;0.422;1.543;1987.104;0.346;6.014
590630;33.0;27.00;0.419;1.546;1987.938;0.412;5.995
590730;33.0;27.00;0.412;1.541;1996.452;0.619;6.037
590830;33.0;27.00;0.430;1.548;2005.804;0.248;5.968
590930;33.0;27.00;0.485;1.533;2010.320;-0.711;6.211
591030;33.0;27.00;0.481;1.532;1982.095;-0.613;6.201
591130;33.0;27.00;0.424;1.541;1984.208;0.368;6.061
591230;33.0;27.00;0.410;1.546;1994.775;0.684;6.023
591330;33.1;27.00;0.421;1.545;1993.959;0.414;5.995
591430;33.1;27.00;0.464;1.540;2000.004;-0.406;6.107
591530;33.0;27.00;0.482;1.537;2008.476;-0.666;6.202
591630;33.0;27.00;0.480;1.536;1992.189;-0.566;6.196
591730;33.0;27.00;0.462;1.538;1982.899;-0.342;6.114
591830;33.0;27.00;0.429;1.551;1993.033;0.199;5.924
591930;33.0;27.00;0.415;1.544;1995.254;0.542;6.016
592030;33.0;27.00;0.433;1.547;1999.523;0.172;6.016
592130;33.0;27.00;0.485;1.535;2006.575;-0.723;6.224
592230;33.0;27.00;0.478;1.534;1983.891;-0.569;6.193
592330;33.0;27.00;0.418;1.549;1992.040;0.437;5.993
592430;33.0;27.00;0.411;1.549;1996.459;0.611;5.952
592530;33.0;27.00;0.409;1.535;1982.757;0.649;6.119
592630;33.0;27.00;0.419;1.544;1994.487;0.436;6.072
592730;33.0;27.00;0.441;1.552;2006.254;0.056;5.949
592830;33.0;27.00;0.454;1.548;1990.818;-0.141;6.004
592930;33.0;27.00;0.442;1.539;1985.530;-0.026;6.144
593030;33.1;27.00;0.425;1.553;1990.896;0.331;5.934
593130;33.1;27.00;0.414;1.550;1999.237;0.543;5.922
593230;33.1;27.00;0.467;1.545;2004.110;-0.398;6.050
593330;33.1;27.00;0.477;1.523;2008.506;-0.460;6.390
593430;33.1;27.00;0.466;1.514;2007.951;-0.241;6.525
593530;33.1;27.00;0.476;1.532;1998.225;-0.568;6.271
593630;33.1;27.00;0.482;1.536;2002.827;-0.699;6.209
593730;33.1;27.00;0.464;1.538;1985.495;-0.413;6.132
593830;33.0;26.93;0.471;1.547;2001.529;-0.479;6.031
593930;33.0;26.93;0.482;1.530;2018.796;-0.420;6.326
594030;33.1;26.93;0.468;1.523;1996.959;-0.295;6.409
594130;33.1;26.93;0.462;1.533;1974.226;-0.365;6.204
594230;33.1;26.93;0.423;1.553;1995.018;0.337;5.940
594330;33.1;26.93;0.410;1.542;1993.620;0.703;6.100
594430;33.1;26.93;0.443;1.550;2000.752;0.030;5.979
594530;33.0;26.93;0.480;1.537;2007.002;-0.684;6.210
594630;33.0;26.93;0.484;1.534;2004.327;-0.567;6.259
594730;33.0;26.93;0.476;1.539;1995.604;-0.604;6.160
594830;33.0;27.00;0.463;1.544;1995.453;-0.402;6.100
594930;33.0;27.00;0.438;1.544;1984.696;0.060;6.084
595030;33.0;27.00;0.455;1.550;2002.966;-0.190;6.003
595130;33.0;27.00;0.479;1.537;2020.641;-0.513;6.237
595230;33.0;27.00;0.482;1.527;1987.876;-0.535;6.372
595330;33.0;27.00;0.473;1.538;1982.050;-0.520;6.159
595430;33.0;27.00;0.461;1.545;2000.722;-0.323;6.117
595530;33.1;27.00;0.431;1.553;1991.576;0.217;5.967
595630;33.1;27.00;0.436;1.547;1990.406;0.154;6.069
595730;33.1;27.00;0.477;1.547;2011.643;-0.631;6.097
595830;33.0;27.00;0.480;1.542;2002.510;-0.599;6.161
595930;33.0;27.00;0.476;1.545;1998.739;-0.569;6.123
596030;33.1;27.00;0.473;1.540;1997.976;-0.549;6.186
596130;33.1;27.00;0.484;1.542;2004.369;-0.672;6.151
596230;33.1;27.00;0.476;1.537;2015.251;-0.450;6.261
596330;33.1;27.00;0.456;1.503;2013.217;-0.077;6.753
596430;33.1;27.00;0.453;1.483;1993.411;0.058;6.955
596530;33.2;27.00;0.452;1.491;1998.430;-0.019;6.799
596630;33.2;27.00;0.475;1.522;2003.739;-0.421;6.450
596730;33.2;27.00;0.483;1.534;1997.015;-0.657;6.312
596830;33.1;27.00;0.474;1.538;1990.420;-0.531;6.232
596930;33.1;27.00;0.484;1.533;2020.146;-0.626;6.303
597030;33.0;27.00;0.471;1.520;2001.756;-0.334;6.476
597130;33.0;27.00;0.478;1.534;1990.559;-0.604;6.271
597230;33.0;27.00;0.440;1.549;1981.097;0.030;6.021
597330;33.1;27.00;0.433;1.555;1989.384;0.214;5.947
597430;33.1;27.00;0.436;1.549;2005.212;0.141;6.068
597530;33.1;27.00;0.483;1.538;2008.921;-0.617;6.289
597630;33.1;27.00;0.472;1.525;1997.387;-0.346;6.413
597730;33.1;27.00;0.457;1.512;2007.058;-0.100;6.588
597830;33.0;27.00;0.481;1.528;1999.384;-0.490;6.377
597930;33.0;27.00;0.481;1.535;1995.276;-0.591;6.299
598030;33.0;27.00;0.485;1.536;1989.480;-0.657;6.258
598130;33.0;27.00;0.480;1.535;2019.744;-0.509;6.341
598230;33.0;27.00;0.468;1.517;2004.432;-0.239;6.550
598330;33.1;27.00;0.474;1.526;1993.062;-0.445;6.411
598430;33.1;27.00;0.486;1.537;1998.476;-0.678;6.290
598530;33.1;27.00;0.479;1.539;1998.559;-0.541;6.268
598630;33.1;27.00;0.475;1.542;2002.206;-0.551;6.165
598730;33.1;27.00;0.486;1.529;2006.237;-0.655;6.395
598830;33.1;27.00;0.467;1.511;2001.457;-0.203;6.642
598930;33.1;27.00;0.459;1.506;2008.715;-0.114;6.681
599030;33.1;27.00;0.467;1.518;2007.289;-0.262;6.563
599130;33.1;27.00;0.472;1.529;2000.172;-0.362;6.378
599230;33.1;27.00;0.467;1.511;2001.289;-0.225;6.607
599330;33.1;27.00;0.462;1.502;2017.467;-0.152;6.776
599430;33.1;27.00;0.452;1.493;2000.713;0.044;6.896
599530;33.1;27.00;0.448;1.493;2001.969;0.068;6.859
599630;33.1;27.00;0.462;1.495;2002.983;-0.127;6.873
599730;33.1;27.00;0.469;1.519;2005.051;-0.280;6.540
599830;33.1;27.00;0.480;1.535;1995.442;-0.588;6.291
599930;33.1;27.00;0.483;1.533;1999.895;-0.603;6.371
600030;33.1;27.00;0.467;1.514;2009.234;-0.182;6.614
600130;33.1;27.00;0.458;1.511;2002.981;-0.112;6.665
600230;33.1;27.00;0.475;1.529;2006.206;-0.431;6.409
600330;33.1;27.00;0.470;1.546;1981.823;-0.491;6.171
600430;33.1;27.00;0.476;1.540;1997.795;-0.531;6.193
600530;33.1;27.00;0.486;1.541;2019.128;-0.659;6.257
600630;33.1;27.00;0.473;1.526;2003.198;-0.329;6.453
600730;33.1;27.00;0.461;1.504;2008.009;-0.126;6.748
600830;33.1;27.00;0.452;1.497;2008.524;0.007;6.807
600930;33.1;27.00;0.465;1.511;1997.814;-0.206;6.675
601030;33.1;27.00;0.478;1.530;1999.620;-0.489;6.396
601130;33.1;27.00;0.476;1.532;2008.548;-0.441;6.382
601230;33.1;27.00;0.453;1.494;2014.678;0.064;6.862
601330;33.1;27.00;0.435;1.490;2002.700;0.258;6.864
601430;33.1;27.00;0.454;1.497;2003.371;-0.003;6.838
601530;33.1;27.00;0.454;1.487;1998.972;0.031;6.956
601630;33.1;27.00;0.457;1.498;2005.346;-0.050;6.767
601730;33.1;27.00;0.459;1.514;2009.598;-0.076;6.677
601830;33.1;27.00;0.465;1.511;2000.983;-0.169;6.647
601930;33.1;27.00;0.443;1.486;2001.877;0.214;6.950
602030;33.1;27.00;0.449;1.488;2009.163;0.082;6.934
602130;33.1;27.00;0.458;1.497;1996.394;-0.076;6.869
602230;33.1;27.00;0.467;1.520;1999.441;-0.245;6.560
602330;33.1;27.00;0.462;1.505;2003.277;-0.115;6.789
602430;33.1;27.00;0.455;1.491;2010.323;0.002;6.926
602530;33.1;27.00;0.440;1.488;2012.255;0.199;6.893
602630;33.1;27.00;0.439;1.485;1994.221;0.279;6.964
602730;33.1;27.00;0.450;1.485;1992.492;0.088;6.986
602830;33.1;27.00;0.457;1.503;2004.151;-0.061;6.743
602930;33.1;27.00;0.472;1.531;2008.015;-0.376;6.462
603030;33.1;27.00;0.466;1.524;2005.715;-0.229;6.519
603130;33.1;27.00;0.442;1.494;2008.362;0.193;6.857
603230;33.1;27.00;0.450;1.488;1995.996;0.190;6.993
603330;33.1;27.00;0.468;1.519;1990.779;-0.234;6.599
603430;33.1;27.00;0.483;1.537;1987.319;-0.609;6.316
603530;33.1;27.00;0.476;1.534;2013.328;-0.387;6.411
603630;33.1;27.00;0.464;1.502;2007.812;-0.130;6.808
603730;33.1;27.00;0.448;1.496;2010.476;0.071;6.860
603830;33.1;27.00;0.435;1.493;1996.979;0.366;6.739
603930;33.1;27.00;0.412;1.510;1991.280;0.677;6.446
604030;33.1;27.00;0.430;1.489;1994.631;0.414;6.809
604130;33.1;27.00;0.448;1.491;2009.939;0.115;6.963
604230;33.1;27.00;0.425;1.487;1999.275;0.457;6.823
604330;33.1;27.00;0.406;1.552;2005.727;0.578;5.662
604430;33.1;27.00;0.408;1.535;1987.499;0.627;5.955
604530;33.1;27.00;0.426;1.495;1992.198;0.457;6.751
604630;33.1;27.00;0.431;1.486;1990.033;0.345;6.922
604730;33.1;27.00;0.449;1.493;2004.877;0.137;6.929
604830;33.1;27.00;0.451;1.490;2001.702;0.092;6.987
604930;33.1;27.00;0.447;1.493;2009.145;0.103;6.921
605030;33.1;27.00;0.445;1.484;1999.933;0.184;6.999
605130;33.1;27.00;0.439;1.487;1997.442;0.267;7.015
605230;33.1;27.00;0.457;1.503;1998.169;-0.023;6.862
605330;33.2;27.00;0.464;1.518;2006.788;-0.174;6.675
605430;33.2;27.00;0.452;1.487;2006.424;0.081;7.017
605530;33.2;27.00;0.421;1.505;2008.156;0.524;6.567
605630;33.2;27.00;0.420;1.513;1995.385;0.556;6.421
605730;33.2;27.00;0.436;1.481;1990.814;0.302;7.080
605830;33.2;27.00;0.448;1.490;1998.322;0.056;6.953
605930;33.2;27.00;0.462;1.504;2006.840;-0.109;6.839
606030;33.2;27.00;0.473;1.512;2002.388;-0.286;6.727
606130;33.2;27.00;0.458;1.503;2008.842;-0.052;6.829
606230;33.2;27.00;0.434;1.487;1998.879;0.363;6.918
606330;33.1;27.00;0.442;1.486;1995.384;0.241;6.994
606430;33.1;27.00;0.456;1.509;2004.554;-0.111;6.769
606530;33.1;27.00;0.469;1.519;1999.855;-0.220;6.655
606630;33.1;27.00;0.449;1.488;2004.090;0.174;6.990
606730;33.1;27.00;0.409;1.528;2006.282;0.685;6.170
606830;33.1;27.00;0.413;1.550;2003.664;0.557;5.785
606930;33.1;27.00;0.420;1.546;1985.933;0.328;5.856
607030;33.1;27.00;0.408;1.545;1992.944;0.526;5.779
607130;33.1;27.00;0.410;1.514;1992.433;0.647;6.390
607230;33.1;27.00;0.416;1.507;1995.159;0.579;6.551
607330;33.0;27.00;0.408;1.556;1998.960;0.624;5.695
607430;33.0;27.00;0.439;1.547;1996.007;0.015;5.876
607530;33.1;27.00;0.403;1.528;1984.126;0.689;6.126
607630;33.1;27.00;0.434;1.488;1997.040;0.320;6.903
607730;33.1;27.00;0.448;1.488;1989.495;0.115;7.026
607830;33.1;27.00;0.450;1.487;2002.694;0.107;7.048
607930;33.1;27.00;0.439;1.495;2001.501;0.289;6.890
608030;33.1;27.00;0.428;1.499;2003.930;0.446;6.742
608130;33.1;27.00;0.422;1.491;1984.664;0.504;6.820
608230;33.1;27.00;0.437;1.489;1993.320;0.236;6.927
608330;33.1;27.00;0.460;1.503;2004.018;-0.037;6.871
608430;33.1;27.00;0.450;1.498;2007.184;0.103;6.956
608530;33.1;27.00;0.426;1.502;2002.601;0.447;6.668
608630;33.1;27.00;0.412;1.534;2002.703;0.616;6.071
608730;33.1;27.00;0.405;1.524;1987.775;0.728;6.225
608830;33.1;27.00;0.440;1.489;1991.018;0.260;6.958
608930;33.1;27.00;0.448;1.491;1994.408;0.141;6.994
609030;33.1;27.00;0.446;1.490;2004.160;0.133;7.047
609130;33.1;27.00;0.438;1.494;2012.233;0.293;6.923
609230;33.1;27.00;0.406;1.543;2002.064;0.653;5.944
609330;33.1;27.00;0.405;1.537;1976.305;0.617;5.992
609430;33.1;27.00;0.413;1.509;1991.124;0.616;6.491
609530;33.1;27.00;0.432;1.496;2000.317;0.417;6.831
609630;33.1;27.00;0.426;1.494;2005.438;0.424;6.871
609730;33.1;27.00;0.409;1.553;2006.158;0.567;5.768
609830;33.1;27.00;0.436;1.554;2000.400;0.043;5.789
609930;33.1;27.00;0.454;1.545;2000.565;-0.284;5.955
610030;33.2;27.00;0.418;1.553;1986.973;0.306;5.781
610130;33.2;27.00;0.405;1.531;1981.286;0.716;6.175
610230;33.2;27.00;0.414;1.512;1995.067;0.620;6.495
610330;33.1;27.00;0.406;1.526;2001.280;0.723;6.233
610430;33.1;27.00;0.416;1.551;1996.932;0.419;5.819
610530;33.1;27.00;0.409;1.545;1975.211;0.491;5.963
610630;33.1;27.00;0.408;1.524;1996.100;0.684;6.276
610730;33.1;27.00;0.430;1.495;1995.638;0.428;6.896
610830;33.2;27.00;0.435;1.483;1995.025;0.289;7.114
610930;33.2;27.00;0.429;1.498;2001.608;0.411;6.757
611030;33.1;27.00;0.438;1.498;2010.356;0.277;6.871
611130;33.1;27.00;0.421;1.506;1994.083;0.564;6.605
611230;33.1;27.00;0.426;1.495;1988.988;0.404;6.842
611330;33.1;27.00;0.444;1.492;1993.465;0.229;7.028
611430;33.1;27.00;0.439;1.493;2011.292;0.271;6.991
611530;33.2;27.00;0.423;1.507;2007.127;0.521;6.576
611630;33.2;27.00;0.408;1.544;1995.624;0.670;5.976
611730;33.2;27.00;0.422;1.546;1990.457;0.311;5.936
611830;33.3;27.00;0.415;1.557;2000.513;0.388;5.744
611930;33.3;27.00;0.409;1.541;1991.352;0.641;6.014
612030;33.2;27.00;0.407;1.531;1983.522;0.668;6.142
612130;33.2;27.00;0.404;1.552;2003.251;0.674;5.802
612230;33.2;27.00;0.430;1.559;2008.520;0.193;5.804
612330;33.2;27.00;0.459;1.542;1992.749;-0.362;6.015
612430;33.2;27.00;0.409;1.551;1986.536;0.495;5.828
612530;33.2;27.00;0.413;1.511;1990.434;0.624;6.555
612630;33.2;27.00;0.416;1.507;1999.942;0.566;6.595
612730;33.2;27.00;0.412;1.524;2007.500;0.613;6.312
612830;33.1;27.00;0.412;1.551;1991.799;0.499;5.883
612930;33.1;27.00;0.425;1.550;1998.213;0.285;5.901
613030;33.1;27.00;0.423;1.556;1999.815;0.214;5.836
613130;33.1;27.00;0.406;1.548;1985.992;0.646;5.903
613230;33.1;27.00;0.406;1.523;1985.976;0.690;6.289
613330;33.1;27.00;0.409;1.538;1998.371;0.668;6.056
613430;33.1;27.00;0.407;1.546;2000.620;0.667;5.976
613530;33.1;27.00;0.427;1.547;1992.096;0.212;5.943
613630;33.1;27.00;0.400;1.536;1981.203;0.723;6.063
613730;33.1;27.00;0.421;1.509;2001.555;0.529;6.580
613830;33.1;27.00;0.426;1.493;1993.982;0.478;6.909
613930;33.1;27.00;0.436;1.495;1996.098;0.291;6.904
614030;33.1;27.00;0.434;1.491;1996.213;0.357;6.954
614130;33.1;27.00;0.426;1.502;2002.834;0.511;6.762
614230;33.1;27.00;0.414;1.518;1999.632;0.625;6.485
614330;33.2;27.00;0.418;1.510;1993.827;0.600;6.602
614430;33.2;27.00;0.407;1.530;1989.690;0.728;6.225
614530;33.2;27.00;0.410;1.562;2006.258;0.535;5.719
614630;33.2;27.00;0.447;1.554;2003.455;-0.101;5.915
614730;33.2;27.00;0.478;1.538;2001.135;-0.690;6.142
614830;33.3;27.00;0.495;1.529;2004.576;-0.867;6.244
614930;33.3;27.00;0.483;1.542;1994.765;-0.695;6.046
615030;33.2;27.00;0.424;1.552;1990.980;0.264;5.911
615130;33.2;27.00;0.412;1.555;1986.612;0.503;5.803
615230;33.2;27.00;0.431;1.554;2000.574;0.138;5.903
615330;33.2;27.00;0.456;1.547;2005.709;-0.287;5.984
615430;33.2;27.00;0.458;1.548;2002.481;-0.399;5.984
615530;33.2;27.00;0.407;1.542;1972.322;0.590;6.029
615630;33.2;27.00;0.411;1.518;1994.161;0.729;6.422
615730;33.2;27.00;0.426;1.510;2006.725;0.443;6.648
615830;33.2;27.00;0.407;1.549;2007.288;0.679;5.967
615930;33.2;27.00;0.425;1.548;1986.858;0.298;5.922
616030;33.2;27.00;0.450;1.555;2008.587;-0.276;5.911
616130;33.2;27.00;0.434;1.555;1998.869;0.142;5.864
616230;33.2;27.00;0.415;1.550;1988.103;0.421;5.974
616330;33.2;27.00;0.407;1.536;1987.001;0.658;6.159
616430;33.2;27.00;0.407;1.544;2000.175;0.710;6.069
616530;33.2;27.00;0.431;1.552;2003.354;0.151;5.901
616630;33.2;27.00;0.424;1.557;1994.534;0.140;5.859
616730;33.2;27.00;0.406;1.533;1980.576;0.698;6.200
616830;33.3;27.00;0.404;1.543;1992.134;0.759;6.063
616930;33.3;27.00;0.408;1.534;2000.117;0.697;6.148
617030;33.2;27.00;0.404;1.537;2000.932;0.705;6.184
617130;33.2;27.00;0.414;1.548;1989.286;0.474;5.952
617230;33.2;27.00;0.457;1.551;2008.868;-0.341;6.010
617330;33.2;27.00;0.461;1.547;1999.990;-0.373;6.015
617430;33.2;27.00;0.441;1.548;1994.643;-0.045;6.036
617530;33.2;27.00;0.447;1.555;1996.907;-0.198;5.907
617630;33.2;27.00;0.467;1.553;2006.778;-0.461;5.976
617730;33.2;27.00;0.489;1.539;2008.794;-0.793;6.130
617830;33.2;27.00;0.495;1.525;2010.195;-0.820;6.380
617930;33.2;27.00;0.496;1.530;1985.479;-0.886;6.295
618030;33.2;27.00;0.453;1.552;1997.436;-0.272;5.985
618130;33.2;27.00;0.434;1.555;1998.618;0.079;5.854
618230;33.2;27.00;0.410;1.551;1992.423;0.531;5.952
618330;33.2;27.00;0.426;1.552;1996.992;0.290;5.951
618430;33.2;27.00;0.468;1.554;2010.539;-0.522;5.985
618530;33.2;27.00;0.447;1.548;1992.591;-0.250;6.053
618630;33.2;27.00;0.404;1.543;1982.964;0.692;6.108
618730;33.2;27.00;0.405;1.534;1995.874;0.662;6.200
618830;33.3;27.00;0.412;1.526;2008.181;0.684;6.398
618930;33.3;27.00;0.417;1.553;1998.681;0.476;5.928
619030;33.2;27.00;0.433;1.566;2004.698;0.044;5.764
619130;33.2;27.00;0.470;1.544;1996.857;-0.504;6.120
619230;33.2;27.00;0.456;1.548;1995.449;-0.308;6.067
619330;33.2;27.00;0.426;1.558;1995.157;0.189;5.852
619430;33.2;27.00;0.411;1.554;1993.289;0.550;5.915
619530;33.3;27.00;0.445;1.549;2002.132;-0.074;6.019
619630;33.3;27.00;0.497;1.543;2020.263;-0.923;6.152
619730;33.3;27.00;0.486;1.540;1999.262;-0.763;6.160
619830;33.3;27.00;0.458;1.541;1994.141;-0.362;6.165
619930;33.3;27.00;0.468;1.545;2002.229;-0.551;6.086
620030;33.2;27.00;0.431;1.560;1998.419;0.206;5.870
620130;33.2;27.00;0.441;1.550;1997.527;-0.049;6.035
620230;33.2;27.00;0.485;1.547;2009.031;-0.861;6.139
620330;33.2;27.00;0.495;1.532;2007.224;-0.818;6.331
620430;33.2;27.00;0.479;1.540;1995.043;-0.667;6.194
620530;33.3;27.00;0.452;1.554;1998.995;-0.267;5.927
620630;33.3;27.00;0.450;1.554;1987.536;-0.185;5.968
620730;33.3;27.00;0.478;1.545;2010.736;-0.657;6.135
620830;33.3;26.93;0.497;1.533;2017.287;-0.850;6.325
620930;33.3;26.93;0.494;1.533;2007.677;-0.778;6.297
621030;33.3;26.93;0.480;1.538;1988.621;-0.692;6.216
621130;33.3;26.93;0.452;1.554;2003.603;-0.262;5.968
621230;33.3;26.93;0.421;1.558;1987.740;0.378;5.922
621330;33.2;26.93;0.412;1.546;1990.087;0.570;6.077
621430;33.2;26.93;0.458;1.555;2010.135;-0.357;6.015
621530;33.4;26.93;0.482;1.545;2002.166;-0.708;6.119
621630;33.4;26.93;0.425;1.548;1982.740;0.255;6.034
621730;33.4;26.93;0.412;1.526;1996.331;0.650;6.421
621830;33.3;27.00;0.413;1.517;1985.268;0.715;6.573
621930;33.3;27.00;0.414;1.557;2006.599;0.567;5.923
622030;33.3;27.00;0.459;1.558;2013.347;-0.392;5.963
622130;33.3;27.00;0.496;1.537;2009.424;-0.855;6.271
622230;33.3;27.00;0.494;1.527;1997.521;-0.725;6.391
622330;33.3;27.00;0.491;1.539;2005.295;-0.881;6.224
622430;33.3;27.00;0.454;1.555;2001.776;-0.271;6.022
622530;33.3;27.00;0.481;1.542;2008.072;-0.712;6.204
622630;33.3;27.00;0.480;1.518;2020.650;-0.404;6.514
622730;33.3;27.00;0.473;1.497;2006.396;-0.251;6.782
622830;33.3;27.00;0.489;1.530;2000.102;-0.751;6.413
622930;33.3;27.00;0.497;1.536;1999.198;-0.944;6.292
623030;33.2;27.00;0.485;1.544;1994.409;-0.722;6.193
623130;33.2;27.00;0.457;1.550;2004.656;-0.307;6.067
623230;33.2;27.00;0.479;1.551;2009.071;-0.707;6.083
623330;33.3;27.00;0.500;1.529;1999.326;-0.906;6.391
623430;33.3;27.00;0.502;1.530;2003.779;-0.949;6.361
623530;33.3;27.00;0.466;1.556;2004.254;-0.504;6.010
623630;33.3;27.00;0.431;1.559;2000.081;0.164;5.939
623730;33.3;27.00;0.450;1.551;1995.872;-0.190;6.044
623830;33.3;27.00;0.500;1.536;2017.570;-0.943;6.295
623930;33.3;27.00;0.489;1.522;2012.799;-0.610;6.509
624030;33.2;27.00;0.489;1.535;2002.115;-0.734;6.353
624130;33.2;27.00;0.483;1.539;1994.967;-0.795;6.287
624230;33.2;27.00;0.450;1.554;1994.750;-0.203;6.045
624330;33.3;27.00;0.416;1.554;1994.531;0.445;5.968
624430;33.3;27.00;0.451;1.560;2010.563;-0.212;5.942
624530;33.2;27.00;0.496;1.531;2001.211;-0.782;6.397
624630;33.2;27.00;0.495;1.537;1991.980;-0.860;6.306
624730;33.2;27.00;0.427;1.559;1997.247;0.110;5.931
624830;33.3;27.00;0.416;1.557;1990.555;0.468;5.991
624930;33.3;27.00;0.441;1.554;1994.479;-0.033;6.054
625030;33.3;27.00;0.500;1.542;2020.041;-0.894;6.251
625130;33.3;27.00;0.485;1.522;2017.029;-0.538;6.515
625230;33.3;27.00;0.467;1.494;2006.641;-0.180;6.911
625330;33.4;27.00;0.473;1.499;2002.260;-0.308;6.774
625430;33.4;27.00;0.483;1.514;1999.474;-0.514;6.648
625530;33.3;27.00;0.495;1.531;2005.782;-0.778;6.384
625630;33.3;27.00;0.478;1.517;2012.776;-0.368;6.601
625730;33.3;27.00;0.450;1.475;2003.338;0.177;7.095
625830;33.2;27.00;0.459;1.487;1996.012;-0.009;6.970
625930;33.2;27.00;0.490;1.527;2010.671;-0.727;6.435
626030;33.3;27.00;0.496;1.539;1992.998;-0.865;6.283
626130;33.3;27.00;0.489;1.538;1997.473;-0.803;6.307
626230;33.3;27.00;0.498;1.544;2009.834;-0.917;6.262
626330;33.3;27.00;0.495;1.540;2007.629;-0.838;6.301
626430;33.3;27.00;0.498;1.536;1997.023;-0.891;6.361
626530;33.3;27.00;0.499;1.535;2002.338;-0.972;6.346
626630;33.3;27.00;0.478;1.547;1994.018;-0.608;6.170
626730;33.3;27.00;0.474;1.550;2005.216;-0.592;6.171
626830;33.3;27.00;0.500;1.534;2014.219;-0.862;6.361
626930;33.3;27.00;0.478;1.507;2009.495;-0.379;6.758
627030;33.3;27.00;0.475;1.510;2007.423;-0.349;6.697
627130;33.3;27.00;0.489;1.528;2006.484;-0.616;6.480
627230;33.3;27.00;0.497;1.540;1992.728;-0.845;6.294
627330;33.2;27.00;0.490;1.541;1998.702;-0.819;6.278
627430;33.2;27.00;0.498;1.544;2015.859;-0.959;6.290
627530;33.3;27.00;0.488;1.528;2014.441;-0.613;6.516
627630;33.3;27.00;0.476;1.517;2001.137;-0.394;6.611
627730;33.3;27.00;0.489;1.520;2003.227;-0.676;6.561
627830;33.4;26.93;0.490;1.549;1999.896;-0.732;6.189
627930;33.4;26.93;0.472;1.549;2003.139;-0.546;6.222
628030;33.3;26.93;0.487;1.528;2019.853;-0.673;6.507
628130;33.3;26.93;0.467;1.487;2012.026;-0.113;7.029
628230;33.3;26.93;0.456;1.488;2007.572;0.027;6.975
628330;33.4;26.93;0.455;1.484;2008.968;0.018;7.058
628430;33.4;26.93;0.463;1.483;1993.809;-0.065;7.092
628530;33.4;26.93;0.474;1.505;1998.844;-0.296;6.818
628630;33.4;26.93;0.475;1.517;2016.844;-0.374;6.628
628730;33.4;26.93;0.467;1.491;2007.810;-0.185;7.028
628830;33.4;26.93;0.461;1.489;1993.870;-0.044;6.971
628930;33.4;26.93;0.484;1.519;2007.540;-0.542;6.592
629030;33.4;26.93;0.497;1.535;2004.854;-0.791;6.424
629130;33.4;26.93;0.490;1.542;1998.319;-0.829;6.353
629230;33.4;26.93;0.499;1.525;2003.528;-0.904;6.522
629330;33.3;26.93;0.494;1.535;2011.493;-0.788;6.458
629430;33.3;26.93;0.496;1.534;2009.241;-0.772;6.410
629530;33.3;26.93;0.499;1.533;2004.839;-0.866;6.431
629630;33.3;26.93;0.495;1.539;1995.135;-0.793;6.402
629730;33.3;26.93;0.492;1.544;2007.872;-0.832;6.337
629830;33.3;26.93;0.495;1.529;2013.240;-0.771;6.468
629930;33.3;26.93;0.479;1.512;2008.245;-0.367;6.729
630030;33.3;26.93;0.465;1.492;2005.449;-0.111;6.939
630130;33.3;26.93;0.460;1.486;2008.148;-0.032;7.024
630230;33.3;26.93;0.483;1.514;2000.339;-0.482;6.728
630330;33.4;26.93;0.485;1.528;2002.334;-0.583;6.496
630430;33.4;26.93;0.486;1.527;2006.704;-0.588;6.504
630530;33.4;26.93;0.479;1.518;2019.941;-0.399;6.698
630630;33.4;26.93;0.456;1.493;2004.601;0.036;6.971
630730;33.4;26.93;0.459;1.491;2005.591;-0.079;6.993
630830;33.3;26.93;0.473;1.503;1990.014;-0.281;6.884
630930;33.3;26.93;0.483;1.522;2006.961;-0.502;6.614
631030;33.4;26.93;0.494;1.530;2021.009;-0.760;6.428
631130;33.4;26.93;0.461;1.482;2007.847;-0.025;7.154
631230;33.4;26.93;0.454;1.490;2005.666;0.099;6.973
631330;33.4;26.93;0.441;1.480;2011.768;0.249;7.097
631430;33.4;26.93;0.464;1.484;2001.705;-0.066;7.092
631530;33.4;26.93;0.462;1.497;2000.309;-0.128;6.940
631630;33.4;26.93;0.474;1.502;2010.741;-0.318;6.867
631730;33.4;26.93;0.468;1.502;2012.177;-0.120;6.910
631830;33.4;26.93;0.448;1.488;2007.569;0.190;7.008
631930;33.4;26.93;0.449;1.480;1998.170;0.087;7.095
632030;33.2;26.93;0.470;1.491;1998.758;-0.216;7.090
632130;33.2;26.93;0.472;1.516;2006.997;-0.301;6.708
632230;33.2;26.93;0.493;1.531;2005.781;-0.759;6.502
632330;33.2;26.93;0.489;1.534;1999.997;-0.616;6.500
632430;33.2;26.93;0.484;1.525;2014.018;-0.490;6.579
632530;33.3;26.93;0.473;1.515;2014.536;-0.323;6.722
632630;33.3;26.93;0.485;1.518;2002.594;-0.472;6.699
632730;33.3;26.93;0.489;1.523;2007.438;-0.636;6.592
632830;33.3;26.93;0.477;1.521;2022.887;-0.428;6.604
632930;33.3;26.93;0.480;1.523;2009.868;-0.351;6.703
633030;33.3;26.93;0.462;1.494;2010.870;-0.042;6.972
633130;33.3;26.93;0.437;1.480;2004.483;0.277;6.977
633230;33.3;26.93;0.438;1.477;1990.732;0.363;7.053
633330;33.3;26.93;0.461;1.491;2004.729;-0.039;7.033
633430;33.3;26.93;0.461;1.493;2005.345;-0.066;6.993
633530;33.4;26.93;0.467;1.496;2002.119;-0.173;7.030
633630;33.4;26.93;0.453;1.491;2020.519;0.080;7.008
633730;33.4;26.93;0.439;1.481;2004.058;0.279;7.052
633830;33.4;26.93;0.452;1.482;1998.336;0.134;7.127
633930;33.4;26.93;0.473;1.514;1997.414;-0.316;6.761
634030;33.4;26.93;0.480;1.522;2018.148;-0.454;6.632
634130;33.4;26.93;0.479;1.521;2017.788;-0.372;6.702
634230;33.4;26.93;0.468;1.500;2003.428;-0.141;6.907
634330;33.4;26.93;0.445;1.482;2013.117;0.221;7.074
634430;33.4;26.93;0.435;1.479;2004.869;0.369;7.027
634530;33.3;26.93;0.448;1.485;1994.125;0.178;7.044
634630;33.3;26.93;0.469;1.505;2001.589;-0.213;6.869
634730;33.3;26.93;0.468;1.493;2008.947;-0.169;7.091
634830;33.4;26.93;0.455;1.490;2014.713;0.052;7.067
634930;33.4;26.93;0.443;1.479;2005.256;0.230;7.138
635030;33.5;26.93;0.464;1.488;1992.854;-0.090;7.092
635130;33.5;26.93;0.471;1.504;2009.115;-0.209;6.909
635230;33.5;26.93;0.483;1.524;2014.158;-0.497;6.620
635330;33.4;26.93;0.496;1.538;2001.829;-0.852;6.494
635430;33.4;26.93;0.500;1.534;1997.424;-0.841;6.472
635530;33.4;26.93;0.475;1.517;2016.830;-0.297;6.751
635630;33.4;26.93;0.468;1.497;2011.571;-0.180;6.997
635730;33.4;26.93;0.466;1.502;2003.493;-0.192;6.969
635830;33.4;26.93;0.467;1.499;2007.098;-0.198;6.993
635930;33.4;26.93;0.453;1.487;2008.302;0.122;7.125
636030;33.4;26.93;0.441;1.486;2005.857;0.287;6.998
636130;33.4;26.93;0.419;1.512;2001.585;0.616;6.464
636230;33.4;26.93;0.409;1.522;1978.375;0.712;6.239
636330;33.4;26.93;0.422;1.505;1996.977;0.551;6.624
636430;33.4;26.93;0.445;1.485;2003.682;0.209;7.133
636530;33.4;26.93;0.473;1.502;1997.532;-0.254;6.967
636630;33.4;26.93;0.474;1.501;2007.661;-0.230;6.937
636730;33.4;26.93;0.436;1.490;2015.687;0.394;6.930
636830;33.4;26.93;0.431;1.483;1992.248;0.466;6.989
636930;33.4;26.93;0.469;1.500;1992.628;-0.240;7.001
637030;33.4;26.93;0.482;1.521;2005.663;-0.529;6.698
637130;33.4;26.93;0.486;1.528;2012.997;-0.484;6.643
637230;33.4;26.93;0.467;1.503;2019.796;-0.113;6.909
637330;33.5;26.93;0.453;1.489;2009.682;0.080;7.097
637430;33.5;26.93;0.435;1.484;1995.116;0.375;7.006
637530;33.4;26.93;0.439;1.484;2002.393;0.331;7.055
637630;33.4;26.93;0.465;1.493;2002.783;-0.167;7.053
637730;33.4;26.93;0.483;1.525;2005.003;-0.485;6.708
637830;33.4;26.93;0.466;1.501;2013.939;-0.128;6.970
637930;33.4;26.93;0.448;1.488;2014.147;0.226;7.073
638030;33.3;26.93;0.438;1.480;1997.249;0.341;7.087
638130;33.3;26.93;0.468;1.504;1994.317;-0.206;6.970
638230;33.3;26.93;0.475;1.505;2009.390;-0.306;6.927
638330;33.3;26.93;0.481;1.510;2009.617;-0.355;6.875
638430;33.3;26.93;0.478;1.519;2012.810;-0.345;6.873
638530;33.4;26.93;0.459;1.493;2013.334;-0.002;7.088
638630;33.4;26.93;0.433;1.485;2003.426;0.439;6.998
638730;33.4;26.93;0.427;1.495;2003.092;0.437;6.883
638830;33.5;26.93;0.449;1.478;1996.762;0.181;7.193
638930;33.5;26.93;0.458;1.487;1998.627;0.032;7.185
639030;33.4;26.93;0.438;1.490;2013.903;0.339;6.963
639130;33.4;26.93;0.418;1.511;2005.271;0.637;6.515
639230;33.4;26.93;0.412;1.528;1991.327;0.679;6.167
639330;33.4;26.93;0.423;1.500;1979.460;0.534;6.743
639430;33.4;26.93;0.448;1.480;1999.847;0.156;7.176
639530;33.4;26.93;0.461;1.493;2004.243;0.023;7.065
639630;33.4;26.93;0.465;1.502;2005.556;-0.129;7.003
639730;33.4;26.93;0.446;1.487;2007.619;0.251;7.097
639830;33.4;27.00;0.421;1.505;1998.701;0.596;6.644
639930;33.4;27.00;0.439;1.490;1994.375;0.308;7.047
640030;33.3;27.00;0.473;1.519;2006.254;-0.352;6.791
640130;33.3;27.00;0.489;1.524;1993.399;-0.552;6.732
640230;33.3;27.00;0.468;1.514;2017.956;-0.174;6.862
640330;33.3;27.00;0.456;1.489;2011.825;0.085;7.153
640430;33.3;27.00;0.436;1.488;2001.641;0.399;6.972
640530;33.4;27.00;0.435;1.486;1978.939;0.389;6.989
640630;33.4;27.00;0.451;1.487;2006.527;0.149;7.124
640730;33.4;27.00;0.459;1.492;2001.470;0.073;7.154
640830;33.4;26.93;0.455;1.497;2012.717;0.043;7.064
640930;33.4;26.93;0.434;1.490;2001.835;0.428;6.969
641030;33.4;26.93;0.414;1.535;2002.524;0.622;6.056
641130;33.4;26.93;0.415;1.514;1988.649;0.642;6.504
641230;33.4;26.93;0.444;1.484;2003.271;0.215;7.171
641330;33.4;26.93;0.448;1.485;1991.856;0.226;7.165
641430;33.4;26.93;0.453;1.494;2012.201;0.074;7.078
641530;33.4;26.93;0.440;1.489;2005.563;0.308;7.106
641630;33.4;26.93;0.428;1.491;1996.571;0.512;6.911
641730;33.4;26.93;0.431;1.498;1985.664;0.443;6.766
641830;33.3;26.93;0.445;1.486;2002.856;0.253;7.134
641930;33.3;26.93;0.456;1.490;2007.207;0.091;7.186
642030;33.3;26.93;0.447;1.485;2005.322;0.194;7.167
642130;33.3;26.93;0.420;1.501;2002.941;0.626;6.709
642230;33.3;26.93;0.413;1.526;2003.479;0.689;6.276
642330;33.4;26.93;0.412;1.540;1998.041;0.678;6.071
642430;33.4;26.93;0.433;1.486;1988.547;0.427;7.097
642530;33.4;26.93;0.447;1.481;1995.781;0.243;7.234
642630;33.4;26.93;0.453;1.490;2007.513;0.063;7.162
642730;33.4;26.93;0.457;1.486;2006.895;0.101;7.217
642830;33.4;26.93;0.420;1.498;1995.877;0.599;6.842
642930;33.4;26.93;0.436;1.492;1988.572;0.386;6.972
643030;33.4;26.93;0.463;1.496;2005.118;-0.066;7.117
643130;33.4;26.93;0.484;1.515;2006.784;-0.447;6.905
643230;33.4;26.93;0.474;1.517;2000.450;-0.307;6.861
643330;33.4;26.93;0.456;1.488;2020.280;0.103;7.190
643430;33.4;26.93;0.431;1.487;2003.343;0.487;7.028
643530;33.4;26.93;0.418;1.518;2001.643;0.608;6.486
643630;33.4;26.93;0.414;1.512;1990.973;0.668;6.588
643730;33.4;26.93;0.421;1.503;1994.759;0.623;6.548
643830;33.4;26.93;0.423;1.506;2001.490;0.544;6.692
643930;33.4;26.93;0.420;1.509;1997.511;0.641;6.618
644030;33.4;26.93;0.417;1.543;1990.601;0.537;6.057
644130;33.4;26.93;0.425;1.551;1989.366;0.303;5.936
644230;33.4;26.93;0.417;1.507;1992.810;0.623;6.639
644330;33.5;26.93;0.440;1.480;1988.622;0.370;7.212
644430;33.5;26.93;0.439;1.489;1995.290;0.297;7.037
644530;33.5;26.93;0.439;1.488;2007.309;0.360;7.088
644630;33.5;26.93;0.438;1.489;2001.922;0.407;7.136
644730;33.5;26.93;0.424;1.507;1995.042;0.554;6.765
644830;33.5;26.93;0.423;1.496;1988.460;0.574;6.865
644930;33.5;26.93;0.441;1.485;1996.674;0.331;7.127
645030;33.4;26.93;0.440;1.494;2007.156;0.301;7.017
645130;33.4;26.93;0.429;1.498;1998.559;0.528;6.905
645230;33.4;26.93;0.409;1.532;1994.613;0.729;6.240
645330;33.4;26.93;0.412;1.549;2001.249;0.630;5.975
645430;33.4;26.93;0.408;1.529;1988.798;0.686;6.248
645530;33.4;26.93;0.428;1.495;1984.647;0.473;6.855
645630;33.4;26.93;0.434;1.492;1995.254;0.370;7.031
645730;33.4;26.93;0.454;1.491;2007.706;0.218;7.220
645830;33.5;26.93;0.443;1.490;2006.928;0.332;7.193
645930;33.5;26.93;0.420;1.513;1998.386;0.602;6.603
646030;33.4;26.93;0.427;1.486;1988.713;0.490;7.050
646130;33.4;26.93;0.454;1.487;1996.387;0.126;7.250
646230;33.4;26.93;0.465;1.501;2005.442;-0.055;7.095
646330;33.5;26.93;0.450;1.488;2009.830;0.181;7.223
646430;33.5;26.93;0.409;1.528;1992.036;0.778;6.307
646530;33.5;26.93;0.406;1.550;2006.909;0.712;5.960
646630;33.5;26.93;0.417;1.549;1992.261;0.511;5.972
646730;33.5;26.93;0.417;1.547;1980.685;0.548;5.971
646830;33.5;26.93;0.406;1.534;1986.381;0.749;6.254
646930;33.5;26.93;0.419;1.516;2001.359;0.608;6.566
647030;33.4;26.93;0.411;1.530;1993.162;0.716;6.295
647130;33.4;26.93;0.432;1.549;1994.561;0.179;6.012
647230;33.4;26.93;0.415;1.546;1983.027;0.510;6.008
647330;33.4;26.93;0.416;1.519;1985.963;0.723;6.449
647430;33.4;26.93;0.421;1.509;1996.736;0.619;6.741
647530;33.4;26.93;0.428;1.492;1989.014;0.478;7.013
647630;33.4;26.93;0.428;1.492;1993.790;0.518;7.010
647730;33.4;26.93;0.433;1.503;2003.513;0.437;6.850
647830;33.4;26.93;0.412;1.523;1993.051;0.738;6.485
647930;33.4;26.93;0.416;1.512;1984.697;0.706;6.595
648030;33.5;26.93;0.424;1.512;1996.994;0.538;6.748
648130;33.5;26.93;0.440;1.487;2004.401;0.336;7.135
648230;33.5;26.93;0.429;1.495;1998.068;0.490;6.984
648330;33.4;26.93;0.410;1.538;1991.851;0.696;6.206
648430;33.4;26.93;0.415;1.553;1993.940;0.546;5.945
648530;33.4;26.93;0.406;1.528;1985.877;0.802;6.324
648630;33.4;26.93;0.422;1.509;1996.598;0.558;6.774
648730;33.4;26.93;0.433;1.485;1985.464;0.413;7.112
648830;33.4;26.93;0.438;1.492;2003.875;0.393;7.113
648930;33.4;26.93;0.419;1.527;2006.686;0.607;6.398
649030;33.5;26.93;0.412;1.550;1994.944;0.585;6.002
649130;33.5;26.93;0.412;1.534;1974.319;0.681;6.245
649230;33.5;26.93;0.425;1.503;2000.751;0.492;6.916
649330;33.5;26.93;0.444;1.483;2005.961;0.293;7.259
649430;33.5;26.93;0.417;1.522;2000.178;0.660;6.483
649530;33.5;26.93;0.419;1.549;1995.621;0.473;6.007
649630;33.5;26.93;0.443;1.555;2011.099;-0.039;5.978
649730;33.5;26.93;0.453;1.542;1992.923;-0.157;6.126
649830;33.5;26.93;0.440;1.549;1984.420;0.012;6.093
649930;33.5;26.93;0.411;1.538;1986.020;0.652;6.143
650030;33.5;26.93;0.414;1.540;1994.739;0.641;6.204
650130;33.5;26.93;0.438;1.553;2005.095;0.096;6.022
650230;33.5;26.93;0.455;1.546;1990.794;-0.272;6.133
650330;33.4;26.93;0.426;1.540;1979.884;0.345;6.142
650430;33.4;26.93;0.410;1.552;2001.658;0.648;6.038
650530;33.4;26.93;0.418;1.510;1991.999;0.562;6.665
650630;33.4;26.93;0.435;1.493;1986.767;0.449;7.146
650730;33.4;26.93;0.430;1.503;2001.706;0.477;6.899
650830;33.5;26.93;0.417;1.520;1997.429;0.678;6.559
650930;33.5;26.93;0.413;1.521;1992.767;0.726;6.531
651030;33.4;26.93;0.425;1.507;1989.516;0.526;6.816
651130;33.4;26.93;0.431;1.491;1999.581;0.463;7.071
651230;33.4;26.93;0.432;1.505;2003.669;0.528;6.863
651330;33.4;26.93;0.419;1.555;2002.788;0.513;5.980
651430;33.4;26.93;0.439;1.549;1990.857;0.063;6.084
651530;33.5;26.93;0.443;1.538;1984.655;0.017;6.196
651630;33.5;26.93;0.415;1.554;1988.669;0.566;6.000
651730;33.5;26.93;0.413;1.546;1989.439;0.636;6.085
651830;33.5;26.93;0.413;1.524;1981.797;0.681;6.475
651930;33.5;26.93;0.418;1.558;2009.173;0.512;5.933
652030;33.5;26.93;0.454;1.553;2000.587;-0.199;6.082
652130;33.5;26.93;0.443;1.540;1987.885;0.003;6.176
652230;33.5;26.93;0.408;1.536;1974.033;0.678;6.258
652330;33.5;26.93;0.415;1.520;1994.162;0.713;6.541
652430;33.5;26.93;0.415;1.528;2002.764;0.719;6.498
652530;33.5;26.93;0.428;1.557;2004.039;0.274;5.997
652630;33.5;26.93;0.465;1.547;1997.995;-0.352;6.152
652730;33.5;26.93;0.484;1.536;2003.578;-0.595;6.242
652830;33.5;27.00;0.459;1.548;1994.282;-0.288;6.119
652930;33.5;27.00;0.417;1.546;1986.155;0.496;6.115
653030;33.5;27.00;0.410;1.548;1986.444;0.662;6.103
653130;33.5;27.00;0.444;1.552;2010.216;-0.054;6.094
653230;33.5;27.00;0.481;1.548;2002.766;-0.625;6.133
653330;33.6;27.00;0.457;1.542;1986.688;-0.271;6.177
653430;33.6;27.00;0.420;1.556;1980.289;0.423;5.994
653530;33.6;27.00;0.408;1.532;1994.225;0.758;6.354
653630;33.6;27.00;0.427;1.497;1996.473;0.545;7.032
653730;33.6;27.00;0.409;1.529;1995.651;0.731;6.453
653830;33.5;26.93;0.420;1.555;1998.828;0.480;6.010
653930;33.5;26.93;0.426;1.548;2000.559;0.326;6.086
654030;33.5;26.93;0.411;1.556;1994.461;0.612;6.030
654130;33.5;26.93;0.417;1.519;1988.673;0.663;6.567
654230;33.5;26.93;0.412;1.537;1988.523;0.706;6.294
654330;33.5;26.93;0.428;1.562;2018.540;0.304;5.950
654430;33.5;26.93;0.479;1.550;1999.183;-0.560;6.156
654530;33.4;26.93;0.485;1.540;1994.742;-0.670;6.249
654630;33.4;26.93;0.485;1.541;1992.398;-0.663;6.307
654730;33.4;26.93;0.445;1.552;1996.749;-0.052;6.087
654830;33.4;26.93;0.420;1.545;1986.557;0.456;6.164
654930;33.4;26.93;0.426;1.554;1997.232;0.309;6.042
655030;33.4;26.93;0.484;1.550;2011.897;-0.641;6.163
655130;33.4;26.93;0.481;1.537;2002.202;-0.560;6.280
655230;33.4;26.93;0.460;1.549;1996.409;-0.296;6.176
655330;33.5;26.93;0.414;1.548;1989.718;0.540;6.134
655430;33.5;26.93;0.417;1.548;1987.848;0.593;6.109
655530;33.4;26.93;0.424;1.562;2008.767;0.371;5.953
655630;33.4;26.93;0.476;1.548;2004.186;-0.554;6.202
655730;33.4;26.93;0.480;1.531;2002.006;-0.532;6.390
655830;33.4;26.93;0.486;1.533;1999.151;-0.580;6.409
655930;33.4;26.93;0.460;1.551;1998.037;-0.364;6.138
656030;33.4;26.93;0.422;1.550;1991.748;0.407;6.110
656130;33.4;26.93;0.432;1.557;1993.945;0.185;6.064
656230;33.4;26.93;0.480;1.552;2007.248;-0.587;6.140
656330;33.5;26.93;0.484;1.542;2002.340;-0.610;6.263
656430;33.5;26.93;0.463;1.546;1991.694;-0.356;6.258
656530;33.5;26.93;0.441;1.549;1986.067;-0.003;6.138
656630;33.5;26.93;0.427;1.549;1990.099;0.339;6.106
656730;33.5;26.93;0.414;1.564;1999.875;0.540;5.943
656830;33.5;26.93;0.427;1.558;1987.600;0.320;6.012
656930;33.5;26.93;0.465;1.548;1996.835;-0.363;6.171
657030;33.5;26.93;0.484;1.546;2004.600;-0.658;6.242
657130;33.5;26.93;0.457;1.549;1987.862;-0.268;6.169
657230;33.5;26.93;0.430;1.548;1993.039;0.255;6.162
657330;33.5;26.93;0.478;1.549;2008.536;-0.575;6.208
657430;33.5;26.93;0.479;1.541;2008.563;-0.437;6.324
657530;33.5;26.93;0.466;1.524;2009.193;-0.243;6.536
657630;33.5;26.93;0.473;1.525;1998.856;-0.335;6.578
657730;33.5;26.93;0.482;1.530;1993.021;-0.554;6.448
657830;33.5;26.93;0.474;1.542;1997.245;-0.514;6.244
657930;33.5;26.93;0.466;1.552;2000.772;-0.355;6.187
658030;33.5;26.93;0.484;1.547;1998.937;-0.661;6.265
658130;33.5;26.93;0.471;1.518;2011.277;-0.295;6.587
658230;33.5;26.93;0.482;1.532;1999.063;-0.567;6.465
658330;33.5;26.93;0.456;1.548;1987.056;-0.231;6.164
658430;33.5;26.93;0.424;1.547;1980.244;0.389;6.210
658530;33.5;26.93;0.441;1.559;2003.496;0.057;6.074
658630;33.5;26.93;0.483;1.552;2012.113;-0.631;6.177
658730;33.5;26.93;0.481;1.536;2003.345;-0.624;6.356
658830;33.5;27.00;0.479;1.534;2000.730;-0.452;6.419
658930;33.5;27.00;0.485;1.536;2001.622;-0.603;6.382
659030;33.4;27.00;0.481;1.547;1990.168;-0.600;6.212
659130;33.4;27.00;0.473;1.550;2005.417;-0.490;6.226
659230;33.4;27.00;0.490;1.543;2002.284;-0.727;6.301
659330;33.4;27.00;0.462;1.513;2015.308;-0.173;6.703
659430;33.4;27.00;0.471;1.525;1996.736;-0.283;6.567
659530;33.5;27.00;0.478;1.548;1991.599;-0.608;6.285
659630;33.5;27.00;0.472;1.544;1991.667;-0.473;6.266
659730;33.5;27.00;0.484;1.548;2005.303;-0.650;6.300
659830;33.4;26.93;0.480;1.553;2003.045;-0.592;6.167
659930;33.4;26.93;0.473;1.549;2004.606;-0.532;6.218
660030;33.4;26.93;0.489;1.533;1991.603;-0.605;6.480
660130;33.4;26.93;0.484;1.543;2000.490;-0.567;6.341
660230;33.4;26.93;0.482;1.546;1994.576;-0.573;6.272
660330;33.5;26.93;0.486;1.542;2008.300;-0.681;6.427
660430;33.5;26.93;0.471;1.520;1998.944;-0.292;6.630
660530;33.5;26.93;0.457;1.506;2009.318;-0.076;6.843
660630;33.5;26.93;0.464;1.508;2004.493;-0.105;6.815
660730;33.5;26.93;0.468;1.518;2003.572;-0.271;6.705
660830;33.5;26.93;0.478;1.533;1990.604;-0.503;6.429
660930;33.5;26.93;0.478;1.534;2009.169;-0.461;6.505
661030;33.4;26.93;0.485;1.550;2000.801;-0.691;6.244
661130;33.4;26.93;0.479;1.540;2004.098;-0.520;6.351
661230;33.4;26.93;0.469;1.517;1999.103;-0.193;6.685
661330;33.5;26.93;0.475;1.533;1997.899;-0.396;6.493
661430;33.5;26.93;0.461;1.551;1992.927;-0.293;6.191
661530;33.4;26.93;0.454;1.552;1995.132;-0.212;6.233
661630;33.4;26.93;0.486;1.548;2002.235;-0.654;6.292
661730;33.4;26.93;0.472;1.530;2002.510;-0.350;6.528
661830;33.5;26.93;0.480;1.533;2008.890;-0.428;6.506
661930;33.5;26.93;0.469;1.519;2004.564;-0.280;6.737
662030;33.5;26.93;0.463;1.520;2001.133;-0.213;6.640
662130;33.5;26.93;0.482;1.532;1999.122;-0.499;6.504
662230;33.5;26.93;0.490;1.541;2005.482;-0.682;6.370
662330;33.5;26.93;0.462;1.525;2006.640;-0.140;6.697
662430;33.5;26.93;0.449;1.490;2003.146;0.145;7.030
662530;33.4;26.93;0.455;1.500;2001.055;-0.034;6.992
662630;33.4;26.93;0.470;1.527;1999.978;-0.319;6.542
662730;33.4;26.93;0.469;1.523;2000.763;-0.301;6.674
662830;33.5;26.93;0.478;1.529;2002.576;-0.414;6.538
662930;33.5;26.93;0.474;1.531;2002.357;-0.428;6.523
663030;33.5;26.93;0.472;1.530;2009.476;-0.208;6.664
663130;33.5;26.93;0.464;1.511;1994.579;-0.159;6.881
663230;33.5;26.93;0.467;1.516;2000.083;-0.236;6.672
663330;33.5;26.93;0.477;1.533;2006.685;-0.476;6.523
663430;33.5;26.93;0.479;1.537;2000.729;-0.432;6.475
663530;33.4;26.93;0.459;1.510;2005.273;-0.085;6.813
663630;33.4;26.93;0.451;1.493;2009.593;0.100;7.024
663730;33.4;26.93;0.440;1.486;2002.557;0.257;7.079
663830;33.4;26.93;0.462;1.503;1995.976;-0.131;6.866
663930;33.4;26.93;0.466;1.515;2001.815;-0.187;6.766
664030;33.4;26.93;0.472;1.521;1999.389;-0.280;6.676
664130;33.4;26.93;0.476;1.537;2004.149;-0.418;6.457
664230;33.4;26.93;0.463;1.511;2009.509;-0.131;6.847
664330;33.5;26.93;0.456;1.493;1993.683;-0.030;7.050
664430;33.5;26.93;0.471;1.519;1992.019;-0.289;6.677
664530;33.5;26.93;0.491;1.541;2001.038;-0.731;6.433
664630;33.5;26.93;0.479;1.548;1997.634;-0.598;6.320
664730;33.5;26.93;0.470;1.534;2012.128;-0.301;6.509
664830;33.5;26.93;0.461;1.509;2012.497;-0.057;6.878
664930;33.5;26.93;0.439;1.491;2011.918;0.313;7.045
665030;33.5;26.93;0.434;1.491;1998.339;0.343;6.929
665130;33.5;26.93;0.447;1.490;1992.080;0.167;7.087
665230;33.5;26.93;0.459;1.502;2004.422;-0.006;6.990
665330;33.6;26.93;0.452;1.509;2012.753;0.048;6.831
665430;33.6;26.93;0.434;1.493;2002.346;0.356;6.925
665530;33.6;26.93;0.417;1.505;1986.969;0.563;6.647
665630;33.6;26.93;0.436;1.497;1993.894;0.329;6.890
665730;33.6;26.93;0.456;1.505;1999.269;-0.007;6.963
665830;33.5;26.93;0.466;1.520;1990.025;-0.205;6.761
665930;33.5;26.93;0.466;1.525;2008.557;-0.233;6.651
666030;33.5;26.93;0.463;1.519;2015.979;-0.136;6.762
666130;33.5;26.93;0.456;1.499;2003.677;0.020;7.051
666230;33.5;26.93;0.451;1.498;1996.853;0.035;6.985
666330;33.5;26.93;0.461;1.506;2003.249;-0.089;6.964
666430;33.5;26.93;0.468;1.513;2010.991;-0.231;6.872
666530;33.5;26.93;0.462;1.508;2009.899;-0.101;6.865
666630;33.5;26.93;0.443;1.492;2006.091;0.248;7.036
666730;33.5;26.93;0.423;1.501;1997.627;0.516;6.770
666830;33.4;26.93;0.432;1.493;1988.793;0.392;6.905
666930;33.4;26.93;0.463;1.507;1995.414;-0.110;6.930
667030;33.4;26.93;0.468;1.509;1995.148;-0.220;6.880
667130;33.4;26.93;0.468;1.526;2004.048;-0.246;6.626
667230;33.4;26.93;0.465;1.521;2019.570;-0.170;6.758
667330;33.5;26.93;0.437;1.492;2002.570;0.336;7.022
667430;33.5;26.93;0.446;1.489;1989.593;0.132;7.107
667530;33.5;26.93;0.469;1.531;1997.626;-0.271;6.633
667630;33.5;26.93;0.475;1.540;2005.688;-0.385;6.517
667730;33.5;26.93;0.472;1.529;2007.881;-0.253;6.588
667830;33.5;26.93;0.447;1.497;2003.097;0.156;6.996
667930;33.5;26.93;0.412;1.521;2009.335;0.675;6.423
668030;33.5;26.93;0.405;1.548;2000.359;0.679;5.907
668130;33.5;26.93;0.406;1.517;1985.907;0.711;6.506
668230;33.5;26.93;0.433;1.485;1983.781;0.402;7.085
668330;33.5;26.93;0.433;1.496;2004.229;0.371;6.930
668430;33.5;26.93;0.431;1.503;2005.500;0.396;6.787
668530;33.5;26.93;0.404;1.548;1994.799;0.721;5.976
668630;33.5;26.93;0.405;1.526;1983.230;0.728;6.261
668730;33.5;26.93;0.438;1.493;1997.304;0.315;7.012
668830;33.5;26.93;0.452;1.491;1998.211;0.053;7.110
668930;33.5;26.93;0.464;1.515;1998.013;-0.157;6.838
669030;33.6;26.93;0.449;1.493;2000.108;0.135;7.089
669130;33.6;26.93;0.436;1.494;2008.957;0.357;7.049
669230;33.6;26.93;0.429;1.501;2009.596;0.412;6.868
669330;33.6;26.93;0.443;1.496;1993.499;0.208;7.060
669430;33.6;26.93;0.464;1.501;1995.471;-0.151;7.020
669530;33.6;26.93;0.459;1.508;2010.832;-0.052;6.924
669630;33.6;26.93;0.446;1.503;2009.759;0.274;7.032
669730;33.6;26.93;0.413;1.518;1996.714;0.654;6.497
669830;33.6;26.93;0.408;1.531;1991.508;0.671;6.212
669930;33.6;26.93;0.425;1.504;1996.361;0.513;6.779
670030;33.5;26.93;0.451;1.492;1995.851;0.083;7.111
670130;33.5;26.93;0.458;1.509;1996.506;-0.087;6.929
670230;33.5;26.93;0.453;1.501;2014.430;0.073;6.993
670330;33.5;26.93;0.413;1.532;2010.122;0.695;6.330
670430;33.5;26.93;0.405;1.539;1993.894;0.669;6.091
670530;33.6;26.93;0.436;1.487;1984.490;0.336;7.108
670630;33.6;26.93;0.455;1.496;2003.154;0.049;7.110
670730;33.6;26.93;0.456;1.510;2005.593;0.028;6.895
670830;33.5;26.93;0.443;1.496;2015.485;0.244;7.036
670930;33.5;26.93;0.414;1.525;1994.475;0.609;6.389
671030;33.6;26.93;0.415;1.559;2005.225;0.467;5.794
671130;33.6;26.93;0.408;1.546;1988.653;0.686;6.035
671230;33.6;26.93;0.413;1.513;1993.299;0.660;6.586
671330;33.6;26.93;0.428;1.503;1994.664;0.428;6.838
671430;33.6;26.93;0.415;1.513;2009.103;0.622;6.675
671530;33.5;26.93;0.406;1.554;2001.712;0.734;5.895
671630;33.5;26.93;0.432;1.556;1999.954;-0.058;5.885
671730;33.5;26.93;0.406;1.536;1975.832;0.688;6.228
671830;33.5;27.00;0.428;1.501;1995.563;0.465;6.864
671930;33.5;27.00;0.441;1.501;1998.838;0.255;6.988
672030;33.5;27.00;0.442;1.494;2000.474;0.229;7.096
672130;33.5;27.00;0.432;1.491;1988.668;0.437;7.065
672230;33.5;27.00;0.423;1.509;2003.572;0.490;6.731
672330;33.6;27.00;0.432;1.495;1996.443;0.407;6.988
672430;33.6;27.00;0.446;1.491;1996.519;0.206;7.172
672530;33.5;27.00;0.450;1.499;2006.245;0.086;7.046
672630;33.5;27.00;0.432;1.502;2013.477;0.431;6.921
672730;33.5;27.00;0.409;1.541;1998.310;0.695;6.119
672830;33.5;26.93;0.416;1.558;2000.471;0.397;5.825
672930;33.5;26.93;0.416;1.553;1979.180;0.455;5.945
673030;33.5;26.93;0.405;1.541;1993.228;0.713;6.171
673130;33.5;26.93;0.409;1.527;2001.212;0.677;6.400
673230;33.5;26.93;0.416;1.516;1991.998;0.629;6.604
673330;33.5;26.93;0.406;1.547;1995.852;0.720;6.037
673430;33.5;26.93;0.421;1.556;2007.056;0.327;5.873
673530;33.5;26.93;0.409;1.551;1983.903;0.656;6.004
673630;33.5;26.93;0.420;1.504;1989.302;0.570;6.819
673730;33.5;26.93;0.425;1.497;1994.066;0.466;6.947
673830;33.5;26.93;0.429;1.505;2013.088;0.425;6.896
673930;33.5;26.93;0.406;1.554;2000.460;0.687;5.952
674030;33.6;26.93;0.414;1.558;2001.046;0.431;5.880
674130;33.6;26.93;0.444;1.558;1989.849;-0.064;5.966
674230;33.6;26.93;0.418;1.556;2000.658;0.371;5.933
674330;33.5;26.93;0.413;1.558;1992.569;0.491;5.863
674430;33.5;26.93;0.405;1.542;1988.352;0.723;6.144
674530;33.5;26.93;0.427;1.560;2002.265;0.265;5.881
674630;33.5;26.93;0.459;1.553;2009.067;-0.376;6.014
674730;33.5;26.93;0.419;1.554;1982.931;0.407;5.978
674830;33.5;26.93;0.410;1.521;1991.499;0.648;6.514
674930;33.5;26.93;0.421;1.509;2000.960;0.539;6.683
675030;33.5;26.93;0.425;1.509;2002.027;0.514;6.789
675130;33.5;26.93;0.415;1.517;1996.782;0.644;6.611
675230;33.5;26.93;0.407;1.527;1995.754;0.697;6.382
675330;33.5;26.93;0.409;1.543;1996.534;0.712;6.137
675430;33.5;26.93;0.411;1.528;1994.191;0.666;6.395
675530;33.6;26.93;0.411;1.522;1993.650;0.683;6.480
675630;33.6;26.93;0.404;1.550;1993.188;0.695;6.069
675730;33.6;26.93;0.436;1.560;2006.459;0.091;5.929
675830;33.6;27.00;0.468;1.553;2010.335;-0.513;6.044
675930;33.6;27.00;0.460;1.552;1994.690;-0.397;6.092
676030;33.8;27.00;0.431;1.554;1990.116;0.101;6.001
676130;33.8;27.00;0.417;1.560;1998.534;0.423;5.833
676230;33.8;27.00;0.412;1.552;1990.884;0.618;6.036
676330;33.6;27.00;0.410;1.552;1992.565;0.608;6.049
676430;33.6;27.00;0.445;1.560;2007.247;-0.127;5.940
676530;33.5;27.00;0.456;1.556;1995.207;-0.291;6.015
676630;33.5;27.00;0.415;1.552;1988.888;0.464;6.013
676730;33.5;27.00;0.410;1.525;1994.516;0.705;6.436
676830;33.5;26.93;0.410;1.533;1990.834;0.707;6.374
676930;33.5;26.93;0.410;1.559;2003.751;0.551;5.910
677030;33.6;26.93;0.452;1.558;2006.560;-0.257;5.964
677130;33.6;26.93;0.460;1.554;1992.934;-0.302;6.056
677230;33.6;26.93;0.475;1.546;2001.315;-0.645;6.192
677330;33.6;26.93;0.445;1.558;1998.847;-0.123;5.957
677430;33.6;26.93;0.410;1.554;1993.335;0.596;6.043
677530;33.5;26.93;0.412;1.548;1987.300;0.601;6.088
677630;33.5;26.93;0.461;1.559;2009.991;-0.360;5.979
677730;33.5;26.93;0.482;1.546;2003.102;-0.685;6.177
677830;33.6;26.93;0.433;1.554;1989.074;0.137;6.019
677930;33.6;26.93;0.409;1.561;1988.304;0.568;5.894
678030;33.6;26.93;0.414;1.554;1989.496;0.542;6.056
678130;33.6;26.93;0.405;1.549;1999.693;0.716;6.117
678230;33.6;26.93;0.406;1.552;2001.596;0.660;6.029
678330;33.6;26.93;0.429;1.558;1993.312;0.196;5.998
678430;33.6;26.93;0.451;1.552;1990.497;-0.181;6.081
678530;33.6;26.93;0.431;1.563;1997.894;0.134;5.884
678630;33.6;26.93;0.413;1.557;1994.790;0.525;6.010
678730;33.6;26.93;0.427;1.552;1989.887;0.202;6.062
678830;33.6;26.93;0.474;1.550;2009.710;-0.596;6.139
678930;33.6;26.93;0.504;1.545;2009.672;-0.979;6.240
679030;33.6;26.93;0.495;1.540;2008.110;-0.854;6.300
679130;33.6;26.93;0.489;1.542;1994.552;-0.852;6.236
679230;33.6;26.93;0.459;1.554;1999.567;-0.326;6.124
679330;33.7;26.93;0.423;1.557;1993.807;0.300;6.022
679430;33.7;26.93;0.434;1.564;2007.216;0.029;5.907
679530;33.7;26.93;0.495;1.540;1997.544;-0.840;6.298
679630;33.7;26.93;0.489;1.544;1999.705;-0.810;6.287
679730;33.7;26.93;0.433;1.557;1989.120;0.051;6.012
679830;33.7;26.93;0.407;1.545;1988.698;0.710;6.214
679930;33.7;26.93;0.410;1.553;1989.688;0.584;6.030
680030;33.8;26.93;0.445;1.561;2006.554;-0.073;5.939
680130;33.8;26.93;0.457;1.559;1998.854;-0.242;6.008
680230;33.8;26.93;0.476;1.550;2007.568;-0.623;6.173
680330;33.7;26.93;0.494;1.533;2006.424;-0.879;6.394
680430;33.7;26.93;0.487;1.541;1997.519;-0.798;6.294
680530;33.7;26.93;0.449;1.556;2001.490;-0.159;6.061
680630;33.7;26.93;0.480;1.553;2009.273;-0.730;6.154
680730;33.7;26.93;0.495;1.528;2007.887;-0.717;6.505
680830;33.6;26.93;0.490;1.530;2008.171;-0.705;6.484
680930;33.6;26.93;0.490;1.542;2004.647;-0.857;6.261
681030;33.7;26.93;0.476;1.549;1991.910;-0.628;6.251
681130;33.7;26.93;0.453;1.545;1986.971;-0.214;6.216
681230;33.7;26.93;0.445;1.562;2008.239;-0.116;5.976
681330;33.7;26.93;0.443;1.562;2001.965;-0.037;6.001
681430;33.7;26.93;0.468;1.550;1997.350;-0.502;6.249
681530;33.8;26.93;0.494;1.540;2006.407;-0.928;6.309
681630;33.8;26.93;0.473;1.546;1997.433;-0.593;6.229
681730;33.8;26.93;0.446;1.556;2003.099;-0.092;6.076
681830;33.8;26.93;0.492;1.550;2005.389;-0.869;6.225
681930;33.8;26.93;0.487;1.526;2010.923;-0.527;6.549
682030;33.7;26.93;0.476;1.520;2012.243;-0.406;6.640
682130;33.7;26.93;0.494;1.525;2007.113;-0.775;6.496
682230;33.7;26.93;0.497;1.542;1988.975;-0.886;6.310
682330;33.7;26.93;0.481;1.542;1992.246;-0.687;6.292
682430;33.7;26.93;0.445;1.564;2007.837;-0.101;5.993
682530;33.8;26.93;0.490;1.552;2010.267;-0.794;6.200
682630;33.8;26.93;0.492;1.535;2002.255;-0.784;6.455
682730;33.8;26.93;0.499;1.536;1995.240;-0.950;6.387
682830;33.8;26.93;0.423;1.560;1993.488;0.336;6.023
682930;33.8;26.93;0.413;1.560;1994.990;0.548;6.006
683030;33.8;26.93;0.452;1.557;2003.286;-0.255;6.127
683130;33.8;26.93;0.501;1.544;2009.065;-0.920;6.324
683230;33.8;26.93;0.490;1.535;2021.650;-0.641;6.453
683330;33.8;26.93;0.483;1.519;2009.439;-0.519;6.630
683430;33.8;26.93;0.492;1.527;1991.023;-0.645;6.583
683530;33.7;26.93;0.492;1.544;2001.828;-0.839;6.310
683630;33.7;26.93;0.502;1.541;2016.939;-0.951;6.383
683730;33.7;26.93;0.487;1.520;2012.304;-0.543;6.667
683830;33.7;27.00;0.461;1.493;2005.243;-0.091;7.001
683930;33.7;27.00;0.479;1.509;2001.565;-0.360;6.744
684030;33.7;27.00;0.500;1.545;2003.307;-0.874;6.312
684130;33.7;27.00;0.485;1.545;1998.910;-0.769;6.324
684230;33.7;27.00;0.484;1.549;1995.018;-0.770;6.240
684330;33.6;27.00;0.500;1.543;2009.116;-0.900;6.376
684430;33.6;27.00;0.489;1.536;2007.527;-0.656;6.436
684530;33.6;27.00;0.496;1.532;2008.615;-0.830;6.465
684630;33.6;27.00;0.500;1.538;1996.462;-0.833;6.471
684730;33.6;27.00;0.484;1.548;2002.672;-0.750;6.301
684830;33.6;26.93;0.488;1.550;2012.984;-0.826;6.258
684930;33.6;26.93;0.495;1.530;2007.756;-0.631;6.601
685030;33.6;26.93;0.473;1.506;2008.486;-0.266;6.847
685130;33.6;26.93;0.478;1.510;2010.110;-0.365;6.780
685230;33.6;26.93;0.498;1.537;1997.789;-0.827;6.497
685330;33.7;26.93;0.479;1.550;1995.222;-0.661;6.289
685430;33.7;26.93;0.480;1.546;1994.929;-0.697;6.333
685530;33.7;26.93;0.497;1.550;2011.334;-0.914;6.253
685630;33.7;26.93;0.486;1.527;2017.072;-0.506;6.574
685730;33.7;26.93;0.474;1.517;2007.099;-0.358;6.732
685830;33.5;26.93;0.498;1.537;1988.792;-0.873;6.503
685930;33.5;26.93;0.468;1.554;2003.847;-0.498;6.215
686030;33.5;26.93;0.459;1.560;2005.905;-0.342;6.046
686130;33.5;26.93;0.498;1.538;2011.923;-0.782;6.416
686230;33.5;26.93;0.475;1.507;2011.612;-0.227;6.907
686330;33.6;26.93;0.452;1.486;2012.526;0.115;7.064
686430;33.6;26.93;0.467;1.495;1999.008;-0.102;7.030
686530;33.6;26.93;0.473;1.509;2006.175;-0.316;6.850
686630;33.6;26.93;0.474;1.515;2009.658;-0.356;6.750
686730;33.6;26.93;0.475;1.511;2020.546;-0.304;6.845
686830;33.6;26.93;0.448;1.489;2010.188;0.185;7.010
686930;33.6;26.93;0.448;1.476;1990.932;0.152;7.146
687030;33.6;26.93;0.467;1.501;1998.698;-0.176;6.972
687130;33.6;26.93;0.485;1.529;2007.584;-0.589;6.578
687230;33.6;26.93;0.503;1.540;2003.563;-0.968;6.409
687330;33.6;26.93;0.494;1.538;2006.103;-0.744;6.482
687430;33.6;26.93;0.483;1.531;2015.429;-0.524;6.587
687530;33.6;26.93;0.484;1.523;2010.823;-0.497;6.639
687630;33.6;26.93;0.495;1.534;2000.465;-0.727;6.551
687730;33.6;26.93;0.493;1.541;1998.459;-0.885;6.405
687830;33.6;26.93;0.500;1.536;2016.021;-0.891;6.510
687930;33.6;26.93;0.492;1.538;2012.721;-0.633;6.523
688030;33.6;26.93;0.470;1.509;2014.440;-0.237;6.879
688130;33.6;26.93;0.460;1.486;2000.759;-0.011;7.118
688230;33.6;26.93;0.468;1.494;1993.939;-0.092;7.185
688330;33.6;26.93;0.486;1.524;2005.432;-0.596;6.691
688430;33.6;26.93;0.487;1.529;2006.368;-0.557;6.634
688530;33.7;26.93;0.483;1.522;2006.884;-0.485;6.737
688630;33.7;26.93;0.470;1.508;2024.542;-0.194;6.877
688730;33.7;26.93;0.447;1.487;2005.096;0.190;7.089
688830;33.6;26.93;0.473;1.507;1994.993;-0.257;6.971
688930;33.6;26.93;0.495;1.530;2000.093;-0.768;6.567
689030;33.6;26.93;0.495;1.532;2014.885;-0.736;6.563
689130;33.6;26.93;0.485;1.536;2018.557;-0.519;6.549
689230;33.6;26.93;0.455;1.492;2009.426;0.055;7.095
689330;33.6;26.93;0.452;1.477;2003.313;0.139;7.173
689430;33.6;26.93;0.443;1.486;2001.070;0.283;7.057
689530;33.6;26.93;0.451;1.487;2000.470;0.116;7.073
689630;33.6;26.93;0.457;1.488;2001.497;0.017;7.124
689730;33.6;26.93;0.448;1.484;2000.821;0.193;7.159
689830;33.6;27.00;0.448;1.487;2013.725;0.191;7.083
689930;33.6;27.00;0.430;1.488;2002.061;0.431;6.921
690030;33.7;27.00;0.448;1.478;1983.909;0.202;7.254
690130;33.7;27.00;0.468;1.506;2006.569;-0.192;6.939
690230;33.7;27.00;0.481;1.514;2008.609;-0.360;6.810
690330;33.8;27.00;0.489;1.526;2006.710;-0.586;6.700
690430;33.8;27.00;0.488;1.524;2000.834;-0.613;6.693
690530;33.8;27.00;0.474;1.515;2019.900;-0.293;6.813
690630;33.8;27.00;0.478;1.507;2003.417;-0.267;6.942
690730;33.8;27.00;0.480;1.518;2013.990;-0.418;6.783
690830;33.7;26.93;0.484;1.528;2005.924;-0.491;6.643
690930;33.7;26.93;0.467;1.495;2012.608;-0.106;7.123
691030;33.6;26.93;0.445;1.487;2015.586;0.259;7.101
691130;33.6;26.93;0.438;1.486;2005.287;0.307;7.041
691230;33.6;26.93;0.427;1.492;1985.790;0.520;6.911
691330;33.6;26.93;0.436;1.490;2003.944;0.355;7.031
691430;33.6;26.93;0.458;1.493;2010.365;0.036;7.089
691530;33.6;26.93;0.463;1.487;2003.385;-0.056;7.216
691630;33.6;26.93;0.458;1.491;2001.315;0.049;7.098
691730;33.6;26.93;0.424;1.496;2010.278;0.551;6.813
691830;33.6;26.93;0.422;1.500;1995.168;0.572;6.764
691930;33.6;26.93;0.450;1.487;1996.909;0.117;7.107
692030;33.6;26.93;0.470;1.500;2004.090;-0.229;7.021
692130;33.6;26.93;0.467;1.501;2014.795;-0.144;7.061
692230;33.6;26.93;0.448;1.491;2017.919;0.207;7.075
692330;33.6;26.93;0.442;1.484;1999.422;0.270;7.114
692430;33.6;26.93;0.427;1.498;1992.626;0.525;6.768
692530;33.6;26.93;0.428;1.495;2009.509;0.473;6.885
692630;33.6;26.93;0.446;1.481;1997.342;0.201;7.145
692730;33.6;26.93;0.468;1.500;2000.482;-0.154;7.092
692830;33.6;26.93;0.455;1.494;2011.510;0.100;7.037
692930;33.6;26.93;0.425;1.504;2012.396;0.541;6.711
693030;33.6;26.93;0.416;1.512;1989.082;0.661;6.511
693130;33.6;26.93;0.441;1.483;1995.094;0.232;7.198
693230;33.6;26.93;0.451;1.488;2006.141;0.117;7.101
693330;33.6;26.93;0.450;1.485;2007.333;0.153;7.220
693430;33.6;26.93;0.471;1.499;2008.024;-0.179;7.061
693530;33.7;26.93;0.460;1.492;2007.068;-0.041;7.149
693630;33.7;26.93;0.443;1.480;1996.157;0.296;7.232
693730;33.7;26.93;0.439;1.486;2003.400;0.384;7.117
693830;33.7;26.93;0.446;1.486;1998.870;0.218;7.109
693930;33.7;26.93;0.451;1.485;2002.421;0.141;7.222
694030;33.7;26.93;0.428;1.500;2007.462;0.502;6.845
694130;33.7;26.93;0.416;1.514;2001.075;0.686;6.547
694230;33.7;26.93;0.408;1.537;1992.112;0.702;6.121
694330;33.6;26.93;0.405;1.531;1986.846;0.719;6.219
694430;33.6;26.93;0.420;1.514;1992.333;0.583;6.446
694530;33.6;26.93;0.423;1.508;1997.538;0.601;6.649
694630;33.6;26.93;0.442;1.493;2001.249;0.269;7.051
694730;33.6;26.93;0.428;1.496;1999.737;0.501;6.907
694830;33.6;26.93;0.409;1.541;1992.672;0.734;6.056
694930;33.6;26.93;0.412;1.531;1994.668;0.624;6.212
695030;33.6;26.93;0.445;1.481;1990.592;0.242;7.197
695130;33.6;26.93;0.465;1.491;1991.352;-0.053;7.216
695230;33.6;26.93;0.451;1.496;2020.999;0.166;7.070
695330;33.7;26.93;0.435;1.491;2000.248;0.380;7.038
695430;33.7;26.93;0.423;1.499;2001.721;0.560;6.827
695530;33.7;26.93;0.411;1.537;1992.759;0.563;6.027
695630;33.7;26.93;0.412;1.534;1990.078;0.686;6.153
695730;33.7;26.93;0.422;1.500;1990.493;0.613;6.837
695830;33.7;26.93;0.437;1.490;2005.817;0.375;7.030
695930;33.7;26.93;0.414;1.531;1997.035;0.650;6.237
696030;33.7;26.93;0.412;1.542;2000.507;0.541;6.021
696130;33.7;26.93;0.413;1.547;1994.027;0.550;5.979
696230;33.7;26.93;0.421;1.505;1987.349;0.577;6.698
696330;33.7;26.93;0.421;1.506;1986.301;0.646;6.729
696430;33.7;26.93;0.442;1.493;2006.849;0.267;7.064
696530;33.7;26.93;0.441;1.486;2010.078;0.285;7.149
696630;33.7;26.93;0.424;1.508;1992.985;0.582;6.662
696730;33.7;26.93;0.413;1.523;1990.778;0.683;6.376
696830;33.7;26.93;0.414;1.521;1996.802;0.661;6.458
696930;33.7;26.93;0.414;1.515;1990.591;0.704;6.606
697030;33.7;26.93;0.420;1.510;1994.759;0.600;6.643
697130;33.7;26.93;0.419;1.551;1999.492;0.486;5.916
697230;33.7;26.93;0.431;1.548;1996.871;0.182;6.033
697330;33.6;26.93;0.454;1.548;2001.276;-0.188;6.051
697430;33.6;26.93;0.417;1.547;1980.364;0.489;5.986
697530;33.8;26.93;0.411;1.533;1988.206;0.656;6.256
697630;33.8;26.93;0.414;1.521;1993.270;0.637;6.469
697730;33.8;26.93;0.435;1.491;1999.911;0.415;7.040
697830;33.7;26.93;0.410;1.537;1993.254;0.680;6.149
697930;33.7;26.93;0.424;1.553;1997.212;0.383;5.917
698030;33.7;26.93;0.412;1.517;1983.898;0.696;6.523
698130;33.7;26.93;0.446;1.484;2001.087;0.220;7.314
698230;33.7;26.93;0.454;1.487;1998.160;0.096;7.201
698330;33.7;26.93;0.428;1.502;2009.474;0.512;6.859
698430;33.7;26.93;0.417;1.534;1994.288;0.616;6.190
698530;33.7;26.93;0.431;1.556;2011.714;0.209;5.924
698630;33.7;26.93;0.431;1.544;1979.839;0.180;6.071
698730;33.7;26.93;0.409;1.542;1985.860;0.630;6.096
698830;33.6;26.93;0.413;1.533;2001.081;0.629;6.237
698930;33.6;26.93;0.410;1.539;1994.307;0.667;6.164
699030;33.6;26.93;0.445;1.541;1995.870;-0.035;6.127
699130;33.6;26.93;0.486;1.543;2007.230;-0.690;6.173
699230;33.6;26.93;0.432;1.546;1984.534;0.181;6.049
699330;33.6;26.93;0.409;1.537;1982.709;0.649;6.173
699430;33.6;26.93;0.415;1.517;1986.438;0.643;6.523
699530;33.6;26.93;0.418;1.521;2005.664;0.637;6.515
699630;33.6;26.93;0.407;1.541;1997.273;0.741;6.116
699730;33.6;26.93;0.424;1.553;1994.746;0.349;5.997
699830;33.7;26.93;0.416;1.546;1986.317;0.479;6.046
699930;33.7;26.93;0.409;1.537;1985.908;0.683;6.176
700030;33.7;26.93;0.418;1.523;2002.621;0.583;6.468
700130;33.7;26.93;0.413;1.532;1992.215;0.683;6.310
700230;33.7;26.93;0.434;1.543;1993.880;0.128;6.104
700330;33.6;26.93;0.471;1.548;2011.376;-0.488;6.096
700430;33.6;26.93;0.470;1.536;1986.582;-0.460;6.222
700530;33.8;26.93;0.415;1.538;1977.978;0.538;6.161
700630;33.8;26.93;0.413;1.546;1994.303;0.618;6.051
700730;33.8;26.93;0.419;1.522;1994.622;0.652;6.480
700830;33.7;26.93;0.411;1.535;2001.932;0.706;6.243
700930;33.7;26.93;0.459;1.545;2000.170;-0.270;6.141
701030;33.6;26.93;0.443;1.542;1979.241;-0.045;6.104
701130;33.6;26.93;0.407;1.529;1975.948;0.770;6.362
701230;33.6;26.93;0.427;1.508;2000.963;0.509;6.750
701330;33.8;26.93;0.426;1.505;1993.759;0.540;6.812
701430;33.8;26.93;0.421;1.545;1999.898;0.401;6.088
701530;33.8;26.93;0.455;1.554;2012.747;-0.357;6.094
701630;33.8;26.93;0.485;1.540;1994.496;-0.687;6.158
701730;33.8;26.93;0.457;1.545;1984.763;-0.271;6.120
701830;33.8;26.93;0.441;1.549;1994.217;0.042;6.039
701930;33.8;26.93;0.421;1.555;1992.167;0.436;5.971
702030;33.8;26.93;0.434;1.546;2002.953;0.134;6.104
702130;33.8;26.93;0.487;1.536;2007.019;-0.639;6.259
702230;33.8;26.93;0.483;1.527;1993.890;-0.583;6.356
702330;33.8;26.93;0.452;1.546;1986.987;-0.165;6.146
702430;33.8;26.93;0.431;1.553;1996.763;0.215;6.011
702530;33.7;26.93;0.420;1.546;1979.060;0.446;6.112
702630;33.7;26.93;0.426;1.547;1991.953;0.346;6.049
702730;33.7;26.93;0.426;1.558;2007.460;0.333;5.941
702830;33.8;27.00;0.440;1.553;1991.429;-0.022;6.031
702930;33.8;27.00;0.431;1.548;1980.682;0.199;6.070
703030;33.8;27.00;0.415;1.547;1991.793;0.578;6.071
703130;33.8;27.00;0.414;1.553;1997.010;0.639;6.035
703230;33.8;27.00;0.437;1.545;2003.224;0.050;6.139
703330;33.9;27.00;0.483;1.541;2002.707;-0.657;6.255
703430;33.9;27.00;0.484;1.534;1995.849;-0.589;6.346
703530;33.9;27.00;0.475;1.543;1987.815;-0.514;6.198
703630;33.9;27.00;0.453;1.548;1997.998;-0.235;6.140
703730;33.9;27.00;0.441;1.547;1979.076;0.032;6.102
703830;33.8;26.93;0.433;1.549;2001.402;0.184;6.085
703930;33.8;26.93;0.480;1.545;2013.805;-0.636;6.160
704030;33.7;26.93;0.484;1.534;1997.070;-0.615;6.336
704130;33.7;26.93;0.455;1.541;1978.871;-0.245;6.221
704230;33.7;26.93;0.423;1.557;1999.314;0.399;5.996
704330;33.7;26.93;0.413;1.548;1992.610;0.638;6.120
704430;33.7;26.93;0.435;1.551;1995.465;0.179;6.035
704530;33.7;26.93;0.489;1.540;2007.728;-0.721;6.251
704630;33.7;26.93;0.480;1.533;2009.616;-0.476;6.355
704730;33.7;26.93;0.477;1.531;2000.742;-0.527;6.377
704830;33.7;26.93;0.487;1.532;1999.781;-0.688;6.370
704930;33.7;26.93;0.479;1.545;1985.069;-0.596;6.166
705030;33.7;26.93;0.472;1.544;2004.172;-0.516;6.170
705130;33.7;26.93;0.484;1.535;2014.614;-0.591;6.373
705230;33.7;26.93;0.469;1.514;1995.250;-0.281;6.655
705330;33.6;26.93;0.480;1.541;1988.088;-0.657;6.221
705430;33.6;26.93;0.446;1.555;2006.770;-0.125;6.045
705530;33.7;26.93;0.441;1.551;1986.669;0.091;6.067
705630;33.7;26.93;0.436;1.549;1983.542;0.142;6.138
705730;33.7;26.93;0.453;1.551;1998.931;-0.173;6.122
705830;33.7;26.93;0.463;1.551;1999.573;-0.336;6.123
705930;33.7;26.93;0.457;1.541;1993.177;-0.243;6.249
706030;33.7;26.93;0.453;1.544;1994.149;-0.250;6.186
706130;33.7;26.93;0.440;1.550;1990.183;0.092;6.120
706230;33.7;26.93;0.461;1.557;2009.384;-0.316;6.013
706330;33.8;26.93;0.486;1.538;2013.257;-0.601;6.352
706430;33.8;26.93;0.473;1.519;2000.721;-0.344;6.566
706530;33.8;26.93;0.465;1.523;2000.754;-0.260;6.521
706630;33.8;26.93;0.483;1.541;2001.165;-0.687;6.278
706730;33.8;26.93;0.475;1.548;1991.950;-0.513;6.180
706830;33.8;26.93;0.468;1.545;1985.058;-0.464;6.184
706930;33.8;26.93;0.481;1.551;2008.395;-0.622;6.147
707030;33.8;26.93;0.481;1.541;2010.018;-0.532;6.317
707130;33.8;26.93;0.482;1.537;1994.970;-0.602;6.295
707230;33.8;26.93;0.468;1.541;1985.411;-0.478;6.274
707330;33.8;26.93;0.458;1.552;1993.556;-0.257;6.106
707430;33.8;26.93;0.432;1.556;2000.095;0.187;6.106
707530;33.8;26.93;0.491;1.535;2012.087;-0.679;6.405
707630;33.8;26.93;0.483;1.530;1991.943;-0.568;6.425
707730;33.8;26.93;0.468;1.527;2009.184;-0.249;6.465
707830;33.8;26.93;0.486;1.537;2009.224;-0.606;6.355
707930;33.8;26.93;0.488;1.538;1991.358;-0.658;6.332
708030;33.8;26.93;0.478;1.538;1993.645;-0.618;6.286
708130;33.8;26.93;0.489;1.541;2016.446;-0.690;6.289
708230;33.8;26.93;0.468;1.524;2008.716;-0.277;6.574
708330;33.8;26.93;0.464;1.523;1996.178;-0.235;6.541
708430;33.8;26.93;0.488;1.530;1994.800;-0.699;6.471
708530;33.8;26.93;0.487;1.540;1999.534;-0.640;6.310
708630;33.8;26.93;0.462;1.549;1998.386;-0.374;6.193
708730;33.8;26.93;0.472;1.544;1999.987;-0.490;6.249
708830;33.8;26.93;0.479;1.546;1999.823;-0.624;6.217
708930;33.8;26.93;0.486;1.542;2005.533;-0.685;6.263
709030;33.9;26.93;0.480;1.543;2003.785;-0.619;6.326
709130;33.9;26.93;0.459;1.554;1983.229;-0.226;6.122
709230;33.9;26.93;0.471;1.546;2003.696;-0.473;6.219
709330;33.8;26.93;0.485;1.540;2016.150;-0.631;6.330
709430;33.8;26.93;0.479;1.533;2005.820;-0.449;6.451
709530;33.8;26.93;0.461;1.512;1999.937;-0.140;6.689
709630;33.8;26.93;0.461;1.509;2003.264;-0.125;6.794
709730;33.8;26.93;0.477;1.527;2003.940;-0.411;6.548
709830;33.8;26.93;0.473;1.528;1998.496;-0.403;6.469
709930;33.8;26.93;0.489;1.537;1997.207;-0.726;6.373
710030;33.8;26.93;0.476;1.536;2010.904;-0.369;6.411
710130;33.8;26.93;0.465;1.515;2005.405;-0.107;6.692
710230;33.8;26.93;0.484;1.532;2005.512;-0.571;6.459
710330;33.8;26.93;0.471;1.547;1982.719;-0.461;6.232
710430;33.8;26.93;0.451;1.547;1996.311;-0.153;6.248
710530;33.8;26.93;0.473;1.551;2013.594;-0.472;6.193
710630;33.8;26.93;0.492;1.542;2001.996;-0.724;6.345
710730;33.8;26.93;0.473;1.534;2001.739;-0.384;6.392
710830;33.8;26.93;0.458;1.501;2008.525;-0.011;6.901
710930;33.8;26.93;0.470;1.515;2000.842;-0.253;6.706
711030;33.9;26.93;0.474;1.534;2003.589;-0.457;6.438
711130;33.9;26.93;0.480;1.528;2001.547;-0.497;6.521
711230;33.9;26.93;0.468;1.523;2011.409;-0.191;6.581
711330;33.9;26.93;0.460;1.506;2009.170;-0.116;6.798
711430;33.9;26.93;0.460;1.512;2000.461;-0.122;6.749
711530;33.8;26.93;0.470;1.521;1995.464;-0.274;6.602
711630;33.8;26.93;0.472;1.532;1996.215;-0.366;6.438
711730;33.8;26.93;0.485;1.545;2003.791;-0.692;6.289
711830;34.0;26.93;0.485;1.544;1997.274;-0.654;6.283
711930;34.0;26.93;0.474;1.531;2006.038;-0.398;6.448
712030;34.0;26.93;0.468;1.525;2009.731;-0.209;6.598
712130;34.0;26.93;0.479;1.529;1998.862;-0.436;6.565
712230;34.0;26.93;0.484;1.541;1996.845;-0.681;6.343
712330;33.9;26.93;0.480;1.529;2005.960;-0.463;6.518
712430;33.9;26.93;0.472;1.514;2010.517;-0.244;6.750
712530;33.7;26.93;0.452;1.499;2012.770;0.043;6.891
712630;33.7;26.93;0.454;1.492;2008.103;0.004;6.967
712730;33.7;26.93;0.454;1.485;1992.404;0.051;7.049
712830;34.0;26.93;0.459;1.514;2002.135;-0.117;6.701
712930;34.0;26.93;0.491;1.533;2000.298;-0.693;6.465
713030;34.0;26.93;0.485;1.546;1998.545;-0.639;6.329
713130;34.0;26.93;0.458;1.509;2014.377;-0.081;6.777
713230;34.0;26.93;0.462;1.509;2003.492;-0.139;6.814
713330;34.0;26.93;0.486;1.539;1990.330;-0.619;6.383
713430;34.0;26.93;0.464;1.544;1987.310;-0.400;6.308
713530;34.0;26.93;0.488;1.544;2006.732;-0.710;6.319
713630;34.0;26.93;0.484;1.543;2013.473;-0.558;6.376
713730;34.0;26.93;0.466;1.513;2007.103;-0.167;6.723
713830;33.9;26.93;0.451;1.495;2005.748;0.092;6.962
713930;33.9;26.93;0.440;1.485;1999.729;0.259;7.021
714030;33.9;26.93;0.459;1.510;1997.564;-0.092;6.781
714130;33.9;26.93;0.476;1.523;2006.875;-0.309;6.652
714230;33.9;26.93;0.467;1.510;2003.740;-0.223;6.847
714330;33.9;26.93;0.446;1.493;2013.993;0.154;6.922
714430;33.9;26.93;0.441;1.497;2001.534;0.228;6.933
714530;34.0;26.93;0.468;1.510;1994.423;-0.232;6.817
714630;34.0;26.93;0.467;1.526;1991.984;-0.218;6.574
714730;34.0;26.93;0.481;1.532;2008.127;-0.455;6.519
714830;33.8;26.93;0.484;1.540;2009.946;-0.523;6.417
714930;33.8;26.93;0.473;1.525;2010.293;-0.328;6.561
715030;33.8;26.93;0.462;1.504;2006.780;-0.091;6.930
715130;33.8;26.93;0.453;1.492;1998.592;0.063;7.048
715230;33.8;26.93;0.462;1.513;1996.753;-0.109;6.789
715330;33.9;26.93;0.481;1.532;2004.212;-0.484;6.517
715430;33.9;26.93;0.468;1.518;2002.121;-0.200;6.695
715530;34.0;26.93;0.447;1.495;2007.998;0.151;6.896
715630;34.0;26.93;0.446;1.490;2002.378;0.188;6.978
715730;34.0;26.93;0.453;1.490;1996.430;0.079;7.048
715830;33.9;26.93;0.457;1.507;1998.030;-0.071;6.843
715930;33.9;26.93;0.468;1.520;2010.406;-0.248;6.706
716030;33.9;26.93;0.482;1.543;2001.817;-0.524;6.419
716130;33.9;26.93;0.462;1.514;2011.359;-0.144;6.724
716230;33.9;26.93;0.439;1.493;1997.821;0.328;6.938
716330;34.0;26.93;0.459;1.491;1994.289;-0.015;7.080
716430;34.0;26.93;0.469;1.537;2000.412;-0.370;6.483
716530;33.8;26.93;0.492;1.534;1998.126;-0.750;6.493
716630;33.8;26.93;0.480;1.534;2005.508;-0.418;6.476
716730;33.8;26.93;0.455;1.504;2010.422;-0.038;6.866
716830;33.8;26.93;0.449;1.496;2011.658;0.159;6.966
716930;33.8;26.93;0.436;1.481;1990.404;0.351;7.117
717030;34.0;26.93;0.437;1.491;1996.517;0.251;7.014
717130;34.0;26.93;0.459;1.500;2007.186;-0.052;6.962
717230;34.0;26.93;0.465;1.506;2004.476;-0.156;6.900
717330;34.0;26.93;0.448;1.493;2005.695;0.118;6.955
717430;34.0;26.93;0.417;1.515;2004.903;0.612;6.472
717530;34.0;26.93;0.424;1.500;1989.812;0.478;6.744
717630;34.0;26.93;0.456;1.503;1998.113;-0.056;6.924
717730;34.0;26.93;0.461;1.501;2004.421;-0.102;6.934
717830;34.0;26.93;0.462;1.500;1999.636;-0.054;6.960
717930;34.0;26.93;0.459;1.502;2006.312;-0.074;6.891
718030;34.0;26.93;0.455;1.502;2004.452;0.028;6.930
718130;34.0;26.93;0.456;1.492;1996.793;-0.033;7.111
718230;34.0;26.93;0.456;1.503;2004.374;-0.050;6.925
718330;34.0;26.93;0.472;1.522;2003.354;-0.357;6.658
718430;34.0;26.93;0.473;1.532;2004.064;-0.309;6.572
718530;34.0;26.93;0.451;1.494;2005.527;0.067;7.016
718630;34.0;26.93;0.439;1.497;2002.903;0.332;6.914
718730;34.0;26.93;0.432;1.492;1999.055;0.378;6.894
718830;34.0;26.93;0.437;1.490;1995.244;0.266;7.014
718930;34.0;26.93;0.460;1.496;2000.718;-0.043;6.992
719030;34.0;26.93;0.452;1.489;2002.967;0.065;7.110
719130;34.0;26.93;0.451;1.500;2008.139;0.052;6.953
719230;34.0;26.93;0.437;1.493;2005.179;0.329;7.005
719330;34.0;26.93;0.431;1.483;1986.497;0.406;7.060
719430;34.0;26.93;0.454;1.495;1995.783;0.057;7.046
719530;34.0;26.93;0.474;1.523;2008.838;-0.302;6.671
719630;34.0;26.93;0.479;1.537;1989.428;-0.453;6.529
719730;34.0;26.93;0.456;1.504;2013.245;0.006;6.923
719830;34.0;26.93;0.437;1.492;2005.771;0.332;6.982
719930;34.0;26.93;0.428;1.497;2008.270;0.454;6.827
720030;34.0;26.93;0.430;1.496;1992.989;0.370;6.833
720130;34.0;26.93;0.431;1.497;1994.770;0.397;6.840
720230;34.0;26.93;0.435;1.489;1997.556;0.385;7.054
720330;34.0;26.93;0.429;1.502;2011.919;0.388;6.837
720430;34.0;26.93;0.409;1.531;2001.662;0.708;6.211
720530;34.0;26.93;0.410;1.538;1981.315;0.598;6.009
720630;34.0;26.93;0.415;1.511;1992.627;0.580;6.596
720730;34.0;26.93;0.446;1.492;2000.771;0.165;7.087
720830;33.9;26.93;0.452;1.487;1991.353;0.097;7.172
720930;33.9;26.93;0.450;1.495;2008.321;0.062;7.015
721030;33.9;26.93;0.449;1.500;2013.815;0.150;7.022
721130;33.9;26.93;0.441;1.490;2002.393;0.272;7.108
721230;33.9;26.93;0.442;1.490;1997.075;0.173;7.078
721330;34.0;26.93;0.455;1.498;2003.107;0.081;7.023
721430;34.0;26.93;0.455;1.500;2008.949;0.077;7.079
721530;33.9;26.93;0.439;1.498;2008.649;0.241;6.955
721630;33.9;26.93;0.418;1.508;1991.852;0.638;6.621
721730;33.9;26.93;0.406;1.545;1994.742;0.696;5.995
721830;33.9;27.00;0.405;1.552;1991.515;0.694;5.879
721930;33.9;27.00;0.425;1.497;1994.863;0.423;6.929
722030;33.9;27.00;0.437;1.487;1988.630;0.329;7.084
722130;33.9;27.00;0.434;1.495;2000.461;0.328;7.017
722230;33.9;27.00;0.439;1.498;2007.180;0.316;6.914
722330;33.9;27.00;0.410;1.528;1994.330;0.699;6.290
722430;33.9;27.00;0.419;1.504;1980.601;0.522;6.732
722530;33.9;27.00;0.445;1.492;1997.202;0.165;7.148
722630;33.9;27.00;0.450;1.494;2002.165;0.111;7.110
722730;33.9;27.00;0.449;1.507;2009.872;0.066;6.891
722830;33.9;26.93;0.415;1.531;1993.838;0.670;6.249
722930;33.9;26.93;0.405;1.541;1996.690;0.728;6.081
723030;33.9;26.93;0.410;1.563;2003.557;0.519;5.755
723130;33.9;26.93;0.406;1.546;1988.915;0.641;5.983
723230;33.9;26.93;0.403;1.527;1980.988;0.749;6.303
723330;34.0;26.93;0.413;1.516;1999.848;0.582;6.471
723430;34.0;26.93;0.412;1.524;2001.627;0.694;6.385
723530;34.0;26.93;0.406;1.550;1992.979;0.653;5.984
723630;34.0;26.93;0.401;1.538;1977.006;0.756;6.101
723730;34.0;26.93;0.419;1.505;2006.472;0.547;6.777
723830;34.0;26.93;0.430;1.490;1999.621;0.424;7.036
723930;34.0;26.93;0.440;1.497;1995.513;0.222;6.988
724030;34.0;26.93;0.439;1.496;2001.935;0.337;7.005
724130;34.0;26.93;0.423;1.505;2006.059;0.533;6.768
724230;34.0;26.93;0.415;1.520;1999.788;0.621;6.462
724330;33.9;26.93;0.411;1.517;1991.319;0.672;6.544
724430;33.9;26.93;0.420;1.502;1984.121;0.608;6.762
724530;33.9;26.93;0.411;1.529;2008.429;0.677;6.305
724630;33.9;26.93;0.411;1.536;2003.518;0.702;6.197
724730;33.9;26.93;0.404;1.547;1988.186;0.707;6.028
724830;33.9;26.93;0.422;1.555;1996.105;0.273;5.896
724930;33.9;26.93;0.409;1.553;1995.161;0.581;5.926
725030;34.0;26.93;0.411;1.530;1993.237;0.649;6.260
725130;34.0;26.93;0.412;1.513;1987.001;0.627;6.604
725230;34.0;26.93;0.423;1.510;2002.028;0.544;6.715
725330;34.0;26.93;0.408;1.539;2010.318;0.730;6.189
725430;34.0;26.93;0.430;1.560;1999.755;0.146;5.827
725530;34.0;26.93;0.408;1.547;1984.493;0.607;6.047
725630;34.0;26.93;0.413;1.521;1989.571;0.679;6.421
725730;34.0;26.93;0.419;1.519;2006.160;0.587;6.575
725830;34.0;26.93;0.411;1.529;1997.005;0.689;6.385
725930;34.0;26.93;0.405;1.543;1986.601;0.682;6.083
726030;34.0;26.93;0.422;1.562;2000.030;0.319;5.788
726130;34.0;26.93;0.420;1.559;1995.157;0.363;5.901
726230;34.0;26.93;0.412;1.547;1985.838;0.573;6.017
726330;34.0;26.93;0.402;1.532;1988.135;0.734;6.294
726430;34.0;26.93;0.410;1.542;1996.559;0.710;6.122
726530;34.0;26.93;0.411;1.557;2002.596;0.538;5.923
726630;34.0;26.93;0.452;1.555;2003.841;-0.271;5.927
726730;34.0;26.93;0.414;1.547;1979.410;0.335;5.966
726830;34.0;26.93;0.412;1.550;1993.174;0.610;5.993
726930;34.0;26.93;0.404;1.554;1996.501;0.679;5.984
727030;34.0;26.93;0.416;1.513;1988.208;0.620;6.639
727130;34.0;26.93;0.407;1.533;1987.246;0.730;6.299
727230;34.0;26.93;0.404;1.552;1999.036;0.683;5.949
727330;33.9;26.93;0.407;1.542;1995.327;0.702;6.138
727430;33.9;26.93;0.408;1.540;1986.681;0.705;6.145
727530;33.9;26.93;0.408;1.525;1993.842;0.684;6.433
727630;33.9;26.93;0.409;1.545;2004.414;0.678;6.115
727730;33.9;26.93;0.415;1.553;2000.362;0.452;5.968
727830;34.0;26.93;0.455;1.553;2003.319;-0.290;6.007
727930;34.0;26.93;0.462;1.546;1990.951;-0.381;6.107
728030;33.9;26.93;0.427;1.552;1996.743;0.239;6.009
728130;33.9;26.93;0.444;1.560;2004.004;-0.113;5.903
728230;33.9;26.93;0.412;1.545;1983.087;0.595;6.058
728330;33.9;26.93;0.419;1.554;1995.298;0.434;5.969
728430;33.9;26.93;0.491;1.542;2017.855;-0.865;6.157
728530;34.0;26.93;0.454;1.553;1987.838;-0.277;6.021
728630;34.0;26.93;0.408;1.544;1977.197;0.653;6.112
728730;34.0;26.93;0.403;1.530;1989.028;0.660;6.288
728830;33.9;26.93;0.418;1.520;2010.794;0.602;6.551
728930;33.9;26.93;0.410;1.554;1998.016;0.610;6.018
729030;34.0;26.93;0.419;1.563;2001.213;0.326;5.837
729130;34.0;26.93;0.473;1.550;2002.263;-0.529;6.094
729230;34.0;26.93;0.448;1.553;1998.243;-0.150;6.026
729330;34.0;26.93;0.425;1.560;1998.530;0.203;5.893
729430;34.0;26.93;0.417;1.557;1990.422;0.440;5.949
729530;34.0;26.93;0.451;1.554;2002.996;-0.180;6.045
729630;34.0;26.93;0.495;1.545;2019.248;-0.887;6.178
729730;34.0;26.93;0.495;1.536;2004.821;-0.883;6.316
729830;34.0;26.93;0.441;1.545;1982.139;-0.058;6.144
729930;34.0;26.93;0.434;1.560;1999.022;0.056;5.924
730030;34.0;26.93;0.406;1.544;1994.264;0.713;6.119
730130;34.0;26.93;0.404;1.547;1992.853;0.768;6.126
730230;34.0;26.93;0.428;1.560;2002.223;0.168;5.867
730330;34.0;26.93;0.438;1.558;1997.844;0.057;6.002
730430;34.0;26.93;0.426;1.556;1996.776;0.234;5.969
730530;34.0;26.93;0.411;1.561;1994.972;0.492;5.862
730630;34.0;26.93;0.415;1.555;1990.966;0.527;5.963
730730;34.0;26.93;0.453;1.557;2006.977;-0.228;6.017
730830;33.9;26.93;0.501;1.542;2013.838;-0.994;6.223
730930;33.9;26.93;0.495;1.532;2005.623;-0.832;6.401
731030;33.9;26.93;0.493;1.537;1988.931;-0.876;6.243
731130;33.9;26.93;0.468;1.553;2003.004;-0.513;6.057
731230;33.9;26.93;0.437;1.556;1990.142;0.085;5.967
731330;33.9;26.93;0.408;1.557;1990.753;0.609;6.000
731430;33.9;26.93;0.480;1.551;2013.599;-0.716;6.096
731530;33.9;26.93;0.493;1.540;2005.099;-0.823;6.277
731630;33.9;26.93;0.448;1.549;1994.912;-0.156;6.094
731730;33.9;26.93;0.406;1.560;1992.810;0.602;5.889
731830;34.0;26.93;0.410;1.545;1988.535;0.640;6.119
731930;34.0;26.93;0.419;1.561;2008.144;0.429;5.912
732030;34.0;26.93;0.482;1.554;2016.250;-0.727;6.070
732130;34.0;26.93;0.495;1.536;2011.738;-0.820;6.369
732230;34.0;26.93;0.484;1.514;2000.673;-0.566;6.613
732330;34.0;26.93;0.501;1.541;2011.233;-0.956;6.281
732430;34.0;26.93;0.493;1.539;1999.954;-0.822;6.284
732530;34.0;26.93;0.484;1.547;1999.684;-0.733;6.192
732630;34.0;26.93;0.494;1.532;2020.637;-0.785;6.404
732730;34.0;26.93;0.480;1.509;2013.107;-0.386;6.723
732830;34.0;26.93;0.495;1.535;1989.970;-0.869;6.332
732930;34.0;26.93;0.475;1.548;1997.051;-0.610;6.161
733030;34.0;26.93;0.454;1.555;1995.414;-0.241;6.053
733130;34.0;26.93;0.423;1.557;1997.462;0.319;6.057
733230;34.0;26.93;0.460;1.555;2009.126;-0.379;6.035
733330;34.0;26.93;0.491;1.545;1999.338;-0.818;6.256
733430;34.0;26.93;0.495;1.529;2004.350;-0.794;6.430
733530;34.0;26.93;0.497;1.544;2002.094;-0.959;6.284
733630;34.0;26.93;0.464;1.557;2003.160;-0.428;6.041
733730;34.0;26.93;0.492;1.544;1998.185;-0.857;6.254
733830;34.0;26.93;0.494;1.527;2015.961;-0.770;6.464
733930;34.0;26.93;0.484;1.524;2013.087;-0.498;6.551
734030;34.0;26.93;0.481;1.516;2004.923;-0.451;6.614
734130;34.0;26.93;0.500;1.535;1997.750;-0.899;6.398
734230;34.0;26.93;0.495;1.543;2006.609;-0.854;6.292
734330;34.0;26.93;0.462;1.549;1996.486;-0.392;6.158
734430;34.0;26.93;0.476;1.547;2010.113;-0.655;6.192
734530;34.0;26.93;0.489;1.520;2008.079;-0.538;6.577
734630;34.0;26.93;0.486;1.524;2000.737;-0.549;6.523
734730;34.0;26.93;0.493;1.540;1999.706;-0.891;6.344
734830;34.0;26.93;0.464;1.552;1998.409;-0.438;6.142
734930;34.0;26.93;0.478;1.543;1990.666;-0.633;6.253
735030;34.0;26.93;0.496;1.531;2027.648;-0.797;6.460
735130;34.0;26.93;0.482;1.518;2003.342;-0.477;6.637
735230;34.0;26.93;0.476;1.521;2003.047;-0.397;6.592
735330;34.0;26.93;0.480;1.512;2004.250;-0.432;6.689
735430;34.0;26.93;0.488;1.520;2005.748;-0.616;6.644
735530;34.0;26.93;0.496;1.536;2006.257;-0.838;6.386
735630;34.0;26.93;0.496;1.536;2014.999;-0.837;6.412
735730;34.0;26.93;0.477;1.503;2009.256;-0.304;6.843
735830;34.0;26.93;0.467;1.496;2006.299;-0.166;6.909
735930;34.0;26.93;0.495;1.524;2005.767;-0.767;6.551
736030;34.0;26.93;0.494;1.534;2002.175;-0.771;6.432
736130;34.0;26.93;0.493;1.530;1999.299;-0.739;6.460
736230;34.0;26.93;0.504;1.535;2016.704;-0.954;6.419
736330;34.0;26.93;0.497;1.543;2009.061;-0.831;6.323
736430;34.0;26.93;0.487;1.527;2004.090;-0.667;6.516
736530;34.0;26.93;0.489;1.527;2009.513;-0.658;6.501
736630;34.0;26.93;0.496;1.537;1999.704;-0.893;6.368
736730;34.0;26.93;0.493;1.546;2006.952;-0.844;6.263
736830;34.0;26.93;0.489;1.532;2014.357;-0.666;6.479
736930;34.0;26.93;0.477;1.503;2010.355;-0.321;6.874
737030;34.0;26.93;0.464;1.498;2013.027;-0.125;6.910
737130;34.0;26.93;0.473;1.503;2006.438;-0.277;6.842
737230;34.0;26.93;0.476;1.510;1999.203;-0.402;6.792
737330;34.0;26.93;0.476;1.518;2007.505;-0.363;6.646
737430;34.0;26.93;0.489;1.527;2019.417;-0.626;6.493
737530;34.0;26.93;0.480;1.512;2014.262;-0.388;6.755
737630;34.0;26.93;0.458;1.489;1997.367;-0.026;7.002
737730;34.0;26.93;0.472;1.504;2004.413;-0.319;6.835
737830;34.1;26.93;0.499;1.541;2001.364;-0.890;6.337
737930;34.1;26.93;0.477;1.551;1996.831;-0.599;6.194
738030;34.0;26.93;0.494;1.542;2011.022;-0.906;6.353
738130;34.0;26.93;0.478;1.516;2007.503;-0.362;6.742
738230;34.0;26.93;0.474;1.514;2011.760;-0.291;6.708
738330;34.0;26.93;0.473;1.504;2005.525;-0.249;6.809
738430;34.0;26.93;0.474;1.500;1997.339;-0.278;6.905
738530;34.0;26.93;0.476;1.517;2001.735;-0.338;6.676
738630;34.0;26.93;0.481;1.518;2016.419;-0.426;6.663
738730;34.0;26.93;0.465;1.489;2010.296;-0.106;7.060
738830;34.0;26.93;0.433;1.482;1996.502;0.395;6.939
738930;34.0;26.93;0.449;1.475;1996.481;0.162;7.159
739030;34.0;26.93;0.478;1.512;2011.022;-0.367;6.788
739130;34.0;26.93;0.472;1.514;1997.955;-0.278;6.712
739230;34.0;26.93;0.478;1.517;2000.173;-0.435;6.698
739330;34.0;26.93;0.489;1.530;2008.091;-0.585;6.552
739430;34.0;26.93;0.477;1.524;2009.273;-0.438;6.594
739530;34.0;26.93;0.487;1.522;2007.756;-0.529;6.593
739630;34.0;26.93;0.481;1.516;2002.268;-0.417;6.756
739730;34.0;26.93;0.489;1.529;2005.218;-0.622;6.550
739830;34.0;26.93;0.480;1.520;2021.056;-0.448;6.668
739930;34.0;26.93;0.466;1.490;2005.284;-0.129;7.060
740030;34.1;26.93;0.444;1.486;2007.105;0.251;6.955
740130;34.1;26.93;0.427;1.492;2002.336;0.519;6.787
740230;34.1;26.93;0.446;1.481;1998.060;0.226;7.155
740330;34.0;26.93;0.456;1.491;2000.740;0.021;7.033
740430;34.0;26.93;0.464;1.491;1998.231;-0.136;7.023
740530;34.0;26.93;0.482;1.515;2010.034;-0.414;6.759
740630;34.0;26.93;0.466;1.502;2010.961;-0.172;6.939
740730;34.0;26.93;0.465;1.487;1997.094;-0.075;7.088
740830;34.0;26.93;0.471;1.495;1992.210;-0.204;7.031
740930;34.0;26.93;0.488;1.531;2011.878;-0.662;6.542
741030;34.0;26.93;0.501;1.543;2009.690;-0.980;6.379
741130;34.0;26.93;0.479;1.512;2008.831;-0.342;6.785
741230;34.0;26.93;0.456;1.493;2006.927;0.012;7.033
741330;34.0;26.93;0.447;1.486;2016.349;0.214;7.012
741430;34.0;26.93;0.437;1.483;1995.954;0.350;7.025
741530;34.0;26.93;0.442;1.482;1992.560;0.214;7.050
741630;34.0;26.93;0.456;1.481;2004.407;0.019;7.183
741730;34.0;26.93;0.462;1.485;2008.066;-0.019;7.096
741830;34.1;26.93;0.439;1.491;2004.298;0.326;6.925
741930;34.1;26.93;0.430;1.483;1987.075;0.433;6.969
742030;34.0;26.93;0.456;1.474;1993.728;0.138;7.282
742130;34.0;26.93;0.466;1.499;2009.277;-0.134;6.972
742230;34.0;26.93;0.478;1.507;2006.365;-0.396;6.862
742330;34.1;26.93;0.482;1.512;2000.718;-0.398;6.812
742430;34.1;26.93;0.459;1.493;2018.223;-0.005;7.033
742530;34.1;26.93;0.453;1.482;2008.269;0.141;7.098
742630;34.1;26.93;0.455;1.483;2001.763;0.106;7.159
742730;34.1;26.93;0.441;1.483;1995.922;0.262;7.049
742830;34.1;26.93;0.450;1.482;2008.890;0.138;7.132
742930;34.1;26.93;0.449;1.483;2005.562;0.192;7.132
743030;34.1;26.93;0.432;1.498;2004.304;0.427;6.769
743130;34.1;26.93;0.408;1.514;1990.116;0.747;6.395
743230;34.1;26.93;0.415;1.507;1989.420;0.625;6.502
743330;34.1;26.93;0.452;1.483;2000.006;0.174;7.078
743430;34.1;26.93;0.455;1.489;2002.111;0.036;7.088
743530;34.2;26.93;0.468;1.488;1997.601;-0.133;7.153
743630;34.2;26.93;0.458;1.496;2019.402;0.003;7.003
743730;34.2;26.93;0.437;1.483;2007.201;0.367;7.030
743830;34.3;26.93;0.446;1.478;1993.261;0.225;7.197
743930;34.3;26.93;0.460;1.486;1987.861;-0.039;7.126
744030;34.1;26.93;0.477;1.502;2011.510;-0.292;6.927
744130;34.1;26.93;0.475;1.504;2014.780;-0.227;6.966
744230;34.1;26.93;0.437;1.486;2005.651;0.309;7.076
744330;34.2;26.93;0.426;1.493;2000.813;0.549;6.795
744430;34.2;26.93;0.415;1.528;1999.018;0.573;6.169
744530;34.1;26.93;0.424;1.495;1989.920;0.539;6.766
744630;34.1;26.93;0.446;1.481;1998.741;0.203;7.136
744730;34.1;26.93;0.437;1.483;1998.961;0.405;7.068
744830;34.1;26.93;0.430;1.504;2010.013;0.438;6.735
744930;34.1;26.93;0.413;1.521;1998.949;0.660;6.262
745030;34.1;26.93;0.414;1.511;1980.848;0.637;6.486
745130;34.1;26.93;0.435;1.496;1997.982;0.382;6.759
745230;34.1;26.93;0.433;1.492;2001.402;0.449;6.906
745330;34.1;26.93;0.457;1.481;2001.178;0.149;7.191
745430;34.1;26.93;0.441;1.483;1999.639;0.251;7.138
745530;34.1;26.93;0.430;1.493;2005.901;0.476;6.811
745630;34.1;26.93;0.425;1.501;1999.457;0.535;6.729
745730;34.1;26.93;0.434;1.494;2001.419;0.361;6.858
745830;34.1;26.93;0.453;1.487;1993.157;0.091;7.180
745930;34.1;26.93;0.454;1.487;2010.732;0.133;7.157
746030;34.2;26.93;0.439;1.491;2012.770;0.400;6.914
746130;34.2;26.93;0.422;1.506;2003.342;0.539;6.579
746230;34.2;26.93;0.409;1.527;1984.981;0.706;6.207
746330;34.1;26.93;0.412;1.526;1994.224;0.686;6.220
746430;34.1;26.93;0.427;1.491;1996.279;0.507;6.906
746530;34.2;26.93;0.453;1.477;1996.045;0.095;7.254
746630;34.2;26.93;0.443;1.486;2001.464;0.274;7.103
746730;34.2;26.93;0.415;1.523;2008.442;0.672;6.261
746830;34.2;26.93;0.412;1.539;1989.091;0.620;6.006
746930;34.2;26.93;0.420;1.500;1990.011;0.576;6.734
747030;34.1;26.93;0.446;1.485;1999.716;0.203;7.183
747130;34.1;26.93;0.454;1.478;2007.112;0.110;7.251
747230;34.1;26.93;0.454;1.498;2016.674;0.076;6.950
747330;34.1;26.93;0.419;1.503;2000.778;0.602;6.650
747430;34.1;26.93;0.407;1.539;1991.210;0.681;6.030
747530;34.1;26.93;0.420;1.550;2002.415;0.395;5.876
747630;34.1;26.93;0.408;1.526;1986.591;0.709;6.238
747730;34.1;26.93;0.415;1.508;1989.799;0.691;6.579
747830;34.2;26.93;0.411;1.535;1997.195;0.672;6.095
747930;34.2;26.93;0.432;1.551;2007.839;0.182;5.876
748030;34.1;26.93;0.459;1.541;1994.105;-0.284;6.041
748130;34.1;26.93;0.423;1.543;1979.983;0.347;5.990
748230;34.1;26.93;0.409;1.526;1987.699;0.684;6.223
748330;34.1;26.93;0.416;1.505;1997.107;0.652;6.589
748430;34.1;26.93;0.437;1.496;2002.669;0.338;6.942
748530;34.1;26.93;0.434;1.483;1996.595;0.408;7.065
748630;34.1;26.93;0.419;1.509;1998.122;0.625;6.569
748730;34.1;26.93;0.416;1.518;2001.348;0.625;6.472
748830;34.1;26.93;0.430;1.489;1994.618;0.422;6.960
748930;34.1;26.93;0.443;1.479;1991.100;0.296;7.259
749030;34.1;26.93;0.419;1.522;2005.055;0.637;6.388
749130;34.1;26.93;0.412;1.548;2000.195;0.569;5.895
749230;34.1;26.93;0.428;1.545;1994.904;0.260;6.007
749330;34.1;26.93;0.433;1.543;1986.682;0.130;6.004
749430;34.1;26.93;0.412;1.539;1986.467;0.588;6.059
749530;34.1;26.93;0.413;1.521;1993.779;0.684;6.333
749630;34.1;26.93;0.417;1.517;2001.539;0.632;6.516
749730;34.1;26.93;0.411;1.535;1997.187;0.672;6.137
749830;34.1;26.93;0.434;1.542;1998.074;0.173;6.031
749930;34.1;26.93;0.418;1.550;1986.256;0.437;5.896
750030;34.1;26.93;0.422;1.499;1984.917;0.593;6.774
750130;34.1;26.93;0.428;1.489;1987.337;0.516;6.949
750230;34.1;26.93;0.419;1.524;2007.321;0.628;6.389
750330;34.1;26.93;0.422;1.550;1996.448;0.422;5.879
750430;34.1;26.93;0.429;1.541;1999.250;0.216;6.053
750530;34.2;26.93;0.467;1.536;1993.497;-0.464;6.134
750630;34.2;26.93;0.462;1.547;1995.038;-0.332;5.973
750730;34.2;26.93;0.439;1.541;1992.974;0.066;6.014
750830;34.1;26.93;0.416;1.551;1996.965;0.504;5.922
750930;34.1;26.93;0.436;1.545;1997.598;0.095;5.978
751030;34.1;26.93;0.477;1.545;2007.010;-0.552;5.995
751130;34.1;26.93;0.466;1.538;1995.023;-0.462;6.111
751230;34.1;26.93;0.411;1.528;1981.229;0.670;6.259
751330;34.1;26.93;0.410;1.533;1988.497;0.703;6.181
751430;34.1;26.93;0.415;1.542;1999.418;0.642;6.063
751530;34.1;26.93;0.407;1.529;2000.672;0.754;6.271
751630;34.1;26.93;0.414;1.534;1989.723;0.630;6.165
751730;34.1;26.93;0.416;1.546;1994.209;0.462;5.984
751830;34.1;26.93;0.414;1.543;1995.545;0.566;6.028
751930;34.1;26.93;0.412;1.529;1987.408;0.714;6.269
752030;34.1;26.93;0.414;1.549;1993.586;0.586;5.979
752130;34.1;26.93;0.459;1.546;2006.678;-0.340;6.016
752230;34.1;26.93;0.464;1.543;2003.912;-0.376;6.039
752330;34.1;26.93;0.483;1.539;2003.374;-0.661;6.169
752430;34.1;26.93;0.460;1.542;1980.767;-0.334;6.087
752530;34.2;26.93;0.433;1.542;1994.246;0.175;6.048
752630;34.2;26.93;0.424;1.553;1998.564;0.140;5.974
752730;34.2;26.93;0.416;1.547;1996.870;0.533;5.958
752830;34.1;26.93;0.454;1.540;1997.793;-0.168;6.125
752930;34.1;26.93;0.484;1.535;2001.516;-0.695;6.233
753030;34.1;26.93;0.451;1.549;1991.357;-0.169;5.987
753130;34.1;26.93;0.414;1.543;1991.604;0.546;6.067
753230;34.1;26.93;0.415;1.542;1983.565;0.559;6.073
753330;34.2;26.93;0.446;1.549;2005.355;-0.064;5.999
753430;34.2;26.93;0.476;1.539;1997.243;-0.545;6.141
753530;34.1;26.93;0.483;1.537;2007.479;-0.675;6.221
753630;34.1;26.93;0.475;1.533;1983.496;-0.539;6.246
753730;34.1;26.93;0.457;1.544;1995.622;-0.287;6.063
753830;34.1;26.93;0.443;1.545;1993.184;-0.025;6.093
753930;34.1;26.93;0.424;1.549;1994.862;0.318;5.962
754030;34.1;26.93;0.465;1.543;1998.357;-0.367;6.075
754130;34.1;26.93;0.484;1.534;2005.810;-0.639;6.276
754230;34.1;26.93;0.459;1.547;1989.453;-0.337;6.074
754330;34.1;26.93;0.426;1.543;1991.680;0.296;6.046
754430;34.1;26.93;0.436;1.545;1987.401;0.086;6.060
754530;34.1;26.93;0.416;1.544;1992.519;0.546;6.062
754630;34.1;26.93;0.421;1.547;1996.381;0.355;6.055
754730;34.1;26.93;0.458;1.548;2001.395;-0.296;6.054
754830;34.1;26.93;0.462;1.536;1985.648;-0.342;6.210
754930;34.1;26.93;0.439;1.541;1992.374;0.024;6.105
755030;34.1;26.93;0.435;1.550;1997.664;0.136;5.990
755130;34.1;26.93;0.442;1.552;1996.429;-0.004;6.013
755230;34.1;26.93;0.483;1.535;1994.442;-0.648;6.222
755330;34.1;26.93;0.480;1.534;2019.353;-0.522;6.273
755430;34.1;26.93;0.472;1.525;2002.554;-0.387;6.371
755530;34.1;26.93;0.479;1.528;1996.167;-0.598;6.325
755630;34.1;26.93;0.486;1.534;1999.120;-0.663;6.258
755730;34.1;26.93;0.479;1.541;1998.723;-0.637;6.127
755830;34.1;26.93;0.454;1.545;1997.456;-0.186;6.095
755930;34.1;26.93;0.476;1.529;2007.279;-0.485;6.389
756030;34.2;26.93;0.480;1.525;1990.305;-0.547;6.359
756130;34.2;26.93;0.457;1.542;1986.824;-0.279;6.084
756230;34.2;26.93;0.429;1.557;1995.238;0.234;5.892
756330;34.2;26.93;0.418;1.552;1986.409;0.439;6.016
756430;34.2;26.93;0.461;1.544;2002.282;-0.297;6.112
756530;34.2;26.93;0.463;1.549;2001.953;-0.365;6.080
756630;34.2;26.93;0.480;1.537;2007.889;-0.580;6.248
756730;34.2;26.93;0.477;1.530;1993.466;-0.549;6.293
756830;34.2;26.93;0.492;1.536;1994.762;-0.751;6.263
756930;34.2;26.93;0.470;1.545;1997.461;-0.464;6.125
757030;34.1;26.93;0.472;1.539;2004.755;-0.504;6.171
757130;34.1;26.93;0.477;1.523;2006.681;-0.472;6.428
757230;34.1;26.93;0.471;1.517;1999.461;-0.332;6.505
757330;34.2;26.93;0.483;1.537;1995.969;-0.633;6.177
757430;34.2;26.93;0.483;1.535;2002.555;-0.612;6.313
757530;34.1;26.93;0.471;1.543;1982.804;-0.542;6.155
757630;34.1;26.93;0.446;1.543;1998.736;-0.044;6.130
757730;34.1;26.93;0.470;1.548;2011.456;-0.472;6.123
757830;34.1;26.93;0.489;1.540;1994.652;-0.719;6.180
757930;34.1;26.93;0.478;1.534;1990.314;-0.593;6.236
758030;34.2;26.93;0.482;1.540;1996.134;-0.633;6.241
758130;34.2;26.93;0.477;1.550;2004.911;-0.554;6.111
758230;34.2;26.93;0.487;1.529;2000.908;-0.723;6.297
758330;34.2;26.93;0.468;1.520;2005.846;-0.254;6.478
758430;34.2;26.93;0.459;1.497;2011.162;-0.114;6.837
758530;34.2;26.93;0.457;1.507;1998.043;-0.120;6.668
758630;34.2;26.93;0.471;1.520;2000.142;-0.333;6.511
758730;34.2;26.93;0.475;1.524;1990.193;-0.488;6.443
758830;34.2;26.93;0.473;1.540;1995.672;-0.507;6.209
758930;34.2;26.93;0.484;1.541;2011.672;-0.658;6.238
759030;34.2;26.93;0.470;1.524;2001.134;-0.305;6.459
759130;34.2;26.93;0.481;1.533;1990.066;-0.623;6.334
759230;34.2;26.93;0.464;1.545;1996.086;-0.375;6.172
759330;34.2;26.93;0.429;1.550;1994.290;0.254;6.077
759430;34.2;26.93;0.437;1.545;1992.867;0.129;6.103
759530;34.2;26.93;0.487;1.538;2007.795;-0.723;6.293
759630;34.2;26.93;0.481;1.532;2011.920;-0.471;6.354
759730;34.2;26.93;0.462;1.513;2006.614;-0.212;6.607
759830;34.2;26.93;0.468;1.517;2000.051;-0.274;6.563
759930;34.2;26.93;0.478;1.531;1993.383;-0.423;6.436
760030;34.2;26.93;0.480;1.527;2007.367;-0.510;6.378
760130;34.2;26.93;0.465;1.524;2015.151;-0.211;6.471
760230;34.2;26.93;0.446;1.487;2003.033;0.124;6.923
760330;34.2;26.93;0.452;1.492;1989.494;-0.009;6.868
760430;34.2;26.93;0.481;1.527;2009.399;-0.542;6.412
760530;34.1;26.93;0.480;1.538;1989.774;-0.608;6.287
760630;34.1;26.93;0.478;1.535;1988.050;-0.588;6.272
760730;34.1;26.93;0.482;1.535;2008.744;-0.575;6.347
760830;34.1;26.93;0.482;1.532;2010.933;-0.494;6.386
760930;34.1;26.93;0.463;1.525;2005.215;-0.198;6.468
761030;34.1;26.93;0.470;1.520;1998.283;-0.309;6.517
761130;34.1;26.93;0.482;1.532;1992.101;-0.586;6.366
761230;34.1;26.93;0.488;1.540;2004.836;-0.689;6.205
761330;34.2;26.93;0.467;1.525;2012.779;-0.210;6.475
761430;34.2;26.93;0.456;1.493;2002.522;-0.047;6.895
761530;34.2;26.93;0.446;1.486;2008.194;0.107;6.891
761630;34.2;26.93;0.464;1.511;2000.607;-0.245;6.644
761730;34.2;26.93;0.479;1.529;1996.071;-0.491;6.409
761830;34.2;26.93;0.479;1.533;1982.154;-0.586;6.306
761930;34.2;26.93;0.485;1.540;2011.973;-0.672;6.325
762030;34.2;26.93;0.475;1.525;2011.467;-0.335;6.467
762130;34.2;26.93;0.465;1.514;2003.664;-0.221;6.582
762230;34.2;26.93;0.481;1.525;1987.995;-0.562;6.460
762330;34.2;26.93;0.486;1.543;2000.780;-0.681;6.202
762430;34.2;26.93;0.467;1.546;2002.834;-0.417;6.142
762530;34.2;26.93;0.474;1.538;2014.273;-0.420;6.354
762630;34.2;26.93;0.459;1.499;2001.702;-0.034;6.810
762730;34.2;26.93;0.441;1.491;2012.809;0.245;6.833
762830;34.2;26.93;0.449;1.493;2001.629;0.073;6.871
762930;34.2;26.93;0.462;1.503;1996.706;-0.166;6.814
763030;34.3;26.93;0.466;1.519;1994.589;-0.236;6.536
763130;34.3;26.93;0.467;1.514;2010.367;-0.197;6.696
763230;34.3;26.93;0.448;1.488;2010.684;0.121;6.924
763330;34.2;26.93;0.433;1.488;1995.443;0.303;6.842
763430;34.2;26.93;0.458;1.493;1992.268;-0.068;6.932
763530;34.2;26.93;0.467;1.525;2003.716;-0.209;6.510
763630;34.2;26.93;0.479;1.532;2000.902;-0.525;6.378
763730;34.2;26.93;0.473;1.532;2010.770;-0.387;6.429
763830;34.2;26.93;0.463;1.499;2009.548;-0.123;6.808
763930;34.2;26.93;0.461;1.504;2009.584;-0.123;6.743
764030;34.2;26.93;0.464;1.509;2007.470;-0.194;6.753
764130;34.2;26.93;0.472;1.530;1988.658;-0.389;6.456
764230;34.2;26.93;0.485;1.534;2005.203;-0.583;6.360
764330;34.2;26.93;0.471;1.526;2019.376;-0.287;6.505
764430;34.2;26.93;0.455;1.497;2007.738;0.008;6.866
764530;34.3;26.93;0.441;1.489;1997.607;0.232;6.891
764630;34.3;26.93;0.446;1.484;1990.783;0.188;6.969
764730;34.3;26.93;0.464;1.508;2001.525;-0.163;6.757
764830;34.3;26.93;0.467;1.518;2005.983;-0.286;6.591
764930;34.3;26.93;0.467;1.529;2001.426;-0.300;6.461
765030;34.2;26.93;0.460;1.504;2018.217;-0.071;6.809
765130;34.2;26.93;0.440;1.489;2006.254;0.262;6.868
765230;34.2;26.93;0.455;1.496;1998.279;-0.015;6.900
765330;34.3;26.93;0.467;1.521;1991.839;-0.266;6.627
765430;34.3;26.93;0.465;1.522;2004.286;-0.223;6.561
765530;34.3;26.93;0.470;1.527;2016.302;-0.279;6.509
765630;34.3;26.93;0.446;1.486;2008.516;0.155;6.986
765730;34.3;26.93;0.435;1.491;1997.192;0.316;6.864
765830;34.3;26.93;0.428;1.492;1999.560;0.414;6.758
765930;34.3;26.93;0.441;1.487;2001.531;0.251;6.987
766030;34.2;26.93;0.447;1.492;1999.745;0.127;6.860
766130;34.2;26.93;0.449;1.493;1998.384;0.109;6.962
766230;34.2;26.93;0.432;1.490;2008.035;0.387;6.817
766330;34.3;26.93;0.412;1.519;2002.330;0.644;6.253
766430;34.3;26.93;0.428;1.492;1989.203;0.388;6.808
766530;34.3;26.93;0.447;1.486;1989.041;0.142;7.017
766630;34.3;26.93;0.445;1.490;2003.597;0.162;6.951
766730;34.3;26.93;0.462;1.510;2006.256;-0.145;6.751
766830;34.2;26.93;0.463;1.504;1996.062;-0.115;6.850
766930;34.2;26.93;0.453;1.497;2005.635;0.022;6.891
767030;34.3;26.93;0.446;1.493;2011.097;0.154;6.960
767130;34.3;26.93;0.463;1.500;1998.344;-0.135;6.906
767230;34.3;26.93;0.469;1.523;1999.544;-0.310;6.552
767330;34.2;26.93;0.463;1.501;2005.983;-0.094;6.900
767430;34.2;26.93;0.433;1.488;2014.200;0.362;6.901
767530;34.1;26.93;0.423;1.506;2005.272;0.511;6.565
767630;34.1;26.93;0.415;1.515;1992.688;0.626;6.364
767730;34.1;26.93;0.419;1.494;1987.340;0.538;6.702
767830;34.2;26.93;0.436;1.491;2009.398;0.285;6.842
767930;34.2;26.93;0.444;1.492;2000.024;0.218;6.968
768030;34.2;26.93;0.438;1.487;1999.846;0.262;6.989
768130;34.2;26.93;0.411;1.528;2005.123;0.678;6.132
768230;34.2;26.93;0.411;1.519;1994.573;0.645;6.334
768330;34.2;26.93;0.441;1.483;1993.670;0.270;7.047
768430;34.2;26.93;0.461;1.505;2000.807;-0.131;6.808
768530;34.3;26.93;0.460;1.501;2002.618;-0.053;6.902
768630;34.3;26.93;0.441;1.492;2018.184;0.267;6.927
768730;34.3;26.93;0.429;1.500;1998.398;0.427;6.702
768830;34.3;26.93;0.419;1.512;1995.109;0.546;6.461
768930;34.3;26.93;0.409;1.541;1992.848;0.655;5.878
769030;34.3;26.93;0.407;1.526;1998.715;0.679;6.171
769130;34.3;26.93;0.432;1.497;1999.127;0.370;6.801
769230;34.3;26.93;0.422;1.494;1998.820;0.534;6.673
769330;34.3;26.93;0.407;1.551;2007.272;0.637;5.754
769430;34.3;26.93;0.408;1.538;1985.352;0.645;6.005
769530;34.3;26.93;0.431;1.485;1991.123;0.414;7.018
769630;34.3;26.93;0.437;1.492;1993.910;0.291;6.919
769730;34.3;26.93;0.450;1.492;2002.574;0.119;7.000
769830;34.1;26.93;0.458;1.499;2005.322;-0.040;6.962
769930;34.1;26.93;0.457;1.498;2004.389;-0.014;6.923
770030;34.1;26.93;0.437;1.488;1996.540;0.299;6.990
770130;34.1;26.93;0.423;1.491;2002.783;0.524;6.844
770230;34.1;26.93;0.429;1.498;2003.815;0.413;6.780
770330;34.1;26.93;0.434;1.490;1999.687;0.357;6.974
770430;34.1;26.93;0.407;1.514;1995.502;0.671;6.428
770530;34.2;26.93;0.407;1.544;2002.668;0.664;5.875
770630;34.2;26.93;0.416;1.550;2000.899;0.451;5.839
770730;34.2;26.93;0.409;1.548;1988.788;0.544;5.888
770830;34.3;26.93;0.404;1.541;1989.971;0.644;5.918
770930;34.3;26.93;0.406;1.525;1994.632;0.757;6.288
771030;34.2;26.93;0.422;1.502;1995.498;0.527;6.666
771130;34.2;26.93;0.424;1.502;2002.303;0.487;6.616
771230;34.2;26.93;0.409;1.545;1991.047;0.524;5.810
771330;34.2;26.93;0.406;1.539;1982.518;0.699;6.013
771430;34.2;26.93;0.433;1.495;2000.982;0.320;6.850
771530;34.3;26.93;0.441;1.491;1995.468;0.229;6.977
771630;34.3;26.93;0.424;1.498;2000.399;0.516;6.812
771730;34.3;26.93;0.401;1.538;2003.322;0.770;6.017
771830;34.3;26.93;0.412;1.527;1996.126;0.648;6.217
771930;34.3;26.93;0.403;1.547;1989.098;0.673;5.912
772030;34.3;26.93;0.409;1.553;1996.398;0.518;5.779
772130;34.3;26.93;0.410;1.526;1992.001;0.655;6.264
772230;34.3;26.93;0.419;1.496;2000.179;0.576;6.781
772330;34.3;26.93;0.410;1.527;1995.939;0.677;6.193
772430;34.3;26.93;0.416;1.556;1997.049;0.445;5.805
772530;34.3;26.93;0.404;1.539;1983.848;0.699;5.994
772630;34.3;26.93;0.420;1.509;2001.340;0.534;6.560
772730;34.3;26.93;0.418;1.504;1992.603;0.543;6.668
772830;34.3;26.93;0.411;1.512;1994.309;0.674;6.513
772930;34.3;26.93;0.422;1.508;2007.138;0.533;6.604
773030;34.3;26.93;0.411;1.522;2004.121;0.658;6.367
773130;34.3;26.93;0.405;1.541;1984.876;0.706;5.994
773230;34.3;26.93;0.411;1.552;1998.368;0.536;5.826
773330;34.3;26.93;0.410;1.526;1986.868;0.693;6.220
773430;34.3;26.93;0.404;1.524;1995.301;0.759;6.305
773530;34.3;26.93;0.409;1.549;1994.785;0.610;5.863
773630;34.3;26.93;0.433;1.557;2001.157;0.100;5.829
773730;34.3;26.93;0.438;1.551;2001.998;-0.012;5.911
773830;34.3;26.93;0.420;1.556;1998.965;0.274;5.761
773930;34.3;26.93;0.409;1.545;1981.209;0.601;5.948
774030;34.2;26.93;0.407;1.543;1992.227;0.634;5.960
774130;34.2;26.93;0.410;1.524;1999.326;0.683;6.305
774230;34.2;26.93;0.411;1.552;2000.974;0.561;5.892
774330;34.2;26.93;0.426;1.548;1987.272;0.192;5.916
774430;34.2;26.93;0.420;1.551;1991.609;0.370;5.817
774530;34.3;26.93;0.420;1.506;1994.977;0.556;6.629
774630;34.3;26.93;0.423;1.498;1994.670;0.492;6.876
774730;34.3;26.93;0.404;1.534;1996.705;0.743;6.186
774830;34.3;26.93;0.409;1.549;1997.160;0.634;5.955
774930;34.3;26.93;0.417;1.549;1999.047;0.443;5.885
775030;34.3;26.93;0.417;1.555;1990.820;0.361;5.821
775130;34.3;26.93;0.415;1.549;1982.326;0.472;5.909
775230;34.3;26.93;0.407;1.545;1990.875;0.644;5.966
775330;34.2;26.93;0.409;1.554;2000.135;0.581;5.806
775430;34.2;26.93;0.436;1.552;2001.095;0.048;5.949
775530;34.2;26.93;0.487;1.540;2006.240;-0.829;6.074
775630;34.2;26.93;0.462;1.544;1998.190;-0.430;6.025
775730;34.2;26.93;0.421;1.555;1989.605;0.352;5.831
775830;34.2;26.93;0.403;1.549;1982.278;0.650;5.934
775930;34.2;26.93;0.405;1.552;1990.317;0.657;5.839
776030;34.3;26.93;0.412;1.552;2002.482;0.505;5.953
776130;34.3;26.93;0.427;1.547;1998.549;0.180;5.960
776230;34.3;26.93;0.414;1.554;1988.771;0.412;5.814
776330;34.4;26.93;0.413;1.550;1980.566;0.539;5.916
776430;34.4;26.93;0.406;1.529;1992.094;0.767;6.276
776530;34.3;26.93;0.406;1.532;2001.920;0.720;6.017
776630;34.3;26.93;0.439;1.552;1999.426;-0.053;5.929
776730;34.3;26.93;0.481;1.541;2008.327;-0.701;6.100
776830;34.3;26.93;0.493;1.537;2006.758;-0.920;6.175
776930;34.3;26.93;0.448;1.544;1987.280;-0.185;6.059
777030;34.3;26.93;0.419;1.552;1987.220;0.334;5.906
777130;34.3;26.93;0.414;1.553;1993.763;0.495;5.839
777230;34.3;26.93;0.418;1.555;2001.278;0.416;5.901
777330;34.1;26.93;0.461;1.543;2000.492;-0.360;6.058
777430;34.1;26.93;0.447;1.546;1982.712;-0.192;5.998
777530;34.2;26.93;0.410;1.536;1978.346;0.621;6.180
777630;34.2;26.93;0.415;1.513;1997.568;0.670;6.595
777730;34.2;26.93;0.421;1.501;2003.524;0.479;6.740
777830;34.1;26.93;0.408;1.556;1999.263;0.578;5.864
777930;34.1;26.93;0.450;1.554;2002.298;-0.217;5.925
778030;34.1;26.93;0.501;1.532;2017.624;-0.955;6.299
778130;34.1;26.93;0.498;1.533;1994.902;-0.931;6.260
778230;34.1;26.93;0.474;1.542;1995.903;-0.670;6.119
778330;34.3;26.93;0.487;1.537;2009.750;-0.797;6.166
778430;34.3;26.93;0.489;1.542;2003.749;-0.800;6.172
778530;34.3;26.93;0.491;1.530;2011.120;-0.635;6.400
778630;34.3;26.93;0.487;1.518;1996.961;-0.673;6.450
778730;34.3;26.93;0.469;1.545;1991.232;-0.529;6.096
778830;34.3;26.93;0.423;1.551;1996.795;0.271;5.952
778930;34.3;26.93;0.407;1.553;1992.544;0.560;5.838
779030;34.3;26.93;0.412;1.553;1986.009;0.590;5.949
779130;34.3;26.93;0.421;1.560;2003.276;0.351;5.792
779230;34.3;26.93;0.443;1.557;2005.320;-0.100;5.903
779330;34.3;26.93;0.448;1.555;1990.141;-0.168;5.936
779430;34.3;26.93;0.416;1.550;1985.700;0.369;6.004
779530;34.3;26.93;0.425;1.557;2009.223;0.245;5.791
779630;34.3;26.93;0.458;1.561;2003.520;-0.302;5.892
779730;34.3;26.93;0.496;1.536;2008.787;-0.912;6.218
779830;34.3;26.93;0.488;1.517;2003.455;-0.601;6.457
779930;34.3;26.93;0.503;1.528;1998.956;-1.006;6.348
780030;34.2;26.93;0.453;1.550;1994.019;-0.282;5.984
780130;34.2;26.93;0.431;1.553;1986.360;0.083;5.890
780230;34.2;26.93;0.429;1.561;1999.965;0.174;5.871
780330;34.3;26.93;0.463;1.553;2015.930;-0.431;6.023
780430;34.3;26.93;0.493;1.527;2007.468;-0.790;6.344
780530;34.3;26.93;0.482;1.541;1988.459;-0.761;6.173
780630;34.3;26.93;0.439;1.551;1992.946;-0.036;6.000
780730;34.3;26.93;0.443;1.556;2004.967;-0.088;5.903
780830;34.3;26.93;0.472;1.555;2010.308;-0.570;6.021
780930;34.3;26.93;0.491;1.523;2006.066;-0.732;6.423
781030;34.3;26.93;0.482;1.520;2012.532;-0.502;6.449
781130;34.3;26.93;0.482;1.513;2007.743;-0.505;6.572
781230;34.3;26.93;0.487;1.523;2003.761;-0.654;6.452
781330;34.3;26.93;0.490;1.532;1994.980;-0.864;6.277
781430;34.3;26.93;0.479;1.549;1999.759;-0.649;6.121
781530;34.3;26.93;0.487;1.544;2015.656;-0.812;6.164
781630;34.3;26.93;0.484;1.519;2012.952;-0.560;6.444
781730;34.3;26.93;0.498;1.528;1983.474;-0.978;6.377
781830;34.3;26.93;0.458;1.551;1997.133;-0.302;6.025
781930;34.3;26.93;0.469;1.549;2008.305;-0.509;6.027
782030;34.3;26.93;0.452;1.551;1994.886;-0.256;6.048
782130;34.3;26.93;0.464;1.542;1992.950;-0.418;6.143
782230;34.3;26.93;0.500;1.540;2014.596;-0.956;6.201
782330;34.4;26.93;0.497;1.537;2008.774;-0.945;6.258
782430;34.4;26.93;0.474;1.545;1994.387;-0.596;6.148
782530;34.4;26.93;0.455;1.548;1994.452;-0.322;6.103
782630;34.4;26.93;0.497;1.546;2009.643;-0.892;6.171
782730;34.4;26.93;0.497;1.534;2014.571;-0.879;6.276
782830;34.3;26.93;0.486;1.521;2010.508;-0.595;6.511
782930;34.3;26.93;0.474;1.508;1998.207;-0.322;6.669
783030;34.3;26.93;0.493;1.532;2006.144;-0.773;6.328
783130;34.3;26.93;0.496;1.536;2005.489;-0.857;6.305
783230;34.3;26.93;0.497;1.538;1994.237;-0.914;6.304
783330;34.3;26.93;0.494;1.529;2012.523;-0.800;6.353
783430;34.3;26.93;0.474;1.510;2017.398;-0.288;6.630
783530;34.3;26.93;0.472;1.508;2003.009;-0.278;6.733
783630;34.3;26.93;0.491;1.528;1992.650;-0.878;6.392
783730;34.3;26.93;0.490;1.538;2002.450;-0.858;6.278
783830;34.3;26.87;0.474;1.551;2002.084;-0.600;6.099
783930;34.3;26.87;0.496;1.533;2019.095;-0.850;6.318
784030;34.3;26.87;0.488;1.526;2004.839;-0.708;6.456
784130;34.3;26.87;0.480;1.515;2006.156;-0.448;6.584
784230;34.3;26.87;0.490;1.529;2010.829;-0.680;6.391
784330;34.3;26.87;0.494;1.525;2006.777;-0.839;6.445
784430;34.3;26.87;0.495;1.547;2000.887;-0.907;6.185
784530;34.2;26.87;0.486;1.526;2020.219;-0.618;6.448
784630;34.2;26.87;0.474;1.498;2018.905;-0.281;6.834
784730;34.2;26.87;0.469;1.489;2002.901;-0.219;6.967
784830;34.2;26.93;0.485;1.527;1993.676;-0.673;6.468
784930;34.2;26.93;0.490;1.527;2011.744;-0.711;6.417
785030;34.2;26.93;0.498;1.535;2004.276;-0.831;6.324
785130;34.2;26.93;0.499;1.543;2009.243;-0.935;6.208
785230;34.2;26.93;0.491;1.524;2004.339;-0.674;6.474
785330;34.2;26.93;0.488;1.523;2012.972;-0.606;6.505
785430;34.2;26.93;0.491;1.526;2007.128;-0.715;6.458
785530;34.3;26.93;0.498;1.530;2010.934;-0.932;6.386
785630;34.3;26.93;0.498;1.530;2003.676;-0.798;6.447
785730;34.3;26.93;0.474;1.512;2020.676;-0.345;6.670
785830;34.3;26.93;0.468;1.501;2011.114;-0.152;6.837
785930;34.3;26.93;0.454;1.477;2005.169;0.084;7.095
786030;34.3;26.93;0.450;1.479;1994.718;0.108;7.011
786130;34.3;26.93;0.459;1.488;2008.735;-0.051;6.931
786230;34.3;26.93;0.478;1.495;2007.566;-0.320;6.900
786330;34.3;26.93;0.483;1.518;2003.349;-0.557;6.573
786430;34.3;26.93;0.475;1.506;2015.797;-0.330;6.714
786530;34.3;26.93;0.469;1.488;2007.329;-0.111;7.060
786630;34.3;26.93;0.482;1.519;2002.719;-0.523;6.576
786730;34.3;26.93;0.494;1.533;2006.863;-0.921;6.378
786830;34.4;26.93;0.492;1.545;1992.311;-0.840;6.219
786930;34.4;26.93;0.499;1.542;2020.142;-0.907;6.252
787030;34.4;26.93;0.486;1.515;2014.187;-0.554;6.624
787130;34.4;26.93;0.480;1.521;2008.608;-0.447;6.562
787230;34.4;26.93;0.462;1.488;2001.389;-0.042;6.940
787330;34.4;26.93;0.467;1.493;2014.451;-0.172;6.898
787430;34.4;26.93;0.474;1.505;2003.633;-0.276;6.822
787530;34.4;26.93;0.470;1.503;2012.755;-0.273;6.814
787630;34.4;26.93;0.454;1.482;2007.968;0.072;6.997
787730;34.4;26.93;0.440;1.478;2005.738;0.281;7.042
787830;34.4;26.93;0.457;1.483;1998.220;0.025;7.003
787930;34.4;26.93;0.473;1.498;2004.176;-0.303;6.865
788030;34.4;26.93;0.474;1.499;1998.858;-0.229;6.882
788130;34.4;26.93;0.485;1.527;2007.159;-0.589;6.520
788230;34.4;26.93;0.486;1.523;2012.891;-0.564;6.547
788330;34.3;26.93;0.471;1.495;2008.945;-0.227;6.936
788430;34.3;26.93;0.460;1.483;2006.149;-0.006;7.034
788530;34.3;26.93;0.459;1.485;2007.931;-0.025;7.026
788630;34.3;26.93;0.464;1.490;2002.213;-0.065;7.030
788730;34.3;26.93;0.460;1.485;2003.467;-0.062;7.003
788830;34.3;26.87;0.444;1.477;2007.765;0.246;7.035
788930;34.3;26.87;0.434;1.479;2007.808;0.386;6.983
789030;34.1;26.87;0.425;1.493;2005.477;0.502;6.742
789130;34.1;26.87;0.444;1.474;1993.673;0.243;7.100
789230;34.1;26.87;0.456;1.479;2005.443;0.072;7.156
789330;34.2;26.87;0.471;1.499;2008.084;-0.302;6.906
789430;34.2;26.87;0.481;1.520;2007.785;-0.461;6.572
789530;34.3;26.87;0.458;1.488;2008.133;0.023;7.030
789630;34.3;26.87;0.455;1.483;2004.510;0.032;7.036
789730;34.3;26.87;0.470;1.503;2006.836;-0.264;6.812
789830;34.3;26.93;0.497;1.530;2002.391;-0.782;6.473
789930;34.3;26.93;0.487;1.523;2003.102;-0.644;6.606
790030;34.4;26.93;0.473;1.503;2021.814;-0.278;6.804
790130;34.4;26.93;0.457;1.477;2008.902;0.063;7.124
790230;34.4;26.93;0.436;1.486;2009.534;0.336;6.902
790330;34.4;26.93;0.429;1.487;1996.402;0.448;6.787
790430;34.4;26.93;0.443;1.475;1999.628;0.285;7.109
790530;34.4;26.93;0.448;1.484;2008.883;0.141;7.009
790630;34.4;26.93;0.445;1.478;2004.085;0.232;7.038
790730;34.4;26.93;0.413;1.506;1997.129;0.726;6.469
790830;34.3;26.87;0.411;1.522;1996.889;0.667;6.180
790930;34.3;26.87;0.431;1.475;1996.264;0.392;7.050
791030;34.3;26.87;0.444;1.473;1989.133;0.257;7.140
791130;34.3;26.87;0.445;1.482;2000.749;0.183;7.040
791230;34.3;26.87;0.459;1.486;2010.190;0.021;7.024
791330;34.3;26.87;0.457;1.487;2009.603;0.043;7.093
791430;34.3;26.87;0.433;1.486;1999.111;0.395;6.877
791530;34.4;26.87;0.431;1.482;1993.932;0.434;6.911
791630;34.4;26.87;0.448;1.475;1997.917;0.157;7.165
791730;34.4;26.87;0.468;1.502;2010.046;-0.186;6.879
791830;34.4;26.93;0.467;1.493;2006.589;-0.099;6.962
791930;34.4;26.93;0.443;1.478;2006.778;0.270;7.107
792030;34.4;26.93;0.423;1.498;2012.802;0.534;6.662
792130;34.4;26.93;0.432;1.479;1994.785;0.384;6.972
792230;34.4;26.93;0.450;1.471;1988.774;0.157;7.220
792330;34.4;26.93;0.458;1.489;2006.145;-0.019;7.033
792430;34.4;26.93;0.475;1.512;2012.897;-0.315;6.720
792530;34.5;26.93;0.461;1.494;2011.557;-0.017;7.030
792630;34.5;26.93;0.418;1.501;2000.344;0.566;6.595
792730;34.5;26.93;0.419;1.495;1988.247;0.573;6.619
792830;34.4;26.87;0.460;1.477;1994.435;-0.012;7.156
792930;34.4;26.87;0.469;1.504;2008.413;-0.243;6.878
793030;34.4;26.87;0.466;1.489;2010.179;-0.138;7.023
793130;34.4;26.87;0.430;1.482;2005.328;0.547;6.809
793230;34.4;26.87;0.418;1.521;2006.117;0.571;6.231
793330;34.4;26.87;0.408;1.524;1991.527;0.676;6.128
793430;34.4;26.87;0.405;1.520;1978.712;0.750;6.150
793530;34.4;26.87;0.426;1.499;1994.362;0.484;6.652
793630;34.4;26.87;0.436;1.484;2001.404;0.403;6.880
793730;34.4;26.87;0.410;1.514;1997.096;0.728;6.362
793830;34.4;26.93;0.435;1.541;2002.270;0.116;5.881
793930;34.4;26.93;0.433;1.542;1983.557;0.115;5.836
794030;34.4;26.93;0.416;1.495;1984.669;0.686;6.636
794130;34.4;26.93;0.429;1.491;1999.253;0.419;6.875
794230;34.4;26.93;0.441;1.478;1989.527;0.281;7.059
794330;34.4;26.93;0.445;1.477;2002.706;0.221;7.173
794430;34.4;26.93;0.444;1.486;2008.157;0.252;6.964
794530;34.4;26.93;0.446;1.476;1999.830;0.201;7.120
794630;34.4;26.93;0.442;1.473;1990.109;0.284;7.168
794730;34.4;26.93;0.464;1.501;2005.536;-0.096;6.939
794830;34.3;26.87;0.471;1.500;2016.345;-0.239;6.897
794930;34.3;26.87;0.445;1.475;2008.715;0.225;7.176
795030;34.4;26.87;0.418;1.510;2002.406;0.591;6.426
795130;34.4;26.87;0.412;1.535;1997.993;0.657;5.848
795230;34.4;26.87;0.416;1.512;1988.993;0.630;6.398
795330;34.4;26.87;0.423;1.495;1993.438;0.483;6.794
795430;34.4;26.87;0.431;1.477;1986.632;0.450;6.981
795530;34.4;26.87;0.431;1.487;2006.265;0.426;6.913
795630;34.4;26.87;0.414;1.522;2007.373;0.633;6.186
795730;34.4;26.87;0.408;1.536;1981.438;0.666;5.983
795830;34.3;26.93;0.411;1.514;1982.235;0.692;6.357
795930;34.3;26.93;0.442;1.486;2011.836;0.272;7.041
796030;34.3;26.93;0.456;1.480;2008.219;0.039;7.127
796130;34.3;26.93;0.426;1.496;1998.671;0.542;6.739
796230;34.3;26.93;0.419;1.543;2002.830;0.492;5.829
796330;34.4;26.93;0.429;1.549;2000.960;0.231;5.797
796430;34.4;26.93;0.418;1.536;1989.992;0.386;5.996
796530;34.4;26.93;0.410;1.541;1986.531;0.537;5.931
796630;34.4;26.93;0.410;1.525;1988.539;0.646;6.157
796730;34.4;26.93;0.412;1.534;1993.989;0.641;6.041
796830;34.4;26.93;0.424;1.549;2008.279;0.313;5.799
796930;34.4;26.93;0.458;1.536;1984.831;-0.276;6.026
797030;34.3;26.93;0.407;1.525;1977.559;0.713;6.154
797130;34.3;26.93;0.430;1.491;2004.235;0.428;6.912
797230;34.3;26.93;0.440;1.477;1996.348;0.291;7.091
797330;34.3;26.93;0.437;1.481;1988.170;0.343;7.133
797430;34.3;26.93;0.432;1.488;2009.272;0.414;6.959
797530;34.4;26.93;0.435;1.484;2003.356;0.395;7.004
797630;34.4;26.93;0.437;1.482;1995.211;0.343;7.094
797730;34.4;26.93;0.435;1.485;1995.269;0.315;7.046
797830;34.5;26.93;0.440;1.480;2005.171;0.300;7.087
797930;34.5;26.93;0.417;1.507;2003.214;0.706;6.561
798030;34.5;26.93;0.420;1.548;1999.721;0.385;5.846
798130;34.5;26.93;0.445;1.541;1988.993;-0.079;5.963
798230;34.5;26.93;0.456;1.530;1989.653;-0.235;6.086
798330;34.5;26.93;0.422;1.546;1994.235;0.305;5.851
798430;34.5;26.93;0.408;1.532;1984.815;0.678;6.051
798530;34.5;26.93;0.410;1.537;1986.853;0.623;5.996
798630;34.5;26.93;0.415;1.548;2012.152;0.520;5.862
798730;34.5;26.93;0.452;1.546;1994.935;-0.177;5.915
798830;34.4;26.93;0.408;1.534;1973.408;0.593;6.062
798930;34.4;26.93;0.416;1.507;1983.599;0.586;6.522
799030;34.4;26.93;0.422;1.504;1997.440;0.592;6.534
799130;34.4;26.93;0.419;1.513;2000.450;0.655;6.482
799230;34.4;26.93;0.427;1.548;2004.107;0.220;5.836
799330;34.5;26.93;0.439;1.543;1988.688;0.060;5.923
799430;34.5;26.93;0.442;1.538;1993.817;-0.012;5.999
799530;34.4;26.93;0.424;1.550;1996.100;0.323;5.849
799630;34.4;26.93;0.414;1.536;1979.957;0.526;5.982
799730;34.4;26.93;0.411;1.536;1987.496;0.693;6.044
799830;34.3;26.93;0.415;1.545;2009.967;0.525;5.909
799930;34.3;26.93;0.433;1.541;1993.564;0.145;5.965
800030;34.4;26.93;0.411;1.535;1979.771;0.541;6.043
800130;34.4;26.93;0.416;1.516;1992.697;0.619;6.403
800230;34.4;26.93;0.422;1.500;2003.090;0.581;6.702
800330;34.5;26.93;0.424;1.496;1992.709;0.571;6.793
800430;34.5;26.93;0.421;1.504;1997.632;0.521;6.660
800530;34.5;26.93;0.416;1.541;1995.578;0.594;5.960
800630;34.5;26.93;0.420;1.541;1996.763;0.414;5.998
800730;34.5;26.93;0.410;1.549;1997.279;0.575;5.882
800830;34.5;26.93;0.414;1.539;1988.139;0.576;5.982
800930;34.5;26.93;0.430;1.543;1996.853;0.246;5.984
801030;34.5;26.93;0.448;1.546;2009.441;-0.153;5.940
801130;34.5;26.93;0.469;1.541;1997.491;-0.452;5.998
801230;34.5;26.93;0.481;1.529;1994.420;-0.633;6.177
801330;34.5;26.93;0.485;1.533;2000.609;-0.680;6.203
801430;34.5;26.93;0.472;1.540;1995.752;-0.503;6.052
801530;34.5;26.93;0.446;1.536;1986.206;-0.086;6.078
801630;34.5;26.93;0.444;1.541;1993.950;-0.050;6.004
801730;34.5;26.93;0.470;1.543;2007.200;-0.456;5.985
801830;34.5;26.93;0.480;1.530;1999.059;-0.614;6.175
801930;34.5;26.93;0.444;1.545;1990.619;-0.095;5.971
802030;34.4;26.93;0.406;1.540;1988.535;0.646;6.010
802130;34.4;26.93;0.409;1.544;1993.158;0.624;5.981
802230;34.4;26.93;0.417;1.549;2008.052;0.482;5.865
802330;34.3;26.93;0.428;1.545;1987.739;0.282;5.913
802430;34.3;26.93;0.429;1.539;1992.420;0.126;6.032
802530;34.3;26.93;0.458;1.546;2004.609;-0.277;5.950
802630;34.3;26.93;0.440;1.541;1991.171;-0.005;6.048
802730;34.3;26.93;0.409;1.541;1980.659;0.655;6.002
802830;34.4;26.93;0.423;1.546;1998.422;0.348;5.933
802930;34.4;26.93;0.453;1.550;2001.810;-0.181;5.895
803030;34.4;26.93;0.474;1.538;2001.576;-0.563;6.079
803130;34.4;26.93;0.468;1.540;1994.165;-0.481;6.086
803230;34.4;26.93;0.461;1.541;1997.801;-0.352;6.059
803330;34.4;26.93;0.465;1.538;1997.388;-0.420;6.059
803430;34.4;26.93;0.434;1.549;1995.864;0.137;5.919
803530;34.4;26.93;0.431;1.546;1985.333;0.167;5.965
803630;34.4;26.93;0.470;1.541;2002.758;-0.490;6.067
803730;34.4;26.93;0.482;1.536;2006.222;-0.671;6.151
803830;34.4;26.93;0.481;1.531;1992.467;-0.654;6.181
803930;34.4;26.93;0.453;1.536;1985.465;-0.223;6.122
804030;34.3;26.93;0.485;1.535;2009.500;-0.712;6.180
804130;34.3;26.93;0.486;1.538;2002.280;-0.666;6.128
804230;34.3;26.93;0.470;1.528;2012.346;-0.428;6.250
804330;34.2;26.93;0.467;1.512;2002.951;-0.265;6.473
804430;34.2;26.93;0.474;1.520;1999.762;-0.336;6.509
804530;34.2;26.93;0.482;1.527;1998.068;-0.670;6.234
804630;34.2;26.93;0.465;1.540;1995.005;-0.414;6.143
804730;34.2;26.93;0.444;1.546;1986.964;-0.047;5.999
804830;34.3;26.87;0.480;1.536;2009.904;-0.619;6.159
804930;34.3;26.87;0.485;1.526;1997.770;-0.671;6.291
805030;34.3;26.87;0.427;1.546;1980.308;0.250;5.974
805130;34.3;26.87;0.412;1.537;1980.012;0.614;6.063
805230;34.3;26.87;0.413;1.555;2005.759;0.591;5.881
805330;34.4;26.87;0.441;1.551;1998.940;0.120;5.908
805430;34.4;26.87;0.444;1.537;1995.378;-0.079;6.114
805530;34.4;26.87;0.487;1.530;2002.074;-0.703;6.253
805630;34.4;26.87;0.479;1.526;2003.422;-0.488;6.314
805730;34.4;26.87;0.477;1.534;1991.277;-0.580;6.143
805830;34.5;26.93;0.484;1.535;2008.458;-0.693;6.219
805930;34.5;26.93;0.480;1.528;2004.721;-0.516;6.278
806030;34.5;26.93;0.454;1.498;2017.466;-0.069;6.681
806130;34.5;26.93;0.461;1.491;2002.562;-0.085;6.775
806230;34.5;26.93;0.479;1.520;1992.305;-0.530;6.402
806330;34.4;26.93;0.469;1.517;1991.250;-0.340;6.418
806430;34.4;26.93;0.477;1.531;2009.251;-0.488;6.320
806530;34.4;26.93;0.480;1.540;2003.877;-0.627;6.123
806630;34.4;26.93;0.477;1.537;2004.067;-0.618;6.132
806730;34.4;26.93;0.480;1.523;2000.043;-0.463;6.334
806830;34.4;26.93;0.481;1.529;2000.748;-0.538;6.289
806930;34.4;26.93;0.479;1.536;1993.039;-0.604;6.175
807030;34.3;26.93;0.466;1.546;2001.740;-0.462;6.065
807130;34.3;26.93;0.480;1.531;2005.264;-0.577;6.286
807230;34.3;26.93;0.468;1.521;2008.736;-0.307;6.377
807330;34.3;26.93;0.467;1.511;2010.692;-0.213;6.547
807430;34.3;26.93;0.471;1.521;1990.444;-0.383;6.417
807530;34.4;26.93;0.480;1.527;1998.294;-0.582;6.290
807630;34.4;26.93;0.483;1.537;2009.176;-0.692;6.235
807730;34.4;26.93;0.442;1.549;1986.089;0.007;5.976
807830;34.4;26.93;0.475;1.539;1997.162;-0.557;6.180
807930;34.4;26.93;0.485;1.525;2006.217;-0.566;6.359
808030;34.4;26.93;0.483;1.541;1997.528;-0.652;6.162
808130;34.4;26.93;0.432;1.539;1989.177;0.185;6.126
808230;34.4;26.93;0.440;1.545;1992.484;0.018;6.075
808330;34.4;26.93;0.474;1.546;2002.988;-0.509;6.051
808430;34.4;26.93;0.465;1.530;2007.876;-0.291;6.298
808530;34.5;26.93;0.464;1.505;2014.517;-0.126;6.661
808630;34.5;26.93;0.439;1.481;1991.778;0.199;6.955
808730;34.5;26.93;0.450;1.488;2004.404;-0.013;6.829
808830;34.5;26.93;0.466;1.509;2007.234;-0.251;6.618
808930;34.5;26.93;0.469;1.516;1999.543;-0.228;6.500
809030;34.5;26.93;0.456;1.492;2004.684;-0.045;6.800
809130;34.5;26.93;0.432;1.488;2006.910;0.426;6.726
809230;34.5;26.93;0.450;1.482;1993.626;0.061;6.955
809330;34.5;26.93;0.466;1.521;1999.831;-0.318;6.396
809430;34.5;26.93;0.476;1.519;1996.850;-0.418;6.488
809530;34.5;26.93;0.485;1.533;2001.555;-0.624;6.281
809630;34.5;26.93;0.476;1.531;2003.426;-0.512;6.284
809730;34.5;26.93;0.468;1.516;2006.437;-0.230;6.528
809830;34.5;26.87;0.464;1.506;1993.818;-0.179;6.698
809930;34.5;26.87;0.463;1.519;1998.393;-0.280;6.431
810030;34.4;26.87;0.483;1.538;1999.010;-0.669;6.228
810130;34.4;26.87;0.486;1.538;1994.293;-0.665;6.212
810230;34.4;26.87;0.469;1.516;2007.137;-0.305;6.500
810330;34.5;26.87;0.466;1.508;2016.558;-0.177;6.632
810430;34.5;26.87;0.461;1.487;2003.343;-0.093;6.959
810530;34.4;26.87;0.465;1.519;1992.807;-0.300;6.420
810630;34.4;26.87;0.486;1.524;2000.560;-0.619;6.418
810730;34.4;26.87;0.489;1.539;2000.081;-0.723;6.164
810830;34.4;26.87;0.480;1.541;2005.701;-0.643;6.172
810930;34.4;26.87;0.468;1.502;2018.122;-0.209;6.719
811030;34.4;26.87;0.455;1.486;1994.224;-0.011;6.927
811130;34.4;26.87;0.472;1.519;1992.173;-0.388;6.415
811230;34.4;26.87;0.483;1.533;2006.332;-0.550;6.322
811330;34.4;26.87;0.476;1.528;2000.403;-0.479;6.376
811430;34.4;26.87;0.452;1.500;2017.329;-0.014;6.739
811530;34.4;26.87;0.438;1.483;2004.729;0.289;6.878
811630;34.4;26.87;0.432;1.483;2003.523;0.370;6.818
811730;34.4;26.87;0.433;1.481;1992.404;0.310;6.841
811830;34.4;26.93;0.449;1.482;1994.415;0.128;6.933
811930;34.4;26.93;0.457;1.495;2000.242;-0.045;6.866
812030;34.5;26.93;0.451;1.500;2007.164;0.009;6.739
812130;34.5;26.93;0.440;1.482;2002.075;0.270;6.881
812230;34.5;26.93;0.426;1.484;1991.263;0.432;6.818
812330;34.5;26.93;0.454;1.492;1993.719;-0.018;6.801
812430;34.5;26.93;0.470;1.517;2003.745;-0.256;6.556
812530;34.4;26.93;0.470;1.509;1995.279;-0.290;6.675
812630;34.4;26.93;0.463;1.520;2003.840;-0.202;6.509
812730;34.4;26.93;0.469;1.519;2011.791;-0.281;6.557
812830;34.5;26.93;0.467;1.509;2001.721;-0.252;6.693
812930;34.5;26.93;0.466;1.514;1990.497;-0.283;6.554
813030;34.5;26.93;0.485;1.533;2000.736;-0.578;6.336
813130;34.5;26.93;0.485;1.537;2008.160;-0.599;6.283
813230;34.5;26.93;0.462;1.518;2007.360;-0.197;6.513
813330;34.5;26.93;0.455;1.489;2003.223;-0.011;6.899
813430;34.5;26.93;0.437;1.480;2003.388;0.315;6.931
813530;34.4;26.93;0.436;1.486;1999.867;0.259;6.830
813630;34.4;26.93;0.459;1.496;1997.656;-0.059;6.839
813730;34.4;26.93;0.450;1.486;1997.344;0.072;6.955
813830;34.4;26.87;0.448;1.490;2008.422;0.061;6.891
813930;34.4;26.87;0.447;1.485;2013.362;0.171;6.909
814030;34.4;26.87;0.411;1.510;1990.171;0.653;6.335
814130;34.4;26.87;0.427;1.484;1984.882;0.375;6.833
814230;34.4;26.87;0.462;1.501;1999.103;-0.104;6.845
814330;34.5;26.87;0.465;1.511;2001.108;-0.208;6.671
814430;34.5;26.87;0.459;1.511;2003.363;-0.120;6.636
814530;34.6;26.87;0.443;1.484;2000.582;0.257;6.911
814630;34.6;26.87;0.433;1.488;2005.810;0.357;6.869
814730;34.6;26.87;0.422;1.497;2000.845;0.454;6.595
814830;34.5;26.93;0.432;1.488;1993.284;0.335;6.861
814930;34.5;26.93;0.445;1.475;1992.423;0.169;7.080
815030;34.5;26.93;0.447;1.495;2006.273;0.081;6.828
815130;34.5;26.93;0.443;1.487;2007.617;0.183;6.907
815230;34.5;26.93;0.415;1.499;1990.755;0.589;6.516
815330;34.5;26.93;0.429;1.484;1991.543;0.345;6.892
815430;34.5;26.93;0.464;1.508;2006.136;-0.151;6.722
815530;34.5;26.93;0.462;1.500;2002.630;-0.142;6.808
815630;34.5;26.93;0.461;1.513;1992.977;-0.189;6.579
815730;34.5;26.93;0.467;1.507;2006.138;-0.158;6.694
815830;34.5;26.87;0.463;1.499;2008.673;-0.113;6.839
815930;34.5;26.87;0.453;1.497;2009.883;-0.026;6.830
816030;34.5;26.87;0.454;1.493;1999.409;0.026;6.931
816130;34.5;26.87;0.454;1.486;2005.333;-0.013;6.986
816230;34.5;26.87;0.440;1.493;2012.992;0.237;6.826
816330;34.4;26.87;0.427;1.495;2006.438;0.492;6.706
816430;34.4;26.87;0.409;1.525;1993.968;0.634;6.132
816530;34.5;26.87;0.410;1.551;2003.330;0.464;5.665
816630;34.5;26.87;0.407;1.536;1985.402;0.700;5.922
816730;34.5;26.87;0.418;1.499;1994.642;0.545;6.553
816830;34.5;26.93;0.416;1.503;1987.316;0.546;6.512
816930;34.5;26.93;0.433;1.490;1997.844;0.392;6.800
817030;34.5;26.93;0.413;1.506;2001.997;0.657;6.472
817130;34.5;26.93;0.401;1.527;1997.719;0.718;6.038
817230;34.5;26.93;0.434;1.479;1981.648;0.328;7.038
817330;34.4;26.93;0.456;1.488;2004.930;-0.005;6.986
817430;34.4;26.93;0.457;1.505;2003.709;-0.026;6.784
817530;34.4;26.93;0.445;1.489;2009.105;0.199;6.939
817630;34.4;26.93;0.430;1.488;1986.683;0.422;6.826
817730;34.4;26.93;0.410;1.514;2010.212;0.631;6.300
817830;34.4;26.87;0.419;1.508;1998.332;0.590;6.441
817930;34.4;26.87;0.419;1.495;1989.466;0.533;6.702
818030;34.5;26.87;0.437;1.488;1993.289;0.245;6.923
818130;34.5;26.87;0.443;1.491;2015.442;0.200;6.905
818230;34.5;26.87;0.425;1.497;2003.987;0.487;6.690
818330;34.5;26.87;0.408;1.521;1993.278;0.663;6.161
818430;34.5;26.87;0.428;1.490;1985.502;0.435;6.826
818530;34.5;26.87;0.451;1.488;2004.567;0.132;6.989
818630;34.5;26.87;0.441;1.493;2002.667;0.212;6.861
818730;34.5;26.87;0.446;1.487;1999.507;0.129;7.025
818830;34.5;26.93;0.429;1.491;1998.136;0.439;6.811
818930;34.5;26.93;0.409;1.518;2006.811;0.685;6.261
819030;34.4;26.93;0.415;1.512;1994.801;0.679;6.242
819130;34.4;26.93;0.411;1.521;1992.904;0.675;6.197
819230;34.4;26.93;0.410;1.518;1997.646;0.636;6.299
819330;34.4;26.93;0.409;1.520;2006.341;0.722;6.304
819430;34.4;26.93;0.407;1.535;1992.928;0.621;5.951
819530;34.4;26.93;0.410;1.555;2000.490;0.457;5.654
819630;34.4;26.93;0.425;1.548;1985.274;0.293;5.804
819730;34.4;26.93;0.400;1.536;1990.876;0.740;5.985
819830;34.4;26.93;0.407;1.516;1994.837;0.666;6.306
819930;34.4;26.93;0.427;1.485;1989.251;0.418;6.901
820030;34.5;26.93;0.420;1.500;2002.974;0.583;6.632
820130;34.5;26.93;0.403;1.546;2000.254;0.654;5.788
820230;34.5;26.93;0.411;1.516;1989.792;0.671;6.326
820330;34.5;26.93;0.429;1.485;1984.225;0.386;6.989
820430;34.5;26.93;0.435;1.492;2001.962;0.311;6.890
820530;34.5;26.93;0.450;1.495;2016.276;0.085;6.961
820630;34.5;26.93;0.423;1.498;1997.890;0.529;6.698
820730;34.5;26.93;0.413;1.514;2001.795;0.587;6.366
820830;34.5;26.93;0.406;1.545;1998.148;0.686;5.862
820930;34.5;26.93;0.406;1.531;1988.728;0.678;6.093
821030;34.5;26.93;0.423;1.500;1993.372;0.477;6.637
821130;34.5;26.93;0.420;1.500;1995.687;0.547;6.682
821230;34.5;26.93;0.409;1.533;2002.038;0.688;6.038
821330;34.5;26.93;0.422;1.561;2010.727;0.232;5.642
821430;34.5;26.93;0.425;1.548;1990.809;0.246;5.843
821530;34.5;26.93;0.407;1.539;1989.128;0.570;5.962
821630;34.5;26.93;0.404;1.541;1998.793;0.654;5.865
821730;34.5;26.93;0.420;1.505;1995.257;0.560;6.595
821830;34.4;26.87;0.416;1.513;1993.998;0.602;6.412
821930;34.4;26.87;0.410;1.551;2000.419;0.508;5.745
822030;34.4;26.87;0.420;1.549;1997.774;0.388;5.824
822130;34.4;26.87;0.409;1.535;1990.690;0.624;5.994
822230;34.4;26.87;0.415;1.513;1989.179;0.568;6.383
822330;34.5;26.87;0.416;1.503;1993.309;0.587;6.580
822430;34.5;26.87;0.405;1.540;2004.632;0.720;5.949
822530;34.5;26.87;0.419;1.555;2002.945;0.321;5.717
822630;34.5;26.87;0.435;1.550;1995.371;0.025;5.841
822730;34.5;26.87;0.428;1.547;1992.664;0.138;5.878
822830;34.5;26.93;0.409;1.548;2002.045;0.538;5.791
822930;34.5;26.93;0.407;1.529;1989.204;0.740;6.179
823030;34.5;26.93;0.413;1.508;1985.779;0.651;6.492
823130;34.5;26.93;0.417;1.562;2013.756;0.359;5.666
823230;34.5;26.93;0.436;1.546;1996.397;0.030;5.912
823330;34.5;26.93;0.405;1.530;1984.611;0.703;6.111
823430;34.5;26.93;0.437;1.490;1993.687;0.253;6.926
823530;34.5;26.93;0.434;1.491;2005.147;0.353;6.945
823630;34.5;26.93;0.426;1.504;2005.421;0.490;6.694
823730;34.5;26.93;0.405;1.559;2006.657;0.605;5.690
823830;34.6;26.87;0.437;1.552;1998.266;0.077;5.824
823930;34.6;26.87;0.473;1.542;2001.964;-0.627;6.027
824030;34.6;26.87;0.441;1.552;1999.630;-0.118;5.796
824130;34.6;26.87;0.419;1.551;1995.030;0.342;5.867
824230;34.6;26.87;0.428;1.546;1991.463;0.176;5.936
824330;34.5;26.87;0.487;1.542;2022.539;-0.858;6.035
824430;34.5;26.87;0.492;1.530;2008.451;-0.747;6.193
824530;34.5;26.87;0.459;1.540;1989.879;-0.437;6.071
824630;34.5;26.87;0.434;1.554;1990.664;0.000;5.779
824730;34.5;26.87;0.415;1.548;1994.665;0.470;5.908
824830;34.5;26.87;0.411;1.522;1991.869;0.671;6.293
824930;34.5;26.87;0.400;1.543;1997.560;0.698;5.951
825030;34.5;26.87;0.427;1.549;1991.673;0.230;5.879
825130;34.5;26.87;0.418;1.551;1991.159;0.359;5.855
825230;34.5;26.87;0.402;1.550;1992.744;0.685;5.827
825330;34.5;26.87;0.417;1.510;1997.882;0.564;6.582
825430;34.5;26.87;0.410;1.543;1991.971;0.584;5.921
825530;34.5;26.87;0.447;1.551;2013.834;-0.209;5.890
825630;34.5;26.87;0.478;1.540;2005.999;-0.626;6.062
825730;34.5;26.87;0.480;1.538;1997.276;-0.724;6.107
825830;34.6;26.87;0.456;1.542;1995.809;-0.396;5.998
825930;34.6;26.87;0.422;1.557;1995.665;0.336;5.818
826030;34.5;26.87;0.409;1.545;1994.134;0.609;5.935
826130;34.5;26.87;0.406;1.554;2000.959;0.567;5.778
826230;34.5;26.87;0.473;1.544;2003.266;-0.577;5.995
826330;34.5;26.87;0.455;1.542;1990.991;-0.418;6.014
826430;34.5;26.87;0.405;1.543;1987.435;0.650;5.952
826530;34.5;26.87;0.408;1.522;1990.421;0.705;6.362
826630;34.5;26.87;0.409;1.544;1997.881;0.600;5.949
826730;34.5;26.87;0.465;1.553;2018.280;-0.492;5.886
826830;34.5;26.93;0.491;1.535;2002.422;-0.819;6.161
826930;34.5;26.93;0.495;1.530;2005.270;-0.900;6.270
827030;34.5;26.93;0.497;1.524;2009.369;-0.863;6.365
827130;34.5;26.93;0.487;1.539;2004.289;-0.813;6.161
827230;34.5;26.93;0.458;1.541;1992.173;-0.346;6.073
827330;34.5;26.93;0.481;1.545;2008.512;-0.746;6.022
827430;34.5;26.93;0.486;1.520;2016.276;-0.597;6.398
827530;34.5;26.93;0.479;1.517;1998.908;-0.542;6.475
827630;34.5;26.93;0.437;1.549;1990.552;-0.078;5.921
827730;34.5;26.93;0.422;1.552;1988.235;0.264;5.884
827830;34.5;26.93;0.431;1.545;1997.118;0.156;6.008
827930;34.5;26.93;0.423;1.562;2011.263;0.226;5.749
828030;34.5;26.93;0.437;1.551;2002.877;0.038;5.895
828130;34.5;26.93;0.453;1.542;1990.482;-0.286;6.097
828230;34.5;26.93;0.464;1.546;2001.084;-0.496;6.001
828330;34.5;26.93;0.422;1.551;1994.276;0.126;5.864
828430;34.5;26.93;0.413;1.551;1995.910;0.516;5.889
828530;34.5;26.93;0.469;1.551;2007.591;-0.576;5.988
828630;34.5;26.93;0.494;1.535;2006.601;-0.826;6.193
828730;34.5;26.93;0.495;1.535;2003.292;-0.886;6.200
828830;34.6;26.93;0.490;1.532;2004.179;-0.889;6.204
828930;34.6;26.93;0.442;1.547;1985.663;-0.060;5.985
829030;34.6;26.93;0.453;1.544;1997.655;-0.232;6.032
829130;34.6;26.93;0.441;1.555;2006.298;-0.074;5.885
829230;34.6;26.93;0.478;1.545;2006.381;-0.656;6.061
829330;34.5;26.93;0.492;1.528;1998.429;-0.819;6.332
829430;34.5;26.93;0.490;1.533;1999.449;-0.877;6.198
829530;34.6;26.93;0.424;1.554;1992.707;0.314;5.874
829630;34.6;26.93;0.415;1.551;1990.034;0.420;5.912
829730;34.6;26.93;0.464;1.548;2007.764;-0.445;6.010
829830;34.6;26.93;0.497;1.535;2006.937;-0.846;6.238
829930;34.6;26.93;0.495;1.541;2006.321;-0.895;6.137
830030;34.6;26.93;0.500;1.524;2008.730;-0.970;6.331
830130;34.6;26.93;0.496;1.528;1995.558;-0.846;6.304
830230;34.6;26.93;0.471;1.544;1996.378;-0.552;6.080
830330;34.7;26.93;0.473;1.548;2008.291;-0.630;6.030
830430;34.7;26.93;0.493;1.531;2009.708;-0.845;6.300
830530;34.5;26.93;0.481;1.517;2003.724;-0.522;6.452
830630;34.5;26.93;0.498;1.527;2002.300;-0.952;6.316
830730;34.5;26.93;0.458;1.549;1995.210;-0.296;6.020
830830;34.6;26.93;0.456;1.544;1993.274;-0.348;6.059
830930;34.6;26.93;0.472;1.545;2005.848;-0.646;6.075
831030;34.7;26.93;0.473;1.546;2002.482;-0.590;6.077
831130;34.7;26.93;0.478;1.544;2001.765;-0.659;6.100
831230;34.7;26.93;0.486;1.535;1997.339;-0.832;6.187
831330;34.6;26.93;0.480;1.546;1997.518;-0.656;6.086
831430;34.6;26.93;0.446;1.553;2003.280;-0.163;5.954
831530;34.6;26.93;0.473;1.547;2008.498;-0.632;6.065
831630;34.6;26.93;0.496;1.525;2001.065;-0.901;6.364
831730;34.6;26.93;0.478;1.519;2012.388;-0.470;6.439
831830;34.6;26.93;0.479;1.510;2014.582;-0.405;6.564
831930;34.6;26.93;0.488;1.522;1996.662;-0.600;6.464
832030;34.5;26.93;0.486;1.523;1999.316;-0.653;6.379
832130;34.5;26.93;0.489;1.520;2007.443;-0.697;6.452
832230;34.5;26.93;0.495;1.536;2010.234;-0.849;6.232
832330;34.5;26.93;0.476;1.510;2006.461;-0.377;6.547
832430;34.5;26.93;0.480;1.510;1996.946;-0.508;6.573
832530;34.6;26.93;0.487;1.541;1990.441;-0.767;6.228
832630;34.6;26.93;0.458;1.549;1999.332;-0.375;6.057
832730;34.6;26.93;0.443;1.554;1995.157;-0.100;5.903
832830;34.8;26.93;0.494;1.539;2006.118;-0.879;6.173
832930;34.8;26.93;0.488;1.538;2000.820;-0.797;6.205
833030;34.7;26.93;0.494;1.528;2018.551;-0.805;6.344
833130;34.7;26.93;0.492;1.527;2004.167;-0.677;6.371
833230;34.7;26.93;0.492;1.525;1994.288;-0.760;6.387
833330;34.6;26.93;0.499;1.530;2011.293;-0.911;6.355
833430;34.6;26.93;0.494;1.532;2014.728;-0.801;6.338
833530;34.7;26.93;0.472;1.514;2009.228;-0.312;6.551
833630;34.7;26.93;0.471;1.492;2003.027;-0.263;6.774
833730;34.7;26.93;0.488;1.517;2000.263;-0.624;6.548
833830;34.7;26.87;0.492;1.530;2006.194;-0.854;6.344
833930;34.7;26.87;0.487;1.538;1991.959;-0.849;6.193
834030;34.6;26.87;0.469;1.551;1996.879;-0.475;6.055
834130;34.6;26.87;0.487;1.545;2005.739;-0.757;6.100
834230;34.6;26.87;0.495;1.531;2017.331;-0.851;6.330
834330;34.6;26.87;0.488;1.524;2002.508;-0.619;6.448
834430;34.6;26.87;0.492;1.520;2000.312;-0.799;6.448
834530;34.6;26.87;0.497;1.524;2018.917;-0.829;6.398
834630;34.6;26.87;0.481;1.518;2017.318;-0.474;6.560
834730;34.6;26.87;0.468;1.505;2005.391;-0.207;6.699
834830;34.6;26.93;0.454;1.478;2007.698;0.052;6.964
834930;34.6;26.93;0.459;1.478;2000.441;0.006;7.030
835030;34.7;26.93;0.472;1.507;2000.814;-0.344;6.635
835130;34.7;26.93;0.478;1.512;2000.003;-0.419;6.579
835230;34.7;26.93;0.499;1.526;1998.440;-0.856;6.416
835330;34.5;26.93;0.496;1.536;2015.682;-0.806;6.262
835430;34.5;26.93;0.475;1.510;2015.097;-0.415;6.625
835530;34.5;26.93;0.490;1.519;1991.068;-0.674;6.543
835630;34.5;26.93;0.477;1.536;1994.390;-0.821;6.222
835730;34.5;26.93;0.473;1.550;2008.999;-0.617;6.054
835830;34.5;26.93;0.481;1.552;2006.949;-0.665;6.117
835930;34.5;26.93;0.487;1.526;2002.833;-0.616;6.435
836030;34.7;26.93;0.479;1.511;2021.387;-0.409;6.594
836130;34.7;26.93;0.470;1.493;2008.204;-0.207;6.873
836230;34.7;26.93;0.466;1.490;2002.213;-0.179;6.877
836330;34.7;26.93;0.478;1.511;1999.679;-0.429;6.598
836430;34.7;26.93;0.477;1.508;2011.058;-0.358;6.703
836530;34.7;26.93;0.469;1.507;2009.732;-0.215;6.697
836630;34.7;26.93;0.453;1.475;2008.315;0.037;7.060
836730;34.7;26.93;0.466;1.481;1993.238;-0.168;7.028
836830;34.7;26.87;0.470;1.515;2011.387;-0.290;6.584
836930;34.7;26.87;0.481;1.517;2006.428;-0.436;6.516
837030;34.6;26.87;0.492;1.528;1996.987;-0.787;6.435
837130;34.6;26.87;0.486;1.521;2002.308;-0.639;6.524
837230;34.6;26.87;0.473;1.511;2024.199;-0.313;6.626
837330;34.6;26.87;0.470;1.490;2009.543;-0.196;6.904
837430;34.6;26.87;0.465;1.491;2004.166;-0.194;6.906
837530;34.7;26.87;0.475;1.509;2000.667;-0.351;6.664
837630;34.7;26.87;0.476;1.508;2014.172;-0.311;6.847
837730;34.7;26.87;0.466;1.492;2011.397;-0.165;6.907
837830;34.8;26.87;0.456;1.483;2010.398;0.006;6.965
837930;34.8;26.87;0.445;1.472;1993.633;0.232;7.073
838030;34.7;26.87;0.457;1.488;2006.528;-0.032;6.940
838130;34.7;26.87;0.479;1.513;2012.653;-0.392;6.627
838230;34.7;26.87;0.494;1.525;1997.529;-0.811;6.498
838330;34.7;26.87;0.483;1.521;2007.598;-0.539;6.528
838430;34.7;26.87;0.459;1.494;2026.473;-0.042;6.900
838530;34.7;26.87;0.453;1.473;2000.131;0.100;7.127
838630;34.7;26.87;0.470;1.505;1994.399;-0.313;6.766
838730;34.7;26.87;0.490;1.523;2012.214;-0.724;6.498
838830;34.6;26.87;0.491;1.533;2017.583;-0.765;6.422
838930;34.6;26.87;0.481;1.515;2018.107;-0.420;6.572
839030;34.7;26.87;0.459;1.484;2008.721;-0.046;6.993
839130;34.7;26.87;0.440;1.478;2002.286;0.342;6.953
839230;34.7;26.87;0.436;1.485;2006.640;0.307;6.896
839330;34.6;26.87;0.461;1.482;1998.141;-0.055;6.993
839430;34.6;26.87;0.476;1.498;2002.574;-0.340;6.877
839530;34.6;26.87;0.459;1.489;2012.007;-0.058;6.939
839630;34.6;26.87;0.443;1.479;2013.423;0.251;6.969
839730;34.6;26.87;0.418;1.505;1992.017;0.611;6.381
839830;34.7;26.87;0.438;1.476;1987.452;0.252;6.993
839930;34.7;26.87;0.452;1.476;2009.227;0.059;7.067
840030;34.6;26.87;0.466;1.483;2009.343;-0.168;7.059
840130;34.6;26.87;0.470;1.507;2002.449;-0.242;6.728
840230;34.6;26.87;0.461;1.492;2007.804;-0.092;6.930
840330;34.6;26.87;0.445;1.475;2003.895;0.240;7.043
840430;34.6;26.87;0.451;1.487;2006.261;0.095;6.941
840530;34.6;26.87;0.471;1.494;2001.941;-0.220;6.871
840630;34.6;26.87;0.483;1.519;2000.778;-0.520;6.607
840730;34.6;26.87;0.471;1.509;2018.978;-0.244;6.692
840830;34.6;26.87;0.460;1.478;2011.671;-0.015;7.095
840930;34.6;26.87;0.438;1.475;2004.736;0.350;7.018
841030;34.6;26.87;0.427;1.483;1993.520;0.382;6.853
841130;34.6;26.87;0.451;1.478;2004.589;0.106;7.031
841230;34.6;26.87;0.463;1.488;2008.184;-0.095;7.030
841330;34.7;26.87;0.467;1.499;2005.129;-0.189;6.847
841430;34.7;26.87;0.452;1.481;2012.356;0.122;7.032
841530;34.7;26.87;0.427;1.489;2001.253;0.525;6.754
841630;34.7;26.87;0.434;1.479;1997.439;0.334;6.960
841730;34.7;26.87;0.477;1.506;1996.998;-0.398;6.744
841830;34.6;26.87;0.476;1.502;2004.105;-0.339;6.847
841930;34.6;26.87;0.472;1.511;2024.352;-0.270;6.699
842030;34.6;26.87;0.445;1.476;2014.510;0.226;7.098
842130;34.6;26.87;0.428;1.483;1997.683;0.497;6.822
842230;34.6;26.87;0.408;1.522;1991.626;0.699;6.130
842330;34.7;26.87;0.414;1.501;1996.204;0.659;6.488
842430;34.7;26.87;0.420;1.493;1994.437;0.582;6.692
842530;34.7;26.87;0.424;1.492;1998.689;0.498;6.751
842630;34.7;26.87;0.408;1.517;1997.357;0.755;6.230
842730;34.7;26.87;0.419;1.537;2003.915;0.421;5.860
842830;34.7;26.93;0.408;1.533;1982.111;0.667;5.965
842930;34.7;26.93;0.443;1.474;1990.082;0.242;7.073
843030;34.6;26.93;0.446;1.478;2002.577;0.225;7.076
843130;34.6;26.93;0.454;1.495;2009.852;0.022;6.910
843230;34.6;26.93;0.457;1.487;2014.401;-0.016;7.026
843330;34.6;26.93;0.447;1.475;1996.424;0.228;7.099
843430;34.6;26.93;0.442;1.484;2002.935;0.254;6.955
843530;34.7;26.93;0.453;1.484;2006.454;0.099;7.026
843630;34.7;26.93;0.469;1.498;2001.901;-0.179;6.969
843730;34.7;26.93;0.460;1.486;2003.252;-0.011;7.033
843830;34.6;26.87;0.424;1.495;2008.901;0.562;6.670
843930;34.6;26.87;0.411;1.519;1997.741;0.687;6.208
844030;34.7;26.87;0.409;1.536;1999.997;0.679;5.929
844130;34.7;26.87;0.416;1.503;1988.608;0.617;6.504
844230;34.7;26.87;0.429;1.485;1997.251;0.510;6.917
844330;34.7;26.87;0.426;1.489;1999.619;0.489;6.838
844430;34.7;26.87;0.436;1.484;1997.309;0.371;6.960
844530;34.7;26.87;0.411;1.527;1995.212;0.676;6.037
844630;34.7;26.87;0.411;1.531;1989.501;0.642;6.030
844730;34.7;26.87;0.438;1.481;1999.680;0.315;6.988
844830;34.7;26.93;0.457;1.482;2002.012;0.059;7.155
844930;34.7;26.93;0.446;1.476;1997.355;0.212;7.080
845030;34.7;26.93;0.424;1.499;2015.331;0.520;6.640
845130;34.7;26.93;0.413;1.529;1996.350;0.602;6.003
845230;34.7;26.93;0.409;1.542;1999.711;0.623;5.867
845330;34.7;26.93;0.412;1.535;1984.990;0.515;5.936
845430;34.7;26.93;0.406;1.523;1987.614;0.747;6.181
845530;34.7;26.93;0.417;1.509;2000.250;0.575;6.394
845630;34.7;26.93;0.414;1.513;1993.551;0.643;6.358
845730;34.7;26.93;0.414;1.537;1997.417;0.568;5.900
845830;34.7;26.93;0.422;1.549;1998.594;0.352;5.783
845930;34.7;26.93;0.427;1.482;1987.227;0.492;6.908
846030;34.7;26.93;0.446;1.473;1999.701;0.217;7.221
846130;34.7;26.93;0.439;1.480;1999.022;0.285;7.018
846230;34.7;26.93;0.460;1.493;2007.465;0.008;6.964
846330;34.7;26.93;0.455;1.479;2007.114;0.111;7.132
846430;34.7;26.93;0.426;1.503;1998.446;0.472;6.597
846530;34.7;26.93;0.419;1.503;1992.368;0.585;6.579
846630;34.7;26.93;0.430;1.481;1991.808;0.449;6.994
846730;34.7;26.93;0.439;1.483;2006.854;0.303;6.972
846830;34.7;26.93;0.413;1.506;1993.938;0.686;6.513
846930;34.7;26.93;0.414;1.533;1994.204;0.511;5.963
847030;34.7;26.93;0.427;1.550;2003.795;0.287;5.815
847130;34.7;26.93;0.425;1.541;1990.370;0.290;5.881
847230;34.7;26.93;0.408;1.529;1979.957;0.630;6.040
847330;34.7;26.93;0.410;1.533;1992.753;0.647;6.002
847430;34.7;26.93;0.417;1.505;2000.104;0.634;6.513
847530;34.7;26.93;0.418;1.503;2003.237;0.641;6.550
847630;34.7;26.93;0.424;1.545;1993.896;0.319;5.870
847730;34.7;26.93;0.413;1.534;1986.860;0.508;5.960
847830;34.7;26.87;0.422;1.503;1986.587;0.552;6.515
847930;34.7;26.87;0.430;1.494;1998.771;0.446;6.763
848030;34.7;26.87;0.428;1.489;1991.274;0.497;6.850
848130;34.7;26.87;0.407;1.528;1997.677;0.727;6.122
848230;34.7;26.87;0.410;1.522;1996.586;0.685;6.288
848330;34.7;26.87;0.410;1.535;1993.274;0.624;5.967
848430;34.7;26.87;0.418;1.535;1981.608;0.483;5.967
848530;34.7;26.87;0.410;1.527;1991.636;0.651;6.105
848630;34.7;26.87;0.426;1.498;1996.926;0.506;6.692
848730;34.7;26.87;0.411;1.515;1994.779;0.718;6.355
848830;34.7;26.87;0.429;1.548;1998.313;0.205;5.821
848930;34.7;26.87;0.433;1.540;1993.548;0.131;5.908
849030;34.7;26.87;0.415;1.508;1984.032;0.664;6.510
849130;34.7;26.87;0.410;1.527;1996.982;0.686;6.185
849230;34.7;26.87;0.410;1.524;1987.707;0.678;6.171
849330;34.7;26.87;0.417;1.510;1995.872;0.622;6.405
849430;34.7;26.87;0.409;1.533;2003.092;0.688;6.078
849530;34.7;26.87;0.405;1.535;1990.132;0.702;6.014
849630;34.7;26.87;0.416;1.539;1983.471;0.501;5.943
849730;34.7;26.87;0.419;1.541;2002.063;0.473;5.925
849830;34.7;26.93;0.408;1.536;1998.509;0.685;6.032
849930;34.7;26.93;0.415;1.537;1991.343;0.446;6.009
850030;34.7;26.93;0.438;1.545;1995.935;0.053;5.914
850130;34.7;26.93;0.464;1.544;2002.492;-0.404;5.900
850230;34.7;26.93;0.446;1.535;1988.998;-0.068;6.026
850330;34.6;26.93;0.441;1.547;1994.762;-0.011;5.895
850430;34.6;26.93;0.439;1.539;1981.341;0.013;5.976
850530;34.7;26.93;0.413;1.533;1991.035;0.603;6.043
850630;34.7;26.93;0.426;1.549;2002.241;0.320;5.806
850730;34.7;26.93;0.444;1.543;1990.892;-0.128;5.949
850830;34.7;26.87;0.422;1.536;1982.088;0.408;6.025
850930;34.7;26.87;0.422;1.509;2001.554;0.658;6.408
851030;34.7;26.87;0.429;1.484;2000.371;0.422;7.002
851130;34.7;26.87;0.412;1.515;1989.023;0.705;6.377
851230;34.7;26.87;0.415;1.542;1995.378;0.606;5.957
851330;34.7;26.87;0.412;1.544;2002.918;0.546;5.910
851430;34.7;26.87;0.422;1.538;1987.385;0.387;6.010
851530;34.7;26.87;0.435;1.540;1988.574;0.041;6.021
851630;34.7;26.87;0.417;1.540;1992.168;0.465;5.943
851730;34.7;26.87;0.417;1.540;1997.635;0.430;5.952
851830;34.7;26.87;0.458;1.543;2005.037;-0.240;5.972
851930;34.7;26.87;0.484;1.529;1999.980;-0.656;6.168
852030;34.7;26.87;0.472;1.534;1991.978;-0.544;6.096
852130;34.7;26.87;0.433;1.548;1999.392;0.140;5.899
852230;34.7;26.87;0.428;1.543;1984.617;0.095;5.961
852330;34.6;26.87;0.414;1.538;1975.968;0.522;5.974
852430;34.6;26.87;0.423;1.553;2002.413;0.365;5.804
852530;34.6;26.87;0.455;1.539;1997.079;-0.238;6.030
852630;34.6;26.87;0.431;1.537;1986.933;0.178;6.033
852730;34.6;26.87;0.444;1.537;1994.344;-0.095;6.059
852830;34.7;26.87;0.423;1.543;1992.832;0.324;5.897
852930;34.7;26.87;0.430;1.542;1999.905;0.252;5.988
853030;34.7;26.87;0.476;1.538;2001.600;-0.575;6.113
853130;34.7;26.87;0.482;1.527;2002.113;-0.631;6.246
853230;34.7;26.87;0.472;1.520;2001.666;-0.405;6.274
853330;34.7;26.87;0.474;1.530;1996.561;-0.580;6.221
853430;34.7;26.87;0.445;1.544;1985.010;-0.070;5.961
853530;34.7;26.87;0.423;1.537;1977.160;0.354;6.012
853630;34.7;26.87;0.425;1.552;2001.545;0.374;5.847
853730;34.7;26.87;0.453;1.550;2000.778;-0.225;5.918
853830;34.8;26.87;0.435;1.539;1982.289;0.107;6.014
853930;34.8;26.87;0.416;1.535;1983.967;0.483;6.030
854030;34.8;26.87;0.412;1.515;1993.810;0.722;6.383
854130;34.8;26.87;0.419;1.505;1998.348;0.635;6.687
854230;34.8;26.87;0.422;1.551;2001.761;0.386;5.931
854330;34.8;26.87;0.466;1.542;2002.442;-0.452;6.013
854430;34.8;26.87;0.476;1.529;2012.314;-0.516;6.167
854530;34.8;26.87;0.482;1.533;2001.139;-0.652;6.187
854630;34.8;26.87;0.463;1.540;1981.277;-0.396;6.030
854730;34.8;26.87;0.456;1.541;1996.935;-0.223;5.993
854830;34.7;26.93;0.477;1.543;2012.550;-0.601;6.030
854930;34.7;26.93;0.474;1.525;2009.918;-0.433;6.301
855030;34.7;26.93;0.471;1.513;1990.943;-0.351;6.379
855130;34.7;26.93;0.486;1.526;1992.394;-0.740;6.263
855230;34.7;26.93;0.459;1.544;1995.677;-0.287;5.969
855330;34.8;26.93;0.415;1.540;1987.135;0.486;6.041
855430;34.8;26.93;0.430;1.545;1997.849;0.209;5.960
855530;34.8;26.93;0.460;1.547;2002.483;-0.319;5.996
855630;34.8;26.93;0.482;1.534;2001.131;-0.630;6.086
855730;34.8;26.93;0.474;1.541;2000.121;-0.573;6.090
855830;34.8;26.87;0.441;1.544;1980.716;0.014;5.977
855930;34.8;26.87;0.435;1.546;1997.496;0.107;5.960
856030;34.8;26.87;0.456;1.543;2006.822;-0.240;6.023
856130;34.8;26.87;0.483;1.536;2002.248;-0.706;6.138
856230;34.8;26.87;0.479;1.530;1994.925;-0.543;6.186
856330;34.8;26.87;0.482;1.528;1995.548;-0.566;6.280
856430;34.8;26.87;0.454;1.547;1994.338;-0.241;5.938
856530;34.8;26.87;0.422;1.539;1986.987;0.314;6.030
856630;34.8;26.87;0.424;1.549;1990.923;0.359;5.911
856730;34.8;26.87;0.466;1.551;2015.796;-0.397;5.901
856830;34.8;26.93;0.479;1.528;2000.211;-0.593;6.208
856930;34.8;26.93;0.461;1.540;1991.509;-0.384;6.109
857030;34.8;26.93;0.424;1.546;1989.305;0.350;5.952
857130;34.8;26.93;0.433;1.542;2001.685;0.126;6.032
857230;34.8;26.93;0.446;1.549;2007.973;-0.041;5.968
857330;34.9;26.93;0.486;1.533;2004.652;-0.692;6.226
857430;34.9;26.93;0.468;1.519;2004.044;-0.306;6.353
857530;34.9;26.93;0.461;1.507;2005.596;-0.129;6.585
857630;34.9;26.93;0.475;1.521;1997.471;-0.441;6.413
857730;34.9;26.93;0.479;1.531;1995.798;-0.628;6.208
857830;34.9;26.87;0.484;1.523;2001.319;-0.579;6.326
857930;34.9;26.87;0.480;1.527;2013.434;-0.479;6.344
858030;34.8;26.87;0.462;1.505;2007.467;-0.163;6.564
858130;34.8;26.87;0.469;1.513;1993.428;-0.303;6.500
858230;34.8;26.87;0.483;1.529;1999.726;-0.628;6.241
858330;34.8;26.87;0.474;1.537;1996.089;-0.548;6.140
858430;34.8;26.87;0.466;1.541;1995.078;-0.393;6.096
858530;34.8;26.87;0.463;1.548;1994.174;-0.398;6.007
858630;34.8;26.87;0.480;1.534;2003.329;-0.599;6.158
858730;34.8;26.87;0.482;1.538;2003.687;-0.649;6.196
858830;34.8;26.87;0.467;1.537;1991.049;-0.439;6.107
858930;34.8;26.87;0.432;1.536;1985.534;0.133;6.158
859030;34.7;26.87;0.475;1.539;2004.044;-0.515;6.118
859130;34.7;26.87;0.487;1.540;2010.927;-0.716;6.173
859230;34.7;26.87;0.481;1.533;2008.055;-0.613;6.192
859330;34.7;26.87;0.473;1.520;2000.297;-0.387;6.411
859430;34.7;26.87;0.477;1.526;2002.830;-0.489;6.292
859530;34.8;26.87;0.478;1.529;1997.021;-0.626;6.129
859630;34.8;26.87;0.484;1.534;1997.845;-0.662;6.232
859730;34.8;26.87;0.482;1.536;1999.644;-0.635;6.212
859830;34.8;26.93;0.461;1.505;2020.285;-0.116;6.565
859930;34.8;26.93;0.460;1.501;1999.228;-0.083;6.662
860030;34.8;26.93;0.484;1.534;1989.542;-0.666;6.229
860130;34.8;26.93;0.471;1.535;1990.468;-0.460;6.143
860230;34.8;26.93;0.490;1.534;2012.255;-0.698;6.232
860330;34.8;26.93;0.475;1.531;2016.536;-0.408;6.297
860430;34.8;26.93;0.464;1.510;2003.416;-0.216;6.516
860530;34.8;26.93;0.458;1.495;2002.550;-0.080;6.777
860630;34.8;26.93;0.459;1.493;2008.602;-0.094;6.771
860730;34.8;26.93;0.461;1.508;1999.468;-0.166;6.547
860830;34.8;26.93;0.471;1.520;2004.928;-0.342;6.464
860930;34.8;26.93;0.466;1.510;2005.000;-0.224;6.609
861030;34.8;26.93;0.448;1.490;2015.928;0.075;6.767
861130;34.8;26.93;0.449;1.485;1997.689;0.066;6.900
861230;34.8;26.93;0.472;1.518;1990.890;-0.379;6.455
861330;34.8;26.93;0.477;1.528;1994.335;-0.476;6.293
861430;34.8;26.93;0.485;1.528;2009.804;-0.601;6.352
861530;34.8;26.93;0.480;1.542;1997.387;-0.627;6.149
861630;34.8;26.93;0.475;1.534;1994.768;-0.592;6.191
861730;34.8;26.93;0.483;1.528;2001.292;-0.533;6.351
861830;34.8;26.93;0.487;1.535;2002.490;-0.700;6.239
861930;34.8;26.93;0.473;1.539;1993.776;-0.522;6.173
862030;34.8;26.93;0.480;1.537;2004.708;-0.645;6.234
862130;34.8;26.93;0.470;1.526;2010.394;-0.287;6.360
862230;34.8;26.93;0.455;1.499;2011.678;-0.045;6.682
862330;34.8;26.93;0.454;1.489;2006.625;0.044;6.838
862430;34.8;26.93;0.447;1.476;1991.704;0.147;6.987
862530;34.8;26.93;0.454;1.494;2000.379;-0.039;6.769
862630;34.8;26.93;0.455;1.499;2011.076;-0.017;6.717
862730;34.8;26.93;0.464;1.511;2000.507;-0.204;6.625
862830;34.8;26.93;0.461;1.506;2004.224;-0.175;6.599
862930;34.8;26.93;0.445;1.484;2002.974;0.144;6.902
863030;34.8;26.93;0.462;1.496;1998.563;-0.109;6.777
863130;34.8;26.93;0.475;1.531;1996.513;-0.486;6.286
863230;34.8;26.93;0.481;1.525;1996.814;-0.555;6.405
863330;34.8;26.93;0.474;1.525;2013.781;-0.376;6.422
863430;34.8;26.93;0.459;1.498;2004.173;-0.127;6.711
863530;34.8;26.93;0.463;1.500;2006.653;-0.121;6.749
863630;34.8;26.93;0.447;1.475;2001.155;0.098;7.021
863730;34.8;26.93;0.442;1.490;2003.006;0.170;6.797
863830;34.7;26.93;0.461;1.497;2002.524;-0.108;6.813
863930;34.7;26.93;0.467;1.510;2005.007;-0.242;6.608
864030;34.7;26.93;0.455;1.493;2003.356;-0.053;6.772
864130;34.7;26.93;0.451;1.487;2003.793;0.114;6.871
864230;34.7;26.93;0.455;1.487;1998.441;-0.029;6.958
864330;34.8;26.93;0.475;1.527;1994.149;-0.472;6.342
864430;34.8;26.93;0.473;1.519;2000.485;-0.383;6.518
864530;34.8;26.93;0.479;1.532;2001.579;-0.505;6.329
864630;34.8;26.93;0.480;1.535;2002.077;-0.579;6.202
864730;34.8;26.93;0.472;1.520;2006.941;-0.292;6.509
864830;34.8;26.87;0.458;1.494;2000.617;-0.072;6.871
864930;34.8;26.87;0.458;1.494;2009.266;-0.100;6.799
865030;34.7;26.87;0.460;1.501;2005.323;-0.110;6.751
865130;34.7;26.87;0.458;1.492;2005.196;-0.068;6.895
865230;34.7;26.87;0.432;1.490;2006.486;0.306;6.745
865330;34.7;26.87;0.426;1.494;2003.840;0.476;6.650
865430;34.7;26.87;0.410;1.510;2004.616;0.636;6.252
865530;34.7;26.87;0.428;1.489;1989.997;0.351;6.724
865630;34.7;26.87;0.439;1.481;1996.280;0.265;6.911
865730;34.7;26.87;0.442;1.481;2001.382;0.198;6.957
865830;34.7;26.87;0.452;1.498;2007.694;-0.046;6.772
865930;34.7;26.87;0.446;1.487;2001.293;0.173;6.904
866030;34.8;26.87;0.436;1.478;1995.907;0.320;6.933
866130;34.8;26.87;0.448;1.492;1997.991;0.059;6.835
866230;34.8;26.87;0.466;1.516;2003.133;-0.198;6.566
866330;34.8;26.87;0.475;1.518;1993.086;-0.384;6.568
866430;34.8;26.87;0.456;1.507;2015.834;-0.085;6.651
866530;34.8;26.87;0.458;1.498;2004.823;-0.015;6.808
866630;34.8;26.87;0.445;1.491;2010.975;0.182;6.860
866730;34.8;26.87;0.441;1.481;1993.623;0.177;6.871
866830;34.8;26.87;0.450;1.489;1999.525;0.051;6.899
866930;34.8;26.87;0.459;1.496;2007.950;-0.071;6.866
867030;34.8;26.87;0.456;1.500;2010.344;-0.080;6.743
867130;34.8;26.87;0.443;1.487;2002.470;0.227;6.902
867230;34.8;26.87;0.422;1.492;1998.770;0.526;6.641
867330;34.8;26.87;0.439;1.489;1998.995;0.181;6.830
867430;34.8;26.87;0.457;1.489;2001.427;-0.007;6.930
867530;34.8;26.87;0.453;1.482;1988.366;-0.002;7.049
867630;34.8;26.87;0.457;1.499;2012.979;-0.104;6.770
867730;34.8;26.87;0.453;1.495;2010.126;0.058;6.868
867830;34.7;26.87;0.430;1.485;2003.504;0.358;6.845
867930;34.7;26.87;0.429;1.484;1991.250;0.365;6.833
868030;34.7;26.87;0.443;1.482;1999.820;0.228;6.995
868130;34.7;26.87;0.455;1.498;2002.818;0.003;6.865
868230;34.7;26.87;0.445;1.489;2004.404;0.113;6.860
868330;34.7;26.87;0.424;1.497;1993.797;0.516;6.623
868430;34.7;26.87;0.405;1.525;2004.840;0.705;6.077
868530;34.8;26.87;0.403;1.532;1995.203;0.668;5.913
868630;34.8;26.87;0.430;1.488;1989.516;0.389;6.858
868730;34.8;26.87;0.434;1.475;1990.316;0.342;7.026
868830;34.8;26.87;0.446;1.490;2001.416;0.142;6.923
868930;34.8;26.87;0.451;1.492;2010.187;0.102;6.868
869030;34.8;26.87;0.414;1.507;2001.560;0.600;6.430
869130;34.8;26.87;0.418;1.495;1980.771;0.550;6.569
869230;34.8;26.87;0.457;1.499;1996.724;-0.070;6.874
869330;34.8;26.87;0.472;1.523;2005.375;-0.329;6.525
869430;34.8;26.87;0.468;1.523;1999.378;-0.311;6.481
869530;34.7;26.87;0.456;1.490;2004.739;0.119;6.962
869630;34.7;26.87;0.429;1.489;2014.757;0.398;6.867
869730;34.7;26.87;0.408;1.518;2002.486;0.689;6.227
869830;34.7;26.93;0.411;1.505;1988.987;0.644;6.503
869930;34.7;26.93;0.427;1.483;1987.740;0.420;6.910
870030;34.7;26.93;0.428;1.488;2005.086;0.359;6.809
870130;34.7;26.93;0.433;1.492;1999.441;0.420;6.740
870230;34.7;26.93;0.409;1.545;1995.354;0.552;5.806
870330;34.8;26.93;0.421;1.545;1991.254;0.296;5.774
870430;34.8;26.93;0.410;1.512;1995.909;0.664;6.411
870530;34.8;26.93;0.422;1.491;1998.763;0.485;6.706
870630;34.8;26.93;0.427;1.485;1990.738;0.422;6.886
870730;34.8;26.93;0.436;1.490;2001.267;0.319;6.833
870830;34.9;26.87;0.419;1.501;2006.562;0.573;6.571
870930;34.9;26.87;0.414;1.510;1995.824;0.571;6.396
871030;34.8;26.87;0.422;1.492;1989.458;0.522;6.770
871130;34.8;26.87;0.434;1.479;1991.500;0.362;7.018
871230;34.8;26.87;0.437;1.487;2007.146;0.250;6.951
871330;34.8;26.87;0.431;1.495;2004.770;0.418;6.740
871430;34.8;26.87;0.404;1.535;1995.882;0.681;5.965
871530;34.8;26.87;0.418;1.550;1999.310;0.303;5.740
871630;34.8;26.87;0.405;1.526;1989.864;0.667;6.108
871730;34.8;26.87;0.420;1.495;1993.080;0.542;6.668
871830;34.8;26.93;0.429;1.487;1989.337;0.350;6.845
871930;34.8;26.93;0.443;1.489;2003.082;0.243;6.907
872030;34.8;26.93;0.423;1.511;2012.022;0.516;6.510
872130;34.8;26.93;0.406;1.525;1992.895;0.687;6.088
872230;34.8;26.93;0.429;1.487;1979.916;0.402;6.923
872330;34.8;26.93;0.451;1.481;2001.465;0.091;7.080
872430;34.8;26.93;0.451;1.503;2006.183;0.056;6.772
872530;34.8;26.93;0.442;1.491;2006.138;0.266;6.966
872630;34.8;26.93;0.407;1.534;2000.812;0.665;5.993
872730;34.8;26.93;0.418;1.558;2007.880;0.354;5.582
872830;34.8;26.87;0.418;1.552;1991.803;0.373;5.732
872930;34.8;26.87;0.411;1.544;1983.906;0.524;5.830
873030;34.8;26.87;0.404;1.546;1990.146;0.667;5.777
873130;34.8;26.87;0.408;1.542;1996.101;0.665;5.890
873230;34.8;26.87;0.419;1.553;2008.564;0.321;5.772
873330;34.8;26.87;0.473;1.538;2004.537;-0.630;5.995
873430;34.8;26.87;0.422;1.537;1972.036;0.298;5.946
873530;34.8;26.87;0.409;1.525;1995.096;0.661;6.136
873630;34.8;26.87;0.408;1.518;1998.555;0.686;6.346
873730;34.8;26.87;0.428;1.489;1987.855;0.425;6.819
873830;34.8;26.93;0.413;1.506;1997.482;0.641;6.549
873930;34.8;26.93;0.404;1.532;2002.322;0.699;6.012
874030;34.8;26.93;0.413;1.511;1989.747;0.675;6.443
874130;34.8;26.93;0.413;1.509;1988.935;0.662;6.452
874230;34.8;26.93;0.412;1.509;2000.784;0.642;6.475
874330;34.8;26.93;0.411;1.514;2001.655;0.679;6.409
874430;34.8;26.93;0.406;1.548;2004.924;0.569;5.867
874530;34.8;26.93;0.421;1.555;1996.732;0.272;5.704
874630;34.8;26.93;0.432;1.549;1987.474;0.129;5.812
874730;34.8;26.93;0.403;1.535;1985.642;0.752;6.030
874830;34.8;26.93;0.410;1.507;1997.854;0.662;6.506
874930;34.8;26.93;0.415;1.509;1989.625;0.618;6.482
875030;34.8;26.93;0.406;1.537;2001.876;0.686;5.998
875130;34.8;26.93;0.424;1.555;2009.061;0.197;5.694
875230;34.8;26.93;0.410;1.543;1981.375;0.552;5.913
875330;34.8;26.93;0.415;1.500;1981.807;0.632;6.632
875430;34.8;26.93;0.416;1.510;2001.242;0.595;6.460
875530;34.8;26.93;0.414;1.512;2003.706;0.642;6.446
875630;34.8;26.93;0.424;1.556;2007.815;0.230;5.749
875730;34.8;26.93;0.441;1.547;1994.851;-0.095;5.849
875830;34.8;26.93;0.482;1.538;2010.551;-0.737;6.080
875930;34.8;26.93;0.433;1.547;1996.806;0.005;5.892
876030;34.7;26.93;0.416;1.553;1996.565;0.365;5.746
876130;34.7;26.93;0.414;1.545;1988.327;0.312;5.825
876230;34.7;26.93;0.446;1.549;2005.139;-0.142;5.880
876330;34.7;26.93;0.486;1.536;2010.997;-0.801;6.061
876430;34.7;26.93;0.463;1.542;1987.333;-0.448;6.026
876530;34.8;26.93;0.405;1.536;1979.423;0.634;5.986
876630;34.8;26.93;0.402;1.554;2009.146;0.655;5.752
876730;34.8;26.93;0.406;1.532;1991.020;0.731;6.078
876830;34.7;26.93;0.406;1.535;1991.647;0.711;6.049
876930;34.7;26.93;0.412;1.552;2002.848;0.433;5.773
877030;34.8;26.93;0.414;1.555;1992.738;0.522;5.774
877130;34.8;26.93;0.405;1.546;1995.582;0.656;5.870
877230;34.8;26.93;0.405;1.530;1992.204;0.668;6.124
877330;34.8;26.93;0.412;1.539;1994.416;0.595;5.967
877430;34.8;26.93;0.418;1.554;2006.254;0.416;5.781
877530;34.8;26.93;0.441;1.549;2002.553;-0.075;5.868
877630;34.8;26.93;0.456;1.544;1996.371;-0.357;5.988
877730;34.8;26.93;0.446;1.539;1992.844;-0.201;6.028
877830;34.8;26.87;0.424;1.554;2005.198;0.230;5.764
877930;34.8;26.87;0.430;1.549;1992.033;0.177;5.855
878030;34.8;26.87;0.414;1.551;1991.224;0.428;5.867
878130;34.8;26.87;0.480;1.539;2016.798;-0.812;6.018
878230;34.8;26.87;0.495;1.538;2002.503;-0.914;6.126
878330;34.8;26.87;0.431;1.546;1993.817;0.071;5.910
878430;34.8;26.87;0.405;1.550;1988.725;0.605;5.839
878530;34.8;26.87;0.414;1.546;1995.586;0.467;5.886
878630;34.8;26.87;0.412;1.556;2004.873;0.502;5.820
878730;34.8;26.87;0.455;1.548;2004.221;-0.348;5.902
878830;34.9;26.93;0.456;1.548;1992.304;-0.315;5.954
878930;34.9;26.93;0.486;1.533;2009.831;-0.784;6.149
879030;34.8;26.93;0.479;1.541;2003.607;-0.713;6.034
879130;34.8;26.93;0.435;1.554;1996.567;0.009;5.841
879230;34.8;26.93;0.439;1.548;1995.352;-0.070;5.931
879330;34.7;26.93;0.492;1.536;2014.941;-0.867;6.121
879430;34.7;26.93;0.499;1.532;2006.929;-0.929;6.180
879530;34.8;26.93;0.461;1.537;1989.861;-0.438;6.116
879630;34.8;26.93;0.445;1.550;1995.730;-0.162;5.870
879730;34.8;26.93;0.440;1.552;1993.341;-0.032;5.894
879830;34.8;26.93;0.409;1.547;1990.287;0.618;5.953
879930;34.8;26.93;0.406;1.546;1995.271;0.584;5.891
880030;34.8;26.93;0.437;1.553;1995.150;0.021;5.861
880130;34.8;26.93;0.441;1.541;2004.103;-0.073;6.057
880230;34.8;26.93;0.437;1.558;1998.919;-0.023;5.779
880330;34.8;26.93;0.421;1.548;1992.118;0.360;5.923
880430;34.8;26.93;0.473;1.544;2001.141;-0.577;6.008
880530;34.9;26.93;0.497;1.530;2012.482;-0.952;6.209
880630;34.9;26.93;0.496;1.531;2010.689;-0.889;6.260
880730;34.9;26.93;0.487;1.527;2012.310;-0.640;6.267
880830;34.9;26.93;0.482;1.511;2002.487;-0.496;6.482
880930;34.9;26.93;0.493;1.529;2006.407;-0.784;6.273
881030;34.8;26.93;0.466;1.540;1994.069;-0.477;6.098
881130;34.8;26.93;0.473;1.541;2002.584;-0.660;6.038
881230;34.8;26.93;0.497;1.526;2011.035;-0.791;6.291
881330;34.8;26.93;0.494;1.526;2004.651;-0.833;6.292
881430;34.8;26.93;0.452;1.548;1992.210;-0.293;5.951
881530;34.8;26.93;0.418;1.548;1980.717;0.397;5.917
881630;34.8;26.93;0.421;1.548;1993.295;0.369;5.911
881730;34.8;26.93;0.455;1.555;2016.076;-0.314;5.899
881830;34.8;26.87;0.485;1.536;1999.518;-0.759;6.163
881930;34.8;26.87;0.493;1.531;2009.563;-0.842;6.256
882030;34.8;26.87;0.484;1.519;2009.287;-0.539;6.396
882130;34.8;26.87;0.499;1.529;2000.166;-0.894;6.292
882230;34.8;26.87;0.474;1.543;2002.232;-0.634;6.088
882330;34.8;26.87;0.493;1.531;2009.311;-0.907;6.250
882430;34.8;26.87;0.487;1.526;2012.284;-0.579;6.333
882530;34.8;26.87;0.484;1.518;2011.280;-0.614;6.427
882630;34.8;26.87;0.487;1.536;1999.125;-0.840;6.185
882730;34.8;26.87;0.470;1.543;1992.912;-0.599;6.088
882830;34.8;26.93;0.475;1.537;1994.010;-0.598;6.148
882930;34.8;26.93;0.448;1.552;2007.906;-0.212;5.942
883030;34.8;26.93;0.460;1.549;1998.847;-0.341;5.989
883130;34.8;26.93;0.492;1.532;2003.926;-0.854;6.245
883230;34.8;26.93;0.488;1.522;2015.549;-0.676;6.388
883330;34.8;26.93;0.491;1.521;2008.703;-0.800;6.390
883430;34.8;26.93;0.481;1.542;1998.971;-0.684;6.118
883530;34.8;26.93;0.492;1.525;2012.167;-0.773;6.377
883630;34.8;26.93;0.477;1.504;2010.447;-0.340;6.661
883730;34.8;26.93;0.466;1.491;2014.290;-0.188;6.814
883830;34.8;26.87;0.471;1.502;1999.537;-0.326;6.658
883930;34.8;26.87;0.484;1.518;1991.238;-0.594;6.456
884030;34.9;26.87;0.495;1.528;2006.072;-0.829;6.297
884130;34.9;26.87;0.480;1.542;2004.790;-0.723;6.106
884230;34.9;26.87;0.496;1.539;2007.610;-0.897;6.171
884330;34.9;26.87;0.476;1.507;2009.534;-0.396;6.611
884430;34.9;26.87;0.487;1.517;2004.417;-0.632;6.450
884530;34.9;26.87;0.448;1.547;1990.013;-0.191;5.994
884630;34.9;26.87;0.438;1.549;1990.083;0.038;6.000
884730;34.9;26.87;0.486;1.542;2010.210;-0.840;6.170
884830;34.9;26.87;0.497;1.532;2006.742;-0.818;6.292
884930;34.9;26.87;0.488;1.524;2016.168;-0.671;6.388
885030;34.9;26.87;0.478;1.506;2007.319;-0.446;6.600
885130;34.9;26.87;0.476;1.507;1997.462;-0.390;6.604
885230;34.9;26.87;0.502;1.532;2004.185;-0.953;6.256
885330;34.9;26.87;0.499;1.530;2014.969;-0.942;6.317
885430;34.9;26.87;0.484;1.518;2006.863;-0.416;6.499
885530;35.0;26.87;0.456;1.478;2013.167;0.008;6.974
885630;35.0;26.87;0.457;1.481;2002.178;-0.023;6.931
885730;35.0;26.87;0.487;1.522;2006.207;-0.628;6.457
885830;35.0;26.93;0.488;1.522;1998.700;-0.660;6.389
885930;35.0;26.93;0.486;1.518;2007.203;-0.608;6.461
886030;35.0;26.93;0.491;1.532;2005.999;-0.708;6.349
886130;35.0;26.93;0.478;1.513;2016.724;-0.479;6.544
886230;35.0;26.93;0.478;1.509;2001.885;-0.449;6.544
886330;35.0;26.93;0.479;1.513;2001.745;-0.418;6.556
886430;35.0;26.93;0.495;1.534;2001.654;-0.827;6.276
886530;35.1;26.93;0.492;1.535;2014.507;-0.906;6.277
886630;35.1;26.93;0.482;1.515;2007.530;-0.492;6.548
886730;35.1;26.93;0.471;1.494;2015.601;-0.252;6.814
886830;35.0;26.87;0.466;1.490;2009.142;-0.129;6.837
886930;35.0;26.87;0.473;1.508;2002.175;-0.323;6.667
887030;35.0;26.87;0.479;1.515;2002.037;-0.488;6.557
887130;35.0;26.87;0.491;1.518;2009.895;-0.739;6.492
887230;35.0;26.87;0.495;1.534;2006.194;-0.815;6.297
887330;35.0;26.87;0.473;1.506;2018.069;-0.340;6.691
887430;35.0;26.87;0.462;1.489;1995.716;-0.040;6.962
887530;35.0;26.87;0.481;1.511;1999.116;-0.488;6.606
887630;35.0;26.87;0.486;1.538;2008.459;-0.735;6.269
887730;35.0;26.87;0.489;1.537;2000.735;-0.860;6.235
887830;34.9;26.87;0.493;1.523;2005.722;-0.687;6.418
887930;34.9;26.87;0.467;1.496;2016.029;-0.220;6.817
888030;34.8;26.87;0.464;1.491;2014.183;-0.094;6.837
888130;34.8;26.87;0.456;1.484;1999.512;0.018;6.999
888230;34.8;26.87;0.464;1.480;2003.073;-0.123;7.001
888330;34.8;26.87;0.465;1.490;2007.947;-0.157;6.867
888430;34.8;26.87;0.465;1.491;2011.041;-0.119;6.876
888530;35.0;26.87;0.439;1.482;2011.071;0.298;6.864
888630;35.0;26.87;0.428;1.481;1983.381;0.472;6.711
888730;35.0;26.87;0.453;1.479;1993.012;0.067;7.030
888830;34.9;26.87;0.472;1.496;2009.998;-0.295;6.813
888930;34.9;26.87;0.474;1.508;1999.592;-0.373;6.663
889030;34.9;26.87;0.484;1.512;2002.987;-0.454;6.600
889130;34.9;26.87;0.472;1.513;2019.515;-0.333;6.639
889230;34.9;26.87;0.475;1.501;2009.093;-0.332;6.745
889330;34.9;26.87;0.482;1.514;1996.147;-0.414;6.611
889430;34.9;26.87;0.485;1.519;1999.365;-0.640;6.515
889530;34.9;26.87;0.493;1.524;2020.746;-0.749;6.462
889630;34.9;26.87;0.481;1.520;2012.935;-0.404;6.550
889730;34.9;26.87;0.459;1.487;2006.087;-0.005;6.940
889830;34.9;26.87;0.445;1.474;2004.589;0.216;7.009
889930;34.9;26.87;0.441;1.473;1999.648;0.226;7.094
890030;34.9;26.87;0.470;1.495;2001.188;-0.272;6.846
890130;34.9;26.87;0.471;1.494;1999.907;-0.269;6.866
890230;34.9;26.87;0.472;1.497;2003.834;-0.231;6.816
890330;34.8;26.87;0.467;1.499;2022.783;-0.181;6.814
890430;34.8;26.87;0.440;1.476;2001.251;0.291;6.953
890530;34.9;26.87;0.458;1.481;1990.210;-0.092;7.061
890630;34.9;26.87;0.481;1.513;2003.878;-0.494;6.575
890730;34.9;26.87;0.483;1.519;2013.372;-0.501;6.508
890830;35.0;26.93;0.478;1.515;2013.969;-0.399;6.612
890930;35.0;26.93;0.447;1.483;2008.118;0.124;6.949
891030;34.9;26.93;0.443;1.475;2004.527;0.248;6.988
891130;34.9;26.93;0.419;1.491;1998.810;0.609;6.672
891230;34.9;26.93;0.430;1.484;1994.735;0.439;6.759
891330;35.0;26.93;0.438;1.477;1993.449;0.300;6.953
891430;35.0;26.93;0.431;1.479;1995.092;0.464;6.898
891530;35.0;26.93;0.429;1.493;2006.085;0.458;6.688
891630;35.0;26.93;0.415;1.502;1993.875;0.642;6.385
891730;35.0;26.93;0.422;1.478;1976.214;0.548;6.863
891830;35.0;26.93;0.464;1.485;2005.725;-0.122;6.970
891930;35.0;26.93;0.473;1.502;2009.106;-0.277;6.774
892030;35.0;26.93;0.481;1.519;1995.720;-0.475;6.585
892130;35.0;26.93;0.473;1.511;2008.199;-0.355;6.675
892230;35.0;26.93;0.473;1.499;2015.667;-0.262;6.835
892330;35.0;26.93;0.466;1.493;2008.339;-0.149;6.938
892430;35.0;26.93;0.468;1.497;2006.018;-0.221;6.845
892530;35.0;26.93;0.467;1.498;2002.734;-0.203;6.867
892630;35.0;26.93;0.455;1.482;2013.233;0.085;7.062
892730;35.0;26.93;0.438;1.482;2013.415;0.354;6.817
892830;35.0;26.93;0.432;1.481;1995.429;0.410;6.847
892930;35.0;26.93;0.417;1.488;1989.380;0.604;6.723
893030;34.9;26.93;0.426;1.489;2007.837;0.471;6.724
893130;34.9;26.93;0.444;1.480;2000.191;0.231;7.034
893230;34.9;26.93;0.454;1.472;1994.734;0.072;7.157
893330;34.9;26.93;0.454;1.482;2007.296;0.070;7.010
893430;34.9;26.93;0.431;1.491;2013.269;0.427;6.703
893530;34.9;26.93;0.415;1.502;1992.209;0.628;6.462
893630;34.9;26.93;0.441;1.478;1997.638;0.215;7.018
893730;34.9;26.93;0.458;1.487;2004.175;-0.033;6.995
893830;35.0;26.87;0.453;1.478;2014.441;0.077;7.099
893930;35.0;26.87;0.436;1.484;2013.338;0.332;6.876
894030;34.9;26.87;0.422;1.492;1989.746;0.555;6.620
894130;34.9;26.87;0.410;1.519;1993.628;0.687;6.154
894230;34.9;26.87;0.406;1.523;2005.177;0.713;6.114
894330;34.8;26.87;0.421;1.488;1986.723;0.585;6.720
894430;34.8;26.87;0.439;1.474;1991.746;0.285;7.069
894530;34.8;26.87;0.436;1.484;2002.520;0.343;6.951
894630;34.8;26.87;0.426;1.496;2009.696;0.501;6.614
894730;34.8;26.87;0.408;1.513;1990.248;0.720;6.082
894830;34.9;26.87;0.437;1.473;1988.097;0.307;7.076
894930;34.9;26.87;0.449;1.479;2008.337;0.169;7.063
895030;34.9;26.87;0.444;1.473;2003.655;0.266;7.128
895130;34.9;26.87;0.453;1.486;2007.051;0.037;6.974
895230;34.9;26.87;0.453;1.480;2001.752;0.078;7.031
895330;34.9;26.87;0.436;1.481;1998.997;0.374;6.936
895430;34.9;26.87;0.428;1.488;2009.581;0.433;6.842
895530;35.0;26.87;0.435;1.481;1995.932;0.377;6.906
895630;35.0;26.87;0.439;1.469;1996.510;0.275;7.151
895730;35.0;26.87;0.432;1.494;2005.092;0.435;6.678
895830;35.0;26.87;0.423;1.498;1997.413;0.574;6.580
895930;35.0;26.87;0.409;1.524;1994.295;0.726;6.123
896030;34.9;26.87;0.409;1.531;1985.543;0.641;5.944
896130;34.9;26.87;0.410;1.521;1994.486;0.676;6.147
896230;34.9;26.87;0.413;1.513;1996.098;0.651;6.273
896330;34.9;26.87;0.427;1.496;1997.887;0.473;6.676
896430;34.9;26.87;0.413;1.514;1998.744;0.647;6.269
896530;35.0;26.87;0.412;1.540;1998.181;0.570;5.887
896630;35.0;26.87;0.408;1.539;1994.724;0.605;5.863
896730;35.0;26.87;0.419;1.487;1984.129;0.575;6.806
896830;35.0;26.87;0.437;1.470;1989.258;0.353;7.138
896930;35.0;26.87;0.444;1.483;2015.219;0.246;7.010
897030;35.1;26.87;0.433;1.485;2004.790;0.401;6.852
897130;35.1;26.87;0.424;1.486;1992.589;0.515;6.865
897230;35.1;26.87;0.411;1.523;1997.611;0.658;6.113
897330;35.0;26.87;0.413;1.507;1997.190;0.685;6.402
897430;35.0;26.87;0.421;1.483;1996.257;0.587;6.839
897530;34.9;26.87;0.433;1.488;2002.763;0.353;6.879
897630;34.9;26.87;0.411;1.518;2001.344;0.685;6.258
897730;34.9;26.87;0.410;1.537;1998.284;0.628;5.910
897830;34.9;26.87;0.415;1.542;2000.756;0.476;5.807
897930;34.9;26.87;0.419;1.496;1980.468;0.572;6.664
898030;35.0;26.87;0.418;1.500;1997.058;0.585;6.578
898130;35.0;26.87;0.431;1.488;2004.228;0.427;6.875
898230;35.0;26.87;0.441;1.478;2004.688;0.251;7.079
898330;35.0;26.87;0.418;1.497;1996.247;0.635;6.659
898430;35.0;26.87;0.409;1.520;1995.024;0.727;6.235
898530;35.0;26.87;0.413;1.517;1993.016;0.682;6.307
898630;35.0;26.87;0.417;1.494;1988.819;0.649;6.662
898730;35.0;26.87;0.420;1.510;1993.012;0.586;6.400
898830;35.0;26.93;0.410;1.543;2005.459;0.572;5.853
898930;35.0;26.93;0.420;1.539;1997.721;0.402;5.916
899030;35.0;26.93;0.466;1.535;2005.532;-0.410;6.014
899130;35.0;26.93;0.443;1.541;1975.199;-0.032;5.870
899230;35.0;26.93;0.411;1.536;1992.503;0.514;5.952
899330;34.9;26.93;0.411;1.538;1996.471;0.607;5.922
899430;34.9;26.93;0.419;1.503;1989.836;0.590;6.485
899530;34.9;26.93;0.409;1.528;1992.024;0.700;6.069
899630;34.9;26.93;0.418;1.544;2001.455;0.436;5.847
899730;34.9;26.93;0.416;1.507;1988.091;0.651;6.461
899830;34.9;26.87;0.451;1.483;2000.390;0.131;7.124
899930;34.9;26.87;0.456;1.483;1996.187;0.059;7.070
900030;35.0;26.87;0.447;1.480;2012.491;0.184;7.051
900130;35.0;26.87;0.410;1.513;1996.413;0.722;6.348
900230;35.0;26.87;0.417;1.545;2005.982;0.501;5.841
900330;35.0;26.87;0.439;1.539;1982.488;0.048;5.905
900430;35.0;26.87;0.419;1.537;1992.858;0.408;5.959
900530;35.1;26.87;0.412;1.540;1996.863;0.547;5.909
900630;35.1;26.87;0.409;1.533;1990.625;0.656;5.994
900730;35.1;26.87;0.442;1.540;1999.803;-0.009;5.910
900830;35.1;26.87;0.485;1.531;2009.733;-0.725;6.109
900930;35.1;26.87;0.443;1.540;1985.311;-0.062;5.961
901030;34.9;26.87;0.406;1.536;1986.466;0.630;5.991
901130;34.9;26.87;0.412;1.538;1988.982;0.619;5.906
901230;34.9;26.87;0.416;1.522;1998.381;0.577;6.210
901330;34.9;26.87;0.409;1.522;1987.701;0.756;6.255
901430;34.9;26.87;0.433;1.544;2001.801;0.135;5.919
901530;35.0;26.87;0.438;1.543;1988.585;0.060;5.887
901630;35.0;26.87;0.417;1.535;1988.017;0.403;5.973
901730;35.0;26.87;0.415;1.538;1996.363;0.561;5.933
901830;35.1;26.87;0.420;1.545;1993.332;0.362;5.866
901930;35.1;26.87;0.445;1.530;1993.151;-0.069;6.078
902030;35.1;26.87;0.471;1.537;2014.305;-0.521;6.034
902130;35.1;26.87;0.467;1.536;1995.188;-0.478;6.030
902230;35.1;26.87;0.411;1.534;1980.321;0.503;5.989
902330;35.1;26.87;0.415;1.539;1996.285;0.549;5.934
902430;35.1;26.87;0.421;1.495;1992.735;0.556;6.710
902530;35.0;26.87;0.425;1.491;1995.738;0.587;6.864
902630;35.0;26.87;0.427;1.547;2005.474;0.270;5.860
902730;35.0;26.87;0.433;1.542;1986.890;0.134;5.889
902830;35.1;26.87;0.406;1.508;1982.800;0.755;6.427
902930;35.1;26.87;0.435;1.491;2000.685;0.397;6.881
903030;35.0;26.87;0.416;1.501;1995.321;0.590;6.668
903130;35.0;26.87;0.417;1.541;2003.037;0.517;5.915
903230;35.0;26.87;0.438;1.545;2000.941;0.069;5.931
903330;35.0;26.87;0.472;1.536;1995.994;-0.508;6.040
903430;35.0;26.87;0.476;1.529;1985.457;-0.599;6.107
903530;34.9;26.87;0.459;1.541;1996.804;-0.273;5.986
903630;34.9;26.87;0.444;1.542;1993.668;-0.030;5.942
903730;34.9;26.87;0.444;1.536;1997.321;-0.045;6.003
903830;35.0;26.87;0.484;1.520;2011.881;-0.647;6.299
903930;35.0;26.87;0.482;1.523;1994.587;-0.578;6.212
904030;35.0;26.87;0.440;1.533;1984.740;-0.031;6.053
904130;35.0;26.87;0.442;1.545;1996.121;0.018;5.895
904230;35.0;26.87;0.448;1.542;1987.233;-0.141;5.968
904330;35.1;26.87;0.429;1.539;1994.047;0.216;5.982
904430;35.1;26.87;0.438;1.548;2007.618;0.018;5.896
904530;35.1;26.87;0.460;1.535;1985.964;-0.339;6.030
904630;35.1;26.87;0.438;1.534;1986.140;0.010;6.033
904730;35.1;26.87;0.422;1.548;1993.538;0.383;5.832
904830;35.1;26.87;0.411;1.543;1998.416;0.576;5.933
904930;35.1;26.87;0.418;1.536;1992.350;0.431;5.988
905030;35.1;26.87;0.455;1.545;2001.902;-0.287;5.935
905130;35.1;26.87;0.468;1.544;1999.575;-0.444;5.965
905230;35.1;26.87;0.445;1.536;1991.949;-0.093;6.042
905330;35.1;26.87;0.432;1.543;1988.852;0.140;5.935
905430;35.1;26.87;0.428;1.544;1988.230;0.203;5.915
905530;35.1;26.87;0.414;1.545;1993.856;0.523;5.929
905630;35.1;26.87;0.461;1.544;2012.123;-0.315;5.975
905730;35.1;26.87;0.487;1.526;1997.013;-0.733;6.187
905830;35.1;26.87;0.457;1.534;1986.517;-0.318;6.084
905930;35.1;26.87;0.422;1.553;1994.621;0.405;5.804
906030;35.1;26.87;0.415;1.541;1992.465;0.512;5.983
906130;35.1;26.87;0.439;1.535;1993.848;-0.014;6.072
906230;35.1;26.87;0.486;1.529;2015.167;-0.711;6.224
906330;35.1;26.87;0.479;1.530;2006.037;-0.501;6.204
906430;35.1;26.87;0.470;1.524;1995.960;-0.421;6.263
906530;35.0;26.87;0.486;1.522;1999.874;-0.664;6.299
906630;35.0;26.87;0.482;1.535;1993.866;-0.664;6.152
906730;35.0;26.87;0.479;1.533;2004.176;-0.642;6.102
906830;34.9;26.87;0.474;1.524;2013.712;-0.416;6.309
906930;34.9;26.87;0.456;1.484;1996.378;-0.045;6.836
907030;35.0;26.87;0.463;1.512;1993.752;-0.276;6.421
907130;35.0;26.87;0.469;1.535;2005.713;-0.477;6.133
907230;35.0;26.87;0.453;1.544;1986.945;-0.240;6.000
907330;35.0;26.87;0.440;1.531;1978.831;0.012;6.106
907430;35.0;26.87;0.452;1.545;2004.132;-0.168;5.976
907530;35.0;26.87;0.448;1.546;1992.963;-0.144;5.964
907630;35.0;26.87;0.426;1.540;1984.263;0.263;6.059
907730;35.0;26.87;0.431;1.543;1991.967;0.163;5.973
907830;35.0;26.87;0.411;1.548;1989.971;0.566;5.907
907930;35.0;26.87;0.427;1.543;1995.141;0.289;5.950
908030;35.0;26.87;0.485;1.536;2003.456;-0.624;6.133
908130;35.0;26.87;0.483;1.527;1998.371;-0.585;6.245
908230;35.0;26.87;0.463;1.515;2010.092;-0.238;6.389
908330;35.0;26.87;0.487;1.522;2004.797;-0.679;6.304
908430;35.0;26.87;0.484;1.531;1994.025;-0.666;6.216
908530;35.0;26.87;0.481;1.527;1989.290;-0.671;6.173
908630;35.0;26.87;0.491;1.530;2012.622;-0.764;6.246
908730;35.0;26.87;0.468;1.519;2010.529;-0.278;6.384
908830;35.0;26.93;0.470;1.514;1994.610;-0.365;6.412
908930;35.0;26.93;0.485;1.524;1992.882;-0.671;6.284
909030;35.0;26.93;0.479;1.544;2000.745;-0.616;5.985
909130;35.0;26.93;0.448;1.539;1995.801;-0.173;6.069
909230;35.0;26.93;0.483;1.532;2014.110;-0.578;6.238
909330;34.9;26.93;0.472;1.516;1997.176;-0.243;6.509
909430;34.9;26.93;0.457;1.504;2016.672;-0.097;6.568
909530;34.9;26.93;0.464;1.504;2011.091;-0.198;6.577
909630;34.9;26.93;0.463;1.509;1994.110;-0.251;6.557
909730;34.9;26.93;0.467;1.517;1996.417;-0.295;6.375
909830;35.0;26.87;0.478;1.528;2010.762;-0.443;6.307
909930;35.0;26.87;0.465;1.508;2005.835;-0.225;6.521
910030;35.1;26.87;0.455;1.500;1992.626;-0.116;6.660
910130;35.1;26.87;0.483;1.519;1994.825;-0.576;6.369
910230;35.1;26.87;0.470;1.546;1996.569;-0.467;6.032
910330;35.1;26.87;0.439;1.537;1990.189;0.024;6.105
910430;35.1;26.87;0.434;1.546;1991.823;0.100;6.022
910530;35.1;26.87;0.466;1.546;2009.617;-0.403;5.981
910630;35.1;26.87;0.480;1.538;2000.773;-0.635;6.111
910730;35.1;26.87;0.487;1.530;2004.905;-0.742;6.272
910830;35.0;26.87;0.482;1.536;1989.242;-0.629;6.164
910930;35.0;26.87;0.483;1.533;2008.918;-0.645;6.169
911030;35.0;26.87;0.479;1.526;2015.669;-0.453;6.324
911130;35.0;26.87;0.462;1.494;2002.624;-0.147;6.748
911230;35.0;26.87;0.449;1.487;1999.180;0.024;6.767
911330;35.0;26.87;0.453;1.484;2000.516;0.073;6.869
911430;35.0;26.87;0.465;1.509;1996.363;-0.186;6.584
911530;35.1;26.87;0.461;1.518;1999.209;-0.240;6.389
911630;35.1;26.87;0.469;1.520;2003.540;-0.329;6.432
911730;35.1;26.87;0.473;1.516;2016.581;-0.335;6.455
911830;35.0;26.87;0.456;1.500;2005.121;-0.056;6.650
911930;35.0;26.87;0.463;1.512;1999.701;-0.213;6.508
912030;35.1;26.87;0.483;1.532;1984.859;-0.633;6.293
912130;35.1;26.87;0.482;1.534;2005.561;-0.629;6.198
912230;35.1;26.87;0.487;1.528;2015.666;-0.598;6.284
912330;35.1;26.87;0.468;1.508;2001.551;-0.254;6.543
912430;35.1;26.87;0.456;1.505;2004.260;-0.069;6.607
912530;35.1;26.87;0.454;1.487;2011.790;0.020;6.807
912630;35.1;26.87;0.465;1.504;1998.855;-0.211;6.665
912730;35.1;26.87;0.467;1.514;1996.862;-0.310;6.476
912830;35.1;26.87;0.477;1.518;2003.434;-0.430;6.449
912930;35.1;26.87;0.468;1.520;2012.001;-0.308;6.421
913030;35.1;26.87;0.457;1.507;2005.210;-0.105;6.581
913130;35.1;26.87;0.467;1.511;1998.059;-0.274;6.567
913230;35.1;26.87;0.479;1.526;1994.946;-0.463;6.350
913330;35.1;26.87;0.471;1.522;2008.656;-0.404;6.369
913430;35.1;26.87;0.487;1.532;2002.854;-0.707;6.253
913530;35.1;26.87;0.489;1.532;1994.915;-0.686;6.241
913630;35.1;26.87;0.459;1.521;2014.035;-0.157;6.402
913730;35.1;26.87;0.459;1.500;2015.228;-0.063;6.696
913830;35.1;26.87;0.466;1.506;2006.883;-0.232;6.638
913930;35.1;26.87;0.462;1.516;1997.734;-0.281;6.454
914030;35.1;26.87;0.463;1.497;2008.077;-0.096;6.751
914130;35.1;26.87;0.451;1.492;2011.801;0.039;6.834
914230;35.1;26.87;0.445;1.489;2009.946;0.077;6.798
914330;35.1;26.87;0.438;1.483;2000.949;0.262;6.817
914430;35.1;26.87;0.442;1.475;1993.137;0.228;6.959
914530;35.1;26.87;0.452;1.493;2006.637;-0.029;6.770
914630;35.1;26.87;0.464;1.510;2001.137;-0.179;6.546
914730;35.1;26.87;0.463;1.510;1995.407;-0.177;6.621
914830;35.1;26.87;0.444;1.491;2011.971;0.200;6.734
914930;35.1;26.87;0.439;1.480;2001.378;0.252;6.873
915030;34.8;26.87;0.464;1.505;1989.527;-0.181;6.672
915130;34.8;26.87;0.476;1.523;1994.924;-0.510;6.367
915230;34.8;26.87;0.486;1.521;2008.992;-0.571;6.426
915330;34.9;26.87;0.475;1.529;2010.962;-0.425;6.369
915430;34.9;26.87;0.464;1.515;2003.655;-0.226;6.528
915530;35.0;26.87;0.457;1.494;2008.142;-0.039;6.777
915630;35.0;26.87;0.442;1.481;2002.006;0.233;6.921
915730;35.0;26.87;0.455;1.500;1996.818;-0.140;6.682
915830;35.0;26.87;0.468;1.521;2008.511;-0.295;6.452
915930;35.0;26.87;0.462;1.495;2003.583;-0.121;6.839
916030;35.1;26.87;0.430;1.490;2013.522;0.349;6.736
916130;35.1;26.87;0.422;1.491;1999.023;0.520;6.618
916230;35.1;26.87;0.445;1.479;1989.495;0.142;6.990
916330;35.1;26.87;0.447;1.489;1997.521;0.063;6.829
916430;35.1;26.87;0.458;1.496;2004.324;0.002;6.777
916530;35.1;26.87;0.466;1.504;2007.645;-0.209;6.727
916630;35.1;26.87;0.459;1.507;2000.651;-0.164;6.638
916730;35.1;26.87;0.441;1.485;2006.536;0.237;6.872
916830;35.1;26.87;0.447;1.482;2004.964;0.124;6.928
916930;35.1;26.87;0.448;1.496;2001.673;0.036;6.768
917030;35.1;26.87;0.461;1.505;2002.606;-0.094;6.706
917130;35.1;26.87;0.450;1.482;2007.788;0.088;7.017
917230;35.1;26.87;0.423;1.492;2006.475;0.435;6.684
917330;35.1;26.87;0.414;1.512;2003.267;0.599;6.266
917430;35.1;26.87;0.411;1.509;1982.113;0.639;6.313
917530;35.1;26.87;0.417;1.499;1997.258;0.465;6.518
917630;35.1;26.87;0.437;1.486;2003.250;0.284;6.870
917730;35.1;26.87;0.464;1.504;1997.942;-0.225;6.750
917830;35.1;26.87;0.456;1.498;2003.087;-0.055;6.742
917930;35.1;26.87;0.437;1.487;2005.161;0.325;6.796
918030;35.1;26.87;0.450;1.479;1990.627;0.094;7.019
918130;35.1;26.87;0.465;1.521;1993.673;-0.270;6.465
918230;35.1;26.87;0.478;1.525;1996.624;-0.470;6.473
918330;35.1;26.87;0.474;1.528;2011.624;-0.376;6.422
918430;35.1;26.87;0.456;1.498;2013.430;-0.056;6.739
918530;35.2;26.87;0.449;1.490;2011.164;0.113;6.870
918630;35.2;26.87;0.423;1.492;1989.773;0.598;6.573
918730;35.2;26.87;0.416;1.501;2001.278;0.527;6.485
918830;35.1;26.87;0.436;1.485;1998.704;0.297;6.910
918930;35.1;26.87;0.442;1.481;2003.895;0.213;6.986
919030;35.1;26.87;0.418;1.500;2002.655;0.540;6.475
919130;35.1;26.87;0.406;1.541;2003.167;0.646;5.789
919230;35.1;26.87;0.406;1.523;1981.860;0.724;6.040
919330;35.0;26.87;0.426;1.489;1995.952;0.349;6.825
919430;35.0;26.87;0.444;1.481;1998.855;0.206;6.937
919530;35.0;26.87;0.446;1.480;2007.842;0.151;7.021
919630;35.0;26.87;0.445;1.494;2009.601;0.141;6.766
919730;35.0;26.87;0.435;1.487;2006.109;0.330;6.796
919830;34.9;26.87;0.424;1.487;1985.329;0.498;6.759
919930;34.9;26.87;0.423;1.492;2001.589;0.444;6.683
920030;34.9;26.87;0.441;1.481;1996.842;0.251;6.969
920130;34.9;26.87;0.437;1.480;2002.071;0.285;6.992
920230;34.9;26.87;0.408;1.518;2006.426;0.653;6.185
920330;34.8;26.87;0.406;1.528;1998.456;0.697;6.034
920430;34.8;26.87;0.410;1.522;1993.671;0.661;6.116
920530;34.9;26.87;0.417;1.498;1990.475;0.507;6.602
920630;34.9;26.87;0.446;1.482;1997.177;0.255;7.003
920730;34.9;26.87;0.446;1.482;2001.072;0.173;7.018
920830;35.1;26.87;0.454;1.493;2006.368;-0.018;6.861
920930;35.1;26.87;0.433;1.486;2008.895;0.364;6.889
921030;35.1;26.87;0.418;1.496;1989.272;0.551;6.568
921130;35.1;26.87;0.439;1.484;1995.081;0.213;6.951
921230;35.1;26.87;0.469;1.507;2008.934;-0.204;6.671
921330;35.1;26.87;0.462;1.499;1995.669;-0.149;6.902
921430;35.1;26.87;0.434;1.495;2015.737;0.315;6.742
921530;35.0;26.87;0.406;1.520;2000.913;0.734;6.202
921630;35.0;26.87;0.408;1.535;1999.226;0.668;5.932
921730;35.0;26.87;0.400;1.545;1986.487;0.662;5.760
921830;35.1;26.87;0.406;1.524;1990.992;0.711;6.088
921930;35.1;26.87;0.409;1.517;1992.343;0.710;6.267
922030;35.1;26.87;0.404;1.530;1998.397;0.701;6.018
922130;35.1;26.87;0.415;1.549;1998.510;0.434;5.747
922230;35.1;26.87;0.439;1.540;1990.720;-0.012;5.892
922330;35.1;26.87;0.402;1.534;1991.073;0.648;5.930
922430;35.1;26.87;0.424;1.493;1997.701;0.477;6.716
922530;35.0;26.87;0.416;1.502;1986.160;0.596;6.549
922630;35.0;26.87;0.411;1.507;2001.235;0.614;6.420
922730;35.0;26.87;0.417;1.507;1999.694;0.631;6.518
922830;35.0;26.87;0.412;1.514;1992.454;0.633;6.282
922930;35.0;26.87;0.406;1.509;1980.320;0.699;6.350
923030;35.0;26.87;0.437;1.486;1994.393;0.308;6.885
923130;35.0;26.87;0.445;1.487;2003.118;0.176;7.018
923230;35.0;26.87;0.434;1.486;2001.952;0.294;6.891
923330;35.1;26.87;0.408;1.517;1992.151;0.732;6.280
923430;35.1;26.87;0.410;1.534;1999.385;0.657;5.975
923530;35.1;26.87;0.400;1.547;2001.244;0.688;5.766
923630;35.1;26.87;0.416;1.499;1987.073;0.648;6.564
923730;35.1;26.87;0.416;1.498;1986.025;0.615;6.609
923830;35.1;26.87;0.424;1.500;2003.073;0.426;6.633
923930;35.1;26.87;0.427;1.497;2002.380;0.437;6.710
924030;35.1;26.87;0.411;1.538;1993.457;0.538;5.891
924130;35.1;26.87;0.400;1.543;1983.900;0.665;5.803
924230;35.1;26.87;0.427;1.493;1990.766;0.474;6.745
924330;35.1;26.87;0.434;1.491;2001.381;0.351;6.872
924430;35.1;26.87;0.427;1.488;1999.168;0.360;6.866
924530;35.1;26.87;0.403;1.536;1999.730;0.773;5.985
924630;35.1;26.87;0.412;1.538;1990.907;0.553;5.928
924730;35.1;26.87;0.419;1.558;2008.657;0.292;5.661
924830;35.1;26.87;0.428;1.545;1987.660;0.203;5.834
924930;35.1;26.87;0.408;1.543;1988.043;0.532;5.878
925030;35.2;26.87;0.406;1.550;2004.033;0.559;5.709
925130;35.2;26.87;0.412;1.549;1996.888;0.532;5.785
925230;35.2;26.87;0.444;1.540;1995.285;-0.117;5.932
925330;35.2;26.87;0.460;1.539;1992.465;-0.467;6.008
925430;35.2;26.87;0.405;1.539;1991.707;0.699;5.912
925530;35.1;26.87;0.403;1.515;1988.416;0.737;6.314
925630;35.1;26.87;0.417;1.503;1986.858;0.515;6.505
925730;35.1;26.87;0.433;1.497;2000.569;0.387;6.689
925830;35.1;26.87;0.430;1.490;2005.595;0.410;6.848
925930;35.1;26.87;0.423;1.503;1994.487;0.582;6.452
926030;35.2;26.87;0.419;1.498;1987.686;0.548;6.658
926130;35.2;26.87;0.430;1.485;1994.196;0.402;6.947
926230;35.2;26.87;0.417;1.505;2009.171;0.538;6.517
926330;35.1;26.87;0.407;1.526;1994.702;0.761;6.181
926430;35.1;26.87;0.407;1.535;1986.331;0.663;5.972
926530;35.1;26.87;0.428;1.557;2008.342;0.097;5.697
926630;35.1;26.87;0.430;1.543;1993.307;0.146;5.880
926730;35.1;26.87;0.413;1.542;1987.867;0.523;5.912
926830;35.2;26.87;0.406;1.549;1988.434;0.512;5.756
926930;35.2;26.87;0.401;1.541;1996.166;0.742;5.925
927030;35.2;26.87;0.411;1.548;1999.352;0.586;5.820
927130;35.2;26.87;0.441;1.550;2001.842;-0.122;5.814
927230;35.2;26.87;0.411;1.538;1982.133;0.493;5.930
927330;35.1;26.87;0.406;1.526;1990.202;0.693;6.126
927430;35.1;26.87;0.409;1.515;2002.167;0.654;6.359
927530;35.1;26.87;0.409;1.537;1999.535;0.693;6.002
927630;35.1;26.87;0.425;1.541;1992.622;0.245;5.942
927730;35.1;26.87;0.443;1.554;2010.211;-0.139;5.778
927830;35.2;26.87;0.452;1.542;2000.624;-0.262;5.925
927930;35.2;26.87;0.455;1.537;1992.047;-0.309;6.046
928030;35.2;26.87;0.423;1.550;1991.513;0.180;5.760
928130;35.2;26.87;0.411;1.555;1999.391;0.530;5.750
928230;35.2;26.87;0.419;1.549;1998.176;0.362;5.849
928330;35.2;26.87;0.455;1.546;2001.279;-0.358;5.908
928430;35.2;26.87;0.420;1.539;1976.501;0.335;5.909
928530;35.2;26.87;0.410;1.522;1994.837;0.691;6.208
928630;35.2;26.87;0.403;1.530;1998.613;0.694;6.146
928730;35.2;26.87;0.417;1.496;1985.676;0.605;6.767
928830;35.2;26.87;0.421;1.499;1995.562;0.571;6.651
928930;35.2;26.87;0.398;1.534;2008.447;0.770;6.081
929030;35.2;26.87;0.407;1.541;1994.172;0.649;5.961
929130;35.2;26.87;0.410;1.539;1983.772;0.596;5.964
929230;35.2;26.87;0.402;1.553;2000.040;0.632;5.747
929330;35.2;26.87;0.416;1.556;1998.520;0.443;5.782
929430;35.2;26.87;0.440;1.545;2000.349;-0.056;5.945
929530;35.2;26.87;0.479;1.539;2008.657;-0.762;6.070
929630;35.2;26.87;0.491;1.526;2002.176;-0.748;6.211
929730;35.2;26.87;0.470;1.543;1996.080;-0.543;5.963
929830;35.2;26.87;0.450;1.551;2004.967;-0.284;5.859
929930;35.2;26.87;0.424;1.547;1980.716;0.234;5.879
930030;35.1;26.87;0.433;1.543;2002.284;0.091;5.965
930130;35.1;26.87;0.475;1.544;2015.695;-0.646;5.958
930230;35.1;26.87;0.480;1.539;2004.325;-0.700;6.056
930330;35.1;26.87;0.424;1.541;1975.543;0.217;5.974
930430;35.1;26.87;0.403;1.553;1995.101;0.659;5.788
930530;35.1;26.87;0.405;1.537;1996.160;0.749;6.022
930630;35.1;26.87;0.425;1.544;2002.616;0.214;5.943
930730;35.1;26.87;0.447;1.543;1996.046;-0.221;6.001
930830;35.1;26.87;0.492;1.537;2008.300;-0.826;6.082
930930;35.1;26.87;0.457;1.543;1997.605;-0.343;5.980
931030;35.1;26.87;0.435;1.551;1995.598;-0.048;5.850
931130;35.1;26.87;0.410;1.548;1982.105;0.555;5.855
931230;35.1;26.87;0.413;1.546;2002.660;0.436;5.921
931330;35.1;26.87;0.467;1.546;2014.690;-0.539;5.971
931430;35.1;26.87;0.485;1.534;2000.366;-0.808;6.145
931530;35.1;26.87;0.424;1.545;1976.423;0.235;5.938
931630;35.1;26.87;0.413;1.557;2006.133;0.433;5.727
931730;35.1;26.87;0.411;1.543;1991.711;0.572;5.941
931830;35.1;26.87;0.404;1.542;1988.016;0.674;5.980
931930;35.1;26.87;0.448;1.553;2006.528;-0.160;5.837
932030;35.0;26.87;0.478;1.544;2010.883;-0.680;6.023
932130;35.0;26.87;0.454;1.543;1998.802;-0.260;6.021
932230;35.0;26.87;0.445;1.548;1997.917;-0.195;5.927
932330;35.0;26.87;0.451;1.548;1994.196;-0.178;5.900
932430;35.0;26.87;0.469;1.548;2013.022;-0.533;5.941
932530;35.1;26.87;0.497;1.527;2012.873;-0.893;6.262
932630;35.1;26.87;0.485;1.512;2005.900;-0.625;6.482
932730;35.1;26.87;0.487;1.521;1992.207;-0.737;6.319
932830;35.1;26.87;0.491;1.533;2010.985;-0.942;6.188
932930;35.1;26.87;0.469;1.545;1994.701;-0.509;5.991
933030;35.1;26.87;0.440;1.541;1992.036;-0.072;6.018
933130;35.1;26.87;0.492;1.538;2018.350;-0.878;6.102
933230;35.1;26.87;0.489;1.528;2013.848;-0.728;6.280
933330;35.1;26.87;0.483;1.530;1991.538;-0.777;6.219
933430;35.1;26.87;0.416;1.552;1993.677;0.311;5.838
933530;35.2;26.87;0.421;1.552;1994.287;0.307;5.861
933630;35.2;26.87;0.409;1.547;1999.816;0.630;5.907
933730;35.2;26.87;0.445;1.553;2005.907;-0.134;5.868
933830;35.2;26.87;0.468;1.542;1998.911;-0.535;6.071
933930;35.2;26.87;0.497;1.528;1999.463;-0.823;6.342
934030;35.1;26.87;0.473;1.544;2001.674;-0.637;6.041
934130;35.1;26.87;0.450;1.550;1996.889;-0.208;5.938
934230;35.1;26.87;0.454;1.543;1994.776;-0.316;6.046
934330;35.1;26.87;0.499;1.532;2021.217;-0.931;6.207
934430;35.1;26.87;0.474;1.510;2013.033;-0.372;6.552
934530;35.1;26.87;0.495;1.520;1998.368;-0.816;6.342
934630;35.1;26.87;0.494;1.533;1999.118;-0.934;6.219
934730;35.1;26.87;0.488;1.540;2002.388;-0.771;6.098
934830;35.1;26.87;0.447;1.547;1996.345;-0.161;5.990
934930;35.1;26.87;0.460;1.548;2008.933;-0.459;5.995
935030;35.2;26.87;0.492;1.533;2005.418;-0.838;6.233
935130;35.2;26.87;0.498;1.530;2001.902;-0.913;6.212
935230;35.2;26.87;0.489;1.539;2003.613;-0.944;6.156
935330;35.3;26.87;0.460;1.547;1997.238;-0.386;6.022
935430;35.3;26.87;0.494;1.527;2005.088;-0.880;6.303
935530;35.2;26.87;0.489;1.521;2024.689;-0.651;6.382
935630;35.2;26.87;0.480;1.509;2014.947;-0.498;6.573
935730;35.2;26.87;0.473;1.509;2006.705;-0.314;6.557
935830;35.3;26.87;0.482;1.513;2006.572;-0.517;6.477
935930;35.3;26.87;0.496;1.529;2005.783;-0.821;6.302
936030;35.2;26.87;0.476;1.538;1998.907;-0.692;6.181
936130;35.2;26.87;0.481;1.540;2002.100;-0.756;6.116
936230;35.2;26.87;0.488;1.521;2016.123;-0.607;6.389
936330;35.2;26.87;0.488;1.518;2002.457;-0.681;6.424
936430;35.2;26.87;0.456;1.547;1996.251;-0.347;6.016
936530;35.1;26.87;0.418;1.551;1993.245;0.393;5.895
936630;35.1;26.87;0.432;1.545;1992.577;0.079;6.036
936730;35.1;26.87;0.475;1.548;2019.900;-0.627;6.018
936830;35.1;26.87;0.496;1.531;2005.557;-0.849;6.287
936930;35.1;26.87;0.483;1.523;2002.690;-0.533;6.348
937030;35.1;26.87;0.475;1.517;2013.690;-0.385;6.450
937130;35.1;26.87;0.488;1.523;2009.226;-0.630;6.399
937230;35.1;26.87;0.493;1.527;2010.550;-0.634;6.372
937330;35.2;26.87;0.483;1.511;2008.700;-0.516;6.503
937430;35.2;26.87;0.467;1.490;2017.458;-0.153;6.843
937530;35.1;26.87;0.458;1.481;2000.666;-0.003;6.909
937630;35.1;26.87;0.485;1.515;2003.028;-0.658;6.480
937730;35.1;26.87;0.492;1.533;1996.606;-0.865;6.256
937830;35.0;26.87;0.493;1.534;2005.682;-0.810;6.266
937930;35.0;26.87;0.504;1.530;2017.267;-1.011;6.284
938030;35.1;26.87;0.488;1.539;2006.438;-0.794;6.192
938130;35.1;26.87;0.483;1.514;2004.207;-0.522;6.497
938230;35.1;26.87;0.480;1.518;2012.735;-0.482;6.451
938330;35.1;26.87;0.495;1.525;2002.987;-0.882;6.384
938430;35.1;26.87;0.489;1.542;2007.714;-0.821;6.136
938530;35.2;26.87;0.488;1.520;2011.836;-0.677;6.408
938630;35.2;26.87;0.474;1.498;2006.682;-0.277;6.790
938730;35.2;26.87;0.467;1.499;2013.556;-0.194;6.727
938830;35.2;26.87;0.475;1.507;2010.262;-0.409;6.619
938930;35.2;26.87;0.483;1.511;1997.815;-0.568;6.541
939030;35.2;26.87;0.491;1.525;2005.589;-0.754;6.397
939130;35.2;26.87;0.493;1.537;2007.475;-0.907;6.204
939230;35.2;26.87;0.493;1.535;2006.838;-0.758;6.287
939330;35.3;26.87;0.471;1.497;2004.430;-0.302;6.732
939430;35.3;26.87;0.482;1.516;2009.219;-0.589;6.508
939530;35.3;26.87;0.484;1.536;1994.856;-0.720;6.193
939630;35.3;26.87;0.479;1.541;1995.157;-0.687;6.157
939730;35.3;26.87;0.498;1.530;2018.116;-0.902;6.318
939830;35.2;26.87;0.471;1.500;2011.802;-0.269;6.729
939930;35.2;26.87;0.468;1.499;2015.525;-0.231;6.725
940030;35.2;26.87;0.460;1.487;2009.161;-0.143;6.899
940130;35.2;26.87;0.462;1.479;2000.376;-0.085;6.968
940230;35.2;26.87;0.472;1.501;2008.396;-0.298;6.724
940330;35.2;26.87;0.473;1.510;2015.405;-0.346;6.570
940430;35.2;26.87;0.465;1.492;2006.820;-0.155;6.876
940530;35.1;26.87;0.443;1.477;2005.650;0.235;6.918
940630;35.1;26.87;0.457;1.477;1998.292;-0.023;6.996
940730;35.1;26.87;0.491;1.514;2005.521;-0.672;6.535
940830;35.1;26.87;0.482;1.520;2005.582;-0.529;6.459
940930;35.1;26.87;0.477;1.509;2010.537;-0.391;6.622
941030;35.1;26.87;0.484;1.516;2011.786;-0.539;6.580
941130;35.1;26.87;0.483;1.518;2009.107;-0.573;6.488
941230;35.1;26.87;0.481;1.514;2003.708;-0.534;6.567
941330;35.1;26.87;0.484;1.515;2003.316;-0.506;6.550
941430;35.1;26.87;0.491;1.529;2005.489;-0.733;6.371
941530;35.1;26.87;0.500;1.524;2014.927;-0.863;6.419
941630;35.1;26.87;0.477;1.509;2003.112;-0.392;6.668
941730;35.1;26.87;0.471;1.495;2011.150;-0.259;6.813
941830;35.1;26.87;0.462;1.487;2014.752;-0.088;6.900
941930;35.1;26.87;0.466;1.488;2008.019;-0.219;6.936
942030;35.1;26.87;0.475;1.508;2001.571;-0.356;6.667
942130;35.1;26.87;0.473;1.502;2009.746;-0.324;6.748
942230;35.1;26.87;0.483;1.518;2011.421;-0.527;6.556
942330;35.1;26.87;0.469;1.502;2011.107;-0.229;6.725
942430;35.1;26.87;0.457;1.484;1999.624;-0.048;6.962
942530;35.2;26.87;0.472;1.488;1999.945;-0.213;6.996
942630;35.2;26.87;0.489;1.527;2011.350;-0.631;6.425
942730;35.2;26.87;0.491;1.520;2008.829;-0.765;6.489
942830;35.2;26.87;0.474;1.496;2010.242;-0.319;6.843
942930;35.2;26.87;0.459;1.484;2008.883;-0.051;6.941
943030;35.1;26.87;0.457;1.484;2017.468;0.024;6.935
943130;35.1;26.87;0.446;1.472;1999.623;0.166;7.097
943230;35.1;26.87;0.438;1.478;1993.711;0.307;6.926
943330;35.1;26.87;0.449;1.479;2006.095;0.064;7.028
943430;35.1;26.87;0.457;1.484;2005.166;0.020;6.999
943530;35.1;26.87;0.447;1.474;2007.154;0.179;7.025
943630;35.1;26.87;0.417;1.496;1993.260;0.598;6.516
943730;35.1;26.87;0.447;1.471;1990.670;0.191;7.072
943830;35.2;26.87;0.469;1.500;2010.165;-0.252;6.815
943930;35.2;26.87;0.463;1.492;2001.477;-0.197;6.900
944030;35.1;26.87;0.479;1.509;1999.619;-0.429;6.696
944130;35.1;26.87;0.473;1.511;2018.854;-0.330;6.639
944230;35.1;26.87;0.468;1.497;2010.908;-0.233;6.805
944330;35.1;26.87;0.472;1.497;1994.694;-0.292;6.911
944430;35.1;26.87;0.471;1.502;2003.476;-0.276;6.790
944530;35.1;26.87;0.478;1.506;2016.895;-0.424;6.682
944630;35.1;26.87;0.478;1.501;2003.961;-0.344;6.815
944730;35.1;26.87;0.458;1.484;2002.945;0.004;6.975
944830;35.2;26.87;0.437;1.483;2011.193;0.350;6.855
944930;35.2;26.87;0.420;1.484;1993.923;0.604;6.747
945030;35.3;26.87;0.445;1.476;1996.401;0.191;7.011
945130;35.3;26.87;0.446;1.478;1999.374;0.166;7.031
945230;35.3;26.87;0.452;1.478;1999.331;0.089;7.037
945330;35.2;26.87;0.462;1.489;2013.387;-0.074;6.940
945430;35.2;26.87;0.434;1.477;2003.472;0.374;6.989
945530;35.2;26.87;0.434;1.469;1989.103;0.361;7.076
945630;35.2;26.87;0.461;1.485;1999.478;-0.081;6.971
945730;35.2;26.87;0.471;1.501;2013.622;-0.278;6.774
945830;35.2;26.87;0.477;1.501;2004.440;-0.308;6.845
945930;35.2;26.87;0.446;1.476;2006.136;0.186;7.073
946030;35.2;26.87;0.437;1.481;2008.878;0.323;6.923
946130;35.2;26.87;0.409;1.507;2003.355;0.731;6.334
946230;35.2;26.87;0.421;1.492;1989.680;0.555;6.665
946330;35.3;26.87;0.444;1.472;1994.951;0.206;7.071
946430;35.3;26.87;0.447;1.476;2006.105;0.206;7.047
946530;35.2;26.87;0.432;1.487;2011.587;0.382;6.791
946630;35.2;26.87;0.411;1.500;1995.764;0.701;6.456
946730;35.2;26.87;0.408;1.503;1981.389;0.712;6.376
946830;35.2;26.87;0.443;1.480;1999.245;0.274;6.957
946930;35.2;26.87;0.455;1.483;2007.729;0.035;6.998
947030;35.2;26.87;0.468;1.489;1993.021;-0.178;7.032
947130;35.2;26.87;0.469;1.504;2003.922;-0.277;6.786
947230;35.2;26.87;0.459;1.486;2025.497;-0.021;6.996
947330;35.2;26.87;0.444;1.475;2001.720;0.237;7.076
947430;35.2;26.87;0.442;1.485;1999.633;0.246;6.928
947530;35.1;26.87;0.447;1.479;1999.714;0.160;7.035
947630;35.1;26.87;0.451;1.477;2007.673;0.163;7.073
947730;35.1;26.87;0.432;1.491;2017.168;0.362;6.788
947830;35.1;26.87;0.411;1.509;1993.033;0.713;6.331
947930;35.1;26.87;0.413;1.532;1988.661;0.513;5.916
948030;35.2;26.87;0.405;1.531;1991.708;0.745;5.976
948130;35.2;26.87;0.419;1.503;1995.831;0.603;6.493
948230;35.2;26.87;0.435;1.474;1982.549;0.370;7.070
948330;35.1;26.87;0.448;1.480;2007.333;0.115;7.041
948430;35.1;26.87;0.429;1.492;2015.364;0.453;6.702
948530;35.2;26.87;0.408;1.529;1990.642;0.657;6.014
948630;35.2;26.87;0.428;1.482;1983.326;0.486;6.855
948730;35.2;26.87;0.451;1.482;2003.443;0.099;7.061
948830;35.2;26.87;0.457;1.481;2010.215;0.070;7.066
948930;35.2;26.87;0.442;1.480;2010.799;0.202;7.041
949030;35.2;26.87;0.423;1.492;1995.268;0.546;6.695
949130;35.2;26.87;0.408;1.521;1998.917;0.717;6.124
949230;35.2;26.87;0.415;1.543;1996.392;0.577;5.771
949330;35.2;26.87;0.415;1.498;1987.144;0.599;6.519
949430;35.2;26.87;0.432;1.476;1989.435;0.374;7.046
949530;35.2;26.87;0.422;1.494;2002.858;0.537;6.690
949630;35.2;26.87;0.421;1.500;2007.108;0.559;6.537
949730;35.2;26.87;0.409;1.531;1995.400;0.655;5.963
949830;35.2;26.87;0.411;1.511;1979.707;0.648;6.312
949930;35.2;26.87;0.427;1.487;2000.363;0.493;6.813
950030;35.3;26.87;0.434;1.478;2002.188;0.402;6.996
950130;35.3;26.87;0.440;1.484;2001.846;0.275;6.930
950230;35.3;26.87;0.433;1.480;1989.492;0.422;6.917
950330;35.3;26.87;0.411;1.514;2000.100;0.720;6.308
950430;35.3;26.87;0.419;1.510;1999.782;0.597;6.358
950530;35.2;26.87;0.418;1.493;1993.985;0.559;6.660
950630;35.2;26.87;0.432;1.476;1989.417;0.415;6.996
950730;35.2;26.87;0.418;1.506;2011.742;0.574;6.499
950830;35.2;26.87;0.413;1.530;1998.358;0.619;6.005
950930;35.2;26.87;0.412;1.532;1992.860;0.546;5.984
951030;35.2;26.87;0.422;1.540;1985.056;0.335;5.855
951130;35.2;26.87;0.411;1.539;1997.029;0.547;5.874
951230;35.2;26.87;0.412;1.519;1988.432;0.656;6.206
951330;35.3;26.87;0.421;1.495;1995.266;0.564;6.679
951430;35.3;26.87;0.412;1.514;1999.294;0.661;6.302
951530;35.3;26.87;0.412;1.540;2000.441;0.545;5.914
951630;35.3;26.87;0.411;1.542;1988.795;0.576;5.812
951730;35.3;26.87;0.427;1.475;1987.078;0.450;7.010
951830;35.3;26.87;0.441;1.470;1991.284;0.431;6.987
951930;35.3;26.87;0.442;1.494;2011.255;0.301;6.820
952030;35.3;26.87;0.418;1.506;2008.021;0.603;6.450
952130;35.3;26.87;0.405;1.519;1989.070;0.743;6.216
952230;35.3;26.87;0.428;1.539;1990.510;0.306;5.892
952330;35.3;26.87;0.408;1.538;1998.226;0.619;5.903
952430;35.3;26.87;0.413;1.517;1982.817;0.678;6.264
952530;35.3;26.87;0.415;1.517;1992.458;0.652;6.277
952630;35.3;26.87;0.418;1.541;2004.572;0.471;5.846
952730;35.3;26.87;0.449;1.542;2009.884;-0.165;5.897
952830;35.3;26.87;0.478;1.529;1996.711;-0.628;6.073
952930;35.3;26.87;0.412;1.531;1978.805;0.494;5.996
953030;35.4;26.87;0.410;1.528;1991.341;0.678;6.037
953130;35.4;26.87;0.407;1.542;2001.097;0.732;5.924
953230;35.4;26.87;0.408;1.522;1996.042;0.708;6.170
953330;35.3;26.87;0.405;1.528;1984.273;0.703;6.069
953430;35.3;26.87;0.414;1.543;1993.247;0.553;5.849
953530;35.2;26.87;0.412;1.521;1993.179;0.681;6.199
953630;35.2;26.87;0.416;1.506;1992.394;0.644;6.479
953730;35.2;26.87;0.408;1.520;1995.586;0.711;6.307
953830;35.2;26.87;0.417;1.546;2003.792;0.460;5.789
953930;35.2;26.87;0.431;1.534;1995.301;0.166;6.016
954030;35.2;26.87;0.458;1.537;2002.066;-0.307;6.032
954130;35.2;26.87;0.450;1.539;1981.090;-0.215;5.954
954230;35.2;26.87;0.425;1.536;1992.509;0.285;5.945
954330;35.3;26.87;0.412;1.550;1999.881;0.558;5.800
954430;35.3;26.87;0.407;1.530;1986.027;0.682;6.016
954530;35.3;26.87;0.427;1.539;1993.635;0.263;5.936
954630;35.3;26.87;0.455;1.537;2002.686;-0.222;6.003
954730;35.3;26.87;0.411;1.539;1986.310;0.576;5.955
954830;35.3;26.87;0.425;1.495;1993.083;0.520;6.662
954930;35.3;26.87;0.413;1.510;1989.829;0.668;6.413
955030;35.2;26.87;0.414;1.522;2005.139;0.664;6.240
955130;35.2;26.87;0.418;1.538;1992.894;0.417;5.958
955230;35.2;26.87;0.439;1.545;2001.779;0.034;5.896
955330;35.2;26.87;0.469;1.538;1988.277;-0.508;6.028
955430;35.2;26.87;0.461;1.535;1998.232;-0.342;6.021
955530;35.2;26.87;0.452;1.539;1998.350;-0.240;6.023
955630;35.2;26.87;0.442;1.545;1990.607;-0.032;5.870
955730;35.2;26.87;0.473;1.534;1997.531;-0.534;6.018
955830;35.2;26.87;0.483;1.525;2007.426;-0.604;6.195
955930;35.2;26.87;0.478;1.533;1993.736;-0.643;6.081
956030;35.2;26.87;0.412;1.534;1987.382;0.530;6.008
956130;35.2;26.87;0.425;1.547;1997.167;0.312;5.864
956230;35.2;26.87;0.407;1.532;1991.819;0.677;6.042
956330;35.3;26.87;0.413;1.529;1994.607;0.622;6.121
956430;35.3;26.87;0.424;1.548;1996.760;0.328;5.820
956530;35.3;26.87;0.430;1.541;1984.429;0.206;5.963
956630;35.3;26.87;0.413;1.531;1990.594;0.554;6.065
956730;35.3;26.87;0.413;1.546;1998.013;0.543;5.883
956830;35.2;26.87;0.430;1.545;1989.159;0.194;5.876
956930;35.2;26.87;0.457;1.536;1996.183;-0.291;6.019
957030;35.2;26.87;0.472;1.536;2010.622;-0.528;6.069
957130;35.2;26.87;0.486;1.532;1999.689;-0.717;6.120
957230;35.2;26.87;0.466;1.529;1989.603;-0.487;6.112
957330;35.2;26.87;0.459;1.536;1998.275;-0.338;6.038
957430;35.2;26.87;0.425;1.545;1994.195;0.258;5.918
957530;35.2;26.87;0.417;1.543;1993.608;0.461;5.934
957630;35.2;26.87;0.474;1.535;2005.018;-0.551;6.092
957730;35.2;26.87;0.482;1.533;1994.444;-0.679;6.124
957830;35.3;26.87;0.425;1.535;1981.345;0.177;6.007
957930;35.3;26.87;0.420;1.546;2003.941;0.415;5.862
958030;35.2;26.87;0.429;1.540;1987.357;0.202;5.983
958130;35.2;26.87;0.459;1.542;2002.297;-0.289;5.970
958230;35.2;26.87;0.473;1.536;1999.391;-0.531;6.081
958330;35.3;26.87;0.485;1.535;2008.074;-0.700;6.106
958430;35.3;26.87;0.476;1.522;1995.525;-0.543;6.220
958530;35.3;26.87;0.486;1.524;2000.407;-0.662;6.250
958630;35.3;26.87;0.476;1.538;1996.329;-0.570;6.039
958730;35.3;26.87;0.458;1.541;1991.781;-0.311;6.013
958830;35.2;26.87;0.481;1.523;2010.737;-0.607;6.290
958930;35.2;26.87;0.476;1.528;1998.863;-0.477;6.220
959030;35.2;26.87;0.464;1.539;1989.058;-0.401;5.979
959130;35.2;26.87;0.457;1.543;1993.509;-0.322;6.061
959230;35.2;26.87;0.462;1.537;1985.111;-0.361;6.045
959330;35.3;26.87;0.420;1.539;1994.320;0.412;6.008
959430;35.3;26.87;0.426;1.549;2009.001;0.270;5.881
959530;35.3;26.87;0.463;1.542;1995.203;-0.394;5.991
959630;35.3;26.87;0.461;1.531;1992.157;-0.402;6.108
959730;35.3;26.87;0.461;1.541;1996.990;-0.313;6.032
959830;35.3;26.87;0.436;1.548;1999.513;-0.061;5.999
959930;35.3;26.87;0.452;1.535;1990.224;-0.196;6.059
960030;35.4;26.87;0.485;1.530;2008.945;-0.713;6.218
960130;35.4;26.87;0.479;1.524;2011.609;-0.514;6.262
960230;35.4;26.87;0.480;1.524;1997.256;-0.541;6.186
960330;35.3;26.87;0.486;1.526;1994.818;-0.693;6.240
960430;35.3;26.87;0.481;1.527;1998.730;-0.589;6.209
960530;35.3;26.87;0.459;1.542;1996.041;-0.353;6.007
960630;35.3;26.87;0.475;1.537;2011.486;-0.605;6.124
960730;35.3;26.87;0.470;1.518;1997.177;-0.301;6.360
960830;35.3;26.93;0.477;1.519;1992.066;-0.506;6.255
960930;35.3;26.93;0.467;1.544;1995.386;-0.438;6.044
961030;35.3;26.93;0.433;1.544;1995.928;0.100;5.961
961130;35.3;26.93;0.435;1.537;1986.943;0.026;6.069
961230;35.3;26.93;0.490;1.529;2007.951;-0.780;6.241
961330;35.2;26.93;0.487;1.535;2005.194;-0.718;6.138
961430;35.2;26.93;0.477;1.525;2001.195;-0.562;6.218
961530;35.3;26.93;0.476;1.526;1995.180;-0.503;6.319
961630;35.3;26.93;0.477;1.535;1993.065;-0.598;6.131
961730;35.3;26.93;0.460;1.545;1998.773;-0.354;5.936
961830;35.3;26.87;0.485;1.529;2010.919;-0.657;6.223
961930;35.3;26.87;0.465;1.495;2004.351;-0.183;6.685
962030;35.3;26.87;0.456;1.498;2001.119;-0.119;6.625
962130;35.3;26.87;0.485;1.528;1994.842;-0.628;6.281
962230;35.3;26.87;0.483;1.534;1999.214;-0.707;6.158
962330;35.2;26.87;0.477;1.526;1987.191;-0.629;6.207
962430;35.2;26.87;0.486;1.532;2005.785;-0.734;6.186
962530;35.2;26.87;0.485;1.535;2004.538;-0.637;6.178
962630;35.2;26.87;0.474;1.527;2004.765;-0.507;6.257
962730;35.2;26.87;0.469;1.518;2004.344;-0.303;6.410
962830;35.2;26.87;0.482;1.523;1999.061;-0.647;6.294
962930;35.2;26.87;0.477;1.536;1998.477;-0.600;6.116
963030;35.2;26.87;0.475;1.526;2008.467;-0.384;6.317
963130;35.2;26.87;0.459;1.489;2004.573;-0.073;6.802
963230;35.2;26.87;0.442;1.483;2012.717;0.115;6.799
963330;35.3;26.87;0.457;1.491;2000.509;-0.073;6.780
963430;35.3;26.87;0.461;1.499;1995.853;-0.178;6.698
963530;35.2;26.87;0.465;1.511;1987.872;-0.265;6.450
963630;35.2;26.87;0.484;1.527;2008.347;-0.639;6.307
963730;35.2;26.87;0.470;1.521;2006.325;-0.273;6.405
963830;35.2;26.87;0.459;1.499;1997.459;-0.147;6.632
963930;35.2;26.87;0.478;1.513;1989.389;-0.492;6.460
964030;35.3;26.87;0.464;1.544;1997.872;-0.417;6.015
964130;35.3;26.87;0.433;1.539;1986.717;0.172;6.050
964230;35.3;26.87;0.474;1.543;2005.068;-0.538;6.093
964330;35.2;26.87;0.483;1.528;2003.736;-0.572;6.280
964430;35.2;26.87;0.461;1.508;2018.317;-0.174;6.518
964530;35.2;26.87;0.462;1.496;2001.740;-0.130;6.723
964630;35.2;26.87;0.470;1.506;1993.582;-0.327;6.579
964730;35.2;26.87;0.475;1.518;2001.810;-0.458;6.377
964830;35.2;26.87;0.466;1.523;2013.904;-0.237;6.388
964930;35.2;26.87;0.457;1.492;2010.783;-0.053;6.802
965030;35.2;26.87;0.431;1.481;1995.071;0.315;6.723
965130;35.2;26.87;0.449;1.481;1989.860;0.072;6.900
965230;35.2;26.87;0.471;1.520;2003.689;-0.357;6.423
965330;35.2;26.87;0.478;1.530;1996.506;-0.534;6.214
965430;35.2;26.87;0.475;1.523;2005.929;-0.449;6.402
965530;35.2;26.87;0.466;1.512;2009.413;-0.163;6.523
965630;35.2;26.87;0.458;1.499;2004.950;-0.099;6.687
965730;35.2;26.87;0.460;1.502;2004.731;-0.138;6.676
965830;35.2;26.93;0.466;1.508;1995.835;-0.237;6.570
965930;35.2;26.93;0.466;1.517;2009.603;-0.260;6.403
966030;35.2;26.93;0.462;1.507;2013.308;-0.144;6.676
966130;35.2;26.93;0.443;1.479;1999.092;0.216;6.921
966230;35.2;26.93;0.431;1.479;1999.514;0.315;6.830
966330;35.2;26.93;0.435;1.481;1992.051;0.329;6.872
966430;35.2;26.93;0.461;1.496;1996.262;-0.119;6.783
966530;35.1;26.93;0.469;1.513;1995.750;-0.326;6.462
966630;35.1;26.93;0.476;1.518;2001.942;-0.483;6.461
966730;35.1;26.93;0.470;1.522;2015.003;-0.308;6.393
966830;35.1;26.93;0.449;1.493;2010.409;0.026;6.741
966930;35.1;26.93;0.468;1.508;1986.548;-0.261;6.596
967030;35.2;26.93;0.486;1.536;1989.896;-0.701;6.227
967130;35.2;26.93;0.481;1.535;2006.406;-0.546;6.205
967230;35.2;26.93;0.485;1.534;2011.107;-0.644;6.286
967330;35.2;26.93;0.464;1.497;2009.681;-0.142;6.746
967430;35.2;26.93;0.443;1.485;2006.068;0.156;6.828
967530;35.3;26.93;0.434;1.491;2006.190;0.331;6.680
967630;35.3;26.93;0.443;1.485;2001.107;0.147;6.923
967730;35.3;26.93;0.455;1.490;1995.098;-0.070;6.799
967830;35.3;26.87;0.452;1.485;1999.200;0.044;6.869
967930;35.3;26.87;0.443;1.483;2010.550;0.195;6.867
968030;35.2;26.87;0.415;1.503;2002.733;0.559;6.387
968130;35.2;26.87;0.425;1.485;1982.041;0.473;6.733
968230;35.2;26.87;0.442;1.482;2002.552;0.153;6.954
968330;35.2;26.87;0.457;1.496;2011.063;-0.072;6.743
968430;35.2;26.87;0.462;1.507;2004.966;-0.228;6.658
968530;35.3;26.87;0.464;1.495;1996.552;-0.151;6.776
968630;35.3;26.87;0.447;1.488;2013.671;0.086;6.828
968730;35.3;26.87;0.441;1.483;2005.086;0.227;6.902
968830;35.2;26.87;0.457;1.491;2005.347;-0.085;6.868
968930;35.2;26.87;0.462;1.513;1992.488;-0.247;6.502
969030;35.2;26.87;0.459;1.503;2013.106;-0.093;6.720
969130;35.2;26.87;0.455;1.485;2013.759;0.018;6.924
969230;35.2;26.87;0.442;1.485;2002.868;0.163;6.858
969330;35.2;26.87;0.440;1.481;1995.264;0.249;6.933
969430;35.2;26.87;0.444;1.480;1999.380;0.112;6.989
969530;35.3;26.87;0.455;1.492;2008.289;-0.062;6.802
969630;35.3;26.87;0.465;1.501;2000.950;-0.178;6.748
969730;35.3;26.87;0.461;1.496;1998.554;-0.092;6.815
969830;35.3;26.93;0.433;1.490;2016.278;0.329;6.769
969930;35.3;26.93;0.429;1.482;1998.825;0.427;6.827
970030;35.2;26.93;0.452;1.484;1993.220;0.036;6.987
970130;35.2;26.93;0.459;1.502;2001.019;-0.135;6.668
970230;35.2;26.93;0.458;1.503;2011.234;-0.068;6.718
970330;35.3;26.93;0.455;1.491;2017.155;0.000;6.863
970430;35.3;26.93;0.428;1.488;2004.539;0.389;6.684
970530;35.3;26.93;0.421;1.490;1991.335;0.553;6.640
970630;35.3;26.93;0.405;1.515;1996.523;0.721;6.232
970730;35.3;26.93;0.417;1.492;1994.452;0.540;6.566
970830;35.2;26.87;0.437;1.486;2000.034;0.282;6.851
970930;35.2;26.87;0.424;1.484;1994.450;0.475;6.756
971030;35.3;26.87;0.405;1.529;2011.903;0.709;5.965
971130;35.3;26.87;0.405;1.533;1988.773;0.640;5.893
971230;35.3;26.87;0.423;1.485;1986.671;0.468;6.815
971330;35.3;26.87;0.430;1.482;1998.274;0.331;6.829
971430;35.3;26.87;0.443;1.490;2004.148;0.224;6.842
971530;35.3;26.87;0.452;1.488;2001.145;0.026;6.926
971630;35.3;26.87;0.456;1.502;1999.325;-0.144;6.716
971730;35.3;26.87;0.451;1.486;2010.242;0.075;6.869
971830;35.2;26.87;0.445;1.484;2001.493;0.170;6.954
971930;35.2;26.87;0.455;1.499;1997.588;-0.035;6.745
972030;35.3;26.87;0.463;1.512;2000.180;-0.159;6.621
972130;35.3;26.87;0.454;1.486;2010.130;0.018;6.925
972230;35.3;26.87;0.435;1.492;2012.441;0.275;6.766
972330;35.3;26.87;0.433;1.484;2008.501;0.345;6.854
972430;35.3;26.87;0.414;1.501;1996.300;0.599;6.458
972530;35.3;26.87;0.412;1.504;1993.950;0.607;6.416
972630;35.3;26.87;0.435;1.491;2001.668;0.327;6.741
972730;35.3;26.87;0.439;1.480;1998.374;0.227;6.962
972830;35.3;26.87;0.433;1.490;1995.813;0.260;6.768
972930;35.3;26.87;0.411;1.513;2001.803;0.672;6.258
973030;35.3;26.87;0.410;1.508;1992.601;0.676;6.304
973130;35.3;26.87;0.437;1.482;1993.540;0.263;6.894
973230;35.3;26.87;0.447;1.485;1998.191;0.141;6.961
973330;35.2;26.87;0.433;1.482;2012.784;0.362;6.929
973430;35.2;26.87;0.411;1.513;2009.007;0.610;6.292
973530;35.2;26.87;0.423;1.497;1995.167;0.480;6.592
973630;35.2;26.87;0.403;1.531;1992.642;0.733;5.991
973730;35.2;26.87;0.400;1.546;2000.379;0.654;5.701
973830;35.4;26.87;0.406;1.520;1990.888;0.690;6.179
973930;35.4;26.87;0.422;1.492;1995.876;0.549;6.635
974030;35.4;26.87;0.406;1.522;1998.372;0.654;6.101
974130;35.4;26.87;0.409;1.545;2000.295;0.613;5.767
974230;35.4;26.87;0.403;1.533;1986.453;0.690;5.956
974330;35.4;26.87;0.435;1.481;1991.431;0.276;6.894
974430;35.4;26.87;0.436;1.483;1998.945;0.312;6.961
974530;35.3;26.87;0.438;1.483;2005.717;0.231;6.959
974630;35.3;26.87;0.456;1.502;2008.578;-0.071;6.711
974730;35.3;26.87;0.458;1.497;2008.133;-0.030;6.839
974830;35.3;26.87;0.434;1.483;1994.732;0.356;6.931
974930;35.3;26.87;0.430;1.487;2005.654;0.339;6.831
975030;35.3;26.87;0.443;1.485;2001.976;0.203;6.941
975130;35.3;26.87;0.436;1.479;2001.204;0.307;6.993
975230;35.3;26.87;0.416;1.507;1998.245;0.585;6.418
975330;35.3;26.87;0.404;1.529;1996.904;0.764;6.040
975430;35.3;26.87;0.413;1.547;2001.129;0.472;5.729
975530;35.3;26.87;0.404;1.544;1996.308;0.540;5.745
975630;35.3;26.87;0.406;1.532;1988.960;0.683;5.958
975730;35.3;26.87;0.408;1.528;1998.063;0.545;5.916
975830;35.4;26.87;0.418;1.505;1997.075;0.527;6.485
975930;35.4;26.87;0.403;1.523;1997.068;0.757;6.143
976030;35.4;26.87;0.414;1.542;1995.107;0.430;5.826
976130;35.4;26.87;0.400;1.539;1994.052;0.691;5.837
976230;35.4;26.87;0.437;1.482;1991.128;0.318;6.947
976330;35.4;26.87;0.431;1.481;1991.760;0.348;6.914
976430;35.4;26.87;0.410;1.509;2009.015;0.637;6.413
976530;35.4;26.87;0.408;1.523;1994.812;0.714;6.149
976630;35.4;26.87;0.402;1.532;2004.367;0.756;5.995
976730;35.4;26.87;0.407;1.549;1993.122;0.475;5.664
976830;35.3;26.87;0.405;1.531;1985.687;0.666;5.968
976930;35.3;26.87;0.420;1.496;1999.629;0.503;6.614
977030;35.3;26.87;0.427;1.493;2000.374;0.390;6.770
977130;35.3;26.87;0.411;1.518;1992.526;0.673;6.286
977230;35.3;26.87;0.412;1.545;1998.917;0.528;5.806
977330;35.3;26.87;0.402;1.521;1988.281;0.717;6.118
977430;35.3;26.87;0.432;1.490;1992.364;0.386;6.849
977530;35.3;26.87;0.428;1.483;1988.466;0.459;6.874
977630;35.3;26.87;0.432;1.484;2001.278;0.320;6.924
977730;35.3;26.87;0.436;1.487;2007.260;0.361;6.780
977830;35.3;26.87;0.403;1.530;1992.505;0.775;6.035
977930;35.3;26.87;0.400;1.542;1986.994;0.653;5.822
978030;35.3;26.87;0.409;1.536;1992.560;0.654;5.943
978130;35.3;26.87;0.413;1.508;1993.986;0.642;6.454
978230;35.3;26.87;0.408;1.515;1998.571;0.676;6.323
978330;35.2;26.87;0.413;1.548;1992.878;0.454;5.734
978430;35.2;26.87;0.444;1.548;2007.085;-0.099;5.806
978530;35.4;26.87;0.457;1.541;2002.925;-0.372;5.893
978630;35.4;26.87;0.416;1.544;1981.279;0.414;5.822
978730;35.4;26.87;0.411;1.544;1987.346;0.540;5.853
978830;35.4;26.87;0.403;1.547;1996.902;0.632;5.747
978930;35.4;26.87;0.405;1.525;1995.503;0.716;6.155
979030;35.4;26.87;0.429;1.549;1998.997;0.161;5.738
979130;35.4;26.87;0.450;1.540;1990.358;-0.338;5.918
979230;35.4;26.87;0.407;1.518;1979.654;0.729;6.298
979330;35.4;26.87;0.431;1.490;1999.879;0.401;6.849
979430;35.4;26.87;0.434;1.485;1990.783;0.291;6.925
979530;35.4;26.87;0.416;1.506;2006.004;0.611;6.501
979630;35.4;26.87;0.408;1.530;1996.248;0.692;6.071
979730;35.4;26.87;0.418;1.552;2008.991;0.338;5.703
979830;35.4;26.87;0.418;1.545;1979.549;0.439;5.793
979930;35.4;26.87;0.401;1.529;1986.096;0.767;6.110
980030;35.3;26.87;0.404;1.521;2005.013;0.713;6.206
980130;35.3;26.87;0.406;1.525;1997.426;0.755;6.171
980230;35.3;26.87;0.418;1.546;1994.206;0.392;5.821
980330;35.3;26.87;0.446;1.539;1995.682;-0.209;5.907
980430;35.3;26.87;0.410;1.547;1986.048;0.575;5.821
980530;35.4;26.87;0.399;1.532;1995.663;0.757;6.099
980630;35.4;26.87;0.403;1.522;1984.639;0.721;6.188
980730;35.4;26.87;0.411;1.524;1996.643;0.680;6.214
980830;35.4;26.87;0.405;1.542;2003.811;0.695;5.883
980930;35.4;26.87;0.421;1.552;2001.521;0.245;5.734
981030;35.4;26.87;0.418;1.545;1977.847;0.382;5.851
981130;35.4;26.87;0.407;1.540;1987.812;0.612;5.919
981230;35.4;26.87;0.404;1.542;2005.179;0.646;5.850
981330;35.4;26.87;0.414;1.556;1999.641;0.464;5.733
981430;35.4;26.87;0.453;1.542;1993.731;-0.287;5.934
981530;35.4;26.87;0.488;1.532;2011.596;-0.837;6.108
981630;35.4;26.87;0.476;1.538;1993.841;-0.675;6.035
981730;35.4;26.87;0.433;1.540;1985.818;0.039;5.963
981830;35.4;26.87;0.416;1.545;1983.882;0.382;5.829
981930;35.4;26.87;0.408;1.544;1990.690;0.637;5.895
982030;35.3;26.87;0.412;1.552;2001.329;0.529;5.784
982130;35.3;26.87;0.438;1.546;2001.050;-0.115;5.887
982230;35.3;26.87;0.408;1.538;1968.861;0.595;5.949
982330;35.2;26.87;0.417;1.495;1995.862;0.519;6.712
982430;35.2;26.87;0.426;1.496;2003.133;0.427;6.720
982530;35.2;26.87;0.428;1.499;1997.746;0.462;6.795
982630;35.2;26.87;0.410;1.550;1995.624;0.571;5.797
982730;35.2;26.87;0.421;1.552;2009.393;0.279;5.753
982830;35.3;26.87;0.437;1.543;1991.752;0.024;5.895
982930;35.3;26.87;0.417;1.543;1993.832;0.316;5.935
983030;35.3;26.87;0.418;1.550;1992.043;0.347;5.738
983130;35.3;26.87;0.437;1.552;2002.191;0.020;5.842
983230;35.3;26.87;0.454;1.544;2007.161;-0.291;5.969
983330;35.2;26.87;0.497;1.526;2012.535;-0.918;6.214
983430;35.2;26.87;0.492;1.526;1985.604;-0.888;6.206
983530;35.3;26.87;0.423;1.548;1994.882;0.226;5.856
983630;35.3;26.87;0.417;1.552;1997.341;0.394;5.731
983730;35.3;26.87;0.422;1.548;1984.376;0.289;5.883
983830;35.4;26.87;0.431;1.546;1995.527;0.132;5.898
983930;35.4;26.87;0.449;1.556;2016.581;-0.238;5.762
984030;35.4;26.87;0.467;1.542;1997.319;-0.479;5.939
984130;35.4;26.87;0.443;1.546;1994.950;-0.145;5.899
984230;35.4;26.87;0.431;1.550;1993.021;0.068;5.802
984330;35.3;26.87;0.441;1.556;2007.780;-0.045;5.787
984430;35.3;26.87;0.487;1.534;2012.971;-0.817;6.084
984530;35.3;26.87;0.494;1.531;2006.237;-0.971;6.151
984630;35.3;26.87;0.497;1.525;1998.627;-0.858;6.258
984730;35.3;26.87;0.455;1.544;1996.963;-0.309;5.975
984830;35.4;26.87;0.418;1.558;2000.909;0.315;5.696
984930;35.4;26.87;0.408;1.547;1979.404;0.571;5.902
985030;35.4;26.87;0.414;1.546;1994.878;0.480;5.881
985130;35.4;26.87;0.443;1.550;2011.076;-0.177;5.886
985230;35.4;26.87;0.450;1.547;1993.503;-0.189;5.939
985330;35.4;26.87;0.407;1.540;1974.812;0.579;5.951
985430;35.4;26.87;0.401;1.534;2001.031;0.724;6.105
985530;35.4;26.87;0.405;1.534;1994.396;0.751;6.178
985630;35.4;26.87;0.424;1.547;2004.630;0.276;5.890
985730;35.4;26.87;0.483;1.535;2002.837;-0.844;6.133
985830;35.4;26.87;0.498;1.532;2005.146;-0.864;6.202
985930;35.4;26.87;0.495;1.537;2011.050;-0.882;6.091
986030;35.3;26.87;0.492;1.526;2004.021;-0.925;6.242
986130;35.3;26.87;0.482;1.538;1991.632;-0.721;6.107
986230;35.3;26.87;0.493;1.534;2010.319;-0.861;6.115
986330;35.4;26.87;0.488;1.523;2024.454;-0.688;6.258
986430;35.4;26.87;0.478;1.507;1997.808;-0.404;6.550
986530;35.3;26.87;0.490;1.527;1990.435;-0.858;6.251
986630;35.3;26.87;0.481;1.537;2013.078;-0.727;6.109
986730;35.3;26.87;0.481;1.538;2002.107;-0.714;6.143
986830;35.3;26.87;0.474;1.539;1997.390;-0.633;6.026
986930;35.3;26.87;0.483;1.541;2006.499;-0.779;6.048
987030;35.3;26.87;0.489;1.534;1998.840;-0.799;6.181
987130;35.3;26.87;0.468;1.543;2000.341;-0.491;6.039
987230;35.3;26.87;0.450;1.551;2001.692;-0.310;5.878
987330;35.4;26.87;0.450;1.547;1993.765;-0.182;5.971
987430;35.4;26.87;0.456;1.549;2010.077;-0.303;5.897
987530;35.3;26.87;0.475;1.545;2007.224;-0.675;6.003
987630;35.3;26.87;0.484;1.542;1997.598;-0.755;6.100
987730;35.3;26.87;0.494;1.524;2000.254;-0.861;6.327
987830;35.3;26.87;0.471;1.540;2007.693;-0.634;6.065
987930;35.3;26.87;0.464;1.548;1995.778;-0.430;5.970
988030;35.3;26.87;0.449;1.544;1992.890;-0.187;5.998
988130;35.3;26.87;0.492;1.536;2017.813;-0.900;6.160
988230;35.3;26.87;0.494;1.532;2008.560;-0.797;6.238
988330;35.3;26.87;0.492;1.528;2000.109;-0.872;6.249
988430;35.3;26.87;0.469;1.538;1997.081;-0.622;6.066
988530;35.3;26.87;0.472;1.540;2000.056;-0.588;6.089
988630;35.3;26.87;0.476;1.546;2016.156;-0.630;6.015
988730;35.3;26.87;0.488;1.524;2014.211;-0.680;6.321
988830;35.3;26.87;0.489;1.521;2003.863;-0.670;6.362
988930;35.3;26.87;0.470;1.494;2014.181;-0.256;6.722
989030;35.4;26.87;0.474;1.504;2007.856;-0.360;6.567
989130;35.4;26.87;0.481;1.513;2000.006;-0.499;6.530
989230;35.4;26.87;0.488;1.519;2004.487;-0.660;6.381
989330;35.4;26.87;0.470;1.503;2014.324;-0.277;6.628
989430;35.4;26.87;0.460;1.479;2009.543;-0.062;6.969
989530;35.3;26.87;0.466;1.489;2002.171;-0.225;6.784
989630;35.3;26.87;0.489;1.512;2001.219;-0.754;6.446
989730;35.3;26.87;0.496;1.524;2004.516;-0.787;6.353
989830;35.3;26.87;0.469;1.543;1999.046;-0.542;6.104
989930;35.3;26.87;0.452;1.550;2004.521;-0.299;5.971
990030;35.5;26.87;0.486;1.538;1998.027;-0.765;6.134
990130;35.5;26.87;0.483;1.540;2005.578;-0.740;6.128
990230;35.5;26.87;0.464;1.547;2003.004;-0.467;5.981
990330;35.5;26.87;0.444;1.551;1988.993;-0.069;5.965
990430;35.5;26.87;0.473;1.539;1997.309;-0.563;6.126
990530;35.4;26.87;0.496;1.537;2017.010;-0.925;6.179
990630;35.4;26.87;0.498;1.531;2005.175;-0.905;6.262
990730;35.4;26.87;0.484;1.522;2010.062;-0.568;6.390
990830;35.4;26.87;0.481;1.510;2008.567;-0.516;6.533
990930;35.4;26.87;0.490;1.530;2011.601;-0.678;6.314
991030;35.4;26.87;0.493;1.526;2004.731;-0.725;6.433
991130;35.4;26.87;0.496;1.530;2005.991;-0.944;6.266
991230;35.4;26.87;0.476;1.509;2012.357;-0.345;6.586
991330;35.4;26.87;0.471;1.497;2012.039;-0.229;6.721
991430;35.4;26.87;0.479;1.514;2006.084;-0.489;6.487
991530;35.4;26.87;0.491;1.538;1993.414;-0.800;6.192
991630;35.4;26.87;0.499;1.530;2006.195;-0.955;6.262
991730;35.4;26.87;0.491;1.525;2024.501;-0.753;6.379
991830;35.3;26.93;0.470;1.503;2008.246;-0.279;6.680
991930;35.3;26.93;0.461;1.488;2013.077;-0.092;6.877
992030;35.3;26.93;0.444;1.471;2006.620;0.171;6.978
992130;35.3;26.93;0.459;1.479;2000.847;-0.052;6.999
992230;35.3;26.93;0.480;1.507;2008.003;-0.457;6.604
992330;35.2;26.93;0.473;1.505;2003.879;-0.286;6.781
992430;35.2;26.93;0.460;1.478;2011.691;-0.028;6.999
992530;35.3;26.93;0.454;1.485;2013.381;0.045;6.851
992630;35.3;26.93;0.474;1.501;2004.093;-0.411;6.685
992730;35.3;26.93;0.490;1.520;1992.899;-0.680;6.461
992830;35.2;26.87;0.500;1.529;2007.235;-0.955;6.318
992930;35.2;26.87;0.447;1.553;1999.283;-0.217;5.945
993030;35.3;26.87;0.458;1.552;1998.459;-0.327;5.989
993130;35.3;26.87;0.497;1.525;2009.136;-0.792;6.383
993230;35.3;26.87;0.478;1.516;2016.059;-0.469;6.492
993330;35.3;26.87;0.493;1.527;1999.913;-0.764;6.389
993430;35.3;26.87;0.490;1.539;2002.954;-0.856;6.193
993530;35.3;26.87;0.490;1.523;2006.577;-0.669;6.389
993630;35.3;26.87;0.467;1.490;2017.492;-0.187;6.877
993730;35.3;26.87;0.449;1.486;2013.079;0.125;6.849
993830;35.4;26.87;0.445;1.474;2001.115;0.174;7.001
993930;35.4;26.87;0.453;1.472;1989.916;0.070;7.034
994030;35.3;26.87;0.466;1.489;2005.691;-0.203;6.875
994130;35.3;26.87;0.482;1.519;2009.144;-0.556;6.453
994230;35.3;26.87;0.483;1.516;2011.722;-0.485;6.538
994330;35.2;26.87;0.442;1.481;2005.111;0.303;6.864
994430;35.2;26.87;0.442;1.472;1997.973;0.229;6.979
994530;35.3;26.87;0.473;1.503;1998.735;-0.340;6.701
994630;35.3;26.87;0.486;1.516;2006.905;-0.622;6.506
994730;35.3;26.87;0.478;1.508;2006.150;-0.386;6.598
994830;35.3;26.87;0.469;1.486;2013.344;-0.157;6.935
994930;35.3;26.87;0.453;1.484;2008.602;0.074;6.940
995030;35.3;26.87;0.443;1.470;2001.381;0.190;7.022
995130;35.3;26.87;0.439;1.469;1992.294;0.312;7.066
995230;35.3;26.87;0.472;1.492;2007.434;-0.312;6.845
995330;35.4;26.87;0.482;1.516;2013.701;-0.511;6.540
995430;35.4;26.87;0.474;1.502;2005.366;-0.283;6.758
995530;35.4;26.87;0.452;1.484;2012.741;0.122;6.882
995630;35.4;26.87;0.448;1.469;2003.098;0.114;7.064
995730;35.4;26.87;0.479;1.509;1991.359;-0.424;6.643
995830;35.4;26.87;0.487;1.515;2004.280;-0.620;6.568
995930;35.4;26.87;0.485;1.516;2014.180;-0.558;6.536
996030;35.4;26.87;0.480;1.519;2010.121;-0.443;6.534
996130;35.4;26.87;0.475;1.506;2017.653;-0.315;6.693
996230;35.4;26.87;0.457;1.482;2007.078;-0.060;6.962
996330;35.4;26.87;0.451;1.473;2001.419;0.142;7.033
996430;35.4;26.87;0.465;1.492;2006.665;-0.158;6.880
996530;35.4;26.87;0.471;1.504;2013.071;-0.298;6.719
996630;35.4;26.87;0.447;1.475;2003.004;0.219;7.091
996730;35.4;26.87;0.428;1.490;2009.270;0.465;6.615
996830;35.4;26.87;0.417;1.498;2001.866;0.575;6.413
996930;35.4;26.87;0.429;1.480;1986.912;0.461;6.833
997030;35.5;26.87;0.434;1.478;1993.494;0.360;6.950
997130;35.5;26.87;0.441;1.476;2002.404;0.248;6.952
997230;35.5;26.87;0.453;1.477;2005.058;0.092;7.035
997330;35.6;26.87;0.438;1.480;2008.186;0.317;6.877
997430;35.6;26.87;0.421;1.490;1991.077;0.483;6.571
997530;35.5;26.87;0.438;1.471;1988.009;0.324;7.016
997630;35.5;26.87;0.476;1.505;2011.178;-0.341;6.725
997730;35.5;26.87;0.479;1.513;2007.204;-0.502;6.570
997830;35.4;26.87;0.472;1.493;2005.199;-0.246;6.878
997930;35.4;26.87;0.455;1.486;2010.918;0.031;6.940
998030;35.4;26.87;0.451;1.486;2015.030;0.089;6.900
998130;35.4;26.87;0.457;1.482;1997.694;-0.001;7.031
998230;35.4;26.87;0.466;1.490;2000.800;-0.174;6.939
998330;35.3;26.87;0.472;1.500;2010.732;-0.282;6.775
998430;35.3;26.87;0.467;1.494;2013.308;-0.201;6.909
998530;35.3;26.87;0.450;1.477;2012.017;0.132;6.988
998630;35.3;26.87;0.417;1.505;1996.627;0.595;6.308
998730;35.3;26.87;0.430;1.477;1985.028;0.440;6.875
998830;35.3;26.87;0.469;1.496;2007.968;-0.245;6.876
998930;35.3;26.87;0.468;1.492;2006.803;-0.238;6.867
999030;35.3;26.87;0.452;1.480;1999.888;0.082;7.001
999130;35.3;26.87;0.453;1.479;2012.277;0.049;7.038
999230;35.3;26.87;0.448;1.478;2007.469;0.137;6.984
999330;35.3;26.87;0.438;1.472;1992.777;0.322;7.065
999430;35.3;26.87;0.438;1.475;2000.064;0.273;7.037
999530;35.3;26.87;0.457;1.479;2012.160;0.007;6.997
999630;35.3;26.87;0.444;1.477;2008.909;0.220;7.035
999730;35.3;26.87;0.411;1.519;1996.795;0.654;6.094
999830;35.3;26.87;0.406;1.534;1995.323;0.683;5.842
999930;35.3;26.87;0.408;1.533;1988.941;0.632;5.875
1000030;35.3;26.87;0.415;1.493;1990.901;0.600;6.592
1000130;35.3;26.87;0.441;1.474;1993.994;0.251;6.969
1000230;35.3;26.87;0.438;1.473;1996.220;0.307;7.046
1000330;35.4;26.87;0.444;1.482;2011.345;0.240;6.923
1000430;35.4;26.87;0.421;1.488;1994.897;0.552;6.723
1000530;35.4;26.87;0.434;1.466;1980.979;0.357;7.141
1000630;35.4;26.87;0.465;1.491;2002.508;-0.229;6.941
1000730;35.4;26.87;0.477;1.513;2012.396;-0.392;6.636
1000830;35.3;26.87;0.484;1.524;2002.699;-0.572;6.566
1000930;35.3;26.87;0.459;1.491;2013.096;-0.005;6.878
1001030;35.4;26.87;0.448;1.479;2002.136;0.159;7.008
1001130;35.4;26.87;0.432;1.481;2004.146;0.430;6.896
1001230;35.4;26.87;0.430;1.487;2003.517;0.419;6.785
1001330;35.4;26.87;0.436;1.475;1992.575;0.333;6.941
1001430;35.4;26.87;0.432;1.480;1999.982;0.425;6.880
1001530;35.4;26.87;0.422;1.499;2009.258;0.547;6.519
1001630;35.4;26.87;0.406;1.530;1994.546;0.588;5.900
1001730;35.4;26.87;0.407;1.525;1974.847;0.640;6.000
1001830;35.4;26.87;0.424;1.494;1991.474;0.486;6.601
1001930;35.4;26.87;0.446;1.476;2008.446;0.202;6.960
1002030;35.4;26.87;0.436;1.476;1992.029;0.337;7.072
1002130;35.4;26.87;0.442;1.478;1999.313;0.253;6.987
1002230;35.4;26.87;0.434;1.483;2010.001;0.408;6.856
1002330;35.4;26.87;0.417;1.505;1992.671;0.628;6.337
1002430;35.4;26.87;0.421;1.503;1999.033;0.516;6.482
1002530;35.3;26.87;0.425;1.489;1989.076;0.521;6.679
1002630;35.3;26.87;0.421;1.494;2002.945;0.588;6.630
1002730;35.3;26.87;0.418;1.507;2005.912;0.546;6.397
1002830;35.3;26.87;0.408;1.515;1988.588;0.666;6.201
1002930;35.3;26.87;0.409;1.529;1985.683;0.610;5.933
1003030;35.4;26.87;0.407;1.537;1992.908;0.664;5.879
1003130;35.4;26.87;0.434;1.482;1991.463;0.353;6.859
1003230;35.4;26.87;0.433;1.473;1994.408;0.361;7.100
1003330;35.4;26.87;0.448;1.478;2001.367;0.148;7.069
1003430;35.4;26.87;0.447;1.484;2016.134;0.177;7.005
1003530;35.4;26.87;0.424;1.487;1996.722;0.508;6.731
1003630;35.4;26.87;0.447;1.482;1990.846;0.224;7.038
1003730;35.4;26.87;0.470;1.496;2005.276;-0.200;6.866
1003830;35.3;26.87;0.461;1.491;2013.607;-0.039;7.030
1003930;35.3;26.87;0.453;1.484;2014.318;0.073;7.005
1004030;35.3;26.87;0.430;1.479;1993.286;0.424;6.888
1004130;35.3;26.87;0.414;1.507;1997.876;0.675;6.374
1004230;35.3;26.87;0.406;1.540;1999.303;0.711;5.839
1004330;35.4;26.87;0.410;1.535;1987.367;0.568;5.874
1004430;35.4;26.87;0.406;1.521;1984.834;0.723;6.146
1004530;35.4;26.87;0.414;1.529;1997.877;0.581;5.992
1004630;35.4;26.87;0.410;1.541;1998.473;0.635;5.836
1004730;35.4;26.87;0.436;1.536;1992.873;0.058;5.906
1004830;35.4;26.87;0.418;1.541;1986.751;0.383;5.832
1004930;35.4;26.87;0.404;1.526;1996.261;0.730;6.072
1005030;35.5;26.87;0.406;1.533;1990.123;0.708;5.999
1005130;35.5;26.87;0.418;1.502;1986.591;0.584;6.461
1005230;35.5;26.87;0.415;1.496;1987.372;0.658;6.577
1005330;35.4;26.87;0.407;1.528;2000.759;0.748;6.021
1005430;35.4;26.87;0.412;1.537;1996.259;0.639;5.899
1005530;35.4;26.87;0.410;1.509;1987.982;0.719;6.329
1005630;35.4;26.87;0.416;1.495;1982.444;0.639;6.640
1005730;35.4;26.87;0.415;1.511;2004.396;0.602;6.316
1005830;35.5;26.87;0.413;1.506;1997.920;0.705;6.422
1005930;35.5;26.87;0.414;1.511;1992.879;0.657;6.348
1006030;35.6;26.87;0.410;1.526;1992.577;0.635;6.081
1006130;35.6;26.87;0.414;1.504;1993.096;0.683;6.458
1006230;35.6;26.87;0.426;1.485;2000.255;0.514;6.816
1006330;35.5;26.87;0.436;1.478;1993.501;0.335;6.996
1006430;35.5;26.87;0.435;1.480;2000.338;0.381;6.992
1006530;35.4;26.87;0.407;1.531;2006.805;0.738;6.006
1006630;35.4;26.87;0.410;1.543;1995.958;0.574;5.834
1006730;35.4;26.87;0.421;1.491;1983.568;0.552;6.677
1006830;35.4;26.93;0.428;1.482;1988.434;0.501;6.903
1006930;35.4;26.93;0.429;1.489;2013.921;0.431;6.842
1007030;35.5;26.93;0.414;1.520;2001.076;0.667;6.220
1007130;35.5;26.93;0.407;1.532;1992.004;0.631;5.970
1007230;35.5;26.93;0.450;1.540;2001.501;-0.188;5.908
1007330;35.4;26.93;0.460;1.540;1998.014;-0.332;5.916
1007430;35.4;26.93;0.419;1.535;1982.378;0.360;5.941
1007530;35.4;26.93;0.416;1.543;1995.050;0.462;5.808
1007630;35.4;26.93;0.439;1.543;1993.545;0.055;5.851
1007730;35.4;26.93;0.469;1.537;2010.279;-0.520;5.959
1007830;35.4;26.87;0.483;1.524;2004.790;-0.689;6.179
1007930;35.4;26.87;0.445;1.529;1973.711;-0.093;6.021
1008030;35.5;26.87;0.417;1.536;1988.201;0.439;5.930
1008130;35.5;26.87;0.411;1.534;2000.510;0.631;5.970
1008230;35.5;26.87;0.423;1.495;1994.063;0.538;6.672
1008330;35.5;26.87;0.414;1.496;1991.492;0.665;6.610
1008430;35.5;26.87;0.414;1.533;1999.797;0.605;5.983
1008530;35.5;26.87;0.410;1.513;1994.928;0.669;6.328
1008630;35.5;26.87;0.422;1.494;1986.139;0.592;6.696
1008730;35.5;26.87;0.438;1.479;1999.336;0.326;7.022
1008830;35.5;26.87;0.429;1.488;2008.743;0.484;6.842
1008930;35.5;26.87;0.404;1.526;1995.836;0.801;6.094
1009030;35.4;26.87;0.423;1.545;2001.438;0.369;5.811
1009130;35.4;26.87;0.429;1.536;1978.538;0.217;5.899
1009230;35.4;26.87;0.411;1.535;1990.449;0.593;5.957
1009330;35.4;26.87;0.409;1.543;2001.314;0.617;5.846
1009430;35.4;26.87;0.409;1.514;1990.101;0.714;6.344
1009530;35.4;26.87;0.409;1.535;1991.015;0.644;5.944
1009630;35.4;26.87;0.466;1.541;2007.903;-0.434;5.928
1009730;35.4;26.87;0.439;1.539;1989.747;0.018;5.905
1009830;35.4;26.87;0.404;1.523;1979.143;0.790;6.203
1009930;35.4;26.87;0.408;1.532;1993.823;0.666;6.069
1010030;35.3;26.87;0.413;1.534;2000.020;0.628;5.969
1010130;35.3;26.87;0.434;1.537;1998.761;0.101;5.942
1010230;35.3;26.87;0.468;1.539;2005.302;-0.433;5.996
1010330;35.4;26.87;0.478;1.516;1991.992;-0.506;6.279
1010430;35.4;26.87;0.476;1.531;1993.344;-0.583;6.048
1010530;35.4;26.87;0.444;1.541;2001.362;-0.086;5.916
1010630;35.4;26.87;0.438;1.541;1989.555;0.061;5.905
1010730;35.4;26.87;0.470;1.534;2003.196;-0.524;5.981
1010830;35.3;26.87;0.482;1.522;2010.260;-0.549;6.220
1010930;35.3;26.87;0.476;1.536;1990.190;-0.610;6.015
1011030;35.4;26.87;0.408;1.533;1970.728;0.688;6.020
1011130;35.4;26.87;0.409;1.526;1995.539;0.695;6.146
1011230;35.4;26.87;0.418;1.497;2000.587;0.605;6.644
1011330;35.5;26.87;0.418;1.503;1995.211;0.637;6.551
1011430;35.5;26.87;0.409;1.540;1991.608;0.681;5.956
1011530;35.4;26.87;0.412;1.542;1990.523;0.557;5.873
1011630;35.4;26.87;0.409;1.529;1989.914;0.668;6.124
1011730;35.4;26.87;0.414;1.506;2000.827;0.640;6.517
1011830;35.4;26.93;0.412;1.521;1990.237;0.658;6.228
1011930;35.4;26.93;0.430;1.541;2004.291;0.205;5.963
1012030;35.5;26.93;0.471;1.538;2010.540;-0.509;6.047
1012130;35.5;26.93;0.478;1.534;2002.006;-0.613;6.071
1012230;35.5;26.93;0.459;1.530;1984.398;-0.372;6.064
1012330;35.5;26.93;0.466;1.537;2004.291;-0.460;6.020
1012430;35.5;26.93;0.440;1.543;1990.720;0.031;5.887
1012530;35.5;26.93;0.426;1.535;1991.978;0.251;6.039
1012630;35.5;26.93;0.489;1.531;2007.460;-0.748;6.142
1012730;35.5;26.93;0.486;1.524;2002.135;-0.698;6.178
1012830;35.5;26.87;0.435;1.534;1986.411;0.068;6.050
1012930;35.5;26.87;0.423;1.545;2001.418;0.329;5.863
1013030;35.4;26.87;0.426;1.542;1981.055;0.307;5.891
1013130;35.4;26.87;0.441;1.540;2009.183;-0.020;5.984
1013230;35.4;26.87;0.486;1.538;2009.140;-0.713;6.041
1013330;35.4;26.87;0.487;1.525;2004.655;-0.690;6.206
1013430;35.4;26.87;0.483;1.520;1986.601;-0.676;6.213
1013530;35.4;26.87;0.466;1.537;1996.100;-0.486;6.038
1013630;35.4;26.87;0.444;1.544;1990.341;-0.044;5.924
1013730;35.4;26.87;0.423;1.543;1992.509;0.266;5.967
1013830;35.4;26.87;0.484;1.531;2007.990;-0.682;6.141
1013930;35.4;26.87;0.485;1.530;2002.712;-0.701;6.144
1014030;35.4;26.87;0.429;1.533;1980.703;0.176;6.033
1014130;35.4;26.87;0.405;1.536;1991.942;0.704;6.030
1014230;35.4;26.87;0.414;1.538;1986.748;0.570;5.955
1014330;35.4;26.87;0.408;1.541;1996.909;0.666;5.976
1014430;35.4;26.87;0.423;1.550;2004.969;0.387;5.819
1014530;35.4;26.87;0.464;1.541;1998.275;-0.403;6.003
1014630;35.4;26.87;0.463;1.529;1989.422;-0.423;6.142
1014730;35.4;26.87;0.447;1.543;1999.663;-0.112;5.954
1014830;35.4;26.87;0.432;1.548;1994.191;0.228;5.899
1014930;35.4;26.87;0.467;1.537;1998.973;-0.456;6.056
1015030;35.4;26.87;0.474;1.517;2010.521;-0.406;6.338
1015130;35.4;26.87;0.466;1.514;2011.662;-0.293;6.412
1015230;35.4;26.87;0.461;1.519;1996.558;-0.183;6.279
1015330;35.4;26.87;0.476;1.522;1998.169;-0.512;6.308
1015430;35.4;26.87;0.484;1.525;1997.740;-0.645;6.245
1015530;35.4;26.87;0.476;1.534;2003.615;-0.593;6.107
1015630;35.4;26.87;0.489;1.528;2011.914;-0.712;6.217
1015730;35.4;26.87;0.461;1.499;1999.762;-0.178;6.633
1015830;35.5;26.87;0.471;1.511;1987.270;-0.416;6.380
1015930;35.5;26.87;0.471;1.541;2000.729;-0.552;6.055
1016030;35.5;26.87;0.437;1.542;1990.833;0.046;5.977
1016130;35.5;26.87;0.429;1.537;1985.275;0.148;6.068
1016230;35.5;26.87;0.484;1.534;2010.131;-0.681;6.132
1016330;35.6;26.87;0.475;1.537;1999.229;-0.575;6.123
1016430;35.6;26.87;0.477;1.533;1997.449;-0.600;6.098
1016530;35.6;26.87;0.484;1.534;1999.252;-0.667;6.176
1016630;35.6;26.87;0.463;1.539;1989.299;-0.349;6.059
1016730;35.6;26.87;0.424;1.545;1991.069;0.236;5.981
1016830;35.6;26.87;0.465;1.540;2007.393;-0.402;6.051
1016930;35.6;26.87;0.477;1.522;1998.958;-0.441;6.395
1017030;35.6;26.87;0.477;1.525;1992.563;-0.521;6.222
1017130;35.6;26.87;0.460;1.544;1999.013;-0.324;6.074
1017230;35.6;26.87;0.461;1.540;1998.027;-0.332;6.038
1017330;35.6;26.87;0.469;1.536;1983.872;-0.503;6.066
1017430;35.6;26.87;0.479;1.537;2000.795;-0.578;6.102
1017530;35.5;26.87;0.474;1.537;2007.575;-0.552;6.121
1017630;35.5;26.87;0.478;1.531;1999.015;-0.583;6.168
1017730;35.5;26.87;0.474;1.524;2007.979;-0.438;6.319
1017830;35.5;26.87;0.481;1.524;2002.776;-0.597;6.284
1017930;35.5;26.87;0.475;1.528;2008.818;-0.498;6.217
1018030;35.5;26.87;0.464;1.499;2006.714;-0.181;6.637
1018130;35.5;26.87;0.460;1.491;1997.968;-0.105;6.743
1018230;35.5;26.87;0.451;1.489;2008.681;0.129;6.704
1018330;35.5;26.87;0.455;1.490;2003.080;-0.044;6.777
1018430;35.5;26.87;0.470;1.504;1995.211;-0.307;6.540
1018530;35.5;26.87;0.463;1.510;1993.297;-0.247;6.461
1018630;35.5;26.87;0.483;1.525;2011.111;-0.580;6.308
1018730;35.5;26.87;0.474;1.525;2004.057;-0.392;6.309
1018830;35.5;26.87;0.466;1.517;1994.305;-0.332;6.385
1018930;35.5;26.87;0.487;1.522;1993.041;-0.687;6.363
1019030;35.5;26.87;0.448;1.543;1996.013;-0.158;6.019
1019130;35.5;26.87;0.419;1.544;1985.441;0.429;5.993
1019230;35.5;26.87;0.467;1.545;2001.076;-0.389;6.016
1019330;35.5;26.87;0.487;1.532;2000.114;-0.685;6.234
1019430;35.5;26.87;0.480;1.534;2005.387;-0.597;6.147
1019530;35.5;26.87;0.486;1.528;2005.334;-0.650;6.285
1019630;35.5;26.87;0.479;1.517;1994.736;-0.516;6.403
1019730;35.5;26.87;0.480;1.524;1997.904;-0.594;6.304
1019830;35.5;26.87;0.487;1.526;2008.435;-0.582;6.286
1019930;35.5;26.87;0.474;1.514;2009.982;-0.355;6.483
1020030;35.4;26.87;0.451;1.494;1997.643;-0.044;6.717
1020130;35.4;26.87;0.463;1.503;1996.060;-0.134;6.600
1020230;35.4;26.87;0.488;1.531;2001.918;-0.652;6.306
1020330;35.5;26.87;0.476;1.528;1999.735;-0.545;6.281
1020430;35.5;26.87;0.476;1.521;1997.111;-0.474;6.390
1020530;35.6;26.87;0.475;1.530;2010.215;-0.445;6.312
1020630;35.6;26.87;0.463;1.518;2010.736;-0.245;6.408
1020730;35.6;26.87;0.471;1.515;2000.237;-0.297;6.452
1020830;35.6;26.87;0.472;1.509;1994.841;-0.351;6.553
1020930;35.6;26.87;0.467;1.517;2000.633;-0.287;6.431
1021030;35.5;26.87;0.470;1.516;2014.133;-0.273;6.477
1021130;35.5;26.87;0.456;1.490;2006.483;-0.053;6.870
1021230;35.5;26.87;0.441;1.483;1998.881;0.158;6.796
1021330;35.6;26.87;0.447;1.479;2003.387;0.135;6.931
1021430;35.6;26.87;0.468;1.504;1995.852;-0.269;6.604
1021530;35.6;26.87;0.466;1.519;1994.907;-0.303;6.374
1021630;35.6;26.87;0.484;1.521;1997.775;-0.609;6.394
1021730;35.6;26.87;0.482;1.535;2002.954;-0.621;6.244
1021830;35.6;26.87;0.474;1.520;2007.141;-0.451;6.364
1021930;35.6;26.87;0.474;1.516;1998.154;-0.408;6.489
1022030;35.5;26.87;0.487;1.535;1983.118;-0.719;6.172
1022130;35.5;26.87;0.462;1.539;1995.504;-0.345;6.149
1022230;35.5;26.87;0.459;1.543;2009.145;-0.339;6.131
1022330;35.5;26.87;0.480;1.529;2005.118;-0.527;6.317
1022430;35.5;26.87;0.468;1.525;2002.635;-0.356;6.322
1022530;35.6;26.87;0.459;1.491;2015.124;-0.052;6.837
1022630;35.6;26.87;0.460;1.497;2001.752;-0.107;6.745
1022730;35.6;26.87;0.457;1.507;1997.163;-0.138;6.609
1022830;35.5;26.87;0.461;1.502;2002.771;-0.136;6.676
1022930;35.5;26.87;0.457;1.494;2008.469;-0.038;6.805
1023030;35.5;26.87;0.433;1.483;2006.782;0.309;6.800
1023130;35.5;26.87;0.433;1.481;1991.007;0.305;6.856
1023230;35.5;26.87;0.453;1.480;1992.135;0.029;6.987
1023330;35.5;26.87;0.459;1.508;2007.082;-0.153;6.629
1023430;35.5;26.87;0.475;1.520;2002.349;-0.460;6.429
1023530;35.6;26.87;0.479;1.526;1994.619;-0.518;6.346
1023630;35.6;26.87;0.463;1.510;2013.463;-0.189;6.537
1023730;35.6;26.87;0.457;1.497;2008.326;-0.010;6.748
1023830;35.5;26.87;0.465;1.502;2006.308;-0.207;6.687
1023930;35.5;26.87;0.462;1.522;1992.256;-0.288;6.414
1024030;35.5;26.87;0.480;1.521;2012.783;-0.479;6.422
1024130;35.5;26.87;0.476;1.526;2006.570;-0.405;6.354
1024230;35.5;26.87;0.459;1.499;2008.648;-0.133;6.714
1024330;35.5;26.87;0.454;1.490;1999.314;0.008;6.869
1024430;35.5;26.87;0.452;1.482;2002.704;0.019;6.957
1024530;35.5;26.87;0.461;1.516;2001.441;-0.205;6.480
1024630;35.5;26.87;0.481;1.522;1999.573;-0.537;6.423
1024730;35.5;26.87;0.484;1.531;1989.245;-0.624;6.301
1024830;35.5;26.87;0.466;1.526;2022.152;-0.255;6.346
1024930;35.5;26.87;0.447;1.487;2004.970;0.145;6.898
1025030;35.5;26.87;0.464;1.511;1998.270;-0.235;6.616
1025130;35.5;26.87;0.477;1.530;1994.905;-0.575;6.298
1025230;35.5;26.87;0.483;1.527;2012.940;-0.529;6.357
1025330;35.5;26.87;0.477;1.533;2014.713;-0.466;6.304
1025430;35.5;26.87;0.454;1.497;2007.555;-0.036;6.772
1025530;35.5;26.87;0.445;1.482;2001.553;0.208;6.908
1025630;35.5;26.87;0.417;1.498;2002.759;0.578;6.489
1025730;35.5;26.87;0.431;1.485;1995.601;0.329;6.801
1025830;35.5;26.87;0.451;1.485;2001.471;0.100;6.900
1025930;35.5;26.87;0.446;1.477;2000.542;0.164;6.989
1026030;35.5;26.87;0.426;1.497;2013.100;0.390;6.622
1026130;35.5;26.87;0.409;1.508;1998.262;0.717;6.333
1026230;35.5;26.87;0.428;1.481;1985.397;0.388;6.799
1026330;35.5;26.87;0.435;1.483;1994.909;0.261;6.858
1026430;35.5;26.87;0.453;1.486;2002.975;0.068;6.899
1026530;35.4;26.87;0.469;1.514;2004.425;-0.272;6.578
1026630;35.4;26.87;0.455;1.514;1998.717;-0.161;6.562
1026730;35.4;26.87;0.458;1.486;2009.284;-0.014;6.930
1026830;35.5;26.87;0.448;1.490;2006.251;0.107;6.862
1026930;35.5;26.87;0.452;1.499;1996.188;-0.039;6.750
1027030;35.5;26.87;0.474;1.522;1998.895;-0.398;6.495
1027130;35.5;26.87;0.469;1.511;2008.641;-0.231;6.635
1027230;35.5;26.87;0.447;1.496;2013.430;0.076;6.800
1027330;35.5;26.87;0.447;1.490;2004.879;0.176;6.838
1027430;35.5;26.87;0.444;1.479;1992.077;0.182;6.989
1027530;35.5;26.87;0.448;1.487;1998.772;0.163;6.830
1027630;35.5;26.87;0.463;1.496;2006.494;-0.102;6.838
1027730;35.5;26.87;0.464;1.505;2000.393;-0.182;6.727
1027830;35.5;26.87;0.452;1.495;2007.210;-0.054;6.834
1027930;35.5;26.87;0.434;1.486;2010.946;0.380;6.801
1028030;35.5;26.87;0.425;1.484;1991.912;0.470;6.835
1028130;35.5;26.87;0.456;1.504;1993.360;-0.116;6.724
1028230;35.5;26.87;0.464;1.511;2007.591;-0.167;6.611
1028330;35.5;26.87;0.468;1.493;2011.232;-0.202;6.894
1028430;35.5;26.87;0.441;1.496;2020.600;0.179;6.766
1028530;35.5;26.87;0.426;1.488;1999.228;0.474;6.814
1028630;35.5;26.87;0.406;1.518;1991.502;0.701;6.189
1028730;35.5;26.87;0.405;1.523;1998.534;0.687;6.069
1028830;35.5;26.87;0.429;1.487;1997.209;0.423;6.798
1028930;35.5;26.87;0.429;1.483;1997.330;0.400;6.902
1029030;35.5;26.87;0.418;1.501;2002.679;0.495;6.537
1029130;35.5;26.87;0.408;1.540;2005.157;0.654;5.814
1029230;35.5;26.87;0.410;1.538;1990.846;0.481;5.845
1029330;35.5;26.87;0.427;1.486;1985.569;0.366;6.804
1029430;35.5;26.87;0.447;1.486;2003.316;0.115;6.962
1029530;35.5;26.87;0.450;1.485;2005.158;0.094;6.955
1029630;35.5;26.87;0.453;1.501;2006.016;-0.028;6.777
1029730;35.5;26.87;0.468;1.510;2009.400;-0.189;6.659
1029830;35.5;26.87;0.447;1.485;1999.880;0.188;7.015
1029930;35.5;26.87;0.452;1.495;2003.321;0.000;6.831
1030030;35.5;26.87;0.460;1.510;2004.367;-0.112;6.738
1030130;35.5;26.87;0.468;1.512;1998.898;-0.242;6.644
1030230;35.5;26.87;0.438;1.488;2008.331;0.241;6.892
1030330;35.5;26.87;0.431;1.492;2006.767;0.426;6.740
1030430;35.5;26.87;0.419;1.500;1994.721;0.572;6.547
1030530;35.5;26.87;0.419;1.489;1988.864;0.476;6.773
1030630;35.5;26.87;0.443;1.486;1996.631;0.227;6.970
1030730;35.5;26.87;0.442;1.483;2003.298;0.222;6.957
1030830;35.5;26.87;0.449;1.493;2004.186;0.051;6.862
1030930;35.5;26.87;0.443;1.487;2004.286;0.217;6.938
1031030;35.5;26.87;0.410;1.514;1994.971;0.689;6.308
1031130;35.5;26.87;0.426;1.488;1996.444;0.405;6.810
1031230;35.5;26.87;0.457;1.500;2005.909;-0.087;6.842
1031330;35.5;26.87;0.460;1.488;1996.900;-0.066;6.988
1031430;35.5;26.87;0.438;1.497;2009.940;0.276;6.765
1031530;35.5;26.87;0.410;1.521;1999.152;0.717;6.204
1031630;35.5;26.87;0.406;1.517;1998.236;0.705;6.278
1031730;35.5;26.87;0.399;1.532;1983.982;0.695;5.924
1031830;35.6;26.87;0.399;1.526;1995.183;0.783;6.099
1031930;35.6;26.87;0.414;1.504;1990.357;0.646;6.454
1032030;35.7;26.87;0.424;1.495;2001.450;0.431;6.694
1032130;35.7;26.87;0.409;1.520;1993.462;0.730;6.202
1032230;35.7;26.87;0.421;1.547;1998.897;0.323;5.794
1032330;35.7;26.87;0.404;1.526;1986.781;0.661;6.064
1032430;35.7;26.87;0.452;1.492;1998.146;0.045;6.930
1032530;35.6;26.87;0.452;1.480;1996.014;0.056;7.050
1032630;35.6;26.87;0.444;1.494;2006.683;0.122;6.859
1032730;35.6;26.87;0.452;1.492;2005.205;0.115;6.929
1032830;35.6;26.87;0.442;1.485;2001.390;0.197;7.020
1032930;35.6;26.87;0.427;1.483;1994.104;0.387;6.902
1033030;35.5;26.87;0.440;1.489;2000.576;0.287;6.908
1033130;35.5;26.87;0.451;1.487;2003.387;0.112;6.956
1033230;35.5;26.87;0.431;1.491;2004.202;0.306;6.889
1033330;35.5;26.87;0.418;1.506;1999.053;0.587;6.508
1033430;35.5;26.87;0.409;1.522;2000.879;0.647;6.206
1033530;35.5;26.87;0.405;1.550;2004.086;0.618;5.696
1033630;35.5;26.87;0.405;1.517;1986.628;0.767;6.304
1033730;35.5;26.87;0.419;1.500;1990.654;0.569;6.585
1033830;35.6;26.87;0.418;1.506;1999.968;0.522;6.543
1033930;35.6;26.87;0.434;1.489;2003.032;0.370;6.863
1034030;35.6;26.87;0.408;1.538;1997.109;0.630;5.924
1034130;35.6;26.87;0.398;1.547;1987.622;0.679;5.767
1034230;35.6;26.87;0.414;1.509;1989.383;0.661;6.467
1034330;35.7;26.87;0.435;1.489;2003.980;0.368;6.928
1034430;35.7;26.87;0.426;1.489;1993.023;0.370;6.921
1034530;35.6;26.87;0.417;1.502;2001.743;0.648;6.559
1034630;35.6;26.87;0.405;1.527;1995.498;0.733;6.135
1034730;35.6;26.87;0.402;1.547;2004.995;0.678;5.785
1034830;35.6;26.87;0.408;1.541;1979.959;0.622;5.890
1034930;35.6;26.87;0.410;1.539;1990.887;0.585;5.921
1035030;35.7;26.87;0.399;1.532;2002.021;0.756;6.061
1035130;35.7;26.87;0.410;1.509;1996.660;0.718;6.461
1035230;35.7;26.87;0.407;1.542;1990.729;0.619;5.887
1035330;35.6;26.87;0.422;1.551;1995.981;0.219;5.706
1035430;35.6;26.87;0.411;1.515;1989.816;0.690;6.380
1035530;35.6;26.87;0.418;1.501;1996.579;0.594;6.635
1035630;35.6;26.87;0.417;1.495;1987.148;0.517;6.729
1035730;35.6;26.87;0.444;1.486;2002.355;0.222;6.977
1035830;35.6;26.87;0.434;1.493;2004.389;0.341;6.881
1035930;35.6;26.87;0.407;1.518;1999.100;0.662;6.273
1036030;35.6;26.87;0.416;1.507;1989.351;0.622;6.505
1036130;35.6;26.87;0.416;1.502;1995.643;0.637;6.602
1036230;35.6;26.87;0.414;1.509;2005.993;0.579;6.485
1036330;35.6;26.87;0.414;1.518;1998.335;0.657;6.300
1036430;35.6;26.87;0.408;1.543;1987.204;0.616;5.928
1036530;35.6;26.87;0.425;1.557;2009.231;0.186;5.704
1036630;35.6;26.87;0.439;1.551;1999.092;-0.036;5.858
1036730;35.6;26.87;0.414;1.539;1987.593;0.420;5.948
1036830;35.6;26.87;0.415;1.555;1990.797;0.359;5.715
1036930;35.6;26.87;0.414;1.545;1995.149;0.472;5.838
1037030;35.6;26.87;0.408;1.546;1996.699;0.664;5.895
1037130;35.6;26.87;0.452;1.547;2003.620;-0.299;5.859
1037230;35.6;26.87;0.431;1.545;1976.781;0.138;5.884
1037330;35.6;26.87;0.407;1.521;1987.962;0.675;6.250
1037430;35.6;26.87;0.420;1.499;1997.574;0.472;6.695
1037530;35.6;26.87;0.422;1.495;1996.896;0.504;6.800
1037630;35.6;26.87;0.408;1.545;1994.432;0.664;5.895
1037730;35.6;26.87;0.411;1.559;2011.141;0.467;5.641
1037830;35.6;26.87;0.429;1.550;1996.669;0.164;5.867
1037930;35.6;26.87;0.421;1.544;1987.852;0.309;5.915
1038030;35.6;26.87;0.410;1.555;1987.891;0.475;5.723
1038130;35.6;26.87;0.407;1.537;1996.000;0.667;5.968
1038230;35.6;26.87;0.409;1.551;1998.423;0.589;5.826
1038330;35.6;26.87;0.440;1.551;2001.064;-0.126;5.867
1038430;35.6;26.87;0.430;1.546;1981.577;0.160;5.903
1038530;35.6;26.87;0.407;1.529;1996.117;0.679;6.121
1038630;35.6;26.87;0.405;1.532;1996.635;0.699;6.101
1038730;35.6;26.87;0.422;1.495;1986.582;0.520;6.783
1038830;35.6;26.87;0.418;1.502;1994.549;0.576;6.699
1038930;35.6;26.87;0.406;1.532;2009.503;0.721;6.155
1039030;35.6;26.87;0.412;1.545;1994.506;0.555;5.928
1039130;35.6;26.87;0.419;1.544;1988.135;0.345;5.921
1039230;35.6;26.87;0.411;1.553;1992.072;0.455;5.760
1039330;35.6;26.87;0.412;1.552;2005.914;0.518;5.822
1039430;35.6;26.87;0.435;1.546;1999.863;0.085;5.929
1039530;35.6;26.87;0.486;1.533;2007.246;-0.881;6.153
1039630;35.6;26.87;0.495;1.527;2005.226;-0.804;6.232
1039730;35.6;26.87;0.487;1.532;2006.181;-0.815;6.145
1039830;35.6;26.87;0.456;1.553;1999.923;-0.351;5.852
1039930;35.6;26.87;0.427;1.547;1977.179;0.205;5.895
1040030;35.6;26.87;0.415;1.549;1993.056;0.445;5.897
1040130;35.6;26.87;0.450;1.556;2017.548;-0.264;5.800
1040230;35.6;26.87;0.483;1.539;2001.234;-0.734;6.087
1040330;35.5;26.87;0.426;1.540;1976.845;0.160;6.024
1040430;35.5;26.87;0.403;1.554;1994.823;0.679;5.776
1040530;35.5;26.87;0.407;1.530;2001.050;0.718;6.189
1040630;35.5;26.87;0.404;1.546;1997.083;0.658;5.956
1040730;35.5;26.87;0.431;1.551;1998.815;0.053;5.835
1040830;35.6;26.87;0.465;1.546;2003.669;-0.578;5.992
1040930;35.6;26.87;0.464;1.544;2003.183;-0.487;6.031
1041030;35.6;26.87;0.427;1.553;1992.290;0.099;5.837
1041130;35.6;26.87;0.410;1.547;1981.730;0.582;5.915
1041230;35.6;26.87;0.415;1.548;1997.941;0.482;5.916
1041330;35.6;26.87;0.445;1.557;2018.490;-0.215;5.799
1041430;35.6;26.87;0.489;1.540;2004.809;-0.825;6.125
1041530;35.6;26.87;0.461;1.534;1977.587;-0.419;6.156
1041630;35.6;26.87;0.428;1.560;2001.183;0.158;5.796
1041730;35.6;26.87;0.411;1.549;1997.500;0.516;5.916
1041830;35.5;26.87;0.415;1.545;1982.816;0.483;5.904
1041930;35.5;26.87;0.423;1.555;2002.132;0.208;5.780
1042030;35.6;26.87;0.457;1.548;2006.903;-0.298;5.964
1042130;35.6;26.87;0.453;1.549;2001.726;-0.419;6.014
1042230;35.6;26.87;0.463;1.545;1996.985;-0.496;6.014
1042330;35.6;26.87;0.433;1.552;1991.295;0.116;5.898
1042430;35.6;26.87;0.447;1.547;2002.883;-0.144;5.951
1042530;35.6;26.87;0.492;1.542;2017.302;-0.932;6.051
1042630;35.6;26.87;0.495;1.533;2001.240;-0.845;6.226
1042730;35.6;26.87;0.493;1.524;2000.466;-0.820;6.293
1042830;35.5;26.87;0.481;1.534;2005.707;-0.783;6.203
1042930;35.5;26.87;0.456;1.549;1996.588;-0.311;5.963
1043030;35.5;26.87;0.435;1.544;1988.217;0.074;6.000
1043130;35.5;26.87;0.464;1.550;2015.889;-0.575;5.978
1043230;35.5;26.87;0.494;1.538;2008.254;-0.781;6.158
1043330;35.6;26.87;0.491;1.531;1994.922;-0.880;6.216
1043430;35.6;26.87;0.409;1.549;1977.932;0.479;5.887
1043530;35.6;26.87;0.410;1.547;1992.539;0.553;5.985
1043630;35.6;26.87;0.410;1.548;1997.638;0.617;5.902
1043730;35.6;26.87;0.449;1.558;2014.420;-0.247;5.837
1043830;35.5;26.87;0.464;1.546;1991.405;-0.443;6.035
1043930;35.5;26.87;0.495;1.534;2008.368;-0.877;6.195
1044030;35.6;26.87;0.470;1.541;2003.785;-0.620;6.078
1044130;35.6;26.87;0.450;1.550;1998.207;-0.315;5.990
1044230;35.6;26.87;0.455;1.544;1992.336;-0.287;6.026
1044330;35.5;26.87;0.498;1.537;2025.193;-0.975;6.200
1044430;35.5;26.87;0.485;1.513;2013.257;-0.527;6.549
1044530;35.5;26.87;0.480;1.508;2003.369;-0.510;6.577
1044630;35.5;26.87;0.484;1.533;1990.265;-0.841;6.203
1044730;35.5;26.87;0.484;1.543;2004.626;-0.761;6.103
1044830;35.6;26.87;0.469;1.545;1997.237;-0.485;6.064
1044930;35.6;26.87;0.477;1.544;2009.844;-0.727;6.094
1045030;35.6;26.87;0.493;1.532;1998.053;-0.760;6.249
1045130;35.6;26.87;0.495;1.527;2008.434;-0.824;6.331
1045230;35.6;26.87;0.495;1.534;2008.702;-0.958;6.249
1045330;35.6;26.87;0.470;1.547;1995.335;-0.529;6.025
1045430;35.6;26.87;0.487;1.538;2000.639;-0.781;6.141
1045530;35.6;26.87;0.498;1.534;2026.269;-0.918;6.267
1045630;35.6;26.87;0.483;1.519;2007.003;-0.527;6.466
1045730;35.6;26.87;0.481;1.512;2003.060;-0.464;6.515
1045830;35.6;26.87;0.489;1.516;2001.432;-0.656;6.435
1045930;35.6;26.87;0.495;1.537;2004.937;-0.852;6.217
1046030;35.7;26.87;0.488;1.541;2001.995;-0.798;6.147
1046130;35.7;26.87;0.484;1.540;2002.550;-0.868;6.164
1046230;35.7;26.87;0.493;1.525;2011.918;-0.716;6.371
1046330;35.7;26.87;0.485;1.517;2005.103;-0.565;6.460
1046430;35.7;26.87;0.476;1.545;2002.389;-0.715;6.069
1046530;35.5;26.87;0.427;1.557;1987.393;0.237;5.894
1046630;35.5;26.87;0.435;1.546;1995.901;0.072;6.035
1046730;35.5;26.87;0.447;1.557;2021.323;-0.216;5.887
1046830;35.5;26.87;0.493;1.535;2008.087;-0.843;6.218
1046930;35.5;26.87;0.493;1.529;2008.487;-0.758;6.339
1047030;35.6;26.87;0.479;1.515;2011.183;-0.445;6.479
1047130;35.6;26.87;0.486;1.527;2004.064;-0.654;6.378
1047230;35.6;26.87;0.489;1.528;2009.855;-0.673;6.368
1047330;35.6;26.87;0.479;1.514;2010.934;-0.494;6.545
1047430;35.6;26.87;0.469;1.493;2013.334;-0.213;6.814
1047530;35.6;26.87;0.462;1.482;2014.106;-0.092;6.941
1047630;35.6;26.87;0.475;1.508;2001.785;-0.426;6.625
1047730;35.6;26.87;0.490;1.525;1997.980;-0.732;6.442
1047830;35.6;26.87;0.494;1.523;2004.386;-0.747;6.417
1047930;35.6;26.87;0.492;1.535;2008.164;-0.923;6.255
1048030;35.6;26.87;0.486;1.539;1997.485;-0.734;6.163
1048130;35.6;26.87;0.485;1.521;2002.171;-0.546;6.466
1048230;35.6;26.87;0.486;1.519;2013.995;-0.613;6.472
1048330;35.6;26.87;0.487;1.529;2000.929;-0.694;6.368
1048430;35.6;26.87;0.494;1.536;2006.280;-0.868;6.223
1048530;35.6;26.87;0.490;1.525;2010.499;-0.718;6.412
1048630;35.6;26.87;0.478;1.499;2008.698;-0.348;6.721
1048730;35.6;26.87;0.468;1.513;2010.356;-0.278;6.585
1048830;35.6;26.87;0.469;1.499;2010.963;-0.251;6.776
1048930;35.6;26.87;0.473;1.498;2000.677;-0.343;6.824
1049030;35.6;26.87;0.488;1.522;2008.085;-0.666;6.459
1049130;35.6;26.87;0.499;1.538;2008.140;-1.000;6.243
1049230;35.6;26.87;0.495;1.538;1999.790;-0.866;6.209
1049330;35.6;26.87;0.476;1.514;2013.048;-0.370;6.587
1049430;35.6;26.87;0.476;1.514;2011.125;-0.425;6.582
1049530;35.6;26.87;0.494;1.526;1995.665;-0.855;6.435
1049630;35.6;26.87;0.475;1.544;1996.069;-0.629;6.134
1049730;35.6;26.87;0.498;1.535;2008.257;-0.956;6.287
1049830;35.6;26.87;0.486;1.518;2018.298;-0.514;6.517
1049930;35.6;26.87;0.472;1.512;2008.095;-0.336;6.618
1050030;35.6;26.87;0.468;1.493;2012.882;-0.245;6.835
1050130;35.6;26.87;0.445;1.470;2001.048;0.249;7.091
1050230;35.6;26.87;0.462;1.483;2003.971;-0.058;6.939
1050330;35.6;26.87;0.472;1.505;2014.465;-0.335;6.713
1050430;35.6;26.87;0.466;1.487;2005.384;-0.151;6.939
1050530;35.6;26.87;0.439;1.479;2006.310;0.317;6.950
1050630;35.6;26.87;0.450;1.469;2004.211;0.113;7.076
1050730;35.6;26.87;0.473;1.496;1994.592;-0.323;6.855
1050830;35.5;26.87;0.472;1.500;2003.248;-0.268;6.757
1050930;35.5;26.87;0.466;1.501;2010.268;-0.185;6.746
1051030;35.5;26.87;0.485;1.519;2006.278;-0.543;6.518
1051130;35.5;26.87;0.485;1.522;2012.583;-0.530;6.488
1051230;35.5;26.87;0.477;1.500;2005.749;-0.413;6.738
1051330;35.6;26.87;0.472;1.498;2005.290;-0.280;6.818
1051430;35.6;26.87;0.485;1.514;2005.624;-0.385;6.609
1051530;35.6;26.87;0.481;1.523;2015.742;-0.550;6.507
1051630;35.6;26.87;0.476;1.504;2003.453;-0.408;6.727
1051730;35.6;26.87;0.473;1.505;2012.272;-0.276;6.730
1051830;35.6;26.87;0.467;1.496;2017.809;-0.216;6.835
1051930;35.6;26.87;0.470;1.498;1999.636;-0.244;6.849
1052030;35.6;26.87;0.482;1.509;1998.964;-0.472;6.633
1052130;35.6;26.87;0.470;1.502;2014.060;-0.255;6.783
1052230;35.6;26.87;0.492;1.519;2002.420;-0.670;6.561
1052330;35.6;26.87;0.482;1.516;2013.961;-0.439;6.579
1052430;35.6;26.87;0.451;1.481;2007.498;0.054;6.966
1052530;35.6;26.87;0.465;1.482;2002.753;-0.117;7.060
1052630;35.6;26.87;0.492;1.523;2006.117;-0.654;6.477
1052730;35.6;26.87;0.496;1.528;2009.231;-0.887;6.449
1052830;35.6;26.87;0.480;1.506;2003.926;-0.421;6.723
1052930;35.6;26.87;0.466;1.496;2014.691;-0.157;6.846
1053030;35.7;26.87;0.462;1.485;2020.852;-0.090;6.965
1053130;35.7;26.87;0.437;1.479;1991.034;0.333;7.005
1053230;35.7;26.87;0.436;1.478;1991.136;0.385;6.903
1053330;35.6;26.87;0.453;1.484;2008.475;0.013;6.997
1053430;35.6;26.87;0.465;1.484;2008.804;-0.052;6.999
1053530;35.7;26.87;0.442;1.478;2003.609;0.240;7.014
1053630;35.7;26.87;0.413;1.501;2000.303;0.672;6.403
1053730;35.7;26.87;0.419;1.481;1991.245;0.590;6.806
1053830;35.7;26.87;0.461;1.492;2002.680;-0.106;6.909
1053930;35.7;26.87;0.466;1.496;2003.327;-0.204;6.869
1054030;35.6;26.87;0.473;1.487;2001.203;-0.279;6.995
1054130;35.6;26.87;0.467;1.506;2011.507;-0.250;6.764
1054230;35.6;26.87;0.468;1.492;2014.398;-0.172;6.898
1054330;35.6;26.87;0.472;1.492;1991.095;-0.208;6.938
1054430;35.6;26.87;0.464;1.489;2008.319;-0.157;6.971
1054530;35.6;26.87;0.475;1.516;2009.189;-0.372;6.640
1054630;35.6;26.87;0.484;1.515;2004.141;-0.513;6.637
1054730;35.6;26.87;0.466;1.494;2006.725;-0.142;6.909
1054830;35.6;26.87;0.441;1.477;2011.407;0.258;7.008
1054930;35.6;26.87;0.431;1.479;2002.963;0.439;6.932
1055030;35.6;26.87;0.442;1.480;2001.557;0.217;7.009
1055130;35.6;26.87;0.449;1.477;2003.630;0.087;7.093
1055230;35.6;26.87;0.454;1.471;1993.891;0.075;7.186
1055330;35.7;26.87;0.470;1.501;2010.641;-0.201;6.815
1055430;35.7;26.87;0.442;1.478;2012.083;0.210;7.015
1055530;35.6;26.87;0.432;1.475;1983.261;0.418;7.017
1055630;35.6;26.87;0.450;1.476;1996.832;0.104;7.100
1055730;35.6;26.87;0.473;1.502;2009.664;-0.325;6.778
1055830;35.6;26.87;0.480;1.514;2003.817;-0.449;6.678
1055930;35.6;26.87;0.466;1.491;2006.005;-0.102;6.970
1056030;35.6;26.87;0.447;1.478;2009.968;0.170;7.008
1056130;35.6;26.87;0.416;1.502;2003.220;0.659;6.499
1056230;35.6;26.87;0.423;1.494;1996.193;0.469;6.636
1056330;35.6;26.87;0.434;1.478;1993.178;0.353;6.940
1056430;35.6;26.87;0.435;1.477;1994.599;0.402;6.956
1056530;35.6;26.87;0.438;1.484;2000.540;0.360;6.875
1056630;35.6;26.87;0.409;1.512;2001.290;0.694;6.291
1056730;35.6;26.87;0.407;1.523;1978.573;0.656;6.065
1056830;35.6;26.87;0.428;1.483;1989.911;0.462;6.852
1056930;35.6;26.87;0.462;1.488;2005.578;-0.097;6.962
1057030;35.6;26.87;0.477;1.503;1993.223;-0.360;6.848
1057130;35.6;26.87;0.474;1.516;2005.516;-0.298;6.649
1057230;35.6;26.87;0.466;1.501;2022.387;-0.165;6.838
1057330;35.6;26.87;0.455;1.481;2000.736;0.083;7.092
1057430;35.6;26.87;0.456;1.487;2003.058;0.001;7.003
1057530;35.6;26.87;0.462;1.483;2003.599;-0.077;7.024
1057630;35.6;26.87;0.459;1.482;2009.756;0.027;7.092
1057730;35.6;26.87;0.456;1.486;2013.628;0.065;6.980
1057830;35.7;26.87;0.423;1.486;2004.230;0.466;6.778
1057930;35.7;26.87;0.409;1.524;1989.802;0.692;6.036
1058030;35.7;26.87;0.413;1.518;1991.049;0.628;6.153
1058130;35.7;26.87;0.435;1.478;1994.056;0.342;6.945
1058230;35.7;26.87;0.438;1.472;1986.438;0.342;7.133
1058330;35.7;26.87;0.452;1.484;2003.992;0.106;7.009
1058430;35.7;26.87;0.443;1.479;2023.991;0.249;7.065
1058530;35.7;26.87;0.413;1.511;1994.257;0.667;6.320
1058630;35.7;26.87;0.432;1.480;1985.747;0.380;6.919
1058730;35.7;26.87;0.464;1.486;2000.102;-0.026;7.030
1058830;35.6;26.87;0.458;1.486;2008.318;0.020;7.062
1058930;35.6;26.87;0.456;1.486;2011.264;0.021;7.034
1059030;35.6;26.87;0.423;1.483;2004.977;0.469;6.852
1059130;35.6;26.87;0.407;1.524;1999.511;0.734;6.114
1059230;35.6;26.87;0.424;1.543;1998.916;0.368;5.785
1059330;35.8;26.87;0.410;1.505;1989.388;0.661;6.424
1059430;35.8;26.87;0.423;1.483;1984.810;0.511;6.850
1059530;35.7;26.87;0.426;1.493;1997.639;0.543;6.704
1059630;35.7;26.87;0.420;1.501;2009.974;0.549;6.554
1059730;35.7;26.87;0.413;1.526;1991.564;0.604;6.054
1059830;35.8;26.87;0.413;1.507;1975.918;0.683;6.411
1059930;35.8;26.87;0.448;1.483;2006.221;0.151;7.038
1060030;35.7;26.87;0.455;1.483;2001.909;0.066;7.124
1060130;35.7;26.87;0.466;1.485;2000.839;-0.117;7.063
1060230;35.7;26.87;0.458;1.478;2005.083;-0.021;7.124
1060330;35.6;26.87;0.441;1.481;2005.738;0.330;6.990
1060430;35.6;26.87;0.431;1.496;2002.724;0.454;6.725
1060530;35.6;26.87;0.434;1.483;2000.279;0.386;6.956
1060630;35.6;26.87;0.443;1.476;1997.068;0.215;7.158
1060730;35.6;26.87;0.433;1.493;2008.667;0.401;6.724
1060830;35.6;26.87;0.410;1.516;2006.453;0.699;6.263
1060930;35.6;26.87;0.402;1.527;1987.797;0.814;6.119
1061030;35.7;26.87;0.414;1.539;1989.432;0.548;5.883
1061130;35.7;26.87;0.408;1.529;1991.899;0.654;6.036
1061230;35.7;26.87;0.413;1.498;1994.977;0.651;6.629
1061330;35.6;26.87;0.429;1.491;1988.509;0.476;6.747
1061430;35.6;26.87;0.410;1.509;2001.404;0.688;6.429
1061530;35.7;26.87;0.414;1.541;2008.029;0.534;5.855
1061630;35.7;26.87;0.431;1.540;1993.188;0.234;5.892
1061730;35.7;26.87;0.419;1.496;1986.713;0.558;6.632
1061830;35.6;26.87;0.424;1.480;1991.709;0.536;6.984
1061930;35.6;26.87;0.442;1.478;2003.561;0.315;7.004
1062030;35.6;26.87;0.420;1.498;2014.982;0.553;6.666
1062130;35.6;26.87;0.410;1.528;1983.045;0.663;6.082
1062230;35.6;26.87;0.413;1.538;1994.575;0.597;5.940
1062330;35.7;26.87;0.414;1.520;2000.919;0.594;6.163
1062430;35.7;26.87;0.408;1.506;1984.729;0.743;6.450
1062530;35.7;26.87;0.433;1.491;1991.074;0.422;6.779
1062630;35.7;26.87;0.419;1.500;2003.515;0.589;6.635
1062730;35.7;26.87;0.409;1.539;2003.815;0.662;5.912
1062830;35.7;26.87;0.446;1.539;1995.960;-0.019;5.950
1062930;35.7;26.87;0.405;1.523;1981.106;0.687;6.162
1063030;35.7;26.87;0.411;1.504;1995.211;0.684;6.541
1063130;35.7;26.87;0.431;1.504;2000.954;0.484;6.518
1063230;35.7;26.87;0.425;1.492;2004.548;0.461;6.824
1063330;35.7;26.87;0.423;1.491;1984.609;0.560;6.760
1063430;35.7;26.87;0.409;1.526;1998.520;0.727;6.161
1063530;35.7;26.87;0.414;1.512;1999.698;0.616;6.408
1063630;35.7;26.87;0.415;1.502;1986.670;0.657;6.577
1063730;35.7;26.87;0.426;1.500;1995.380;0.520;6.583
1063830;35.7;26.87;0.405;1.541;2008.420;0.702;5.926
1063930;35.7;26.87;0.413;1.536;1991.540;0.526;5.962
1064030;35.8;26.87;0.429;1.545;2000.715;0.241;5.861
1064130;35.8;26.87;0.451;1.537;1984.120;-0.212;5.960
1064230;35.8;26.87;0.429;1.540;1992.126;0.217;5.946
1064330;35.6;26.87;0.429;1.545;1998.664;0.269;5.866
1064430;35.6;26.87;0.408;1.536;1992.236;0.620;5.992
1064530;35.6;26.87;0.417;1.537;1991.726;0.442;5.948
1064630;35.6;26.87;0.449;1.543;1999.383;-0.101;5.938
1064730;35.6;26.87;0.418;1.537;1985.804;0.416;5.946
1064830;35.7;26.87;0.412;1.506;1985.375;0.682;6.546
1064930;35.7;26.87;0.425;1.504;1992.014;0.511;6.571
1065030;35.8;26.87;0.423;1.502;2012.180;0.542;6.672
1065130;35.8;26.87;0.409;1.534;1993.875;0.685;6.002
1065230;35.8;26.87;0.410;1.533;1997.116;0.669;6.069
1065330;35.8;26.87;0.430;1.541;1987.139;0.235;5.883
1065430;35.8;26.87;0.420;1.547;1994.928;0.424;5.860
1065530;35.8;26.87;0.417;1.550;1995.579;0.526;5.791
1065630;35.8;26.87;0.407;1.531;1991.881;0.680;6.110
1065730;35.8;26.87;0.419;1.539;1995.597;0.422;5.931
1065830;35.7;26.93;0.465;1.541;2007.830;-0.374;6.008
1065930;35.7;26.93;0.449;1.540;1990.701;-0.168;5.936
1066030;35.7;26.93;0.404;1.529;1978.990;0.717;6.136
1066130;35.7;26.93;0.411;1.535;1994.010;0.671;6.026
1066230;35.7;26.93;0.411;1.534;2000.713;0.637;6.089
1066330;35.7;26.93;0.411;1.516;1994.763;0.711;6.355
1066430;35.7;26.93;0.409;1.544;1993.003;0.660;5.932
1066530;35.7;26.93;0.422;1.543;1996.002;0.362;5.888
1066630;35.7;26.93;0.403;1.536;1991.359;0.731;6.024
1066730;35.7;26.93;0.414;1.535;1993.211;0.612;6.002
1066830;35.7;26.87;0.418;1.540;1991.995;0.432;5.971
1066930;35.7;26.87;0.441;1.540;2003.284;-0.036;5.965
1067030;35.8;26.87;0.474;1.536;2007.180;-0.527;6.105
1067130;35.8;26.87;0.484;1.534;2003.862;-0.694;6.106
1067230;35.8;26.87;0.467;1.535;1984.359;-0.506;6.064
1067330;35.8;26.87;0.459;1.539;2001.216;-0.313;6.032
1067430;35.8;26.87;0.454;1.542;1995.805;-0.279;5.983
1067530;35.8;26.87;0.417;1.540;1983.352;0.456;5.986
1067630;35.8;26.87;0.454;1.543;1997.467;-0.196;5.995
1067730;35.8;26.87;0.454;1.539;1997.679;-0.291;6.025
1067830;35.9;26.87;0.415;1.536;1988.509;0.459;6.053
1067930;35.9;26.87;0.421;1.508;1995.412;0.568;6.517
1068030;35.9;26.87;0.414;1.512;1989.213;0.673;6.465
1068130;35.9;26.87;0.409;1.540;1998.787;0.677;5.995
1068230;35.9;26.87;0.423;1.548;1994.597;0.395;5.903
1068330;35.9;26.87;0.438;1.549;2001.720;0.078;5.852
1068430;35.9;26.87;0.466;1.534;1984.634;-0.479;6.078
1068530;35.8;26.87;0.466;1.534;1999.851;-0.385;6.109
1068630;35.8;26.87;0.446;1.544;1992.324;-0.070;5.944
1068730;35.8;26.87;0.433;1.539;1992.478;0.109;5.996
1068830;35.7;26.87;0.479;1.536;2004.525;-0.608;6.127
1068930;35.7;26.87;0.485;1.528;2005.591;-0.612;6.227
1069030;35.7;26.87;0.458;1.533;1987.195;-0.345;6.114
1069130;35.7;26.87;0.431;1.541;1994.493;0.143;5.990
1069230;35.7;26.87;0.434;1.547;1984.338;0.129;5.927
1069330;35.7;26.87;0.409;1.538;1992.545;0.640;6.014
1069430;35.7;26.87;0.421;1.554;2005.123;0.350;5.840
1069530;35.7;26.87;0.462;1.538;1998.207;-0.381;6.079
1069630;35.7;26.87;0.469;1.530;1988.350;-0.504;6.147
1069730;35.7;26.87;0.475;1.535;1996.491;-0.549;6.114
1069830;35.7;26.87;0.430;1.546;1991.652;0.249;5.949
1069930;35.7;26.87;0.445;1.533;1989.487;-0.105;6.097
1070030;35.7;26.87;0.482;1.534;2003.423;-0.655;6.198
1070130;35.7;26.87;0.482;1.535;2011.913;-0.638;6.130
1070230;35.7;26.87;0.478;1.529;2001.239;-0.514;6.195
1070330;35.7;26.87;0.476;1.530;1990.705;-0.639;6.205
1070430;35.7;26.87;0.469;1.538;1991.987;-0.458;6.080
1070530;35.8;26.87;0.416;1.542;1986.878;0.445;6.022
1070630;35.8;26.87;0.418;1.551;1997.184;0.467;5.878
1070730;35.8;26.87;0.484;1.535;2001.477;-0.708;6.156
1070830;35.8;26.87;0.481;1.526;1987.830;-0.656;6.221
1070930;35.8;26.87;0.432;1.545;1991.159;0.172;5.957
1071030;35.8;26.87;0.407;1.538;1989.843;0.676;6.071
1071130;35.8;26.87;0.409;1.536;1987.317;0.632;6.090
1071230;35.8;26.87;0.451;1.551;2007.069;-0.163;5.904
1071330;35.8;26.87;0.468;1.544;2000.554;-0.462;5.974
1071430;35.8;26.87;0.479;1.529;2006.726;-0.528;6.215
1071530;35.9;26.87;0.475;1.524;1995.528;-0.450;6.323
1071630;35.9;26.87;0.483;1.539;1996.140;-0.684;6.124
1071730;35.9;26.87;0.460;1.534;1995.697;-0.331;6.141
1071830;35.7;26.87;0.476;1.537;2006.316;-0.601;6.146
1071930;35.7;26.87;0.478;1.517;2006.413;-0.461;6.402
1072030;35.7;26.87;0.463;1.506;2000.834;-0.209;6.542
1072130;35.7;26.87;0.484;1.528;1996.098;-0.642;6.287
1072230;35.7;26.87;0.476;1.540;1994.464;-0.586;6.087
1072330;35.7;26.87;0.471;1.528;1987.882;-0.567;6.233
1072430;35.7;26.87;0.470;1.538;2000.430;-0.457;6.159
1072530;35.7;26.87;0.469;1.547;2007.480;-0.471;5.996
1072630;35.7;26.87;0.478;1.537;1992.078;-0.584;6.091
1072730;35.7;26.87;0.486;1.521;1999.606;-0.651;6.387
1072830;35.7;26.87;0.471;1.544;1993.993;-0.527;6.085
1072930;35.7;26.87;0.441;1.540;2000.263;-0.036;6.056
1073030;35.8;26.87;0.477;1.538;1999.647;-0.567;6.113
1073130;35.8;26.87;0.483;1.526;2000.873;-0.559;6.281
1073230;35.8;26.87;0.467;1.518;2005.937;-0.304;6.408
1073330;35.8;26.87;0.479;1.525;2001.751;-0.568;6.321
1073430;35.8;26.87;0.485;1.538;1994.452;-0.735;6.162
1073530;35.8;26.87;0.476;1.527;1989.533;-0.570;6.247
1073630;35.8;26.87;0.470;1.540;2004.158;-0.487;6.109
1073730;35.8;26.87;0.479;1.544;2007.357;-0.625;6.073
1073830;35.8;26.87;0.474;1.517;1993.237;-0.420;6.385
1073930;35.8;26.87;0.483;1.526;1990.672;-0.662;6.324
1074030;35.7;26.87;0.431;1.546;1992.087;0.098;5.984
1074130;35.7;26.87;0.421;1.538;1991.837;0.383;6.089
1074230;35.7;26.87;0.450;1.550;1999.524;-0.126;5.990
1074330;35.7;26.87;0.485;1.541;2002.747;-0.687;6.115
1074430;35.7;26.87;0.478;1.532;2009.912;-0.534;6.240
1074530;35.7;26.87;0.471;1.518;2002.304;-0.404;6.462
1074630;35.7;26.87;0.480;1.525;1992.200;-0.546;6.322
1074730;35.7;26.87;0.476;1.526;2000.535;-0.552;6.273
1074830;35.7;26.87;0.486;1.530;2007.869;-0.581;6.265
1074930;35.7;26.87;0.467;1.516;2012.620;-0.216;6.501
1075030;35.8;26.87;0.441;1.482;1999.061;0.173;6.827
1075130;35.8;26.87;0.459;1.484;1997.730;-0.099;6.871
1075230;35.8;26.87;0.486;1.528;1998.822;-0.697;6.287
1075330;35.8;26.87;0.479;1.536;1997.530;-0.646;6.210
1075430;35.8;26.87;0.487;1.527;1989.314;-0.694;6.342
1075530;35.7;26.87;0.489;1.539;2009.823;-0.753;6.151
1075630;35.7;26.87;0.476;1.535;2001.489;-0.498;6.182
1075730;35.7;26.87;0.485;1.527;2002.089;-0.641;6.354
1075830;35.8;26.87;0.488;1.525;1989.037;-0.755;6.328
1075930;35.8;26.87;0.466;1.545;1997.766;-0.447;6.021
1076030;35.8;26.87;0.484;1.539;2006.881;-0.631;6.172
1076130;35.8;26.87;0.473;1.521;2008.629;-0.388;6.473
1076230;35.8;26.87;0.457;1.498;2000.504;-0.082;6.695
1076330;35.7;26.87;0.458;1.495;2008.855;-0.055;6.749
1076430;35.7;26.87;0.471;1.508;1999.106;-0.362;6.589
1076530;35.7;26.87;0.478;1.528;1995.982;-0.562;6.292
1076630;35.7;26.87;0.489;1.524;1991.247;-0.676;6.357
1076730;35.7;26.87;0.489;1.536;2011.156;-0.756;6.225
1076830;35.8;26.87;0.469;1.519;2012.914;-0.335;6.413
1076930;35.8;26.87;0.475;1.517;1996.681;-0.381;6.485
1077030;35.9;26.87;0.482;1.534;1982.768;-0.682;6.238
1077130;35.9;26.87;0.462;1.545;1998.854;-0.348;6.056
1077230;35.9;26.87;0.448;1.547;1997.055;-0.083;6.062
1077330;35.7;26.87;0.483;1.538;2012.760;-0.593;6.244
1077430;35.7;26.87;0.462;1.510;2002.935;-0.191;6.554
1077530;35.8;26.87;0.459;1.496;2014.800;-0.046;6.807
1077630;35.8;26.87;0.459;1.496;2003.071;-0.085;6.777
1077730;35.8;26.87;0.457;1.509;1999.452;-0.147;6.584
1077830;35.9;26.87;0.465;1.510;2001.513;-0.169;6.599
1077930;35.9;26.87;0.465;1.511;2015.915;-0.242;6.634
1078030;35.7;26.87;0.448;1.485;2005.668;0.098;6.828
1078130;35.7;26.87;0.444;1.482;1988.176;0.164;6.930
1078230;35.7;26.87;0.468;1.507;1990.929;-0.243;6.652
1078330;35.7;26.87;0.481;1.534;2006.572;-0.627;6.259
1078430;35.7;26.87;0.484;1.531;1998.575;-0.643;6.309
1078530;35.6;26.87;0.486;1.532;1996.838;-0.707;6.320
1078630;35.6;26.87;0.475;1.525;2007.901;-0.432;6.339
1078730;35.6;26.87;0.472;1.522;2011.287;-0.330;6.488
1078830;35.7;26.87;0.478;1.530;2002.207;-0.523;6.345
1078930;35.7;26.87;0.475;1.533;1995.696;-0.565;6.299
1079030;35.8;26.87;0.479;1.529;2009.827;-0.485;6.368
1079130;35.8;26.87;0.476;1.531;2009.763;-0.446;6.367
1079230;35.8;26.87;0.462;1.508;2000.385;-0.157;6.580
1079330;35.8;26.87;0.457;1.500;1996.853;-0.072;6.756
1079430;35.8;26.87;0.460;1.493;1997.694;-0.071;6.871
1079530;35.7;26.87;0.466;1.516;2002.907;-0.283;6.539
1079630;35.7;26.87;0.479;1.520;2001.797;-0.466;6.457
1079730;35.7;26.87;0.481;1.523;1995.162;-0.526;6.445
1079830;35.8;26.87;0.464;1.509;2017.788;-0.209;6.611
1079930;35.8;26.87;0.458;1.499;2004.626;-0.058;6.749
1080030;35.8;26.87;0.468;1.513;1998.355;-0.291;6.588
1080130;35.8;26.87;0.474;1.527;1996.572;-0.522;6.354
1080230;35.8;26.87;0.467;1.520;2012.611;-0.239;6.502
1080330;35.8;26.87;0.479;1.530;2011.155;-0.428;6.348
1080430;35.8;26.87;0.453;1.495;2001.079;-0.023;6.771
1080530;35.8;26.87;0.452;1.490;2001.659;0.053;6.868
1080630;35.8;26.87;0.437;1.476;2002.263;0.330;6.958
1080730;35.8;26.87;0.445;1.484;1998.473;0.100;6.922
1080830;35.7;26.87;0.459;1.500;2000.558;-0.092;6.783
1080930;35.7;26.87;0.454;1.486;2002.339;-0.008;6.956
1081030;35.7;26.87;0.443;1.490;2011.891;0.141;6.798
1081130;35.7;26.87;0.433;1.488;2004.309;0.363;6.845
1081230;35.7;26.87;0.447;1.476;1992.107;0.094;7.049
1081330;35.7;26.87;0.451;1.498;1997.162;-0.037;6.777
1081430;35.7;26.87;0.465;1.504;2005.986;-0.124;6.700
1081530;35.8;26.87;0.473;1.524;2003.022;-0.356;6.475
1081630;35.8;26.87;0.475;1.522;1995.968;-0.480;6.447
1081730;35.8;26.87;0.466;1.514;2011.815;-0.203;6.594
1081830;35.8;26.87;0.468;1.512;2009.606;-0.286;6.614
1081930;35.8;26.87;0.476;1.521;1998.052;-0.461;6.477
1082030;35.8;26.87;0.477;1.528;2005.500;-0.459;6.379
1082130;35.8;26.87;0.465;1.505;2011.748;-0.170;6.725
1082230;35.8;26.87;0.461;1.504;2012.446;-0.155;6.688
1082330;35.7;26.87;0.465;1.504;2009.158;-0.152;6.749
1082430;35.7;26.87;0.442;1.484;1997.414;0.216;6.924
1082530;35.8;26.87;0.440;1.485;1999.701;0.234;6.889
1082630;35.8;26.87;0.454;1.496;2010.022;0.005;6.839
1082730;35.8;26.87;0.459;1.500;1997.599;-0.080;6.843
1082830;35.8;26.87;0.456;1.498;1998.513;-0.081;6.779
1082930;35.8;26.87;0.438;1.489;2016.939;0.252;6.852
1083030;35.7;26.87;0.424;1.488;1996.904;0.453;6.758
1083130;35.7;26.87;0.452;1.490;1994.020;0.000;6.894
1083230;35.7;26.87;0.465;1.514;1995.589;-0.164;6.595
1083330;35.7;26.87;0.465;1.512;2008.581;-0.196;6.698
1083430;35.7;26.87;0.454;1.495;2016.754;-0.024;6.833
1083530;35.7;26.87;0.450;1.486;2000.468;0.124;6.961
1083630;35.7;26.87;0.434;1.480;2005.436;0.344;6.878
1083730;35.7;26.87;0.425;1.498;2004.440;0.407;6.598
1083830;35.8;26.87;0.445;1.486;1995.332;0.194;6.907
1083930;35.8;26.87;0.456;1.487;2003.978;-0.041;6.987
1084030;35.8;26.87;0.442;1.482;2004.759;0.166;6.923
1084130;35.8;26.87;0.435;1.490;2011.706;0.317;6.804
1084230;35.8;26.87;0.426;1.491;2000.036;0.442;6.684
1084330;35.8;26.87;0.444;1.491;1994.770;0.088;6.893
1084430;35.8;26.87;0.463;1.500;1999.924;-0.122;6.813
1084530;35.7;26.87;0.464;1.502;2007.942;-0.157;6.810
1084630;35.7;26.87;0.476;1.525;2002.194;-0.336;6.536
1084730;35.7;26.87;0.474;1.528;2001.719;-0.364;6.469
1084830;35.7;26.87;0.463;1.497;2011.309;-0.134;6.834
1084930;35.7;26.87;0.453;1.490;2006.772;-0.008;6.891
1085030;35.7;26.87;0.464;1.504;2003.655;-0.129;6.785
1085130;35.7;26.87;0.470;1.509;2003.307;-0.272;6.689
1085230;35.7;26.87;0.447;1.490;2008.556;0.060;6.892
1085330;35.8;26.87;0.439;1.488;2005.578;0.286;6.906
1085430;35.8;26.87;0.423;1.499;2004.325;0.535;6.578
1085530;35.8;26.87;0.413;1.507;1991.639;0.543;6.451
1085630;35.8;26.87;0.426;1.486;1996.101;0.432;6.809
1085730;35.8;26.87;0.427;1.486;1998.605;0.449;6.872
1085830;35.8;26.87;0.452;1.489;1999.241;0.017;6.891
1085930;35.8;26.87;0.446;1.491;2004.745;0.170;6.929
1086030;35.8;26.87;0.411;1.523;2004.085;0.637;6.132
1086130;35.8;26.87;0.413;1.503;1991.870;0.586;6.533
1086230;35.8;26.87;0.461;1.486;1999.498;-0.110;7.023
1086330;35.8;26.87;0.466;1.504;1995.009;-0.230;6.812
1086430;35.8;26.87;0.450;1.492;2016.815;0.035;6.891
1086530;35.8;26.87;0.440;1.488;2001.122;0.300;6.905
1086630;35.8;26.87;0.434;1.487;2008.242;0.395;6.813
1086730;35.8;26.87;0.406;1.516;1991.098;0.667;6.273
1086830;35.7;26.87;0.416;1.501;1993.098;0.616;6.528
1086930;35.7;26.87;0.440;1.482;1997.521;0.244;6.996
1087030;35.7;26.87;0.445;1.490;2001.811;0.097;6.922
1087130;35.7;26.87;0.441;1.486;1998.312;0.260;6.992
1087230;35.7;26.87;0.409;1.515;2006.685;0.711;6.323
1087330;35.8;26.87;0.402;1.513;1987.276;0.752;6.343
1087430;35.8;26.87;0.459;1.487;1993.571;-0.059;6.992
1087530;35.7;26.87;0.456;1.485;1996.177;-0.014;7.050
1087630;35.7;26.87;0.450;1.495;2006.863;0.041;6.863
1087730;35.7;26.87;0.468;1.507;2009.342;-0.158;6.780
1087830;35.7;26.87;0.445;1.482;2011.797;0.157;7.019
1087930;35.7;26.87;0.426;1.488;1996.200;0.403;6.777
1088030;35.8;26.87;0.428;1.493;1998.493;0.450;6.722
1088130;35.8;26.87;0.444;1.482;1993.855;0.205;7.027
1088230;35.8;26.87;0.441;1.490;2002.749;0.160;6.921
1088330;35.8;26.87;0.421;1.498;2000.839;0.559;6.629
1088430;35.8;26.87;0.405;1.529;2003.003;0.720;6.048
1088530;35.8;26.87;0.403;1.546;2000.108;0.591;5.761
1088630;35.8;26.87;0.404;1.525;1982.617;0.782;6.190
1088730;35.8;26.87;0.415;1.505;1987.306;0.691;6.502
1088830;35.8;26.87;0.419;1.499;1999.693;0.501;6.660
1088930;35.8;26.87;0.436;1.488;1999.204;0.319;6.962
1089030;35.8;26.87;0.412;1.509;2003.595;0.633;6.437
1089130;35.8;26.87;0.402;1.546;1989.569;0.658;5.761
1089230;35.8;26.87;0.424;1.486;1988.590;0.487;6.859
1089330;35.8;26.87;0.452;1.494;1999.999;0.098;6.988
1089430;35.8;26.87;0.449;1.497;1997.395;0.028;6.896
1089530;35.8;26.87;0.444;1.493;2011.565;0.200;6.933
1089630;35.8;26.87;0.424;1.495;2002.273;0.499;6.758
1089730;35.8;26.87;0.413;1.514;2000.523;0.621;6.382
1089830;35.7;26.87;0.417;1.495;1985.362;0.599;6.677
1089930;35.7;26.87;0.433;1.483;1996.599;0.379;6.965
1090030;35.8;26.87;0.434;1.488;2004.090;0.318;6.924
1090130;35.8;26.87;0.444;1.483;2000.474;0.228;7.058
1090230;35.8;26.87;0.412;1.517;2002.091;0.637;6.341
1090330;35.9;26.87;0.417;1.555;2002.332;0.349;5.654
1090430;35.9;26.87;0.414;1.509;1986.240;0.614;6.455
1090530;35.9;26.87;0.441;1.480;1992.858;0.265;7.081
1090630;35.9;26.87;0.425;1.486;1994.903;0.402;6.898
1090730;35.9;26.87;0.441;1.489;1997.758;0.263;6.967
1090830;35.8;26.87;0.427;1.493;2009.672;0.443;6.840
1090930;35.8;26.87;0.407;1.519;1992.763;0.662;6.245
1091030;35.8;26.87;0.411;1.513;1982.140;0.676;6.387
1091130;35.8;26.87;0.419;1.500;1992.972;0.562;6.671
1091230;35.8;26.87;0.427;1.492;2003.136;0.408;6.819
1091330;35.8;26.87;0.423;1.500;1991.567;0.560;6.628
1091430;35.8;26.87;0.411;1.544;1997.334;0.501;5.856
1091530;35.8;26.87;0.431;1.553;2008.524;0.097;5.701
1091630;35.8;26.87;0.427;1.547;1991.340;0.225;5.865
1091730;35.8;26.87;0.404;1.535;1985.179;0.689;5.987
1091830;35.8;26.87;0.396;1.536;1989.645;0.734;5.962
1091930;35.8;26.87;0.416;1.508;1993.095;0.614;6.534
1092030;35.8;26.87;0.409;1.522;2003.981;0.683;6.280
1092130;35.8;26.87;0.421;1.551;1995.904;0.281;5.753
1092230;35.8;26.87;0.405;1.526;1966.130;0.706;6.172
1092330;35.8;26.87;0.441;1.480;1992.994;0.262;7.109
1092430;35.8;26.87;0.447;1.492;2008.722;0.087;6.952
1092530;35.9;26.87;0.457;1.497;1995.773;0.013;6.899
1092630;35.9;26.87;0.423;1.500;2007.229;0.508;6.704
1092730;35.9;26.87;0.409;1.521;2004.751;0.677;6.267
1092830;35.8;26.87;0.405;1.543;1996.999;0.713;5.954
1092930;35.8;26.87;0.406;1.531;1986.844;0.670;6.096
1093030;35.8;26.87;0.401;1.532;1993.792;0.721;6.057
1093130;35.8;26.87;0.406;1.533;1996.047;0.772;6.114
1093230;35.8;26.87;0.408;1.547;2001.557;0.597;5.885
1093330;35.9;26.87;0.452;1.547;1999.594;-0.282;5.911
1093430;35.9;26.87;0.444;1.541;1986.426;-0.141;6.024
1093530;35.9;26.87;0.402;1.536;1991.972;0.722;6.021
1093630;35.9;26.87;0.399;1.528;1996.863;0.791;6.146
1093730;35.9;26.87;0.415;1.509;1978.408;0.617;6.516
1093830;35.9;26.87;0.410;1.514;1997.867;0.691;6.431
1093930;35.9;26.87;0.405;1.535;2006.300;0.751;6.034
1094030;35.8;26.87;0.409;1.545;1989.086;0.574;5.937
1094130;35.8;26.87;0.408;1.543;1983.570;0.570;5.888
1094230;35.8;26.87;0.405;1.539;1996.807;0.639;5.928
1094330;35.8;26.87;0.410;1.549;2003.039;0.618;5.881
1094430;35.8;26.87;0.426;1.551;2004.919;0.200;5.903
1094530;35.8;26.87;0.445;1.548;1994.076;-0.201;5.868
1094630;35.8;26.87;0.473;1.540;1995.733;-0.581;6.042
1094730;35.8;26.87;0.434;1.549;1994.185;0.059;5.857
1094830;35.8;26.87;0.408;1.552;1994.090;0.487;5.793
1094930;35.8;26.87;0.407;1.539;1977.568;0.688;6.035
1095030;35.9;26.87;0.403;1.527;1998.886;0.731;6.231
1095130;35.9;26.87;0.405;1.537;2011.517;0.710;6.024
1095230;35.9;26.87;0.409;1.548;1988.777;0.570;5.913
1095330;35.9;26.87;0.404;1.523;1975.126;0.706;6.219
1095430;35.9;26.87;0.427;1.496;2000.828;0.438;6.814
1095530;35.9;26.87;0.435;1.492;2004.607;0.371;7.003
1095630;35.9;26.87;0.417;1.505;2000.801;0.608;6.638
1095730;35.9;26.87;0.408;1.548;1995.049;0.575;5.812
1095830;35.9;26.87;0.431;1.557;2003.433;0.170;5.800
1095930;35.9;26.87;0.434;1.547;1998.032;0.063;5.896
1096030;35.9;26.87;0.441;1.550;1999.853;-0.122;5.886
1096130;35.9;26.87;0.429;1.548;1985.652;0.204;5.911
1096230;35.9;26.87;0.424;1.551;2003.018;0.227;5.928
1096330;35.9;26.87;0.466;1.547;2011.191;-0.502;5.920
1096430;35.9;26.87;0.502;1.537;2002.151;-0.992;6.149
1096530;35.9;26.87;0.455;1.535;1980.129;-0.310;6.124
1096630;35.9;26.87;0.430;1.558;2006.244;0.118;5.772
1096730;35.9;26.87;0.423;1.553;1996.738;0.297;5.868
1096830;35.9;26.87;0.411;1.547;1983.071;0.457;5.919
1096930;35.9;26.87;0.432;1.552;1997.325;0.113;5.804
1097030;35.9;26.87;0.442;1.552;1998.736;-0.047;5.894
1097130;35.9;26.87;0.437;1.552;2001.329;0.012;5.874
1097230;35.9;26.87;0.435;1.551;1992.872;-0.002;5.904
1097330;35.9;26.87;0.424;1.548;1992.476;0.294;5.904
1097430;35.9;26.87;0.419;1.554;2004.323;0.357;5.849
1097530;35.9;26.87;0.432;1.549;1998.498;0.077;5.873
1097630;35.9;26.87;0.454;1.548;1995.405;-0.259;5.981
1097730;35.9;26.87;0.471;1.539;1993.402;-0.560;6.103
1097830;35.8;26.87;0.431;1.554;2002.216;0.106;5.856
1097930;35.8;26.87;0.417;1.550;1992.315;0.430;5.915
1098030;35.8;26.87;0.405;1.545;1980.323;0.577;5.971
1098130;35.8;26.87;0.404;1.553;2006.023;0.621;5.767
1098230;35.8;26.87;0.429;1.558;2004.966;0.170;5.815
1098330;35.9;26.87;0.440;1.549;1997.961;-0.023;5.946
1098430;35.9;26.87;0.405;1.547;1980.416;0.566;5.908
1098530;35.9;26.87;0.405;1.540;1990.533;0.707;6.041
1098630;35.9;26.87;0.408;1.544;2000.444;0.662;6.007
1098730;35.9;26.87;0.437;1.556;2008.848;0.010;5.798
1098830;35.8;26.87;0.451;1.551;1984.165;-0.205;5.954
1098930;35.8;26.87;0.491;1.536;2014.079;-0.853;6.151
1099030;35.8;26.87;0.487;1.536;2009.444;-0.859;6.165
1099130;35.8;26.87;0.474;1.542;1994.986;-0.603;6.087
1099230;35.8;26.87;0.451;1.545;1993.403;-0.275;6.027
1099330;35.9;26.87;0.485;1.539;2020.555;-0.857;6.105
1099430;35.9;26.87;0.495;1.534;2010.442;-0.788;6.289
1099530;35.9;26.87;0.484;1.509;2007.586;-0.554;6.515
1099630;35.9;26.87;0.492;1.531;1991.571;-0.970;6.227
1099730;35.9;26.87;0.478;1.544;2000.238;-0.627;6.027
1099830;35.9;26.87;0.465;1.546;1998.017;-0.418;6.059
1099930;35.9;26.87;0.441;1.549;1995.669;-0.133;5.959
1100030;35.8;26.87;0.461;1.549;1993.945;-0.366;6.037
1100130;35.8;26.87;0.477;1.543;2009.517;-0.659;6.061
1100230;35.8;26.87;0.454;1.550;2008.576;-0.336;5.954
1100330;35.8;26.87;0.442;1.548;1986.389;-0.047;5.983
1100430;35.8;26.87;0.432;1.552;1991.605;0.156;5.917
1100530;35.9;26.87;0.444;1.557;2016.875;-0.174;5.814
1100630;35.9;26.87;0.463;1.550;1999.266;-0.424;6.028
1100730;35.9;26.87;0.483;1.539;2003.298;-0.733;6.164
1100830;35.9;26.87;0.486;1.536;1995.463;-0.827;6.204
1100930;35.9;26.87;0.454;1.551;1995.874;-0.290;5.995
1101030;35.8;26.87;0.431;1.552;1995.398;0.136;5.969
1101130;35.8;26.87;0.412;1.556;1991.757;0.445;5.821
1101230;35.8;26.87;0.463;1.551;2008.742;-0.547;6.070
1101330;35.7;26.87;0.493;1.531;2015.714;-0.836;6.301
1101430;35.7;26.87;0.484;1.542;1998.782;-0.827;6.127
1101530;35.8;26.87;0.425;1.552;1986.702;0.246;5.935
1101630;35.8;26.87;0.439;1.549;1998.513;0.008;5.963
1101730;35.8;26.87;0.434;1.561;2011.476;0.025;5.815
1101830;35.8;26.87;0.473;1.545;1999.657;-0.560;6.127
1101930;35.8;26.87;0.495;1.530;2009.049;-0.834;6.307
1102030;35.7;26.87;0.475;1.507;2008.069;-0.367;6.602
1102130;35.7;26.87;0.489;1.524;2002.679;-0.668;6.429
1102230;35.7;26.87;0.493;1.535;2005.226;-0.862;6.259
1102330;35.7;26.87;0.493;1.531;2007.065;-0.913;6.290
1102430;35.7;26.87;0.486;1.520;2010.962;-0.543;6.498
1102530;35.8;26.87;0.472;1.495;2017.412;-0.296;6.749
1102630;35.8;26.87;0.474;1.508;2004.103;-0.392;6.597
1102730;35.8;26.87;0.494;1.538;1989.806;-0.886;6.253
1102830;35.8;26.87;0.486;1.540;2005.901;-0.762;6.186
1102930;35.8;26.87;0.441;1.550;2000.944;-0.127;5.976
1103030;35.9;26.87;0.428;1.557;1992.121;0.179;5.902
1103130;35.9;26.87;0.476;1.546;2000.346;-0.622;6.076
1103230;35.9;26.87;0.489;1.540;2003.427;-0.923;6.202
1103330;35.9;26.87;0.464;1.548;1997.647;-0.399;6.078
1103430;35.9;26.87;0.436;1.549;1994.598;0.026;6.035
1103530;35.9;26.87;0.467;1.543;1997.585;-0.551;6.099
1103630;35.9;26.87;0.494;1.541;2009.130;-0.890;6.187
1103730;35.9;26.87;0.494;1.539;2015.452;-0.869;6.224
1103830;35.8;26.87;0.481;1.517;2012.109;-0.549;6.519
1103930;35.8;26.87;0.493;1.524;1997.802;-0.721;6.456
1104030;35.8;26.87;0.494;1.535;2010.112;-0.849;6.282
1104130;35.8;26.87;0.475;1.537;2000.873;-0.654;6.181
1104230;35.8;26.87;0.451;1.552;1990.032;-0.204;6.030
1104330;35.7;26.87;0.490;1.527;2019.177;-0.664;6.389
1104430;35.7;26.87;0.479;1.516;2008.149;-0.484;6.524
1104530;35.8;26.87;0.480;1.539;1990.917;-0.705;6.200
1104630;35.8;26.87;0.443;1.550;1994.677;-0.094;6.040
1104730;35.8;26.87;0.483;1.542;2003.196;-0.784;6.137
1104830;35.9;26.87;0.499;1.539;2014.824;-0.874;6.228
1104930;35.9;26.87;0.481;1.520;2016.381;-0.517;6.515
1105030;35.8;26.87;0.466;1.488;2014.104;-0.194;6.898
1105130;35.8;26.87;0.461;1.475;1997.047;-0.062;7.092
1105230;35.8;26.87;0.476;1.503;2009.393;-0.378;6.725
1105330;35.8;26.87;0.483;1.518;2012.496;-0.538;6.472
1105430;35.8;26.87;0.485;1.513;2002.382;-0.495;6.639
1105530;35.8;26.87;0.461;1.486;2020.165;-0.089;6.939
1105630;35.8;26.87;0.459;1.486;2003.401;-0.062;6.931
1105730;35.8;26.87;0.495;1.521;1993.838;-0.792;6.472
1105830;35.9;26.87;0.486;1.539;1993.633;-0.784;6.200
1105930;35.9;26.87;0.496;1.533;2007.590;-0.960;6.324
1106030;35.8;26.87;0.464;1.549;2000.165;-0.407;6.113
1106130;35.8;26.87;0.463;1.549;2010.649;-0.458;6.091
1106230;35.8;26.87;0.493;1.528;2003.758;-0.851;6.358
1106330;35.8;26.87;0.494;1.526;2003.268;-0.754;6.462
1106430;35.8;26.87;0.492;1.546;1998.653;-0.867;6.103
1106530;35.8;26.87;0.476;1.547;2009.556;-0.677;6.107
1106630;35.8;26.87;0.498;1.529;2003.426;-0.810;6.393
1106730;35.8;26.87;0.480;1.508;2017.123;-0.425;6.691
1106830;35.7;26.87;0.471;1.498;2015.215;-0.283;6.773
1106930;35.7;26.87;0.478;1.505;2001.237;-0.399;6.725
1107030;35.7;26.87;0.489;1.511;1993.467;-0.617;6.621
1107130;35.7;26.87;0.490;1.527;2013.088;-0.711;6.413
1107230;35.7;26.87;0.501;1.539;2003.345;-0.921;6.311
1107330;35.8;26.87;0.485;1.523;2021.023;-0.589;6.512
1107430;35.8;26.87;0.458;1.479;2002.170;-0.027;6.996
1107530;35.9;26.87;0.469;1.493;1997.148;-0.227;6.907
1107630;35.9;26.87;0.496;1.532;1997.048;-0.846;6.378
1107730;35.9;26.87;0.491;1.537;2011.819;-0.840;6.309
1107830;35.8;26.87;0.487;1.518;2003.384;-0.516;6.553
1107930;35.8;26.87;0.466;1.493;2013.087;-0.134;6.907
1108030;35.7;26.87;0.464;1.491;2016.944;-0.157;6.898
1108130;35.7;26.87;0.458;1.482;2000.024;-0.039;7.061
1108230;35.7;26.87;0.470;1.493;2003.276;-0.215;6.874
1108330;35.8;26.87;0.480;1.510;2008.237;-0.468;6.625
1108430;35.8;26.87;0.492;1.530;2001.362;-0.697;6.445
1108530;35.9;26.87;0.480;1.516;2010.609;-0.453;6.575
1108630;35.9;26.87;0.458;1.475;2009.122;0.021;7.063
1108730;35.9;26.87;0.469;1.491;1992.762;-0.198;6.969
1108830;35.9;26.87;0.496;1.536;2002.954;-0.898;6.328
1108930;35.9;26.87;0.493;1.529;2009.917;-0.799;6.416
1109030;35.9;26.87;0.488;1.521;1995.982;-0.579;6.556
1109130;35.9;26.87;0.497;1.530;2014.895;-0.829;6.407
1109230;35.9;26.87;0.483;1.521;2012.577;-0.569;6.513
1109330;35.9;26.87;0.482;1.518;1997.968;-0.498;6.645
1109430;35.9;26.87;0.486;1.518;2007.918;-0.531;6.569
1109530;35.9;26.87;0.490;1.527;2014.962;-0.744;6.480
1109630;35.9;26.87;0.492;1.528;2005.100;-0.669;6.462
1109730;35.9;26.87;0.466;1.498;2011.746;-0.161;6.849
1109830;35.9;26.87;0.451;1.478;2011.693;0.103;7.029
1109930;35.9;26.87;0.433;1.477;2000.044;0.382;7.043
1110030;35.9;26.87;0.453;1.479;2003.948;0.105;7.038
1110130;35.9;26.87;0.452;1.475;2007.417;-0.010;7.120
1110230;35.9;26.87;0.450;1.473;1995.501;0.149;7.156
1110330;35.9;26.87;0.462;1.490;2014.689;-0.091;6.939
1110430;35.9;26.87;0.443;1.479;2009.925;0.214;6.956
1110530;35.9;26.87;0.432;1.474;1985.326;0.407;7.044
1110630;35.9;26.87;0.456;1.478;2001.103;0.032;7.098
1110730;35.9;26.87;0.477;1.510;2016.363;-0.425;6.692
1110830;35.9;26.87;0.485;1.516;1996.914;-0.506;6.608
1110930;35.9;26.87;0.469;1.489;2014.197;-0.188;7.032
1111030;35.9;26.87;0.460;1.489;2011.221;-0.053;6.904
1111130;35.9;26.87;0.457;1.489;2007.621;0.073;6.999
1111230;35.9;26.87;0.463;1.479;2003.257;-0.108;7.095
1111330;35.9;26.87;0.457;1.483;2001.850;-0.042;7.056
1111430;35.9;26.87;0.468;1.490;2002.303;-0.167;6.998
1111530;35.9;26.87;0.474;1.501;2014.317;-0.289;6.877
1111630;35.9;26.87;0.457;1.486;2011.846;-0.010;6.998
1111730;35.9;26.87;0.437;1.470;1990.489;0.333;7.142
1111830;35.8;26.87;0.464;1.483;2001.609;-0.114;7.063
1111930;35.8;26.87;0.479;1.520;2014.892;-0.480;6.604
1112030;35.8;26.87;0.476;1.515;1996.734;-0.327;6.685
1112130;35.8;26.87;0.478;1.514;2005.862;-0.403;6.729
1112230;35.8;26.87;0.475;1.508;2020.666;-0.357;6.721
1112330;35.9;26.87;0.463;1.496;2004.868;-0.079;6.972
1112430;35.9;26.87;0.467;1.499;2001.390;-0.198;6.910
1112530;35.9;26.87;0.462;1.482;2008.279;-0.112;7.054
1112630;35.9;26.87;0.461;1.482;2007.357;-0.042;7.093
1112730;35.9;26.87;0.443;1.486;2009.496;0.263;6.977
1112830;35.9;26.87;0.425;1.490;1998.987;0.490;6.732
1112930;35.9;26.87;0.402;1.526;1995.680;0.782;6.062
1113030;35.9;26.87;0.411;1.528;1991.920;0.646;5.993
1113130;35.9;26.87;0.427;1.488;1990.928;0.460;6.763
1113230;35.9;26.87;0.429;1.479;1986.701;0.438;6.961
1113330;35.9;26.87;0.433;1.484;2001.776;0.413;6.901
1113430;35.9;26.87;0.445;1.480;2016.075;0.207;7.009
1113530;35.9;26.87;0.416;1.497;1991.683;0.648;6.653
1113630;35.9;26.87;0.444;1.475;1988.127;0.188;7.086
1113730;35.9;26.87;0.467;1.495;1999.396;-0.176;6.931
1113830;35.9;26.87;0.475;1.513;2007.801;-0.296;6.732
1113930;35.9;26.87;0.475;1.512;2012.059;-0.326;6.754
1114030;35.9;26.87;0.449;1.477;2002.857;0.143;7.094
1114130;35.9;26.87;0.442;1.481;2005.979;0.268;7.068
1114230;35.9;26.87;0.430;1.498;2006.600;0.453;6.603
1114330;35.9;26.87;0.429;1.484;1997.199;0.437;6.907
1114430;35.9;26.87;0.444;1.473;1989.566;0.245;7.111
1114530;36.0;26.87;0.443;1.484;2007.960;0.229;7.015
1114630;36.0;26.87;0.442;1.481;2014.625;0.221;7.015
1114730;36.0;26.87;0.422;1.494;1994.787;0.572;6.693
1114830;36.0;26.87;0.431;1.487;1987.524;0.412;6.785
1114930;36.0;26.87;0.448;1.488;2008.166;0.113;6.997
1115030;35.9;26.87;0.454;1.483;2004.456;0.115;7.123
1115130;35.9;26.87;0.464;1.490;1998.301;-0.146;7.031
1115230;35.9;26.87;0.465;1.487;2005.091;-0.148;7.024
1115330;36.0;26.87;0.444;1.483;2008.073;0.285;7.069
1115430;36.0;26.87;0.435;1.481;2003.223;0.392;6.943
1115530;36.0;26.87;0.436;1.481;2005.749;0.297;7.022
1115630;36.0;26.87;0.435;1.475;1991.106;0.367;7.082
1115730;36.0;26.87;0.428;1.493;2008.421;0.476;6.790
1115830;36.0;26.87;0.420;1.499;2008.802;0.557;6.565
1115930;36.0;26.87;0.406;1.527;1987.024;0.747;6.120
1116030;36.0;26.87;0.421;1.541;1989.178;0.423;5.874
1116130;36.0;26.87;0.409;1.536;1991.504;0.626;5.937
1116230;36.0;26.87;0.416;1.493;1995.034;0.649;6.752
1116330;35.9;26.87;0.431;1.483;1990.248;0.459;6.964
1116430;35.9;26.87;0.446;1.479;2001.115;0.171;7.048
1116530;35.9;26.87;0.424;1.495;2008.214;0.671;6.555
1116630;35.9;26.87;0.414;1.531;1994.707;0.643;6.054
1116730;35.9;26.87;0.429;1.480;1994.784;0.392;7.025
1116830;35.9;26.93;0.445;1.475;1995.428;0.220;7.217
1116930;35.9;26.93;0.455;1.486;2010.647;0.083;7.067
1117030;35.9;26.93;0.457;1.485;2015.145;0.000;7.058
1117130;35.9;26.93;0.436;1.481;1991.218;0.375;7.075
1117230;35.9;26.93;0.424;1.513;2008.678;0.575;6.394
1117330;35.9;26.93;0.412;1.518;1998.589;0.690;6.299
1117430;35.9;26.93;0.413;1.497;1978.840;0.694;6.635
1117530;35.9;26.93;0.438;1.481;1996.205;0.339;7.054
1117630;35.9;26.93;0.433;1.487;2003.197;0.381;6.834
1117730;35.9;26.93;0.407;1.522;2002.470;0.777;6.267
1117830;35.9;26.87;0.421;1.544;2002.596;0.297;5.865
1117930;35.9;26.87;0.410;1.530;1982.215;0.589;6.040
1118030;35.9;26.87;0.404;1.517;1997.700;0.746;6.297
1118130;35.9;26.87;0.412;1.528;1998.136;0.675;6.140
1118230;35.9;26.87;0.421;1.500;1990.893;0.571;6.619
1118330;35.9;26.87;0.404;1.519;1986.682;0.792;6.305
1118430;35.9;26.87;0.419;1.545;2004.900;0.428;5.848
1118530;35.9;26.87;0.410;1.541;1991.147;0.603;5.909
1118630;35.9;26.87;0.406;1.532;1982.331;0.705;6.027
1118730;35.9;26.87;0.414;1.510;1988.790;0.682;6.467
1118830;35.9;26.87;0.414;1.528;2006.540;0.613;6.143
1118930;35.9;26.87;0.409;1.541;1994.794;0.614;5.954
1119030;35.9;26.87;0.428;1.546;1998.495;0.237;5.841
1119130;35.9;26.87;0.435;1.539;1980.746;0.103;5.944
1119230;35.9;26.87;0.409;1.537;1988.180;0.577;5.992
1119330;35.9;26.87;0.415;1.531;1997.918;0.653;6.071
1119430;35.9;26.87;0.422;1.495;1995.261;0.518;6.741
1119530;36.0;26.87;0.412;1.506;1990.563;0.702;6.572
1119630;36.0;26.87;0.413;1.545;2007.088;0.581;5.882
1119730;36.0;26.87;0.410;1.526;1981.544;0.635;6.124
1119830;36.0;26.87;0.439;1.476;1983.240;0.317;7.199
1119930;36.0;26.87;0.446;1.486;2000.967;0.236;7.055
1120030;35.9;26.87;0.450;1.486;2015.958;0.162;7.081
1120130;35.9;26.87;0.423;1.499;2000.144;0.620;6.698
1120230;35.9;26.87;0.414;1.516;1995.760;0.631;6.328
1120330;35.9;26.87;0.427;1.541;1993.219;0.292;5.942
1120430;35.9;26.87;0.412;1.539;1994.897;0.530;5.974
1120530;36.0;26.87;0.407;1.545;1994.609;0.669;5.911
1120630;36.0;26.87;0.409;1.536;1989.930;0.657;6.044
1120730;36.0;26.87;0.430;1.543;1998.821;0.214;5.930
1120830;36.0;26.87;0.487;1.537;2022.365;-0.708;6.062
1120930;36.0;26.87;0.483;1.530;1993.343;-0.619;6.172
1121030;35.9;26.87;0.417;1.535;1972.063;0.396;6.038
1121130;35.9;26.87;0.421;1.547;1996.844;0.426;5.874
1121230;35.9;26.87;0.415;1.546;2000.133;0.461;5.918
1121330;35.9;26.87;0.414;1.544;1994.445;0.587;5.900
1121430;35.9;26.87;0.435;1.550;1999.072;0.132;5.847
1121530;36.0;26.87;0.445;1.549;1994.470;-0.071;5.837
1121630;36.0;26.87;0.424;1.540;1991.393;0.276;6.007
1121730;36.0;26.87;0.415;1.544;1987.263;0.556;5.930
1121830;36.0;26.87;0.407;1.527;1990.946;0.694;6.135
1121930;36.0;26.87;0.422;1.542;1999.397;0.353;5.963
1122030;36.0;26.87;0.460;1.542;2002.769;-0.281;5.977
1122130;36.0;26.87;0.467;1.540;1996.210;-0.458;6.045
1122230;36.0;26.87;0.439;1.533;1977.286;-0.025;6.144
1122330;36.0;26.87;0.416;1.546;1995.327;0.499;5.888
1122430;36.0;26.87;0.408;1.536;1997.212;0.661;6.028
1122530;36.0;26.87;0.408;1.525;1984.701;0.784;6.279
1122630;36.0;26.87;0.416;1.547;1999.658;0.535;5.919
1122730;36.0;26.87;0.441;1.545;1999.155;0.012;5.923
1122830;36.0;26.87;0.407;1.526;1986.842;0.713;6.242
1122930;36.0;26.87;0.439;1.492;2001.333;0.335;6.971
1123030;36.0;26.87;0.426;1.487;1989.846;0.502;6.950
1123130;36.0;26.87;0.406;1.528;2008.740;0.812;6.256
1123230;36.0;26.87;0.453;1.543;2005.188;-0.191;5.995
1123330;36.0;26.87;0.463;1.544;1996.275;-0.353;6.002
1123430;36.0;26.87;0.475;1.529;1991.110;-0.611;6.191
1123530;36.0;26.87;0.485;1.530;2010.692;-0.689;6.200
1123630;36.0;26.87;0.472;1.541;1997.999;-0.535;6.014
1123730;36.0;26.87;0.462;1.540;1994.572;-0.383;6.051
1123830;35.9;26.87;0.477;1.524;2011.956;-0.458;6.296
1123930;35.9;26.87;0.466;1.509;2009.988;-0.236;6.521
1124030;36.0;26.87;0.484;1.530;1991.401;-0.743;6.165
1124130;36.0;26.87;0.447;1.539;1991.747;-0.105;6.023
1124230;36.0;26.87;0.450;1.538;1990.149;-0.180;6.098
1124330;36.0;26.87;0.423;1.542;1991.432;0.332;5.994
1124430;36.0;26.87;0.426;1.552;2003.325;0.302;5.864
1124530;36.0;26.87;0.457;1.537;1994.814;-0.286;6.104
1124630;36.0;26.87;0.447;1.531;1984.983;-0.163;6.203
1124730;36.0;26.87;0.427;1.542;1994.239;0.293;5.987
1124830;36.0;26.87;0.413;1.542;1995.748;0.567;6.018
1124930;36.0;26.87;0.413;1.540;1983.107;0.525;6.045
1125030;36.0;26.87;0.451;1.546;2002.400;-0.145;5.976
1125130;36.0;26.87;0.445;1.550;1995.299;-0.176;5.956
1125230;36.0;26.87;0.459;1.538;1999.183;-0.318;6.084
1125330;36.0;26.87;0.436;1.542;1986.217;0.097;6.003
1125430;36.0;26.87;0.421;1.549;1992.956;0.371;5.866
1125530;36.1;26.87;0.407;1.546;1991.620;0.642;5.976
1125630;36.1;26.87;0.413;1.547;1999.141;0.585;5.965
1125730;36.1;26.87;0.472;1.541;1995.634;-0.470;6.055
1125830;36.1;26.87;0.475;1.531;1993.114;-0.580;6.162
1125930;36.1;26.87;0.431;1.548;1993.022;0.196;5.924
1126030;36.2;26.87;0.423;1.551;1997.919;0.380;5.895
1126130;36.2;26.87;0.427;1.536;1982.315;0.228;6.108
1126230;36.2;26.87;0.487;1.532;2019.623;-0.695;6.243
1126330;36.1;26.87;0.485;1.530;1998.976;-0.607;6.215
1126430;36.1;26.87;0.470;1.521;2010.685;-0.386;6.315
1126530;36.0;26.87;0.467;1.501;1997.706;-0.199;6.623
1126630;36.0;26.87;0.476;1.519;1999.734;-0.421;6.391
1126730;36.0;26.87;0.477;1.533;1999.908;-0.586;6.216
1126830;36.0;26.87;0.483;1.531;2009.155;-0.639;6.239
1126930;36.0;26.87;0.470;1.503;1999.468;-0.254;6.601
1127030;36.0;26.87;0.455;1.504;1997.993;-0.120;6.581
1127130;36.0;26.87;0.486;1.531;1993.446;-0.660;6.203
1127230;36.0;26.87;0.469;1.543;1994.446;-0.470;6.078
1127330;36.0;26.87;0.468;1.531;1986.003;-0.490;6.208
1127430;36.0;26.87;0.444;1.547;1999.285;-0.053;6.004
1127530;36.0;26.87;0.426;1.549;1998.755;0.306;5.927
1127630;36.0;26.87;0.440;1.539;1990.259;-0.010;6.106
1127730;36.0;26.87;0.444;1.542;1992.163;-0.032;6.057
1127830;36.0;26.87;0.430;1.549;1994.079;0.219;5.966
1127930;36.0;26.87;0.417;1.545;1993.620;0.474;6.007
1128030;36.1;26.87;0.438;1.543;1994.680;0.097;6.058
1128130;36.1;26.87;0.468;1.543;1994.036;-0.418;6.048
1128230;36.1;26.87;0.481;1.538;2007.747;-0.643;6.146
1128330;36.1;26.87;0.488;1.530;2004.732;-0.691;6.289
1128430;36.1;26.87;0.463;1.536;1983.662;-0.408;6.180
1128530;36.0;26.87;0.475;1.536;1996.601;-0.584;6.137
1128630;36.0;26.87;0.473;1.540;2009.629;-0.558;6.149
1128730;36.0;26.87;0.483;1.540;2009.099;-0.698;6.106
1128830;36.0;26.87;0.460;1.516;2001.080;-0.169;6.463
1128930;36.0;26.87;0.476;1.518;1990.754;-0.386;6.434
1129030;36.0;26.87;0.473;1.540;2000.393;-0.577;6.158
1129130;36.0;26.87;0.469;1.539;1997.524;-0.513;6.111
1129230;36.0;26.87;0.482;1.539;2002.205;-0.625;6.163
1129330;35.9;26.87;0.475;1.517;2003.723;-0.410;6.448
1129430;35.9;26.87;0.464;1.524;2014.457;-0.281;6.342
1129530;36.0;26.87;0.466;1.504;2005.128;-0.184;6.643
1129630;36.0;26.87;0.458;1.500;1995.933;-0.144;6.728
1129730;36.0;26.87;0.467;1.513;1994.938;-0.311;6.471
1129830;36.0;26.87;0.477;1.527;2012.267;-0.445;6.335
1129930;36.0;26.87;0.474;1.514;2003.356;-0.364;6.494
1130030;36.0;26.87;0.454;1.493;1999.621;-0.051;6.770
1130130;36.0;26.87;0.467;1.504;1997.062;-0.257;6.647
1130230;36.0;26.87;0.482;1.540;1995.174;-0.643;6.156
1130330;36.0;26.87;0.471;1.536;1991.367;-0.519;6.146
1130430;36.0;26.87;0.464;1.534;1981.603;-0.390;6.221
1130530;36.0;26.87;0.439;1.546;1991.976;0.065;6.013
1130630;36.0;26.87;0.446;1.552;1998.575;-0.084;5.984
1130730;36.0;26.87;0.469;1.540;2004.543;-0.513;6.153
1130830;36.0;26.87;0.464;1.543;1990.961;-0.424;6.095
1130930;36.0;26.87;0.454;1.535;1991.954;-0.230;6.171
1131030;36.0;26.87;0.470;1.546;2006.164;-0.462;6.101
1131130;36.0;26.87;0.484;1.537;2006.335;-0.651;6.210
1131230;36.0;26.87;0.461;1.514;2007.136;-0.226;6.524
1131330;35.9;26.87;0.462;1.495;2008.416;-0.097;6.777
1131430;35.9;26.87;0.464;1.497;2003.726;-0.168;6.784
1131530;35.9;26.87;0.458;1.511;2001.789;-0.153;6.526
1131630;35.9;26.87;0.470;1.513;1990.857;-0.257;6.581
1131730;35.9;26.87;0.483;1.525;2008.892;-0.552;6.387
1131830;35.9;26.87;0.454;1.498;2017.011;-0.069;6.745
1131930;35.9;26.87;0.453;1.486;2002.568;0.035;6.869
1132030;35.9;26.87;0.467;1.495;1988.077;-0.250;6.779
1132130;35.9;26.87;0.481;1.532;2003.678;-0.607;6.235
1132230;35.9;26.87;0.487;1.535;2004.306;-0.671;6.311
1132330;35.9;26.87;0.470;1.513;2004.860;-0.308;6.555
1132430;35.9;26.87;0.458;1.499;2002.557;-0.116;6.714
1132530;36.0;26.87;0.449;1.485;2019.979;0.095;6.872
1132630;36.0;26.87;0.450;1.485;1997.376;0.091;6.924
1132730;36.0;26.87;0.455;1.498;1992.440;-0.087;6.717
1132830;36.0;26.87;0.467;1.515;2001.225;-0.270;6.548
1132930;36.0;26.87;0.475;1.528;2009.503;-0.418;6.369
1133030;36.0;26.87;0.460;1.515;2006.479;-0.177;6.505
1133130;36.0;26.87;0.459;1.491;1997.921;-0.075;6.839
1133230;36.0;26.87;0.470;1.522;1986.625;-0.352;6.468
1133330;36.0;26.87;0.470;1.544;1999.449;-0.463;6.091
1133430;36.0;26.87;0.468;1.544;1997.365;-0.469;6.158
1133530;35.9;26.87;0.462;1.539;1990.285;-0.367;6.187
1133630;35.9;26.87;0.482;1.541;2008.038;-0.644;6.180
1133730;35.9;26.87;0.477;1.528;2017.962;-0.437;6.359
1133830;36.0;26.87;0.473;1.516;2003.985;-0.331;6.543
1133930;36.0;26.87;0.462;1.509;1998.690;-0.209;6.623
1134030;36.0;26.87;0.471;1.524;2010.287;-0.304;6.461
1134130;36.0;26.87;0.472;1.515;2011.020;-0.334;6.575
1134230;36.0;26.87;0.445;1.491;2005.671;0.122;6.797
1134330;36.0;26.87;0.431;1.486;1999.983;0.369;6.743
1134430;36.0;26.87;0.419;1.489;1990.773;0.555;6.573
1134530;36.0;26.87;0.433;1.490;2001.623;0.251;6.825
1134630;36.0;26.87;0.451;1.488;1997.808;0.072;6.899
1134730;36.0;26.87;0.457;1.485;1993.724;-0.053;6.926
1134830;36.0;26.87;0.449;1.491;2015.584;0.082;6.829
1134930;36.0;26.87;0.429;1.489;2006.889;0.388;6.713
1135030;36.0;26.87;0.434;1.482;1987.668;0.316;6.927
1135130;36.0;26.87;0.455;1.496;1990.931;-0.124;6.778
1135230;36.0;26.87;0.465;1.509;2007.746;-0.212;6.639
1135330;36.0;26.87;0.479;1.523;2008.613;-0.478;6.467
1135430;36.0;26.87;0.452;1.498;2005.578;0.021;6.772
1135530;36.0;26.87;0.452;1.484;2005.832;0.062;6.933
1135630;36.0;26.87;0.435;1.479;1998.720;0.329;6.986
1135730;36.0;26.87;0.456;1.499;1999.788;-0.104;6.777
1135830;36.0;26.87;0.465;1.517;2000.112;-0.207;6.558
1135930;36.0;26.87;0.470;1.507;2000.039;-0.272;6.695
1136030;36.0;26.87;0.460;1.505;2014.818;-0.107;6.685
1136130;36.0;26.87;0.452;1.492;2013.046;0.054;6.870
1136230;36.0;26.87;0.449;1.481;1986.696;0.080;7.049
1136330;35.9;26.87;0.461;1.505;1998.268;-0.170;6.674
1136430;35.9;26.87;0.474;1.517;2015.743;-0.334;6.593
1136530;36.0;26.87;0.476;1.527;1997.923;-0.445;6.440
1136630;36.0;26.87;0.469;1.524;2002.325;-0.301;6.453
1136730;36.0;26.87;0.457;1.496;2018.953;-0.041;6.839
1136830;36.1;26.87;0.449;1.486;2006.581;0.100;6.986
1136930;36.1;26.87;0.450;1.486;2001.051;0.030;6.923
1137030;36.0;26.87;0.462;1.508;1995.232;-0.123;6.706
1137130;36.0;26.87;0.448;1.487;2009.626;0.121;6.923
1137230;36.0;26.87;0.434;1.492;2014.069;0.341;6.738
1137330;36.1;26.87;0.418;1.499;2004.268;0.536;6.588
1137430;36.1;26.87;0.403;1.525;1987.092;0.720;6.061
1137530;36.1;26.87;0.407;1.526;1992.735;0.646;6.018
1137630;36.1;26.87;0.435;1.484;1999.812;0.358;6.880
1137730;36.1;26.87;0.437;1.481;1998.287;0.285;7.016
1137830;36.1;26.87;0.431;1.493;1997.745;0.326;6.744
1137930;36.1;26.87;0.410;1.520;2012.097;0.673;6.203
1138030;36.1;26.87;0.409;1.510;1986.727;0.641;6.324
1138130;36.1;26.87;0.446;1.489;1991.468;0.097;6.890
1138230;36.1;26.87;0.469;1.512;1996.253;-0.275;6.621
1138330;36.0;26.87;0.463;1.513;2007.205;-0.168;6.654
1138430;36.0;26.87;0.460;1.517;2013.279;-0.162;6.616
1138530;36.0;26.87;0.455;1.493;2008.811;-0.019;6.899
1138630;36.0;26.87;0.447;1.481;2001.813;0.161;6.987
1138730;36.0;26.87;0.438;1.490;2006.012;0.241;6.833
1138830;36.0;26.87;0.453;1.491;2000.896;0.059;6.930
1138930;36.0;26.87;0.459;1.493;2003.376;-0.058;6.898
1139030;36.1;26.87;0.441;1.488;1999.958;0.194;6.919
1139130;36.1;26.87;0.427;1.499;2013.803;0.495;6.669
1139230;36.1;26.87;0.409;1.528;1992.805;0.686;6.038
1139330;36.0;26.87;0.431;1.486;1989.177;0.308;6.864
1139430;36.0;26.87;0.453;1.488;1998.406;0.058;6.965
1139530;36.0;26.87;0.446;1.483;2006.203;0.153;7.049
1139630;36.0;26.87;0.452;1.491;2002.519;0.024;6.893
1139730;36.0;26.87;0.456;1.491;2006.383;-0.028;6.931
1139830;36.0;26.87;0.420;1.491;1996.109;0.571;6.716
1139930;36.0;26.87;0.421;1.491;2003.684;0.502;6.771
1140030;36.0;26.87;0.437;1.488;1999.830;0.308;6.935
1140130;36.0;26.87;0.440;1.482;1999.220;0.242;6.990
1140230;36.0;26.87;0.405;1.531;1997.987;0.720;5.955
1140330;36.0;26.87;0.409;1.542;1999.938;0.591;5.839
1140430;36.0;26.87;0.414;1.541;1996.617;0.517;5.854
1140530;36.0;26.87;0.411;1.550;1996.334;0.426;5.704
1140630;36.0;26.87;0.405;1.533;1984.108;0.670;5.968
1140730;36.0;26.87;0.407;1.512;1998.368;0.715;6.356
1140830;36.0;26.87;0.426;1.492;1995.932;0.428;6.720
1140930;36.0;26.87;0.427;1.488;1997.684;0.438;6.830
1141030;36.0;26.87;0.407;1.523;1998.046;0.719;6.137
1141130;36.0;26.87;0.414;1.503;1991.385;0.580;6.518
1141230;36.0;26.87;0.464;1.501;1999.441;-0.168;6.844
1141330;36.0;26.87;0.465;1.510;1995.264;-0.207;6.733
1141430;36.0;26.87;0.460;1.503;2010.892;-0.113;6.773
1141530;36.0;26.87;0.444;1.492;2011.123;0.224;6.902
1141630;36.0;26.87;0.436;1.483;1999.827;0.324;6.992
1141730;36.0;26.87;0.414;1.497;1994.945;0.669;6.505
1141830;36.1;26.87;0.417;1.508;1999.819;0.570;6.459
1141930;36.1;26.87;0.425;1.492;1999.554;0.442;6.775
1142030;36.1;26.87;0.427;1.495;1998.643;0.422;6.727
1142130;36.1;26.87;0.410;1.515;1994.306;0.709;6.378
1142230;36.1;26.87;0.420;1.547;2003.161;0.365;5.791
1142330;36.1;26.87;0.406;1.549;1992.459;0.508;5.745
1142430;36.1;26.87;0.422;1.496;1986.065;0.544;6.663
1142530;36.1;26.87;0.409;1.514;1994.236;0.683;6.348
1142630;36.1;26.87;0.402;1.544;2003.790;0.695;5.783
1142730;36.1;26.87;0.413;1.513;1997.799;0.661;6.406
1142830;36.0;26.87;0.410;1.524;1998.557;0.651;6.157
1142930;36.0;26.87;0.405;1.548;1990.457;0.540;5.780
1143030;36.0;26.87;0.415;1.544;1994.228;0.481;5.838
1143130;36.0;26.87;0.405;1.538;1996.068;0.640;5.923
1143230;36.0;26.87;0.402;1.552;1999.768;0.597;5.745
1143330;36.0;26.87;0.423;1.552;1990.070;0.294;5.811
1143430;36.0;26.87;0.428;1.545;1998.268;0.188;5.864
1143530;36.0;26.87;0.432;1.551;2002.807;-0.023;5.761
1143630;36.0;26.87;0.409;1.539;1980.941;0.623;5.915
1143730;36.0;26.87;0.404;1.529;1990.446;0.637;5.967
1143830;36.0;26.87;0.399;1.535;1997.784;0.776;6.009
1143930;36.0;26.87;0.433;1.489;1996.082;0.359;6.929
1144030;36.0;26.87;0.413;1.508;1994.671;0.651;6.458
1144130;36.0;26.87;0.402;1.544;1993.711;0.703;5.843
1144230;36.0;26.87;0.422;1.500;1989.981;0.555;6.634
1144330;36.0;26.87;0.442;1.484;1998.398;0.196;7.082
1144430;36.0;26.87;0.440;1.484;1996.344;0.221;7.018
1144530;36.0;26.87;0.425;1.502;2011.431;0.504;6.681
1144630;36.0;26.87;0.405;1.526;1995.273;0.723;6.177
1144730;36.0;26.87;0.398;1.547;2008.337;0.763;5.840
1144830;35.9;26.87;0.414;1.543;1986.826;0.458;5.886
1144930;35.9;26.87;0.419;1.548;1993.128;0.356;5.827
1145030;36.0;26.87;0.405;1.551;1999.651;0.624;5.732
1145130;36.0;26.87;0.411;1.550;1998.996;0.505;5.836
1145230;36.0;26.87;0.446;1.541;1996.636;-0.165;5.970
1145330;36.0;26.87;0.499;1.531;2016.034;-0.964;6.156
1145430;36.0;26.87;0.462;1.541;1990.436;-0.424;6.001
1145530;36.1;26.87;0.420;1.545;1987.837;0.333;5.935
1145630;36.1;26.87;0.449;1.540;1996.427;-0.219;5.961
1145730;36.1;26.87;0.431;1.542;1992.627;0.128;5.972
1145830;36.0;26.87;0.421;1.547;1998.491;0.308;5.844
1145930;36.0;26.87;0.441;1.546;1997.941;-0.126;5.921
1146030;36.0;26.87;0.432;1.547;1978.944;0.145;5.868
1146130;36.0;26.87;0.426;1.545;1994.287;0.199;5.944
1146230;36.0;26.87;0.412;1.550;2001.453;0.449;5.784
1146330;36.0;26.87;0.406;1.539;1989.951;0.641;6.014
1146430;36.0;26.87;0.420;1.543;1989.609;0.309;5.921
1146530;36.0;26.87;0.436;1.558;2010.918;-0.003;5.725
1146630;36.0;26.87;0.446;1.550;1990.438;-0.072;5.858
1146730;36.0;26.87;0.414;1.547;1988.303;0.417;5.877
1146830;36.0;26.87;0.408;1.550;1995.281;0.496;5.815
1146930;36.0;26.87;0.409;1.541;1988.447;0.672;5.976
1147030;36.0;26.87;0.413;1.517;1997.637;0.627;6.323
1147130;36.0;26.87;0.426;1.557;2002.599;0.164;5.755
1147230;36.0;26.87;0.428;1.550;1984.321;0.165;5.867
1147330;36.0;26.87;0.405;1.533;1988.704;0.664;6.085
1147430;36.0;26.87;0.409;1.514;2003.152;0.613;6.435
1147530;36.0;26.87;0.424;1.503;1984.936;0.540;6.687
1147630;36.0;26.87;0.418;1.550;2001.300;0.461;5.812
1147730;36.0;26.87;0.439;1.553;2010.484;-0.088;5.832
1147830;36.1;26.87;0.480;1.542;2006.431;-0.645;6.031
1147930;36.1;26.87;0.492;1.533;1998.271;-0.862;6.157
1148030;36.0;26.87;0.486;1.536;2005.246;-0.887;6.083
1148130;36.0;26.87;0.488;1.540;2010.073;-0.782;6.062
1148230;36.0;26.87;0.492;1.533;2010.136;-0.867;6.141
1148330;35.9;26.87;0.478;1.513;2015.418;-0.531;6.447
1148430;35.9;26.87;0.469;1.487;1998.355;-0.239;6.786
1148530;36.0;26.87;0.493;1.525;2004.229;-0.821;6.265
1148630;36.0;26.87;0.489;1.532;2007.836;-0.940;6.162
1148730;36.0;26.87;0.455;1.542;1974.712;-0.297;6.062
1148830;36.0;26.87;0.429;1.546;1996.778;0.197;5.939
1148930;36.0;26.87;0.435;1.560;2011.582;0.024;5.745
1149030;36.0;26.87;0.451;1.546;1993.330;-0.202;5.954
1149130;36.0;26.87;0.443;1.543;1990.893;-0.114;6.040
1149230;36.0;26.87;0.431;1.547;1996.372;0.068;5.873
1149330;36.0;26.87;0.410;1.546;1989.577;0.649;5.973
1149430;36.0;26.87;0.411;1.549;1999.716;0.525;5.888
1149530;35.9;26.87;0.449;1.550;2002.187;-0.270;5.927
1149630;35.9;26.87;0.491;1.538;2005.341;-0.845;6.149
1149730;35.9;26.87;0.474;1.537;1994.340;-0.641;6.133
1149830;35.9;26.87;0.436;1.551;1995.587;-0.048;5.867
1149930;35.9;26.87;0.420;1.552;1979.390;0.375;5.900
1150030;36.0;26.87;0.407;1.543;1993.560;0.671;5.963
1150130;36.0;26.87;0.416;1.564;2015.138;0.365;5.679
1150230;36.0;26.87;0.479;1.537;1999.181;-0.646;6.146
1150330;36.0;26.87;0.442;1.543;1976.864;-0.122;6.023
1150430;36.0;26.87;0.426;1.558;2007.060;0.173;5.724
1150530;36.0;26.87;0.427;1.554;1999.810;0.257;5.878
1150630;36.0;26.87;0.441;1.545;1999.042;-0.094;6.036
1150730;36.0;26.87;0.497;1.527;2014.615;-0.945;6.311
1150830;36.0;26.87;0.476;1.509;2016.541;-0.357;6.556
1150930;36.0;26.87;0.470;1.488;2005.653;-0.248;6.782
1151030;36.0;26.87;0.472;1.497;2002.262;-0.306;6.743
1151130;36.0;26.87;0.484;1.514;1998.293;-0.559;6.529
1151230;36.0;26.87;0.480;1.515;2017.195;-0.503;6.454
1151330;36.0;26.87;0.473;1.509;2015.381;-0.343;6.547
1151430;36.0;26.87;0.463;1.482;2003.349;-0.104;6.906
1151530;36.1;26.87;0.469;1.501;1989.981;-0.275;6.644
1151630;36.1;26.87;0.496;1.537;2010.056;-0.957;6.154
1151730;36.1;26.87;0.478;1.547;1994.453;-0.642;6.038
1151830;36.1;26.87;0.442;1.538;1985.296;-0.131;6.094
1151930;36.1;26.87;0.453;1.546;2004.122;-0.366;6.029
1152030;36.0;26.87;0.469;1.551;2009.743;-0.528;5.967
1152130;36.0;26.87;0.466;1.546;1997.710;-0.460;5.985
1152230;36.0;26.87;0.465;1.545;2001.875;-0.527;6.030
1152330;36.0;26.87;0.433;1.550;1987.633;0.107;5.972
1152430;36.0;26.87;0.430;1.550;2007.242;0.125;5.950
1152530;36.0;26.87;0.487;1.543;2013.154;-0.840;6.056
1152630;36.0;26.87;0.493;1.529;2002.370;-0.803;6.299
1152730;36.0;26.87;0.490;1.520;2005.813;-0.676;6.421
1152830;36.0;26.87;0.498;1.534;2016.612;-0.981;6.249
1152930;36.0;26.87;0.478;1.539;1997.570;-0.629;6.156
1153030;36.0;26.87;0.455;1.540;1987.210;-0.362;6.107
1153130;36.0;26.87;0.496;1.539;2015.261;-0.955;6.155
1153230;36.0;26.87;0.486;1.517;2020.684;-0.532;6.486
1153330;36.0;26.87;0.472;1.505;2004.778;-0.324;6.612
1153430;36.0;26.87;0.497;1.523;1991.469;-0.938;6.380
1153530;36.0;26.87;0.486;1.537;2002.659;-0.772;6.219
1153630;36.0;26.87;0.481;1.541;2011.491;-0.753;6.119
1153730;36.0;26.87;0.485;1.520;2016.046;-0.559;6.412
1153830;36.0;26.87;0.470;1.489;2000.060;-0.238;6.876
1153930;36.0;26.87;0.454;1.482;2012.664;0.035;6.880
1154030;36.0;26.87;0.465;1.499;2014.493;-0.219;6.692
1154130;36.0;26.87;0.485;1.517;1998.192;-0.576;6.490
1154230;36.0;26.87;0.497;1.521;1994.771;-0.836;6.373
1154330;36.0;26.87;0.490;1.524;2017.553;-0.699;6.344
1154430;36.0;26.87;0.475;1.500;2016.685;-0.273;6.756
1154530;36.0;26.87;0.466;1.485;1999.762;-0.181;6.875
1154630;36.0;26.87;0.495;1.512;1996.632;-0.911;6.545
1154730;36.0;26.87;0.474;1.542;2000.612;-0.562;6.139
1154830;36.0;26.87;0.469;1.547;2006.290;-0.549;6.045
1154930;36.0;26.87;0.463;1.548;1998.306;-0.478;6.025
1155030;36.0;26.87;0.486;1.540;2002.328;-0.774;6.193
1155130;36.0;26.87;0.488;1.535;2002.218;-0.795;6.270
1155230;36.0;26.87;0.478;1.540;2010.229;-0.748;6.187
1155330;36.0;26.87;0.461;1.548;1986.211;-0.364;6.001
1155430;36.0;26.87;0.457;1.539;2003.986;-0.335;6.166
1155530;36.0;26.87;0.494;1.538;2020.966;-0.891;6.191
1155630;36.0;26.87;0.488;1.524;2009.481;-0.652;6.440
1155730;36.0;26.87;0.475;1.502;2007.819;-0.332;6.694
1155830;36.0;26.87;0.463;1.484;2003.607;-0.169;6.868
1155930;36.0;26.87;0.479;1.505;2003.301;-0.386;6.672
1156030;36.0;26.87;0.480;1.517;2011.280;-0.457;6.523
1156130;36.0;26.87;0.474;1.513;2012.407;-0.370;6.566
1156230;36.0;26.87;0.457;1.477;2011.788;0.049;7.061
1156330;36.0;26.87;0.442;1.478;2008.023;0.240;6.902
1156430;36.0;26.87;0.456;1.474;2004.360;-0.038;7.026
1156530;36.0;26.87;0.482;1.508;1991.305;-0.474;6.669
1156630;36.0;26.87;0.480;1.512;2003.599;-0.424;6.574
1156730;36.0;26.87;0.483;1.524;2026.441;-0.577;6.414
1156830;36.0;26.87;0.463;1.483;2009.863;-0.090;6.968
1156930;36.0;26.87;0.467;1.491;1998.871;-0.154;6.846
1157030;36.0;26.87;0.455;1.479;2010.889;0.089;6.965
1157130;36.0;26.87;0.467;1.489;2003.413;-0.154;6.905
1157230;36.0;26.87;0.474;1.502;2008.933;-0.323;6.726
1157330;36.0;26.87;0.476;1.505;2006.752;-0.392;6.654
1157430;36.0;26.87;0.463;1.488;2013.161;-0.125;6.940
1157530;36.1;26.87;0.464;1.490;2009.661;-0.134;6.876
1157630;36.1;26.87;0.467;1.506;2003.330;-0.265;6.665
1157730;36.1;26.87;0.496;1.533;1984.349;-0.849;6.300
1157830;36.2;26.87;0.498;1.540;2008.264;-0.831;6.235
1157930;36.2;26.87;0.494;1.540;2011.187;-0.950;6.237
1158030;36.1;26.87;0.478;1.542;1999.596;-0.670;6.203
1158130;36.1;26.87;0.498;1.532;1997.645;-0.857;6.304
1158230;36.1;26.87;0.496;1.531;2018.562;-0.807;6.360
1158330;36.0;26.87;0.496;1.530;2006.288;-0.647;6.440
1158430;36.0;26.87;0.489;1.525;2005.264;-0.687;6.457
1158530;36.0;26.87;0.473;1.501;2012.340;-0.315;6.746
1158630;36.0;26.87;0.453;1.485;2014.409;0.087;6.968
1158730;36.0;26.87;0.447;1.480;2009.507;0.211;6.977
1158830;36.0;26.87;0.423;1.490;2005.390;0.505;6.670
1158930;36.0;26.87;0.427;1.476;1988.712;0.473;6.815
1159030;36.0;26.87;0.441;1.478;2005.819;0.267;6.937
1159130;36.0;26.87;0.442;1.472;2000.922;0.204;7.042
1159230;36.0;26.87;0.452;1.471;1996.891;0.103;7.125
1159330;36.0;26.87;0.434;1.482;2002.772;0.433;6.784
1159430;36.0;26.87;0.428;1.476;2000.139;0.418;6.950
1159530;36.0;26.87;0.470;1.493;2000.390;-0.247;6.909
1159630;36.0;26.87;0.479;1.517;2005.967;-0.486;6.586
1159730;36.0;26.87;0.471;1.500;2006.135;-0.291;6.747
1159830;36.0;26.87;0.467;1.493;2017.465;-0.139;6.909
1159930;36.0;26.87;0.464;1.484;2003.469;-0.073;6.971
1160030;36.1;26.87;0.449;1.479;2012.671;0.095;7.027
1160130;36.1;26.87;0.443;1.468;1992.879;0.262;7.100
1160230;36.1;26.87;0.463;1.488;2006.952;-0.133;6.938
1160330;36.0;26.87;0.473;1.501;2012.261;-0.190;6.746
1160430;36.0;26.87;0.474;1.505;1997.497;-0.312;6.791
1160530;36.0;26.87;0.468;1.488;2013.763;-0.134;6.939
1160630;36.0;26.87;0.452;1.482;2016.992;0.028;7.000
1160730;36.0;26.87;0.476;1.498;1995.654;-0.333;6.852
1160830;36.1;26.87;0.478;1.509;2002.877;-0.395;6.667
1160930;36.1;26.87;0.475;1.507;2011.991;-0.360;6.656
1161030;36.0;26.87;0.489;1.534;2008.306;-0.616;6.472
1161130;36.0;26.87;0.488;1.518;2010.348;-0.582;6.578
1161230;36.0;26.87;0.455;1.483;2011.709;0.022;6.994
1161330;36.1;26.87;0.450;1.476;2006.470;0.134;7.066
1161430;36.1;26.87;0.449;1.479;2005.973;0.108;7.011
1161530;36.1;26.87;0.453;1.479;2004.412;0.103;7.005
1161630;36.1;26.87;0.435;1.475;1993.521;0.358;6.992
1161730;36.1;26.87;0.415;1.512;1997.198;0.666;6.284
1161830;36.2;26.87;0.402;1.533;2002.784;0.761;5.928
1161930;36.2;26.87;0.413;1.525;1989.310;0.566;5.987
1162030;36.0;26.87;0.407;1.517;1982.341;0.706;6.156
1162130;36.0;26.87;0.414;1.502;1995.679;0.680;6.403
1162230;36.0;26.87;0.438;1.475;1996.536;0.300;7.073
1162330;36.0;26.87;0.439;1.476;2004.045;0.282;7.043
1162430;36.0;26.87;0.409;1.517;1992.684;0.689;6.164
1162530;36.1;26.87;0.414;1.497;1979.587;0.648;6.460
1162630;36.1;26.87;0.455;1.482;1998.013;0.056;7.003
1162730;36.1;26.87;0.466;1.494;2000.826;-0.174;6.901
1162830;36.2;26.87;0.468;1.494;1998.683;-0.193;6.943
1162930;36.2;26.87;0.457;1.488;2010.857;-0.012;6.971
1163030;36.1;26.87;0.453;1.486;2012.994;0.071;6.995
1163130;36.1;26.87;0.441;1.475;1998.075;0.295;6.994
1163230;36.1;26.87;0.432;1.486;1996.414;0.382;6.791
1163330;36.1;26.87;0.460;1.484;2006.889;-0.030;6.995
1163430;36.1;26.87;0.466;1.489;2008.222;-0.139;7.030
1163530;36.1;26.87;0.460;1.483;2012.376;-0.061;7.010
1163630;36.1;26.87;0.417;1.495;2002.260;0.617;6.576
1163730;36.1;26.87;0.417;1.497;1993.334;0.614;6.503
1163830;36.1;26.87;0.450;1.483;1996.221;0.115;7.098
1163930;36.1;26.87;0.444;1.473;2003.966;0.217;7.106
1164030;36.1;26.87;0.435;1.471;1989.472;0.413;7.050
1164130;36.1;26.87;0.450;1.482;2008.178;0.155;7.007
1164230;36.1;26.87;0.434;1.485;2013.956;0.359;6.899
1164330;36.0;26.87;0.411;1.513;1988.666;0.642;6.235
1164430;36.0;26.87;0.408;1.536;1999.545;0.702;5.936
1164530;36.0;26.87;0.415;1.500;1994.196;0.627;6.519
1164630;36.0;26.87;0.432;1.483;1995.168;0.409;6.905
1164730;36.0;26.87;0.414;1.517;2000.484;0.638;6.198
1164830;36.0;26.87;0.411;1.541;1997.581;0.574;5.836
1164930;36.0;26.87;0.422;1.538;1994.369;0.336;5.871
1165030;36.0;26.87;0.410;1.537;1992.294;0.597;5.929
1165130;36.0;26.87;0.407;1.528;1988.000;0.613;5.993
1165230;36.0;26.87;0.409;1.520;1986.360;0.673;6.159
1165330;36.0;26.87;0.431;1.485;2004.891;0.441;6.845
1165430;36.0;26.87;0.412;1.507;2002.331;0.719;6.448
1165530;36.1;26.87;0.409;1.518;1981.582;0.627;6.147
1165630;36.1;26.87;0.427;1.486;1987.003;0.456;6.853
1165730;36.1;26.87;0.461;1.494;2014.112;-0.124;6.961
1165830;36.0;26.87;0.478;1.507;1997.647;-0.331;6.852
1165930;36.0;26.87;0.459;1.485;2008.410;0.025;7.035
1166030;36.0;26.87;0.436;1.480;2009.962;0.307;7.015
1166130;36.0;26.87;0.424;1.491;2004.774;0.576;6.741
1166230;36.0;26.87;0.426;1.497;1988.047;0.525;6.626
1166330;36.0;26.87;0.425;1.482;1991.037;0.447;6.818
1166430;36.0;26.87;0.433;1.480;1995.460;0.389;6.997
1166530;36.0;26.87;0.429;1.494;2005.733;0.476;6.699
1166630;36.0;26.87;0.411;1.540;2002.856;0.632;5.861
1166730;36.0;26.87;0.452;1.529;1988.819;-0.205;6.017
1166830;36.1;26.87;0.419;1.539;1984.388;0.411;5.880
1166930;36.1;26.87;0.421;1.495;2004.243;0.516;6.624
1167030;36.1;26.87;0.415;1.506;1984.087;0.656;6.422
1167130;36.1;26.87;0.408;1.520;1990.749;0.700;6.231
1167230;36.1;26.87;0.406;1.536;2001.885;0.721;5.933
1167330;36.1;26.87;0.410;1.535;1991.307;0.572;5.946
1167430;36.1;26.87;0.412;1.535;1988.436;0.577;5.942
1167530;36.1;26.87;0.413;1.534;1988.037;0.474;5.892
1167630;36.1;26.87;0.412;1.515;1987.834;0.654;6.083
1167730;36.1;26.87;0.416;1.541;2001.197;0.560;5.902
1167830;36.1;26.87;0.436;1.539;1995.515;0.065;5.940
1167930;36.1;26.87;0.449;1.532;1996.554;-0.195;6.009
1168030;36.1;26.87;0.459;1.535;1993.992;-0.281;6.013
1168130;36.1;26.87;0.410;1.530;1990.091;0.574;5.982
1168230;36.1;26.87;0.405;1.506;1978.288;0.770;6.447
1168330;36.0;26.87;0.425;1.501;1989.363;0.541;6.569
1168430;36.0;26.87;0.426;1.490;2005.975;0.490;6.818
1168530;36.0;26.87;0.403;1.527;1993.738;0.738;6.117
1168630;36.0;26.87;0.420;1.500;1977.438;0.559;6.552
1168730;36.0;26.87;0.448;1.477;2002.598;0.103;7.153
1168830;36.1;26.87;0.458;1.484;2002.033;0.041;7.123
1168930;36.1;26.87;0.468;1.495;2008.749;-0.151;7.001
1169030;36.0;26.87;0.418;1.501;2014.113;0.595;6.561
1169130;36.0;26.87;0.407;1.534;1987.553;0.655;5.992
1169230;36.0;26.87;0.439;1.546;2000.833;0.122;5.847
1169330;36.0;26.87;0.412;1.542;1996.469;0.433;5.878
1169430;36.0;26.87;0.412;1.536;1980.156;0.528;5.974
1169530;36.0;26.87;0.431;1.541;1993.800;0.237;5.907
1169630;36.0;26.87;0.433;1.546;2006.292;-0.101;5.836
1169730;36.0;26.87;0.471;1.532;2000.635;-0.520;6.061
1169830;36.0;26.87;0.482;1.524;1981.906;-0.619;6.217
1169930;36.0;26.87;0.437;1.538;1988.284;0.032;5.923
1170030;36.0;26.87;0.411;1.539;1991.445;0.601;5.956
1170130;36.0;26.87;0.407;1.542;1991.542;0.611;5.892
1170230;36.0;26.87;0.413;1.541;1990.628;0.520;5.853
1170330;36.0;26.87;0.438;1.539;2004.307;0.045;5.943
1170430;36.0;26.87;0.468;1.535;1996.170;-0.428;6.035
1170530;36.1;26.87;0.426;1.537;1990.303;0.225;5.950
1170630;36.1;26.87;0.407;1.534;1980.378;0.646;6.049
1170730;36.1;26.87;0.420;1.550;2002.604;0.426;5.816
1170830;36.1;26.87;0.417;1.539;1994.478;0.493;5.880
1170930;36.1;26.87;0.422;1.535;1985.189;0.347;5.984
1171030;36.1;26.87;0.459;1.534;1992.529;-0.293;6.069
1171130;36.1;26.87;0.442;1.538;1994.887;-0.080;5.961
1171230;36.1;26.87;0.407;1.518;1984.870;0.728;6.294
1171330;36.1;26.87;0.413;1.524;1989.936;0.608;6.197
1171430;36.1;26.87;0.411;1.523;1993.706;0.659;6.183
1171530;36.1;26.87;0.407;1.539;2001.791;0.705;5.965
1171630;36.1;26.87;0.436;1.547;1993.478;0.116;5.881
1171730;36.1;26.87;0.406;1.528;1988.423;0.648;6.131
1171830;36.1;26.87;0.412;1.502;1982.811;0.740;6.596
1171930;36.1;26.87;0.415;1.517;2003.344;0.691;6.334
1172030;36.0;26.87;0.409;1.529;2005.576;0.692;6.137
1172130;36.0;26.87;0.432;1.537;1990.618;0.121;6.031
1172230;36.0;26.87;0.476;1.538;2001.255;-0.537;6.034
1172330;36.1;26.87;0.481;1.534;2006.088;-0.659;6.118
1172430;36.1;26.87;0.475;1.527;1990.498;-0.562;6.110
1172530;36.1;26.87;0.476;1.533;1995.515;-0.600;6.111
1172630;36.1;26.87;0.484;1.536;1999.748;-0.704;6.043
1172730;36.1;26.87;0.480;1.530;2015.641;-0.627;6.130
1172830;36.0;26.87;0.464;1.513;2004.399;-0.183;6.399
1172930;36.0;26.87;0.484;1.519;1984.853;-0.674;6.270
1173030;36.0;26.87;0.469;1.531;1994.887;-0.506;6.101
1173130;36.0;26.87;0.478;1.537;2006.197;-0.636;6.051
1173230;36.0;26.87;0.446;1.546;1984.491;-0.082;5.927
1173330;36.0;26.87;0.428;1.531;1982.084;0.208;6.089
1173430;36.0;26.87;0.454;1.544;2006.349;-0.210;5.963
1173530;36.1;26.87;0.437;1.545;1991.667;0.046;5.958
1173630;36.1;26.87;0.431;1.539;1990.370;0.204;5.963
1173730;36.1;26.87;0.421;1.540;1989.753;0.357;5.982
1173830;36.1;26.87;0.435;1.552;2000.829;0.155;5.783
1173930;36.1;26.87;0.429;1.542;1993.314;0.206;5.982
1174030;36.1;26.87;0.444;1.547;1998.183;-0.043;5.896
1174130;36.1;26.87;0.468;1.537;1996.765;-0.488;6.029
1174230;36.1;26.87;0.453;1.532;1989.606;-0.208;6.094
1174330;36.1;26.87;0.446;1.546;1999.583;-0.037;5.914
1174430;36.1;26.87;0.429;1.543;1989.098;0.187;5.948
1174530;36.1;26.87;0.420;1.536;1989.116;0.335;6.080
1174630;36.1;26.87;0.485;1.535;2012.838;-0.654;6.113
1174730;36.1;26.87;0.481;1.531;1999.675;-0.676;6.133
1174830;36.1;26.87;0.419;1.539;1980.548;0.320;6.025
1174930;36.1;26.87;0.432;1.545;1990.255;0.123;5.935
1175030;36.1;26.87;0.438;1.549;2007.410;0.095;5.869
1175130;36.1;26.87;0.472;1.540;2013.401;-0.544;6.056
1175230;36.1;26.87;0.483;1.527;2000.232;-0.595;6.236
1175330;36.1;26.87;0.468;1.508;2007.432;-0.275;6.499
1175430;36.1;26.87;0.456;1.502;2011.491;-0.099;6.516
1175530;36.2;26.87;0.469;1.515;1995.586;-0.288;6.424
1175630;36.2;26.87;0.478;1.524;1999.975;-0.547;6.304
1175730;36.2;26.87;0.461;1.515;2009.536;-0.216;6.385
1175830;36.2;26.87;0.460;1.495;2015.351;-0.083;6.658
1175930;36.2;26.87;0.462;1.493;2004.139;-0.179;6.709
1176030;36.2;26.87;0.481;1.520;1980.255;-0.622;6.287
1176130;36.2;26.87;0.486;1.532;2006.268;-0.656;6.205
1176230;36.2;26.87;0.479;1.534;2001.838;-0.627;6.123
1176330;36.2;26.87;0.426;1.539;1986.772;0.188;6.051
1176430;36.2;26.87;0.442;1.545;1990.368;0.041;5.949
1176530;36.2;26.87;0.473;1.540;2005.724;-0.538;6.072
1176630;36.2;26.87;0.450;1.540;1995.954;-0.197;6.038
1176730;36.2;26.87;0.440;1.545;1994.828;0.039;5.985
1176830;36.2;26.87;0.437;1.544;1988.511;0.062;5.924
1176930;36.2;26.87;0.459;1.544;2001.575;-0.311;5.991
1177030;36.1;26.87;0.486;1.529;2009.127;-0.642;6.222
1177130;36.1;26.87;0.474;1.522;2011.109;-0.416;6.353
1177230;36.1;26.87;0.467;1.512;1989.407;-0.362;6.433
1177330;36.1;26.87;0.474;1.524;2005.923;-0.366;6.336
1177430;36.1;26.87;0.483;1.527;2005.855;-0.645;6.239
1177530;36.2;26.87;0.467;1.537;1990.858;-0.478;6.101
1177630;36.2;26.87;0.486;1.531;2003.864;-0.603;6.235
1177730;36.2;26.87;0.467;1.507;2014.745;-0.242;6.572
1177830;36.3;26.87;0.463;1.511;1997.966;-0.253;6.455
1177930;36.3;26.87;0.483;1.532;1996.364;-0.691;6.226
1178030;36.1;26.87;0.488;1.532;1996.296;-0.758;6.164
1178130;36.1;26.87;0.480;1.535;2010.437;-0.590;6.135
1178230;36.1;26.87;0.469;1.512;2002.632;-0.243;6.454
1178330;36.1;26.87;0.460;1.499;2012.980;-0.167;6.716
1178430;36.1;26.87;0.430;1.477;1994.542;0.331;6.769
1178530;36.1;26.87;0.445;1.480;2002.355;0.147;6.843
1178630;36.1;26.87;0.457;1.487;1998.108;-0.070;6.805
1178730;36.1;26.87;0.463;1.509;1999.388;-0.242;6.519
1178830;36.2;26.87;0.461;1.495;2008.711;-0.093;6.720
1178930;36.2;26.87;0.439;1.482;2007.448;0.276;6.831
1179030;36.2;26.87;0.449;1.482;1996.176;0.028;6.861
1179130;36.2;26.87;0.477;1.525;1989.141;-0.575;6.369
1179230;36.2;26.87;0.487;1.526;1997.256;-0.711;6.285
1179330;36.3;26.87;0.471;1.540;1999.101;-0.505;6.064
1179430;36.3;26.87;0.466;1.539;2000.942;-0.386;6.123
1179530;36.3;26.87;0.484;1.533;1996.224;-0.672;6.238
1179630;36.3;26.87;0.470;1.516;2000.940;-0.367;6.399
1179730;36.3;26.87;0.480;1.528;2006.865;-0.514;6.274
1179830;36.1;26.87;0.488;1.531;1993.717;-0.741;6.215
1179930;36.1;26.87;0.480;1.534;1994.536;-0.624;6.200
1180030;36.2;26.87;0.469;1.516;2017.289;-0.282;6.476
1180130;36.2;26.87;0.460;1.501;2013.506;-0.111;6.689
1180230;36.2;26.87;0.454;1.483;2006.183;-0.019;6.829
1180330;36.2;26.87;0.459;1.495;1993.884;-0.113;6.753
1180430;36.2;26.87;0.465;1.499;2007.513;-0.199;6.689
1180530;36.2;26.87;0.465;1.519;2002.889;-0.246;6.437
1180630;36.2;26.87;0.470;1.516;2005.889;-0.297;6.456
1180730;36.2;26.87;0.444;1.480;2005.581;0.159;6.925
1180830;36.2;26.87;0.423;1.488;1999.538;0.451;6.618
1180930;36.2;26.87;0.462;1.491;1996.879;-0.158;6.808
1181030;36.1;26.87;0.469;1.513;2005.923;-0.289;6.535
1181130;36.1;26.87;0.463;1.512;1989.733;-0.252;6.522
1181230;36.1;26.87;0.463;1.503;2020.390;-0.144;6.663
1181330;36.1;26.87;0.442;1.480;2005.667;0.194;6.953
1181430;36.1;26.87;0.429;1.484;2005.937;0.354;6.742
1181530;36.2;26.87;0.438;1.476;1983.940;0.307;6.912
1181630;36.2;26.87;0.448;1.480;2002.603;0.098;6.955
1181730;36.2;26.87;0.451;1.497;2002.913;0.017;6.715
1181830;36.2;26.87;0.463;1.508;2006.966;-0.216;6.580
1181930;36.2;26.87;0.449;1.482;2002.170;0.115;6.862
1182030;36.2;26.87;0.439;1.475;2003.101;0.230;6.892
1182130;36.2;26.87;0.464;1.510;1999.136;-0.175;6.591
1182230;36.2;26.87;0.479;1.526;1998.810;-0.505;6.363
1182330;36.2;26.87;0.470;1.516;1991.506;-0.346;6.474
1182430;36.2;26.87;0.488;1.529;2011.166;-0.670;6.338
1182530;36.2;26.87;0.479;1.529;2008.968;-0.510;6.334
1182630;36.2;26.87;0.456;1.497;2006.066;-0.085;6.719
1182730;36.2;26.87;0.460;1.494;1998.362;-0.107;6.785
1182830;36.2;26.87;0.466;1.512;2004.000;-0.251;6.586
1182930;36.2;26.87;0.467;1.523;2004.145;-0.312;6.396
1183030;36.2;26.87;0.464;1.509;2006.786;-0.167;6.605
1183130;36.2;26.87;0.438;1.482;2005.202;0.268;6.867
1183230;36.2;26.87;0.416;1.504;2011.610;0.573;6.329
1183330;36.2;26.87;0.418;1.495;1990.836;0.553;6.615
1183430;36.2;26.87;0.432;1.478;1991.019;0.351;6.870
1183530;36.2;26.87;0.430;1.485;1997.727;0.354;6.772
1183630;36.2;26.87;0.438;1.481;2006.659;0.255;6.903
1183730;36.2;26.87;0.430;1.485;2004.896;0.419;6.780
1183830;36.3;26.87;0.403;1.541;1994.458;0.604;5.664
1183930;36.3;26.87;0.414;1.495;1976.742;0.625;6.551
1184030;36.2;26.87;0.452;1.479;2003.344;0.011;7.018
1184130;36.2;26.87;0.458;1.503;2002.265;-0.109;6.662
1184230;36.2;26.87;0.462;1.501;1999.057;-0.093;6.778
1184330;36.1;26.87;0.437;1.486;2010.889;0.279;6.790
1184430;36.1;26.87;0.425;1.491;2004.456;0.429;6.676
1184530;36.2;26.87;0.430;1.483;1992.437;0.393;6.858
1184630;36.2;26.87;0.429;1.478;1991.841;0.356;6.929
1184730;36.2;26.87;0.445;1.488;2002.278;0.108;6.828
1184830;36.2;26.87;0.460;1.492;2003.054;-0.037;6.839
1184930;36.2;26.87;0.444;1.483;2010.924;0.159;6.926
1185030;36.2;26.87;0.407;1.508;1995.054;0.667;6.344
1185130;36.2;26.87;0.427;1.485;1984.958;0.439;6.776
1185230;36.2;26.87;0.459;1.491;2007.425;-0.138;6.895
1185330;36.2;26.87;0.457;1.492;2001.044;-0.105;6.864
1185430;36.2;26.87;0.459;1.491;1990.272;-0.091;6.904
1185530;36.2;26.87;0.461;1.496;2012.029;-0.087;6.841
1185630;36.2;26.87;0.452;1.494;2011.885;0.000;6.799
1185730;36.2;26.87;0.447;1.484;1997.264;0.153;6.932
1185830;36.2;26.87;0.442;1.475;1998.781;0.186;6.990
1185930;36.2;26.87;0.440;1.487;1997.283;0.189;6.828
1186030;36.3;26.87;0.443;1.486;2007.947;0.204;6.939
1186130;36.3;26.87;0.411;1.507;2000.604;0.653;6.358
1186230;36.3;26.87;0.405;1.540;1996.795;0.569;5.732
1186330;36.3;26.87;0.426;1.545;1996.143;0.222;5.788
1186430;36.3;26.87;0.409;1.536;1991.745;0.560;5.819
1186530;36.3;26.87;0.403;1.525;1991.711;0.692;6.013
1186630;36.3;26.87;0.408;1.513;1985.607;0.689;6.241
1186730;36.3;26.87;0.415;1.507;2001.907;0.623;6.390
1186830;36.3;26.87;0.403;1.524;2007.777;0.697;6.062
1186930;36.3;26.87;0.404;1.528;1979.242;0.717;5.992
1187030;36.2;26.87;0.429;1.474;1984.703;0.370;6.965
1187130;36.2;26.87;0.456;1.498;2008.403;-0.028;6.737
1187230;36.2;26.87;0.463;1.507;2005.192;-0.182;6.728
1187330;36.2;26.87;0.454;1.490;2006.401;-0.015;6.925
1187430;36.2;26.87;0.425;1.486;1999.588;0.419;6.776
1187530;36.2;26.87;0.435;1.489;2000.813;0.377;6.772
1187630;36.2;26.87;0.427;1.489;2002.732;0.417;6.789
1187730;36.2;26.87;0.422;1.494;1993.655;0.428;6.620
1187830;36.2;26.87;0.432;1.484;1988.420;0.377;6.879
1187930;36.2;26.87;0.441;1.484;2005.859;0.253;6.928
1188030;36.2;26.87;0.414;1.502;2007.499;0.566;6.506
1188130;36.2;26.87;0.401;1.531;1985.550;0.736;5.963
1188230;36.2;26.87;0.420;1.487;1987.734;0.505;6.709
1188330;36.2;26.87;0.447;1.492;2008.606;0.104;6.830
1188430;36.2;26.87;0.444;1.488;2003.694;0.158;6.931
1188530;36.2;26.87;0.442;1.475;1989.581;0.235;7.049
1188630;36.2;26.87;0.432;1.490;2012.948;0.311;6.800
1188730;36.2;26.87;0.422;1.495;2002.995;0.557;6.664
1188830;36.2;26.87;0.415;1.499;1997.646;0.593;6.549
1188930;36.2;26.87;0.399;1.523;1988.120;0.767;6.143
1189030;36.2;26.87;0.405;1.529;1996.494;0.720;6.073
1189130;36.2;26.87;0.410;1.543;1999.801;0.599;5.774
1189230;36.2;26.87;0.431;1.545;2003.636;0.005;5.762
1189330;36.3;26.87;0.451;1.545;1986.641;-0.198;5.827
1189430;36.3;26.87;0.452;1.536;1999.562;-0.284;5.955
1189530;36.2;26.87;0.409;1.544;1993.642;0.478;5.746
1189630;36.2;26.87;0.405;1.539;1989.588;0.667;5.866
1189730;36.2;26.87;0.406;1.529;1984.481;0.635;5.993
1189830;36.2;26.87;0.406;1.527;2006.219;0.655;6.030
1189930;36.2;26.87;0.409;1.536;1993.141;0.638;5.910
1190030;36.2;26.87;0.406;1.511;1987.982;0.692;6.308
1190130;36.2;26.87;0.432;1.480;1987.525;0.276;6.984
1190230;36.2;26.87;0.443;1.487;2000.809;0.193;6.992
1190330;36.3;26.87;0.460;1.491;2011.011;-0.073;6.924
1190430;36.3;26.87;0.422;1.495;2005.867;0.493;6.683
1190530;36.2;26.87;0.422;1.490;1987.199;0.527;6.770
1190630;36.2;26.87;0.404;1.526;2008.789;0.740;6.101
1190730;36.2;26.87;0.405;1.515;1997.668;0.690;6.270
1190830;36.2;26.87;0.419;1.498;1988.913;0.582;6.646
1190930;36.2;26.87;0.419;1.497;1989.935;0.573;6.584
1191030;36.2;26.87;0.407;1.527;2012.658;0.688;6.119
1191130;36.2;26.87;0.410;1.550;1994.916;0.563;5.762
1191230;36.2;26.87;0.410;1.542;1986.416;0.439;5.850
1191330;36.1;26.87;0.406;1.530;1989.178;0.677;5.961
1191430;36.1;26.87;0.403;1.530;2002.843;0.746;6.063
1191530;36.1;26.87;0.410;1.514;1993.432;0.661;6.283
1191630;36.1;26.87;0.402;1.527;1993.733;0.757;6.083
1191730;36.1;26.87;0.423;1.547;1999.409;0.345;5.809
1191830;36.2;26.87;0.425;1.549;2003.506;0.170;5.793
1191930;36.2;26.87;0.416;1.548;2001.047;0.329;5.717
1192030;36.2;26.87;0.414;1.543;1988.456;0.448;5.851
1192130;36.2;26.87;0.419;1.546;2001.374;0.317;5.772
1192230;36.2;26.87;0.419;1.559;2008.650;0.290;5.653
1192330;36.2;26.87;0.437;1.546;1993.931;0.031;5.859
1192430;36.2;26.87;0.448;1.538;1993.730;-0.248;5.944
1192530;36.2;26.87;0.444;1.545;1996.234;-0.167;5.779
1192630;36.2;26.87;0.406;1.544;1996.895;0.614;5.888
1192730;36.2;26.87;0.404;1.534;1991.449;0.709;5.977
1192830;36.2;26.87;0.400;1.521;1992.695;0.728;6.182
1192930;36.2;26.87;0.407;1.548;2005.510;0.676;5.811
1193030;36.2;26.87;0.422;1.547;2001.895;0.267;5.810
1193130;36.2;26.87;0.403;1.522;1988.695;0.685;6.150
1193230;36.2;26.87;0.438;1.484;1990.010;0.315;7.025
1193330;36.2;26.87;0.437;1.488;2007.376;0.318;6.876
1193430;36.2;26.87;0.431;1.494;2012.161;0.344;6.832
1193530;36.2;26.87;0.415;1.505;1990.544;0.683;6.358
1193630;36.2;26.87;0.408;1.545;1998.762;0.587;5.840
1193730;36.2;26.87;0.442;1.544;2005.599;-0.140;5.849
1193830;36.2;26.87;0.410;1.548;1984.230;0.575;5.818
1193930;36.2;26.87;0.408;1.542;1994.926;0.617;5.867
1194030;36.2;26.87;0.421;1.548;1996.529;0.242;5.784
1194130;36.2;26.87;0.460;1.545;2006.638;-0.376;5.922
1194230;36.2;26.87;0.495;1.529;2011.665;-0.850;6.176
1194330;36.2;26.87;0.494;1.527;1994.143;-0.950;6.163
1194430;36.2;26.87;0.471;1.541;1992.915;-0.561;6.009
1194530;36.2;26.87;0.454;1.541;2000.172;-0.279;5.970
1194630;36.2;26.87;0.407;1.552;1994.615;0.473;5.711
1194730;36.2;26.87;0.419;1.546;1986.204;0.413;5.820
1194830;36.2;26.87;0.463;1.539;2004.852;-0.441;5.986
1194930;36.2;26.87;0.475;1.537;2012.872;-0.686;6.002
1195030;36.1;26.87;0.447;1.547;1987.435;-0.173;5.919
1195130;36.1;26.87;0.415;1.542;1989.554;0.385;5.905
1195230;36.1;26.87;0.435;1.546;1999.849;-0.004;5.850
1195330;36.1;26.87;0.449;1.550;1999.903;-0.183;5.847
1195430;36.1;26.87;0.467;1.542;2007.580;-0.506;5.979
1195530;36.3;26.87;0.477;1.535;2003.111;-0.744;6.057
1195630;36.3;26.87;0.461;1.539;1987.548;-0.397;6.078
1195730;36.3;26.87;0.417;1.549;1995.301;0.379;5.804
1195830;36.2;26.87;0.404;1.526;1989.044;0.648;6.147
1195930;36.2;26.87;0.407;1.516;1988.633;0.738;6.358
1196030;36.2;26.87;0.436;1.550;2006.841;0.064;5.839
1196130;36.2;26.87;0.429;1.552;1997.561;0.049;5.783
1196230;36.2;26.87;0.409;1.510;1984.663;0.708;6.501
1196330;36.2;26.87;0.418;1.499;1989.363;0.550;6.676
1196430;36.2;26.87;0.405;1.526;1999.087;0.705;6.179
1196530;36.2;26.87;0.409;1.553;2004.154;0.609;5.772
1196630;36.2;26.87;0.435;1.548;2000.518;0.049;5.874
1196730;36.2;26.87;0.495;1.527;2013.488;-0.963;6.180
1196830;36.1;26.87;0.489;1.520;2000.145;-0.664;6.315
1196930;36.1;26.87;0.489;1.530;2003.509;-0.840;6.145
1197030;36.2;26.87;0.483;1.541;2008.184;-0.808;6.000
1197130;36.2;26.87;0.497;1.529;2006.199;-0.847;6.180
1197230;36.2;26.87;0.472;1.502;2022.521;-0.285;6.572
1197330;36.2;26.87;0.457;1.478;2007.416;-0.116;6.807
1197430;36.2;26.87;0.490;1.534;1983.056;-0.841;6.152
1197530;36.1;26.87;0.488;1.528;1996.882;-0.808;6.165
1197630;36.1;26.87;0.485;1.535;2004.645;-0.832;6.108
1197730;36.1;26.87;0.442;1.547;1996.112;-0.028;5.929
1197830;36.1;26.87;0.455;1.549;2006.541;-0.315;5.918
1197930;36.1;26.87;0.487;1.527;2004.437;-0.862;6.192
1198030;36.1;26.87;0.475;1.544;1995.845;-0.611;5.981
1198130;36.1;26.87;0.438;1.541;1993.829;-0.052;5.893
1198230;36.1;26.87;0.423;1.555;1999.640;0.190;5.775
1198330;36.1;26.87;0.466;1.543;1997.689;-0.461;6.034
1198430;36.1;26.87;0.486;1.539;2012.749;-0.779;6.080
1198530;36.1;26.87;0.492;1.526;2011.848;-0.955;6.243
1198630;36.1;26.87;0.471;1.546;1984.056;-0.538;6.012
1198730;36.1;26.87;0.441;1.539;1989.172;-0.061;6.001
1198830;36.2;26.87;0.432;1.552;2003.224;0.056;5.802
1198930;36.2;26.87;0.404;1.544;1989.906;0.689;5.968
1199030;36.2;26.87;0.436;1.550;2004.437;0.024;5.857
1199130;36.2;26.87;0.494;1.524;2014.955;-0.927;6.254
1199230;36.2;26.87;0.458;1.540;1982.830;-0.327;6.061
1199330;36.2;26.87;0.408;1.540;1994.475;0.600;5.989
1199430;36.2;26.87;0.407;1.551;1992.163;0.545;5.795
1199530;36.3;26.87;0.444;1.550;2004.736;-0.035;5.930
1199630;36.3;26.87;0.496;1.535;2017.829;-0.869;6.145
1199730;36.3;26.87;0.478;1.509;2020.807;-0.480;6.451
1199830;36.2;26.87;0.473;1.496;1989.147;-0.282;6.698
1199930;36.2;26.87;0.473;1.502;2008.106;-0.376;6.607
1200030;36.2;26.87;0.475;1.513;2016.349;-0.434;6.454
1200130;36.2;26.87;0.485;1.511;2005.600;-0.560;6.492
1200230;36.2;26.87;0.466;1.486;2006.583;-0.178;6.814
1200330;36.2;26.87;0.440;1.471;2010.274;0.218;6.832
1200430;36.2;26.87;0.465;1.482;1987.484;-0.148;6.908
1200530;36.2;26.87;0.494;1.530;2002.708;-0.913;6.218
1200630;36.2;26.87;0.491;1.525;2004.465;-0.837;6.294
1200730;36.2;26.87;0.495;1.528;1997.625;-0.866;6.283
1200830;36.2;26.87;0.487;1.539;2007.370;-0.871;6.195
1200930;36.2;26.87;0.490;1.531;2009.711;-0.876;6.193
1201030;36.1;26.87;0.492;1.535;1981.504;-0.828;6.169
1201130;36.1;26.87;0.478;1.537;2002.202;-0.674;6.143
1201230;36.1;26.87;0.434;1.553;2002.384;-0.016;5.886
1201330;36.1;26.87;0.441;1.551;1994.222;-0.057;5.912
1201430;36.1;26.87;0.490;1.538;2002.845;-0.852;6.106
1201530;36.1;26.87;0.495;1.521;2016.263;-0.841;6.378
1201630;36.1;26.87;0.495;1.530;2006.281;-0.785;6.282
1201730;36.1;26.87;0.484;1.535;1999.628;-0.784;6.184
1201830;36.1;26.87;0.490;1.533;2004.781;-0.855;6.183
1201930;36.1;26.87;0.494;1.538;2004.503;-0.877;6.147
1202030;36.2;26.87;0.489;1.541;2010.568;-0.825;6.094
1202130;36.2;26.87;0.469;1.499;2016.543;-0.270;6.658
1202230;36.2;26.87;0.469;1.484;1987.540;-0.200;6.909
1202330;36.2;26.87;0.490;1.517;2002.215;-0.727;6.419
1202430;36.2;26.87;0.494;1.527;2014.595;-0.907;6.288
1202530;36.2;26.87;0.493;1.529;1993.182;-0.780;6.318
1202630;36.2;26.87;0.469;1.501;2014.256;-0.202;6.641
1202730;36.2;26.87;0.459;1.480;2012.967;-0.099;6.868
1202830;36.2;26.87;0.456;1.474;2007.276;0.013;7.031
1202930;36.2;26.87;0.451;1.479;2001.871;0.044;6.940
1203030;36.2;26.87;0.455;1.473;2007.975;-0.002;6.965
1203130;36.2;26.87;0.458;1.476;2002.568;-0.030;6.968
1203230;36.2;26.87;0.467;1.493;2007.948;-0.199;6.753
1203330;36.2;26.87;0.447;1.472;2010.805;0.091;6.943
1203430;36.2;26.87;0.438;1.470;1985.373;0.316;6.970
1203530;36.2;26.87;0.474;1.501;2003.162;-0.383;6.636
1203630;36.2;26.87;0.494;1.523;2006.408;-0.885;6.348
1203730;36.2;26.87;0.493;1.531;1988.680;-0.891;6.280
1203830;36.3;26.87;0.478;1.539;1999.453;-0.631;6.123
1203930;36.3;26.87;0.482;1.543;2016.158;-0.785;6.102
1204030;36.3;26.87;0.497;1.534;1995.992;-0.930;6.235
1204130;36.3;26.87;0.473;1.539;1994.340;-0.616;6.150
1204230;36.3;26.87;0.490;1.534;2005.785;-0.881;6.206
1204330;36.2;26.87;0.487;1.541;2005.751;-0.783;6.157
1204430;36.2;26.87;0.489;1.540;2007.913;-0.837;6.161
1204530;36.2;26.87;0.479;1.516;2011.013;-0.499;6.457
1204630;36.2;26.87;0.465;1.484;2013.166;-0.096;6.907
1204730;36.2;26.87;0.464;1.481;2007.559;-0.142;6.907
1204830;36.2;26.87;0.466;1.491;1998.742;-0.165;6.751
1204930;36.2;26.87;0.466;1.488;2002.136;-0.186;6.908
1205030;36.3;26.87;0.470;1.501;2011.424;-0.281;6.691
1205130;36.3;26.87;0.468;1.501;2020.762;-0.262;6.715
1205230;36.3;26.87;0.451;1.473;1995.640;0.106;7.034
1205330;36.2;26.87;0.456;1.478;1995.567;-0.021;6.940
1205430;36.2;26.87;0.473;1.502;2008.526;-0.348;6.657
1205530;36.3;26.87;0.475;1.500;2002.991;-0.310;6.794
1205630;36.3;26.87;0.479;1.501;2011.125;-0.437;6.692
1205730;36.3;26.87;0.444;1.472;2002.774;0.203;6.964
1205830;36.3;26.87;0.444;1.472;2004.940;0.264;7.006
1205930;36.3;26.87;0.437;1.473;2007.383;0.292;6.904
1206030;36.2;26.87;0.439;1.471;1995.310;0.262;6.929
1206130;36.2;26.87;0.445;1.473;1993.229;0.197;7.028
1206230;36.2;26.87;0.458;1.482;2008.910;-0.044;6.940
1206330;36.2;26.87;0.465;1.489;2013.788;-0.167;6.836
1206430;36.2;26.87;0.446;1.468;2000.827;0.170;7.094
1206530;36.2;26.87;0.458;1.479;1991.525;-0.085;6.970
1206630;36.2;26.87;0.489;1.520;2009.402;-0.603;6.415
1206730;36.2;26.87;0.495;1.530;2001.937;-0.745;6.363
1206830;36.3;26.87;0.492;1.529;1994.321;-0.867;6.320
1206930;36.3;26.87;0.493;1.532;2008.706;-0.917;6.242
1207030;36.3;26.87;0.502;1.534;2016.427;-0.886;6.288
1207130;36.3;26.87;0.486;1.519;2008.794;-0.599;6.490
1207230;36.3;26.87;0.477;1.513;2007.303;-0.400;6.515
1207330;36.3;26.87;0.474;1.505;2003.492;-0.330;6.707
1207430;36.3;26.87;0.473;1.501;2022.727;-0.305;6.691
1207530;36.3;26.87;0.459;1.489;2013.453;-0.079;6.838
1207630;36.3;26.87;0.441;1.471;1997.426;0.290;7.035
1207730;36.3;26.87;0.415;1.504;2000.891;0.620;6.305
1207830;36.3;26.87;0.429;1.480;2002.210;0.428;6.755
1207930;36.3;26.87;0.436;1.467;1997.906;0.311;7.052
1208030;36.3;26.87;0.445;1.469;1989.531;0.190;6.992
1208130;36.3;26.87;0.451;1.476;2012.220;0.071;7.007
1208230;36.3;26.87;0.429;1.482;2010.500;0.485;6.719
1208330;36.2;26.87;0.411;1.516;1995.648;0.660;6.141
1208430;36.2;26.87;0.439;1.469;1988.749;0.215;6.996
1208530;36.3;26.87;0.454;1.474;2002.959;0.048;7.093
1208630;36.3;26.87;0.470;1.491;2010.526;-0.228;6.813
1208730;36.3;26.87;0.456;1.487;2015.890;-0.053;6.869
1208830;36.2;26.87;0.439;1.471;1987.033;0.392;7.042
1208930;36.2;26.87;0.425;1.485;2012.987;0.439;6.735
1209030;36.1;26.87;0.433;1.470;2006.650;0.337;6.945
1209130;36.1;26.87;0.441;1.469;1988.061;0.224;7.126
1209230;36.1;26.87;0.471;1.488;1996.930;-0.255;6.936
1209330;36.2;26.87;0.464;1.496;2015.864;-0.169;6.809
1209430;36.2;26.87;0.456;1.478;2011.555;0.072;7.031
1209530;36.3;26.87;0.429;1.486;2007.955;0.406;6.753
1209630;36.3;26.87;0.450;1.468;1985.672;0.057;7.093
1209730;36.3;26.87;0.467;1.494;2010.159;-0.186;6.878
1209830;36.2;26.87;0.474;1.502;2008.735;-0.324;6.724
1209930;36.2;26.87;0.477;1.514;2006.213;-0.441;6.577
1210030;36.2;26.87;0.477;1.496;2003.729;-0.288;6.844
1210130;36.2;26.87;0.452;1.486;2018.938;0.092;6.951
1210230;36.2;26.87;0.446;1.473;2008.943;0.157;7.036
1210330;36.3;26.87;0.443;1.471;1996.759;0.217;7.126
1210430;36.3;26.87;0.454;1.481;2000.826;0.077;6.946
1210530;36.3;26.87;0.444;1.479;2013.627;0.236;6.944
1210630;36.3;26.87;0.421;1.497;2000.473;0.560;6.496
1210730;36.3;26.87;0.407;1.531;1997.840;0.657;5.871
1210830;36.3;26.87;0.417;1.528;1984.514;0.408;5.867
1210930;36.3;26.87;0.403;1.523;1988.806;0.760;6.030
1211030;36.3;26.87;0.417;1.503;1997.147;0.605;6.358
1211130;36.3;26.87;0.429;1.471;1993.879;0.383;7.000
1211230;36.3;26.87;0.413;1.498;2001.710;0.706;6.490
1211330;36.3;26.87;0.410;1.535;2005.181;0.656;5.838
1211430;36.3;26.87;0.409;1.511;1986.194;0.653;6.168
1211530;36.3;26.87;0.439;1.467;1977.319;0.299;7.158
1211630;36.3;26.87;0.457;1.485;2006.020;0.024;6.942
1211730;36.3;26.87;0.469;1.500;2021.890;-0.258;6.835
1211830;36.3;26.87;0.450;1.473;2002.492;0.158;7.069
1211930;36.3;26.87;0.443;1.480;2003.966;0.232;6.953
1212030;36.3;26.87;0.424;1.491;1995.490;0.495;6.570
1212130;36.3;26.87;0.433;1.474;1997.772;0.413;6.988
1212230;36.3;26.87;0.449;1.477;2004.964;0.150;7.040
1212330;36.3;26.87;0.452;1.480;2004.046;0.044;7.026
1212430;36.3;26.87;0.434;1.477;2010.373;0.389;6.983
1212530;36.3;26.87;0.413;1.524;2008.059;0.655;6.066
1212630;36.3;26.87;0.415;1.506;1989.153;0.591;6.269
1212730;36.3;26.87;0.439;1.476;1982.512;0.285;7.010
1212830;36.3;26.87;0.437;1.483;2012.050;0.320;6.870
1212930;36.3;26.87;0.450;1.474;2006.884;0.111;7.096
1213030;36.3;26.87;0.449;1.474;2000.804;0.149;7.099
1213130;36.3;26.87;0.423;1.494;2000.262;0.526;6.587
1213230;36.3;26.87;0.413;1.506;2000.029;0.666;6.322
1213330;36.3;26.87;0.415;1.499;1994.843;0.668;6.509
1213430;36.3;26.87;0.429;1.481;2001.263;0.409;6.847
1213530;36.3;26.87;0.416;1.497;1995.166;0.629;6.513
1213630;36.3;26.87;0.405;1.536;2007.699;0.664;5.836
1213730;36.3;26.87;0.441;1.541;2002.350;0.054;5.806
1213830;36.3;26.87;0.455;1.531;1994.667;-0.286;5.954
1213930;36.3;26.87;0.431;1.532;1980.313;0.114;5.942
1214030;36.2;26.87;0.411;1.537;1999.908;0.535;5.825
1214130;36.2;26.87;0.409;1.506;1983.474;0.705;6.331
1214230;36.2;26.87;0.427;1.484;1988.849;0.485;6.761
1214330;36.3;26.87;0.410;1.536;2005.890;0.612;5.868
1214430;36.3;26.87;0.412;1.531;1991.365;0.558;5.900
1214530;36.3;26.87;0.442;1.474;1990.920;0.263;7.107
1214630;36.3;26.87;0.467;1.492;2005.993;-0.237;6.937
1214730;36.3;26.87;0.468;1.493;2002.365;-0.186;6.898
1214830;36.3;26.87;0.465;1.486;2017.975;-0.063;6.999
1214930;36.3;26.87;0.433;1.487;2007.486;0.408;6.839
1215030;36.3;26.87;0.416;1.500;1999.571;0.616;6.449
1215130;36.3;26.87;0.407;1.526;1984.955;0.676;6.003
1215230;36.3;26.87;0.415;1.506;2002.805;0.613;6.384
1215330;36.3;26.87;0.425;1.484;1996.488;0.480;6.772
1215430;36.3;26.87;0.418;1.488;1992.663;0.593;6.719
1215530;36.3;26.87;0.413;1.546;2007.835;0.579;5.752
1215630;36.3;26.87;0.435;1.541;1995.973;0.088;5.816
1215730;36.3;26.87;0.412;1.504;1981.674;0.652;6.389
1215830;36.3;26.87;0.429;1.481;1998.906;0.392;6.857
1215930;36.3;26.87;0.413;1.507;1999.761;0.665;6.370
1216030;36.3;26.87;0.427;1.487;1998.500;0.514;6.783
1216130;36.3;26.87;0.413;1.509;2004.011;0.632;6.404
1216230;36.3;26.87;0.414;1.540;1994.207;0.451;5.802
1216330;36.3;26.87;0.419;1.529;1985.141;0.418;5.986
1216430;36.3;26.87;0.416;1.538;1995.557;0.416;5.836
1216530;36.3;26.87;0.413;1.534;1993.726;0.561;5.913
1216630;36.3;26.87;0.424;1.534;1988.646;0.268;5.936
1216730;36.3;26.87;0.451;1.543;2005.213;-0.220;5.840
1216830;36.3;26.87;0.461;1.534;2001.604;-0.357;5.952
1216930;36.3;26.87;0.455;1.534;1995.651;-0.276;5.913
1217030;36.3;26.87;0.429;1.535;1984.434;0.176;5.905
1217130;36.3;26.87;0.409;1.532;1992.156;0.636;5.936
1217230;36.3;26.87;0.415;1.498;1989.566;0.673;6.622
1217330;36.3;26.87;0.418;1.497;1997.653;0.592;6.662
1217430;36.3;26.87;0.412;1.539;1991.656;0.319;5.869
1217530;36.3;26.87;0.408;1.519;1981.792;0.669;6.124
1217630;36.3;26.87;0.442;1.482;2001.766;0.246;6.987
1217730;36.3;26.87;0.447;1.477;1999.617;0.183;7.081
1217830;36.2;26.87;0.421;1.486;1993.400;0.551;6.842
1217930;36.2;26.87;0.410;1.534;2009.644;0.703;5.944
1218030;36.2;26.87;0.410;1.527;1988.371;0.628;6.032
1218130;36.2;26.87;0.425;1.535;1988.777;0.260;5.936
1218230;36.2;26.87;0.435;1.542;2001.035;0.072;5.878
1218330;36.3;26.87;0.420;1.544;1994.405;0.368;5.816
1218430;36.3;26.87;0.408;1.534;1991.512;0.626;5.929
1218530;36.3;26.87;0.424;1.538;1996.777;0.281;5.901
1218630;36.3;26.87;0.479;1.531;2004.954;-0.647;6.033
1218730;36.3;26.87;0.475;1.526;1991.412;-0.574;6.084
1218830;36.3;26.87;0.436;1.541;1993.045;0.075;5.878
1218930;36.3;26.87;0.438;1.541;1986.758;0.041;5.851
1219030;36.3;26.87;0.440;1.534;1992.369;-0.055;5.971
1219130;36.3;26.87;0.425;1.546;2004.233;0.278;5.803
1219230;36.3;26.87;0.423;1.544;1995.249;0.366;5.795
1219330;36.2;26.87;0.442;1.534;1981.610;-0.017;5.963
1219430;36.2;26.87;0.442;1.538;2003.119;-0.228;5.967
1219530;36.2;26.87;0.427;1.545;1987.646;0.285;5.836
1219630;36.2;26.87;0.423;1.536;1991.403;0.298;5.909
1219730;36.2;26.87;0.443;1.538;1991.536;-0.010;5.895
1219830;36.3;26.87;0.443;1.538;1991.424;-0.055;5.927
1219930;36.3;26.87;0.450;1.538;2000.908;-0.149;5.927
1220030;36.2;26.87;0.436;1.539;1996.724;0.036;5.913
1220130;36.2;26.87;0.415;1.538;1980.504;0.421;5.879
1220230;36.2;26.87;0.416;1.535;1994.304;0.439;5.985
1220330;36.2;26.87;0.410;1.536;1999.511;0.657;5.975
1220430;36.2;26.87;0.417;1.543;1996.579;0.488;5.832
1220530;36.3;26.87;0.442;1.530;1984.689;-0.067;6.039
1220630;36.3;26.87;0.419;1.542;1996.369;0.387;5.881
1220730;36.3;26.87;0.413;1.506;1992.580;0.685;6.463
1220830;36.4;26.87;0.412;1.502;1990.727;0.683;6.574
